y_true,y_score
0,0.09253846108913422
0,0.08620300143957138
0,0.09687938541173935
0,0.09472819417715073
0,0.08674196898937225
0,0.10304239392280579
0,0.09104082733392715
0,0.08737160265445709
0,0.0868305116891861
0,0.07479406893253326
0,0.06394288688898087
0,0.05669805034995079
0,0.05055054649710655
0,0.07364937663078308
0,0.11195741593837738
0,0.1368975043296814
0,0.13163763284683228
0,0.14240619540214539
0,0.1569395512342453
0,0.18109983205795288
0,0.1791125237941742
0,0.18382202088832855
0,0.1850503534078598
0,0.19311672449111938
0,0.2204340100288391
0,0.2014332115650177
0,0.1631588190793991
0,0.14159779250621796
0,0.11635753512382507
0,0.09998300671577454
0,0.08631496876478195
0,0.09871739149093628
0,0.06308769434690475
0,0.025476334616541862
0,0.0292622372508049
0,0.04203607141971588
0,0.04778709262609482
0,0.08444187790155411
0,0.11254998296499252
0,0.12301985919475555
0,0.08079548180103302
0,0.09425555169582367
0,0.08731307834386826
0,0.07951287180185318
0,0.07208061963319778
0,0.07778353244066238
0,0.06964302808046341
0,0.10475508868694305
0,0.08808377385139465
0,0.08988504111766815
0,0.08118489384651184
0,0.07780057191848755
0,0.05834661051630974
0,0.06838689744472504
0,0.061022765934467316
0,0.057325031608343124
0,0.035346437245607376
0,0.04133394733071327
0,0.06173161417245865
0,0.07501954585313797
0,0.06548336893320084
0,0.11216086894273758
0,0.08190231770277023
0,0.08053708076477051
0,0.08889725804328918
0,0.1163586750626564
0,0.09587544947862625
0,0.1034068912267685
0,0.10727104544639587
0,0.07652919739484787
0,0.09606997668743134
0,0.09461084008216858
0,0.11396034806966782
0,0.10197852551937103
0,0.09122342616319656
0,0.08606583625078201
0,0.09332342445850372
0,0.1088528260588646
0,0.10213904827833176
0,0.07106614857912064
0,0.0909905880689621
0,0.08222392946481705
0,0.07266756147146225
0,0.062949039041996
0,0.05812986567616463
0,0.054563868790864944
0,0.05132634937763214
0,0.03721270710229874
0,0.030138324946165085
0,0.048899129033088684
0,0.08865033090114594
0,0.12660039961338043
0,0.11903920769691467
0,0.11147922277450562
0,0.10961021482944489
0,0.10808245092630386
0,0.12835797667503357
0,0.1030917689204216
0,0.06697171926498413
0,0.08656957000494003
0,0.10741352289915085
0,0.08382563292980194
0,0.07768633216619492
0,0.13717345893383026
0,0.1533472239971161
0,0.13991032540798187
0,0.13350753486156464
0,0.12106200307607651
0,0.13936790823936462
0,0.145950585603714
0,0.14612743258476257
0,0.10080529749393463
0,0.11224579066038132
0,0.16083595156669617
0,0.13604463636875153
0,0.1220843717455864
0,0.11735635250806808
0,0.12184155732393265
0,0.1423519253730774
0,0.17779190838336945
0,0.24521639943122864
0,0.31681954860687256
0,0.2952752709388733
0,0.21660423278808594
0,0.16641563177108765
0,0.1163092851638794
0,0.10557708889245987
0,0.10634350776672363
0,0.10667717456817627
0,0.11335892975330353
0,0.1372217983007431
0,0.174127459526062
0,0.222610741853714
0,0.2996464967727661
0,0.33287888765335083
0,0.32117751240730286
0,0.29988420009613037
0,0.22712531685829163
0,0.16290166974067688
0,0.11991611123085022
0,0.1084851399064064
0,0.11669934540987015
0,0.1292349398136139
0,0.12167568504810333
0,0.12797410786151886
0,0.15014761686325073
0,0.13973402976989746
0,0.17756591737270355
0,0.17373380064964294
0,0.1745588630437851
0,0.16201798617839813
0,0.1705193966627121
0,0.17301909625530243
0,0.1509794443845749
0,0.14294248819351196
0,0.13284049928188324
0,0.10686248540878296
0,0.10947058349847794
0,0.10678738355636597
0,0.1099982038140297
0,0.1184208020567894
0,0.14139388501644135
0,0.17090146243572235
0,0.16844850778579712
0,0.20180350542068481
0,0.19929438829421997
0,0.1663215011358261
0,0.09161175042390823
0,0.08832921087741852
0,0.10719627887010574
0,0.11098216474056244
0,0.14132976531982422
0,0.07696914672851562
0,0.08087119460105896
0,0.106361523270607
0,0.1513051688671112
0,0.15479505062103271
0,0.09020397812128067
0,0.11632012575864792
0,0.13980776071548462
0,0.18560749292373657
0,0.17167538404464722
0,0.10861150175333023
0,0.12618348002433777
0,0.10833946615457535
0,0.1520775705575943
0,0.11295684427022934
0,0.06815874576568604
0,0.049395687878131866
0,0.06590169668197632
0,0.09403496235609055
0,0.09406471997499466
0,0.07419619709253311
0,0.09009796380996704
0,0.07593709975481033
0,0.042064812034368515
0,0.0432618074119091
0,0.06856551021337509
0,0.10437347739934921
0,0.11226685345172882
0,0.1286611557006836
0,0.1695767343044281
0,0.17530159652233124
0,0.24340121448040009
0,0.2831587493419647
0,0.30725571513175964
0,0.309068888425827
0,0.3322657346725464
0,0.24445341527462006
0,0.20789894461631775
0,0.13936546444892883
0,0.10340335965156555
0,0.07240515202283859
0,0.09883081912994385
0,0.13286948204040527
0,0.13352766633033752
0,0.13275958597660065
0,0.1334540843963623
0,0.1447131633758545
0,0.12286113202571869
0,0.10615676641464233
0,0.10926860570907593
0,0.09166151285171509
0,0.11070489138364792
0,0.11490688472986221
0,0.16060805320739746
0,0.14119906723499298
0,0.135269433259964
0,0.15930436551570892
0,0.14867812395095825
0,0.1471061259508133
0,0.10281246900558472
0,0.08799723535776138
0,0.08718141913414001
0,0.06999439001083374
0,0.09151089936494827
0,0.11389931291341782
0,0.12962736189365387
0,0.1395866572856903
0,0.10132274776697159
0,0.05041070282459259
0,0.04128718003630638
0,0.041422147303819656
0,0.05514279752969742
0,0.05907617136836052
0,0.07071608304977417
0,0.09814631938934326
0,0.09920074045658112
0,0.08196867257356644
0,0.0583605021238327
0,0.041092999279499054
0,0.07225135713815689
0,0.05117538198828697
0,0.04533276706933975
0,0.037052083760499954
0,0.03759733960032463
0,0.040873195976018906
0,0.03698531910777092
0,0.04018775746226311
0,0.051670052111148834
0,0.06323058158159256
0,0.06393033266067505
0,0.09675416350364685
0,0.0565887987613678
0,0.11080615222454071
0,0.1338340789079666
0,0.14911718666553497
0,0.15865567326545715
0,0.14932698011398315
0,0.14730365574359894
0,0.11306086927652359
0,0.13349390029907227
0,0.10001218318939209
0,0.09401863813400269
0,0.0855085626244545
0,0.08368080109357834
0,0.10070855915546417
0,0.11044236272573471
0,0.10049110651016235
0,0.10994090139865875
0,0.11360515654087067
0,0.12806110084056854
0,0.10321177542209625
0,0.09889676421880722
0,0.10866931080818176
0,0.07195258140563965
0,0.09491497278213501
0,0.11430232226848602
0,0.09838476777076721
0,0.07879342883825302
0,0.05740765482187271
0,0.05454902723431587
0,0.08109911531209946
0,0.09778130799531937
0,0.10169687867164612
0,0.09806234389543533
0,0.10197343677282333
0,0.1253155916929245
0,0.12265635281801224
0,0.1241820827126503
0,0.11594364047050476
0,0.11770129948854446
0,0.09909390658140182
0,0.10666166245937347
0,0.08780230581760406
0,0.05686945095658302
0,0.08885277062654495
0,0.10521793365478516
0,0.11240077018737793
0,0.1232188418507576
0,0.11313804984092712
0,0.11075280606746674
0,0.10060012340545654
0,0.12274184077978134
0,0.1018221378326416
0,0.09798600524663925
0,0.08069751411676407
0,0.10099930316209793
0,0.09313448518514633
0,0.09447115659713745
0,0.0864984467625618
0,0.05470256507396698
0,0.09182509034872055
0,0.10860816389322281
0,0.09900495409965515
0,0.09806859493255615
0,0.11511332541704178
0,0.1306919902563095
0,0.17969153821468353
0,0.21729418635368347
0,0.2815442383289337
0,0.22850048542022705
0,0.17584727704524994
0,0.1654428094625473
0,0.1696872115135193
0,0.1372438669204712
0,0.08710246533155441
0,0.0943375825881958
0,0.05716242641210556
0,0.06850224733352661
0,0.07471263408660889
0,0.039243072271347046
0,0.0481276698410511
0,0.06122638285160065
0,0.06224685162305832
0,0.06489863991737366
0,0.06291364133358002
0,0.06220969557762146
0,0.07366182655096054
0,0.09173064678907394
0,0.09319509565830231
0,0.13511018455028534
0,0.1770697981119156
0,0.18299750983715057
0,0.1734401136636734
0,0.13189545273780823
0,0.11952958256006241
0,0.11415135115385056
0,0.11456745117902756
0,0.10380441695451736
0,0.11126022785902023
0,0.14853297173976898
0,0.1986743062734604
0,0.2588411867618561
0,0.3481176197528839
0,0.3500051498413086
0,0.37081146240234375
0,0.35649847984313965
0,0.3442087471485138
0,0.30660220980644226
0,0.2919710576534271
0,0.2137441784143448
0,0.1927303671836853
0,0.17964710295200348
0,0.13876648247241974
0,0.14489689469337463
0,0.11914850771427155
0,0.12318114936351776
0,0.11917822062969208
0,0.15698093175888062
0,0.12989526987075806
0,0.08469987660646439
0,0.09123390167951584
0,0.08092837780714035
0,0.04698984697461128
0,0.03779417276382446
0,0.0770966187119484
0,0.07861745357513428
0,0.09245990216732025
0,0.09713676571846008
0,0.07395515590906143
0,0.09455733746290207
0,0.11941096186637878
0,0.10952265560626984
0,0.10214013606309891
0,0.11146152019500732
0,0.11367993801832199
0,0.1141301617026329
0,0.14867354929447174
0,0.15997470915317535
0,0.18379555642604828
0,0.23060496151447296
0,0.2580787241458893
0,0.24393022060394287
0,0.16671819984912872
0,0.13030843436717987
0,0.11813145130872726
0,0.11800277233123779
0,0.12456449121236801
0,0.11243893206119537
0,0.12862907350063324
0,0.1691710203886032
0,0.19195915758609772
0,0.2365480661392212
0,0.1825954020023346
0,0.16203303635120392
0,0.12588638067245483
0,0.11647412925958633
0,0.13722801208496094
0,0.11960000544786453
0,0.11396308988332748
0,0.10207555443048477
0,0.08668563514947891
0,0.08006788045167923
0,0.058580804616212845
0,0.0530194491147995
0,0.0838826522231102
0,0.09814177453517914
0,0.12968693673610687
0,0.13453041017055511
0,0.1303819715976715
0,0.14191825687885284
0,0.1476382464170456
0,0.11520881205797195
0,0.07027575373649597
0,0.08082195371389389
0,0.06468791514635086
0,0.06821253150701523
0,0.06719249486923218
0,0.07313618063926697
0,0.07395999878644943
0,0.0720776617527008
0,0.06655769050121307
0,0.07132509350776672
0,0.07343851774930954
0,0.08356473594903946
0,0.08027946203947067
0,0.08204954862594604
0,0.09374862909317017
0,0.11521603167057037
0,0.11195097118616104
0,0.12454646080732346
0,0.15207619965076447
0,0.1526847779750824
0,0.1687029004096985
0,0.13782069087028503
0,0.09095972031354904
0,0.05283917114138603
0,0.039320800453424454
0,0.05462169274687767
0,0.053346190601587296
0,0.05424868315458298
0,0.0778575986623764
0,0.09366194903850555
0,0.08391457796096802
0,0.06568711251020432
0,0.055740293115377426
0,0.05182843655347824
0,0.05661339312791824
0,0.028535617515444756
0,0.03401826694607735
0,0.024649683386087418
0,0.053218502551317215
0,0.05863388255238533
0,0.06225429102778435
0,0.08822725713253021
0,0.060954827815294266
0,0.027889670804142952
0,0.050670135766267776
0,0.07430366426706314
0,0.04476376250386238
0,0.029423685744404793
0,0.050928570330142975
0,0.03607463836669922
0,0.06054996699094772
0,0.04675428569316864
0,0.053074296563863754
0,0.05217092111706734
0,0.05954848229885101
0,0.10391436517238617
0,0.14612768590450287
0,0.14743497967720032
0,0.1584072858095169
0,0.1759520322084427
0,0.1929011046886444
0,0.17277351021766663
0,0.16110576689243317
0,0.13529522716999054
0,0.12637539207935333
0,0.14735481142997742
0,0.13081501424312592
0,0.13365180790424347
0,0.13098092377185822
0,0.10645772516727448
0,0.12966516613960266
0,0.11044703423976898
0,0.11125218123197556
0,0.14819690585136414
0,0.11153702437877655
0,0.06992236524820328
0,0.12064042687416077
0,0.06796934455633163
0,0.07077255100011826
0,0.05905778706073761
0,0.03637917339801788
0,0.02568136528134346
0,0.02376301772892475
0,0.033910199999809265
0,0.059261079877614975
0,0.09559004753828049
0,0.08629860728979111
0,0.09148550778627396
0,0.07649054378271103
0,0.11766710877418518
0,0.10523764044046402
0,0.07591168582439423
0,0.11162257939577103
0,0.13031060993671417
0,0.1278606355190277
0,0.13262015581130981
0,0.172382652759552
0,0.14335684478282928
0,0.17323854565620422
0,0.18462227284908295
0,0.16022297739982605
0,0.18979313969612122
0,0.19620440900325775
0,0.2217385470867157
0,0.18305304646492004
0,0.15921272337436676
0,0.19295459985733032
0,0.17893731594085693
0,0.17686215043067932
0,0.16362780332565308
0,0.13903063535690308
0,0.14039525389671326
0,0.13491706550121307
0,0.16332434117794037
0,0.14804615080356598
0,0.13022206723690033
0,0.10211388021707535
0,0.07503442466259003
0,0.0889066532254219
0,0.14184948801994324
0,0.13475635647773743
0,0.07800116389989853
0,0.08324640989303589
0,0.06949128955602646
0,0.0646243467926979
0,0.11319171637296677
0,0.10263694822788239
0,0.09853225201368332
0,0.11550169438123703
0,0.09960516542196274
0,0.09234395623207092
0,0.05152307450771332
0,0.03766666725277901
0,0.07505020499229431
0,0.10415301471948624
0,0.13099542260169983
0,0.1255098581314087
0,0.11906198412179947
0,0.08933155983686447
0,0.07212968170642853
0,0.06493275612592697
0,0.06277473270893097
0,0.08583445101976395
0,0.0879211500287056
0,0.09714340418577194
0,0.09027509391307831
0,0.12473717331886292
0,0.13641773164272308
0,0.12865640223026276
0,0.10477876663208008
0,0.07493209838867188
0,0.07075688987970352
0,0.0715179517865181
0,0.08578890562057495
0,0.09052138030529022
0,0.1084984540939331
0,0.145589217543602
0,0.1818377673625946
0,0.18388031423091888
0,0.15095874667167664
0,0.16994264721870422
0,0.17274290323257446
0,0.17436479032039642
0,0.17448121309280396
0,0.18360638618469238
0,0.15848834812641144
0,0.15492106974124908
0,0.19087137281894684
0,0.1874121129512787
0,0.16319984197616577
0,0.12214850634336472
0,0.07124857604503632
0,0.08447464555501938
0,0.09100636839866638
0,0.1308550089597702
0,0.12496443837881088
0,0.08750816434621811
0,0.05901430919766426
0,0.06065275892615318
0,0.07969852536916733
0,0.03270561993122101
0,0.06689892709255219
0,0.03685377538204193
0,0.030562978237867355
0,0.06303568929433823
0,0.07172325253486633
0,0.053157247602939606
0,0.06381528079509735
0,0.027043459936976433
0,0.03615586832165718
0,0.08132483065128326
0,0.11346923559904099
0,0.12185869365930557
0,0.18577875196933746
0,0.20407149195671082
0,0.24987539649009705
0,0.2870018482208252
0,0.24734459817409515
0,0.21092349290847778
0,0.15700557827949524
0,0.16508452594280243
0,0.14879760146141052
0,0.11571408063173294
0,0.10977786034345627
0,0.06193612143397331
0,0.05819682404398918
0,0.07270726561546326
0,0.09481774270534515
0,0.06042703241109848
0,0.09150326251983643
0,0.09090070426464081
0,0.07388770580291748
0,0.1299634873867035
0,0.10347150266170502
0,0.05615006014704704
0,0.09317266941070557
0,0.08718737959861755
0,0.09360698610544205
0,0.09201677143573761
0,0.07709260284900665
0,0.05337880551815033
0,0.07300534844398499
0,0.07009465992450714
0,0.11650408804416656
0,0.13053381443023682
0,0.07419724762439728
0,0.0748993381857872
0,0.07500581443309784
0,0.09966979175806046
0,0.12600716948509216
0,0.12074802815914154
0,0.08557302504777908
0,0.08888797461986542
0,0.11831693351268768
0,0.11357877403497696
0,0.14411304891109467
0,0.15105900168418884
0,0.14541226625442505
0,0.11496240645647049
0,0.061476219445466995
0,0.06414030492305756
0,0.0633358284831047
0,0.07748402655124664
0,0.0661635473370552
0,0.11155670136213303
0,0.15207047760486603
0,0.1404949426651001
0,0.12709751725196838
0,0.15123680233955383
0,0.12204239517450333
0,0.11386943608522415
0,0.09387082606554031
0,0.07068829983472824
0,0.067352794110775
0,0.06631292402744293
0,0.07746738195419312
0,0.07977500557899475
0,0.10312358289957047
0,0.11783969402313232
0,0.14026565849781036
0,0.18784528970718384
0,0.19182220101356506
0,0.1993292272090912
0,0.1915939450263977
0,0.16577105224132538
0,0.08299539238214493
0,0.1005372703075409
0,0.11880985647439957
0,0.10844829678535461
0,0.07821190357208252
0,0.07207729667425156
0,0.08478152006864548
0,0.10485054552555084
0,0.17702625691890717
0,0.181346133351326
0,0.1330334097146988
0,0.11559689044952393
0,0.12080390751361847
0,0.14049772918224335
0,0.11797641962766647
0,0.11103081703186035
0,0.13812494277954102
0,0.17802949249744415
0,0.19836445152759552
0,0.17225155234336853
0,0.17041558027267456
0,0.11796431988477707
0,0.1223595142364502
0,0.12202693521976471
0,0.11872054636478424
0,0.107750304043293
0,0.13611368834972382
0,0.13193219900131226
0,0.14844495058059692
0,0.18849650025367737
0,0.18597818911075592
0,0.22668999433517456
0,0.22405657172203064
0,0.23646226525306702
0,0.20888373255729675
0,0.16053538024425507
0,0.15153785049915314
0,0.1693868339061737
0,0.15702523291110992
0,0.12508535385131836
0,0.10759462416172028
0,0.07212481647729874
0,0.08426864445209503
0,0.1160474494099617
0,0.09772846847772598
0,0.1017938032746315
0,0.09933751821517944
0,0.07613589614629745
0,0.12235982716083527
0,0.16680724918842316
0,0.18203456699848175
0,0.19465909898281097
0,0.21510633826255798
0,0.22643274068832397
0,0.22790798544883728
0,0.2292454093694687
0,0.22915494441986084
0,0.22330312430858612
0,0.23586714267730713
0,0.2396344542503357
0,0.20677626132965088
0,0.18648838996887207
0,0.2096187323331833
0,0.18153180181980133
0,0.12897492945194244
0,0.10308399796485901
0,0.0663938894867897
0,0.06381494551897049
0,0.03558971360325813
0,0.053158171474933624
0,0.06659907102584839
0,0.04821397364139557
0,0.04135057330131531
0,0.038448069244623184
0,0.0744798555970192
0,0.06555959582328796
0,0.08070074766874313
0,0.08074504137039185
0,0.06619783490896225
0,0.07993081957101822
0,0.11391264945268631
0,0.11704094707965851
0,0.10061977058649063
0,0.10084681212902069
0,0.12572316825389862
0,0.14106398820877075
0,0.17889346182346344
0,0.20349198579788208
0,0.16407981514930725
0,0.2293364554643631
0,0.26232826709747314
0,0.2598353624343872
0,0.2572057843208313
0,0.24706816673278809
0,0.21391527354717255
0,0.1485971361398697
0,0.13504764437675476
0,0.060717616230249405
0,0.06594239175319672
0,0.02248959243297577
0,0.08340775966644287
0,0.10553988069295883
0,0.0652364119887352
0,0.05064234882593155
0,0.05473194643855095
0,0.05316134914755821
0,0.08446298539638519
0,0.1215718686580658
0,0.15634572505950928
0,0.16614297032356262
0,0.14591796696186066
0,0.15904569625854492
0,0.16677413880825043
0,0.1293286681175232
0,0.07725787162780762
0,0.0733533427119255
0,0.05943060666322708
0,0.07715989649295807
0,0.09265708178281784
0,0.10700926929712296
0,0.10254471749067307
0,0.10467396676540375
0,0.1341698318719864
0,0.14033952355384827
0,0.13110971450805664
0,0.08456656336784363
0,0.06093820929527283
0,0.06403321772813797
0,0.08906516432762146
0,0.09116186201572418
0,0.09277645498514175
0,0.09617751091718674
0,0.05620109289884567
0,0.09906093031167984
0,0.11077482253313065
0,0.12660814821720123
0,0.13531003892421722
0,0.06703995168209076
0,0.05495307594537735
0,0.09368444234132767
0,0.08326365798711777
0,0.09455103427171707
0,0.09798047691583633
0,0.12214110791683197
0,0.1522301733493805
0,0.2185657024383545
0,0.2519170641899109
0,0.2290177196264267
0,0.18740352988243103
0,0.17844869196414948
0,0.17218250036239624
0,0.17245706915855408
0,0.18196824193000793
0,0.1624765247106552
0,0.1646924465894699
0,0.1614176332950592
0,0.17566801607608795
0,0.1795220971107483
0,0.13568268716335297
0,0.11568555980920792
0,0.0808328166604042
0,0.07484137266874313
0,0.10947355628013611
0,0.15610970556735992
0,0.17626024782657623
0,0.17426209151744843
0,0.19952258467674255
0,0.23333288729190826
0,0.21744710206985474
0,0.1737348884344101
0,0.13043957948684692
0,0.1348632574081421
0,0.1769692748785019
0,0.14326728880405426
0,0.14622950553894043
0,0.15059395134449005
0,0.1408848762512207
0,0.20395714044570923
0,0.22873970866203308
0,0.22548604011535645
0,0.1750737428665161
0,0.19449394941329956
0,0.1326705515384674
0,0.13992561399936676
0,0.15259549021720886
0,0.17979176342487335
0,0.21890133619308472
0,0.22407276928424835
0,0.24134938418865204
0,0.2703689932823181
0,0.27868038415908813
0,0.22336125373840332
0,0.1903718113899231
0,0.1771995574235916
0,0.1759660243988037
0,0.12144498527050018
0,0.11657973378896713
0,0.10602644085884094
0,0.1732543706893921
0,0.21572382748126984
0,0.22127029299736023
0,0.309100866317749
0,0.3360731899738312
0,0.35081300139427185
0,0.3811618983745575
0,0.44866734743118286
0,0.3796352744102478
0,0.3888969421386719
0,0.3429480791091919
0,0.2741985023021698
0,0.2336258739233017
0,0.24569061398506165
0,0.19099843502044678
0,0.15828214585781097
0,0.14286009967327118
0,0.10362288355827332
0,0.1321970373392105
0,0.110213503241539
0,0.1282118558883667
0,0.11278924345970154
0,0.11877013742923737
0,0.09993626177310944
0,0.0714358538389206
0,0.08665646612644196
0,0.12586359679698944
0,0.1513032466173172
0,0.11965451389551163
0,0.09956341236829758
0,0.10041546821594238
0,0.0946580246090889
0,0.10778117179870605
0,0.14304183423519135
0,0.16091416776180267
0,0.14028677344322205
0,0.08169308304786682
0,0.0812004953622818
0,0.07477066665887833
0,0.09067579358816147
0,0.12946109473705292
0,0.1287873387336731
0,0.1704784482717514
0,0.23469699919223785
0,0.24599428474903107
0,0.2913910746574402
0,0.2692628502845764
0,0.21909098327159882
0,0.21432626247406006
0,0.18533913791179657
0,0.12682929635047913
0,0.09425023943185806
0,0.12675444781780243
0,0.10871803760528564
0,0.1814282238483429
0,0.27527955174446106
0,0.2621503472328186
0,0.29552364349365234
0,0.29443880915641785
0,0.2725711166858673
0,0.2215549349784851
0,0.2369386851787567
0,0.1581966131925583
0,0.14766816794872284
0,0.1385471224784851
0,0.15563707053661346
0,0.14528903365135193
0,0.13041311502456665
0,0.10215052962303162
0,0.0723467767238617
0,0.10142312943935394
0,0.15065471827983856
0,0.10496611148118973
0,0.09331750124692917
0,0.08927382528781891
0,0.09820148348808289
0,0.13787510991096497
0,0.13926327228546143
0,0.14283034205436707
0,0.16068294644355774
0,0.15287894010543823
0,0.13430550694465637
0,0.08391343057155609
0,0.08061008155345917
0,0.07556764036417007
0,0.0832751989364624
0,0.06725315004587173
0,0.0560373030602932
0,0.09469074755907059
0,0.1410496085882187
0,0.12238577753305435
0,0.09599051624536514
0,0.10616949200630188
0,0.11216356605291367
0,0.13632741570472717
0,0.15198838710784912
0,0.18295720219612122
0,0.2345610409975052
0,0.2606361210346222
0,0.26978790760040283
0,0.2824871838092804
0,0.27809786796569824
0,0.2713296711444855
0,0.2728079855442047
0,0.21702544391155243
0,0.1909797638654709
0,0.16796691715717316
0,0.10574319958686829
0,0.0891813188791275
0,0.07701219618320465
0,0.09638623893260956
0,0.11519374698400497
0,0.13578280806541443
0,0.1312762349843979
0,0.1306806057691574
0,0.1460651308298111
0,0.12557712197303772
0,0.10402636975049973
0,0.09758424013853073
0,0.08933475613594055
0,0.05475950986146927
0,0.03594481199979782
0,0.0698126032948494
0,0.057709645479917526
0,0.062480758875608444
0,0.08385980129241943
0,0.11333683133125305
0,0.10794220119714737
0,0.12636426091194153
0,0.126923069357872
0,0.18183578550815582
0,0.18156000971794128
0,0.11133572459220886
0,0.054994065314531326
0,0.0576564259827137
0,0.053975995630025864
0,0.04432026296854019
0,0.08084779977798462
0,0.03822886198759079
0,0.057048313319683075
0,0.10751065611839294
0,0.12869113683700562
0,0.0698137879371643
0,0.0855155810713768
0,0.10408669710159302
0,0.10981964319944382
0,0.1551344394683838
0,0.13480067253112793
0,0.0768648236989975
0,0.09166464954614639
0,0.09853748232126236
0,0.09956847131252289
0,0.11153515428304672
0,0.11166786402463913
0,0.12379815429449081
0,0.1483074128627777
0,0.1807931512594223
0,0.22917917370796204
0,0.304048627614975
0,0.26196905970573425
0,0.19381298124790192
0,0.14632199704647064
0,0.1454063206911087
0,0.14961405098438263
0,0.1693267524242401
0,0.17844751477241516
0,0.1667153686285019
0,0.22986561059951782
0,0.26539304852485657
0,0.2369971126317978
0,0.167069673538208
0,0.138588547706604
0,0.12921924889087677
0,0.12876084446907043
0,0.14675237238407135
0,0.15108099579811096
0,0.1668860763311386
0,0.21271486580371857
0,0.24326451122760773
0,0.19367408752441406
0,0.12742260098457336
0,0.08130918443202972
0,0.07900205254554749
0,0.08161309361457825
0,0.09093886613845825
0,0.0786050409078598
0,0.11114154011011124
0,0.14523039758205414
0,0.13301178812980652
0,0.16599862277507782
0,0.13754241168498993
0,0.10482151806354523
0,0.06743690371513367
0,0.051412031054496765
0,0.0704946294426918
0,0.052797526121139526
0,0.06696934998035431
0,0.08171451836824417
0,0.05826333537697792
0,0.05046197026968002
0,0.043067071586847305
0,0.07727506756782532
0,0.08777975291013718
0,0.0838504210114479
0,0.085342176258564
0,0.08737114071846008
0,0.07488268613815308
0,0.07407180964946747
0,0.05745235085487366
0,0.07250465452671051
0,0.08235059678554535
0,0.08785714209079742
0,0.07876043766736984
0,0.07520898431539536
0,0.07643596082925797
0,0.05568240210413933
0,0.04275423288345337
0,0.05495113879442215
0,0.07021507620811462
0,0.10800356417894363
0,0.04689839109778404
0,0.041725363582372665
0,0.07324181497097015
0,0.08960633724927902
0,0.04285925626754761
0,0.021313657984137535
0,0.04370235651731491
0,0.058045580983161926
0,0.038606658577919006
0,0.028250915929675102
0,0.04959980770945549
0,0.05960018187761307
0,0.06759725511074066
0,0.09052524715662003
0,0.09220679104328156
0,0.09065333753824234
0,0.08257125318050385
0,0.12359195202589035
0,0.18067815899848938
0,0.16257765889167786
0,0.1314864307641983
0,0.0765334814786911
0,0.06511778384447098
0,0.0706939771771431
0,0.10049683600664139
0,0.11564553529024124
0,0.1220904141664505
0,0.10715948045253754
0,0.08302023261785507
0,0.08831533789634705
0,0.09765858203172684
0,0.10728032141923904
0,0.14055225253105164
0,0.15132737159729004
0,0.15188255906105042
0,0.15939679741859436
0,0.1923443228006363
0,0.207716703414917
0,0.18527981638908386
0,0.15752801299095154
0,0.13031165301799774
0,0.12834258377552032
0,0.10545778274536133
0,0.0857757106423378
0,0.07254248112440109
0,0.08703673630952835
0,0.10955572873353958
0,0.158502459526062
0,0.21479324996471405
0,0.29321253299713135
0,0.30554792284965515
0,0.26762083172798157
0,0.24626018106937408
0,0.2594314515590668
0,0.290254682302475
0,0.2951846718788147
0,0.3040531873703003
0,0.3656783401966095
0,0.38335782289505005
0,0.4163995683193207
0,0.43182000517845154
0,0.39241698384284973
0,0.3663170337677002
0,0.35746443271636963
0,0.2768058478832245
0,0.22352907061576843
0,0.21959121525287628
0,0.24755942821502686
0,0.2499638795852661
0,0.24731595814228058
0,0.22501778602600098
0,0.20789888501167297
0,0.1885027140378952
0,0.15642623603343964
0,0.13776959478855133
0,0.10031690448522568
0,0.10651225596666336
0,0.12682834267616272
0,0.14220918715000153
0,0.1272163689136505
0,0.14612515270709991
0,0.1545855551958084
0,0.17868492007255554
0,0.20660986006259918
0,0.18142370879650116
0,0.17014116048812866
0,0.1921968311071396
0,0.20884421467781067
0,0.1923782378435135
0,0.16059720516204834
0,0.11762608587741852
0,0.1012950912117958
0,0.07756640017032623
0,0.048696406185626984
0,0.0891149565577507
0,0.12516361474990845
0,0.13209322094917297
0,0.1513630896806717
0,0.14205704629421234
0,0.12043190747499466
0,0.13636375963687897
0,0.15837787091732025
0,0.16524900496006012
0,0.1585077941417694
0,0.19731676578521729
0,0.2146150916814804
0,0.2150820642709732
0,0.18398578464984894
0,0.1577843576669693
0,0.11763812601566315
0,0.10900672525167465
0,0.08320344239473343
0,0.0641239657998085
0,0.08126971125602722
0,0.05660323053598404
0,0.06522565335035324
0,0.061805494129657745
0,0.07242535799741745
0,0.043828487396240234
0,0.051065776497125626
0,0.08284410089254379
0,0.07984665781259537
0,0.07839594036340714
0,0.08243165165185928
0,0.0865972563624382
0,0.07243594527244568
0,0.08491463959217072
0,0.08438753336668015
0,0.07353468239307404
0,0.12902425229549408
0,0.1385139673948288
0,0.11269967257976532
0,0.05715358629822731
0,0.08250687271356583
0,0.1342376172542572
0,0.15111348032951355
0,0.2069123536348343
0,0.2402949184179306
0,0.25807127356529236
0,0.27177491784095764
0,0.24541866779327393
0,0.216141939163208
0,0.10736594349145889
0,0.0940849781036377
0,0.06729656457901001
0,0.07935990393161774
0,0.08809754997491837
0,0.11983995884656906
0,0.1018330305814743
0,0.13971057534217834
0,0.11448419839143753
0,0.12060937285423279
0,0.1475367546081543
0,0.17362158000469208
0,0.17081965506076813
0,0.13808737695217133
0,0.10954848676919937
0,0.07997061312198639
0,0.11807005852460861
0,0.09220914542675018
0,0.05984607711434364
0,0.0521346814930439
0,0.06834866106510162
0,0.08190952241420746
0,0.10421713441610336
0,0.14228592813014984
0,0.13068552315235138
0,0.09311723709106445
0,0.06132935360074043
0,0.08261939138174057
0,0.09030108898878098
0,0.1291017234325409
0,0.06903273612260818
0,0.07073601335287094
0,0.057320937514305115
0,0.03593124449253082
0,0.08894091844558716
0,0.05417633056640625
0,0.03058520518243313
0,0.027268247678875923
0,0.05400755628943443
0,0.061568234115839005
0,0.10671831667423248
0,0.14118565618991852
0,0.13399529457092285
0,0.1310756653547287
0,0.13414010405540466
0,0.13939416408538818
0,0.12818752229213715
0,0.0795140266418457
0,0.10585556924343109
0,0.1438770294189453
0,0.1407642662525177
0,0.15033923089504242
0,0.12223443388938904
0,0.15827400982379913
0,0.1826222687959671
0,0.15892256796360016
0,0.11882952600717545
0,0.14797231554985046
0,0.1583322286605835
0,0.15009787678718567
0,0.18066346645355225
0,0.25944316387176514
0,0.25996696949005127
0,0.25293126702308655
0,0.2676745653152466
0,0.20090366899967194
0,0.1490517109632492
0,0.10317365825176239
0,0.10291552543640137
0,0.10508755594491959
0,0.10406158119440079
0,0.10827010869979858
0,0.10931722074747086
0,0.10500176250934601
0,0.08565721660852432
0,0.07871736586093903
0,0.08659275621175766
0,0.08989665657281876
0,0.09202602505683899
0,0.09214579313993454
0,0.09874372184276581
0,0.11297650635242462
0,0.13364626467227936
0,0.16438652575016022
0,0.2173333317041397
0,0.2708085775375366
0,0.22057197988033295
0,0.14920948445796967
0,0.13380037248134613
0,0.1387057900428772
0,0.10094266384840012
0,0.07218442112207413
0,0.08382047712802887
0,0.07108087092638016
0,0.09925778955221176
0,0.1317598819732666
0,0.08533082157373428
0,0.06812001019716263
0,0.08775816857814789
0,0.14302340149879456
0,0.11924571543931961
0,0.12440988421440125
0,0.14013350009918213
0,0.13320954144001007
0,0.10061145573854446
0,0.0733589380979538
0,0.09104637056589127
0,0.06088518351316452
0,0.03910811245441437
0,0.029706263914704323
0,0.042790185660123825
0,0.06210348755121231
0,0.0764305591583252
0,0.09144379198551178
0,0.06424938142299652
0,0.07188817858695984
0,0.11060124635696411
0,0.09460548311471939
0,0.05166143923997879
0,0.06162796542048454
0,0.05806829780340195
0,0.08754497021436691
0,0.10700991749763489
0,0.08877269923686981
0,0.15238186717033386
0,0.17570756375789642
0,0.10535493493080139
0,0.06866904348134995
0,0.06794839352369308
0,0.07226172834634781
0,0.11439536511898041
0,0.17013327777385712
0,0.24520550668239594
0,0.2660036087036133
0,0.2378552258014679
0,0.23344019055366516
0,0.20834246277809143
0,0.17508184909820557
0,0.17046619951725006
0,0.1626972109079361
0,0.17878898978233337
0,0.1476912945508957
0,0.14796307682991028
0,0.09970617294311523
0,0.06656597554683685
0,0.08259113132953644
0,0.07638736069202423
0,0.0629301518201828
0,0.07504754513502121
0,0.07243984937667847
0,0.0911012813448906
0,0.07455672323703766
0,0.0552508719265461
0,0.03925647959113121
0,0.09274045377969742
0,0.12024229019880295
0,0.1417798101902008
0,0.16022077202796936
0,0.16441813111305237
0,0.1302245855331421
0,0.11553814262151718
0,0.0791158601641655
0,0.0847773551940918
0,0.10261993110179901
0,0.13440373539924622
0,0.13477584719657898
0,0.14357128739356995
0,0.13519860804080963
0,0.13064034283161163
0,0.1337798833847046
0,0.12869635224342346
0,0.14171552658081055
0,0.14783252775669098
0,0.1568067967891693
0,0.15066222846508026
0,0.1410735547542572
0,0.14078523218631744
0,0.13994775712490082
0,0.13636767864227295
0,0.133127361536026
0,0.10877088457345963
0,0.10947787016630173
0,0.1047237366437912
0,0.07272697985172272
0,0.04992225393652916
0,0.05723939836025238
0,0.04492365941405296
0,0.07537098973989487
0,0.0596749410033226
0,0.09508009254932404
0,0.07032393664121628
0,0.017599210143089294
0,0.0637795478105545
0,0.07626546919345856
0,0.09580225497484207
0,0.052478108555078506
0,0.07708346843719482
0,0.05322067439556122
0,0.08802878111600876
0,0.13214468955993652
0,0.17568659782409668
0,0.15359219908714294
0,0.13828778266906738
0,0.13951806724071503
0,0.15580976009368896
0,0.17325696349143982
0,0.1528766006231308
0,0.12077014893293381
0,0.0742926076054573
0,0.05643630027770996
0,0.02727818489074707
0,0.022312156856060028
0,0.03615853562951088
0,0.05462256073951721
0,0.05184964835643768
0,0.0650806799530983
0,0.06913503259420395
0,0.06192270666360855
0,0.0753813162446022
0,0.08543062210083008
0,0.10823426395654678
0,0.1360277384519577
0,0.18534378707408905
0,0.1905880719423294
0,0.19298002123832703
0,0.19907434284687042
0,0.2144213765859604
0,0.17604218423366547
0,0.13707609474658966
0,0.1308925896883011
0,0.10632456839084625
0,0.11138653010129929
0,0.10352236032485962
0,0.15866248309612274
0,0.19014036655426025
0,0.16774241626262665
0,0.11360593885183334
0,0.1336919516324997
0,0.15974794328212738
0,0.20003601908683777
0,0.16845490038394928
0,0.13399648666381836
0,0.13008174300193787
0,0.1421908438205719
0,0.18887653946876526
0,0.23571571707725525
0,0.31423109769821167
0,0.2962683141231537
0,0.294293075799942
0,0.3016887307167053
0,0.25447461009025574
0,0.24392680823802948
0,0.23512080311775208
0,0.19219763576984406
0,0.1539105623960495
0,0.1341775357723236
0,0.12784923613071442
0,0.12056530267000198
0,0.13381536304950714
0,0.13373297452926636
0,0.11513040959835052
0,0.13249388337135315
0,0.13979902863502502
0,0.14205777645111084
0,0.11957547068595886
0,0.14716269075870514
0,0.12285817414522171
0,0.09371796250343323
0,0.13033483922481537
0,0.09627331793308258
0,0.12353970110416412
0,0.12512218952178955
0,0.12178465723991394
0,0.12054374068975449
0,0.1281970739364624
0,0.12884923815727234
0,0.14467565715312958
0,0.17498601973056793
0,0.17815545201301575
0,0.12684234976768494
0,0.11166003346443176
0,0.09470632672309875
0,0.06627822667360306
0,0.11483742296695709
0,0.08862368762493134
0,0.07444214820861816
0,0.09056948125362396
0,0.07226324826478958
0,0.09613429754972458
0,0.10292669385671616
0,0.11410602182149887
0,0.07725077867507935
0,0.08004710078239441
0,0.09347767382860184
0,0.08397454768419266
0,0.10967358946800232
0,0.10513866692781448
0,0.07319705188274384
0,0.09418515115976334
0,0.16514787077903748
0,0.1966688185930252
0,0.21047936379909515
0,0.2281789928674698
0,0.2030852735042572
0,0.1795855611562729
0,0.1447281390428543
0,0.10307192802429199
0,0.10266738384962082
0,0.08107732981443405
0,0.061961475759744644
0,0.06540358066558838
0,0.09298201650381088
0,0.09456188231706619
0,0.0985114797949791
0,0.08949320018291473
0,0.10174782574176788
0,0.0908384770154953
0,0.08702472597360611
0,0.062317799776792526
0,0.06276988983154297
0,0.07205519825220108
0,0.07042374461889267
0,0.0688278004527092
0,0.07545986771583557
0,0.08101971447467804
0,0.08384138345718384
0,0.14544892311096191
0,0.11820691078901291
0,0.14322009682655334
0,0.16426792740821838
0,0.14429564774036407
0,0.12051032483577728
0,0.14400294423103333
0,0.1475602090358734
0,0.141191765666008
0,0.12582607567310333
0,0.12288811802864075
0,0.1310792863368988
0,0.12798982858657837
0,0.1343802809715271
0,0.12254472076892853
0,0.12525402009487152
0,0.13528503477573395
0,0.14774566888809204
0,0.1453915685415268
0,0.08985674381256104
0,0.088434137403965
0,0.09147752821445465
0,0.11390183120965958
0,0.10171525925397873
0,0.08687865734100342
0,0.06020839884877205
0,0.07178378105163574
0,0.06569322943687439
0,0.07172790914773941
0,0.06814626604318619
0,0.09308023005723953
0,0.09107037633657455
0,0.10622955113649368
0,0.12826411426067352
0,0.1351400911808014
0,0.16657958924770355
0,0.224426731467247
0,0.29655566811561584
0,0.27597564458847046
0,0.199375182390213
0,0.13570450246334076
0,0.10750604420900345
0,0.1076592430472374
0,0.10580481588840485
0,0.10794410854578018
0,0.11088933050632477
0,0.11915816366672516
0,0.1374361664056778
0,0.16971273720264435
0,0.21583926677703857
0,0.2285783588886261
0,0.17121590673923492
0,0.146989107131958
0,0.10592962801456451
0,0.07098089903593063
0,0.06337253004312515
0,0.08366542309522629
0,0.11444297432899475
0,0.12177814543247223
0,0.16768543422222137
0,0.17668837308883667
0,0.19214272499084473
0,0.17400221526622772
0,0.1682010143995285
0,0.14947982132434845
0,0.11984416842460632
0,0.10005225241184235
0,0.10828695446252823
0,0.09585700184106827
0,0.09918107092380524
0,0.08052060753107071
0,0.06369096040725708
0,0.03847408667206764
0,0.04445220157504082
0,0.06863061338663101
0,0.0901729166507721
0,0.08967504650354385
0,0.08867418766021729
0,0.09752953052520752
0,0.07414409518241882
0,0.07939228415489197
0,0.0941222608089447
0,0.08127572387456894
0,0.08912020921707153
0,0.11196920275688171
0,0.12144152075052261
0,0.15386328101158142
0,0.15373532474040985
0,0.07717471569776535
0,0.12453451007604599
0,0.1292625367641449
0,0.12730306386947632
0,0.11475232243537903
0,0.10449356585741043
0,0.10855167359113693
0,0.10962466150522232
0,0.08558903634548187
0,0.055273301899433136
0,0.04264561086893082
0,0.04109511896967888
0,0.04192126914858818
0,0.0699000209569931
0,0.05572029948234558
0,0.04353561997413635
0,0.03905315697193146
0,0.021271564066410065
0,0.027280183508992195
0,0.057521261274814606
0,0.09209928661584854
0,0.08956152945756912
0,0.06562194973230362
0,0.08120224624872208
0,0.08201389759778976
0,0.08994603902101517
0,0.08725415170192719
0,0.07333619147539139
0,0.06322440505027771
0,0.06589245796203613
0,0.060595959424972534
0,0.031188122928142548
0,0.02284829132258892
0,0.03259836137294769
0,0.04215015843510628
0,0.054908499121665955
0,0.09801045060157776
0,0.11731228977441788
0,0.12475035339593887
0,0.11512063443660736
0,0.08208315819501877
0,0.07262445241212845
0,0.09233465790748596
0,0.09497551620006561
0,0.15994560718536377
0,0.16029243171215057
0,0.19150879979133606
0,0.19100019335746765
0,0.20496296882629395
0,0.18662670254707336
0,0.15585999190807343
0,0.15992408990859985
0,0.11641953885555267
0,0.10860206931829453
0,0.0529748871922493
0,0.02993493713438511
0,0.032421860843896866
0,0.04035670682787895
0,0.07699988782405853
0,0.07813218235969543
0,0.08824007958173752
0,0.10565873980522156
0,0.08817902207374573
0,0.09595582634210587
0,0.06162985786795616
0,0.0701228529214859
0,0.07014762610197067
0,0.07591201364994049
0,0.10181965678930283
0,0.11648985743522644
0,0.1008124053478241
0,0.0944950133562088
0,0.1101856455206871
0,0.1500404328107834
0,0.19354315102100372
0,0.23643644154071808
0,0.2561965882778168
0,0.19984720647335052
0,0.13246648013591766
0,0.09878505021333694
0,0.06374888122081757
0,0.06440140306949615
0,0.07063135504722595
0,0.06607400625944138
0,0.057769663631916046
0,0.06219393387436867
0,0.08858149498701096
0,0.12214095145463943
0,0.0846351683139801
0,0.0809054970741272
0,0.10405821353197098
0,0.12956228852272034
0,0.14081372320652008
0,0.15076449513435364
0,0.17131035029888153
0,0.17159798741340637
0,0.16127826273441315
0,0.15878377854824066
0,0.15404555201530457
0,0.1608942747116089
0,0.17991331219673157
0,0.2191474437713623
0,0.25243523716926575
0,0.23144899308681488
0,0.1991596817970276
0,0.159877747297287
0,0.13527017831802368
0,0.1241917759180069
0,0.12124335020780563
0,0.12711431086063385
0,0.11481102555990219
0,0.12941105663776398
0,0.11526454240083694
0,0.09755590558052063
0,0.13544659316539764
0,0.20242080092430115
0,0.25611093640327454
0,0.20557047426700592
0,0.1793348640203476
0,0.1645754724740982
0,0.15524035692214966
0,0.16011229157447815
0,0.1889808624982834
0,0.23672395944595337
0,0.23562999069690704
0,0.1781100630760193
0,0.1553807407617569
0,0.14172901213169098
0,0.1313432902097702
0,0.0863298550248146
0,0.09093502908945084
0,0.13847467303276062
0,0.12440411746501923
0,0.13367296755313873
0,0.11811114102602005
0,0.0954289585351944
0,0.13276170194149017
0,0.11402863264083862
0,0.12836666405200958
0,0.14655454456806183
0,0.0943576991558075
0,0.0682080015540123
0,0.08813251554965973
0,0.09522935748100281
0,0.12718293070793152
0,0.09886247664690018
0,0.049257583916187286
0,0.03057747706770897
0,0.05700406804680824
0,0.09371708333492279
0,0.12579286098480225
0,0.11186911910772324
0,0.12554937601089478
0,0.1317044049501419
0,0.16140887141227722
0,0.14952678978443146
0,0.15820391476154327
0,0.16673167049884796
0,0.16317960619926453
0,0.17694956064224243
0,0.20860633254051208
0,0.20204411447048187
0,0.20347940921783447
0,0.20315442979335785
0,0.1993575245141983
0,0.1770755499601364
0,0.20234571397304535
0,0.22748178243637085
0,0.28969594836235046
0,0.3492729365825653
0,0.3859381675720215
0,0.35278213024139404
0,0.30832639336586
0,0.29011666774749756
0,0.3036750555038452
0,0.3150787651538849
0,0.3241406977176666
0,0.2929683327674866
0,0.2932877540588379
0,0.3810412585735321
0,0.39173534512519836
0,0.449749231338501
0,0.380354642868042
0,0.32568302750587463
0,0.2638247609138489
0,0.22166059911251068
0,0.16833718121051788
0,0.12880323827266693
0,0.11222440749406815
0,0.08928118646144867
0,0.0969526544213295
0,0.10946213454008102
0,0.1059473529458046
0,0.08883696794509888
0,0.10797178745269775
0,0.11343835294246674
0,0.13756786286830902
0,0.12188892066478729
0,0.10751522332429886
0,0.12509651482105255
0,0.1421433389186859
0,0.18932807445526123
0,0.23630698025226593
0,0.2035696655511856
0,0.1297130435705185
0,0.11878176033496857
0,0.14696700870990753
0,0.14585985243320465
0,0.1328103244304657
0,0.08261630684137344
0,0.06843072175979614
0,0.05940655246376991
0,0.06019657850265503
0,0.08295083791017532
0,0.08264661580324173
0,0.04801097512245178
0,0.06627094000577927
0,0.07894346117973328
0,0.10146915912628174
0,0.11676138639450073
0,0.11400415003299713
0,0.09235449880361557
0,0.08511404693126678
0,0.09731810539960861
0,0.10740257799625397
0,0.08470280468463898
0,0.03339437022805214
0,0.053331565111875534
0,0.06470778584480286
0,0.10112867504358292
0,0.0910932645201683
0,0.05715363100171089
0,0.05272667855024338
0,0.05229269340634346
0,0.05799488723278046
0,0.04900335893034935
0,0.041285332292318344
0,0.03810837119817734
0,0.06421473622322083
0,0.06397178769111633
0,0.07297039031982422
0,0.08178317546844482
0,0.07973689585924149
0,0.08134540170431137
0,0.09315317869186401
0,0.11663546413183212
0,0.14053930342197418
0,0.11572039127349854
0,0.08857039362192154
0,0.08726746588945389
0,0.09247583150863647
0,0.08032329380512238
0,0.08205970376729965
0,0.08037524670362473
0,0.1360708773136139
0,0.11962517350912094
0,0.1182098314166069
0,0.15855854749679565
0,0.13916069269180298
0,0.10830079019069672
0,0.09843790531158447
0,0.1258782297372818
0,0.08074377477169037
0,0.07394719868898392
0,0.06013035401701927
0,0.05613046884536743
0,0.06462346017360687
0,0.07216984033584595
0,0.13476914167404175
0,0.1836809366941452
0,0.21032871305942535
0,0.2245614379644394
0,0.18680685758590698
0,0.1875630021095276
0,0.16383765637874603
0,0.16219767928123474
0,0.10329696536064148
0,0.1413242518901825
0,0.1453888863325119
0,0.11617550253868103
0,0.1961982399225235
0,0.20744316279888153
0,0.20919977128505707
0,0.23189660906791687
0,0.23031312227249146
0,0.19554384052753448
0,0.19534611701965332
0,0.15994104743003845
0,0.07551243156194687
0,0.0961337685585022
0,0.131821408867836
0,0.10678549855947495
0,0.05704948306083679
0,0.05056255683302879
0,0.09106601774692535
0,0.16286291182041168
0,0.15992622077465057
0,0.11398343741893768
0,0.05930476263165474
0,0.08591024577617645
0,0.0872325748205185
0,0.07129915058612823
0,0.0984756350517273
0,0.1415039300918579
0,0.08452259004116058
0,0.046104513108730316
0,0.07016582041978836
0,0.06737125664949417
0,0.10094846785068512
0,0.1015976071357727
0,0.10192303359508514
0,0.12970300018787384
0,0.15408802032470703
0,0.14427736401557922
0,0.17263443768024445
0,0.14998552203178406
0,0.14704284071922302
0,0.09495257586240768
0,0.06908557564020157
0,0.048880551010370255
0,0.06700170040130615
0,0.08662045747041702
0,0.09638797491788864
0,0.04129570350050926
0,0.034647103399038315
0,0.06527665257453918
0,0.06915313005447388
0,0.08806619048118591
0,0.06960355490446091
0,0.05370720103383064
0,0.06813967972993851
0,0.08710625022649765
0,0.140732541680336
0,0.1258438378572464
0,0.08101736009120941
0,0.05047804117202759
0,0.06832907348871231
0,0.10128632932901382
0,0.13904663920402527
0,0.09282343089580536
0,0.05778041481971741
0,0.04702978953719139
0,0.08823138475418091
0,0.083954356610775
0,0.09950333088636398
0,0.09069593250751495
0,0.08796636760234833
0,0.08286435157060623
0,0.09454214572906494
0,0.09103584289550781
0,0.09843354672193527
0,0.07314597815275192
0,0.02832016721367836
0,0.035504646599292755
0,0.0978221595287323
0,0.09959333389997482
0,0.063115194439888
0,0.06578756868839264
0,0.10516638308763504
0,0.12912818789482117
0,0.1465195119380951
0,0.14564526081085205
0,0.14481928944587708
0,0.1781771034002304
0,0.13755826652050018
0,0.09504279494285583
0,0.03354988992214203
0,0.04725116118788719
0,0.03751736134290695
0,0.05758300796151161
0,0.07772409170866013
0,0.060174427926540375
0,0.0671488419175148
0,0.06255839020013809
0,0.0658722072839737
0,0.06394557654857635
0,0.056612662971019745
0,0.059273138642311096
0,0.028837941586971283
0,0.06643936038017273
0,0.07544714212417603
0,0.10103205591440201
0,0.09857014566659927
0,0.10662062466144562
0,0.13261069357395172
0,0.1233653798699379
0,0.1657102257013321
0,0.17314331233501434
0,0.1174171194434166
0,0.10635451972484589
0,0.1298028528690338
0,0.1491558700799942
0,0.14464224874973297
0,0.14912332594394684
0,0.12532071769237518
0,0.07731615751981735
0,0.0947355106472969
0,0.13312847912311554
0,0.10928831994533539
0,0.11689586192369461
0,0.1582901030778885
0,0.20694001019001007
0,0.20993632078170776
0,0.18256555497646332
0,0.12651243805885315
0,0.10212812572717667
0,0.10484080761671066
0,0.07025269418954849
0,0.0764344185590744
0,0.07856378704309464
0,0.08799020946025848
0,0.10647547245025635
0,0.12670084834098816
0,0.1354028433561325
0,0.1171613410115242
0,0.09942827373743057
0,0.09422586113214493
0,0.07341531664133072
0,0.0739252120256424
0,0.08855608850717545
0,0.10684408992528915
0,0.1087324246764183
0,0.0908418670296669
0,0.05515242740511894
0,0.05735490098595619
0,0.07551191002130508
0,0.062762551009655
0,0.05356290936470032
0,0.05097165331244469
0,0.043109677731990814
0,0.07757487893104553
0,0.1193661317229271
0,0.16078275442123413
0,0.1943155825138092
0,0.18300673365592957
0,0.16605740785598755
0,0.18082459270954132
0,0.18647390604019165
0,0.12563389539718628
0,0.08247321099042892
0,0.04443509504199028
0,0.05068986117839813
0,0.045698754489421844
0,0.060269203037023544
0,0.056326910853385925
0,0.07544020563364029
0,0.07181154191493988
0,0.09915070235729218
0,0.13104717433452606
0,0.11621861159801483
0,0.0966898575425148
0,0.08542778342962265
0,0.09023373574018478
0,0.08533923327922821
0,0.05594049394130707
0,0.11159040033817291
0,0.08386987447738647
0,0.08282755315303802
0,0.10563569515943527
0,0.15402165055274963
0,0.19950926303863525
0,0.2202969342470169
0,0.2825835347175598
0,0.30092212557792664
0,0.2722327709197998
0,0.23971125483512878
0,0.19774898886680603
0,0.1569964587688446
0,0.11379829794168472
0,0.0984736904501915
0,0.07870637625455856
0,0.056718628853559494
0,0.06254974007606506
0,0.07643599063158035
0,0.08859816193580627
0,0.11841040849685669
0,0.09958682209253311
0,0.10289914906024933
0,0.08320237696170807
0,0.06186254695057869
0,0.090154267847538
0,0.13375172019004822
0,0.11458061635494232
0,0.11449021100997925
0,0.13463518023490906
0,0.12987683713436127
0,0.15430912375450134
0,0.11493515968322754
0,0.11987616866827011
0,0.09417800605297089
0,0.12578223645687103
0,0.10150618106126785
0,0.10129398852586746
0,0.10945285856723785
0,0.07505165785551071
0,0.08311109244823456
0,0.08682653307914734
0,0.1063031256198883
0,0.1383732259273529
0,0.14451125264167786
0,0.108418770134449
0,0.08660203963518143
0,0.09693752229213715
0,0.11331826448440552
0,0.08252593874931335
0,0.07618977874517441
0,0.06277574598789215
0,0.08580303192138672
0,0.09439115971326828
0,0.11755838990211487
0,0.16074059903621674
0,0.15240342915058136
0,0.1678866595029831
0,0.16803784668445587
0,0.1410394161939621
0,0.13428261876106262
0,0.1179572194814682
0,0.09885243326425552
0,0.1137712150812149
0,0.11835193634033203
0,0.11900930851697922
0,0.12999172508716583
0,0.15287503600120544
0,0.18753181397914886
0,0.24374327063560486
0,0.23570702970027924
0,0.22192822396755219
0,0.20246155560016632
0,0.16862782835960388
0,0.13653850555419922
0,0.11169759184122086
0,0.1242290809750557
0,0.1331356018781662
0,0.12766988575458527
0,0.09324684739112854
0,0.11993113905191422
0,0.0948808342218399
0,0.09533293545246124
0,0.09364965558052063
0,0.07120005786418915
0,0.0742683932185173
0,0.057466231286525726
0,0.10739824175834656
0,0.10077522695064545
0,0.06802564114332199
0,0.09069789946079254
0,0.1054893508553505
0,0.1280330866575241
0,0.14537201821804047
0,0.195377379655838
0,0.16480401158332825
0,0.13142451643943787
0,0.14548523724079132
0,0.1210956797003746
0,0.11418288946151733
0,0.19641022384166718
0,0.2847501337528229
0,0.283382385969162
0,0.2828271985054016
0,0.21416506171226501
0,0.16562481224536896
0,0.15421080589294434
0,0.15982599556446075
0,0.1754865199327469
0,0.1934879720211029
0,0.13341379165649414
0,0.11700059473514557
0,0.10419073700904846
0,0.08489380776882172
0,0.0625159814953804
0,0.03957775980234146
0,0.03430373966693878
0,0.04130779951810837
0,0.06229882687330246
0,0.03816761448979378
0,0.03438309580087662
0,0.09290451556444168
0,0.12236000597476959
0,0.10239347815513611
0,0.05950295925140381
0,0.05267203971743584
0,0.04038777947425842
0,0.08532226830720901
0,0.0972026064991951
0,0.07897835969924927
0,0.1004953607916832
0,0.10695081949234009
0,0.11880487948656082
0,0.13945946097373962
0,0.17889004945755005
0,0.1968371719121933
0,0.1978294998407364
0,0.1332666426897049
0,0.10347358882427216
0,0.09177783876657486
0,0.08615421503782272
0,0.08761420845985413
0,0.0925392135977745
0,0.10876193642616272
0,0.13897208869457245
0,0.17697997391223907
0,0.17337621748447418
0,0.14695464074611664
0,0.10045970976352692
0,0.0881987065076828
0,0.13747422397136688
0,0.15206989645957947
0,0.14663931727409363
0,0.144036665558815
0,0.10526996105909348
0,0.08477500081062317
0,0.07733974605798721
0,0.09564847499132156
0,0.11190471053123474
0,0.08075865358114243
0,0.06516379863023758
0,0.14635002613067627
0,0.1555429995059967
0,0.1337006390094757
0,0.1314438432455063
0,0.10636905580759048
0,0.0891193225979805
0,0.10639005154371262
0,0.1330069601535797
0,0.19782504439353943
0,0.1488913744688034
0,0.06789274513721466
0,0.03314972668886185
0,0.07514144480228424
0,0.15000058710575104
0,0.1907474845647812
0,0.16906486451625824
0,0.15883660316467285
0,0.14618875086307526
0,0.13044986128807068
0,0.1466304212808609
0,0.17347244918346405
0,0.24546492099761963
0,0.27646297216415405
0,0.253788560628891
0,0.2382345348596573
0,0.21631889045238495
0,0.13222938776016235
0,0.07749569416046143
0,0.05073610693216324
0,0.05639898404479027
0,0.06883988529443741
0,0.04585684835910797
0,0.04312947392463684
0,0.035902101546525955
0,0.039235670119524
0,0.04350468888878822
0,0.06090208888053894
0,0.05777918919920921
0,0.06749064475297928
0,0.07331493496894836
0,0.08900467306375504
0,0.09892186522483826
0,0.13565565645694733
0,0.17196346819400787
0,0.21921993792057037
0,0.21981124579906464
0,0.14063222706317902
0,0.1197933778166771
0,0.08073440194129944
0,0.061290107667446136
0,0.03238939493894577
0,0.05079822987318039
0,0.04911499843001366
0,0.04111180454492569
0,0.031171273440122604
0,0.031152445822954178
0,0.03930548205971718
0,0.05559979006648064
0,0.0545513778924942
0,0.02730865590274334
0,0.034240663051605225
0,0.04848558083176613
0,0.05233459174633026
0,0.04028749093413353
0,0.0766868069767952
0,0.0763305202126503
0,0.03984866291284561
0,0.08242996782064438
0,0.06785306334495544
0,0.03635621443390846
0,0.06542718410491943
0,0.08701244741678238
0,0.04139380529522896
0,0.043778181076049805
0,0.06416352093219757
0,0.04841184243559837
0,0.05344991013407707
0,0.0747075080871582
0,0.08290249854326248
0,0.0947222113609314
0,0.10839053243398666
0,0.12585985660552979
0,0.15102064609527588
0,0.16667130589485168
0,0.16545835137367249
0,0.14505931735038757
0,0.10385899990797043
0,0.09089351445436478
0,0.09613533318042755
0,0.06826285272836685
0,0.049459245055913925
0,0.09959567338228226
0,0.08731957525014877
0,0.0698409304022789
0,0.09906601160764694
0,0.082953542470932
0,0.0833665281534195
0,0.09027396887540817
0,0.11631609499454498
0,0.12021907418966293
0,0.1681312471628189
0,0.19448137283325195
0,0.21701712906360626
0,0.16137076914310455
0,0.10640396922826767
0,0.07624176144599915
0,0.0823717787861824
0,0.08435407280921936
0,0.09095929563045502
0,0.0967642068862915
0,0.12047113478183746
0,0.13681550323963165
0,0.12232770025730133
0,0.15940245985984802
0,0.15780185163021088
0,0.14593520760536194
0,0.11544718593358994
0,0.07413693517446518
0,0.06632617861032486
0,0.08502073585987091
0,0.10355734080076218
0,0.12710529565811157
0,0.07534961402416229
0,0.03896049037575722
0,0.03747729957103729
0,0.027705976739525795
0,0.046790480613708496
0,0.06773063540458679
0,0.10976791381835938
0,0.16399972140789032
0,0.18981114029884338
0,0.19586177170276642
0,0.19911418855190277
0,0.16473978757858276
0,0.12164945155382156
0,0.10798825323581696
0,0.09911281615495682
0,0.10151804983615875
0,0.13703975081443787
0,0.17572785913944244
0,0.19623464345932007
0,0.21914221346378326
0,0.19771383702754974
0,0.2248576581478119
0,0.20915433764457703
0,0.18302904069423676
0,0.1346920132637024
0,0.11822579056024551
0,0.13357135653495789
0,0.11929580569267273
0,0.14174623787403107
0,0.16101479530334473
0,0.14806197583675385
0,0.16117027401924133
0,0.215631365776062
0,0.25087350606918335
0,0.2765739858150482
0,0.33199959993362427
0,0.34044647216796875
0,0.355254590511322
0,0.3712545931339264
0,0.3160839378833771
0,0.2631520926952362
0,0.20982670783996582
0,0.1892862617969513
0,0.15969344973564148
0,0.11358094215393066
0,0.08265961706638336
0,0.08471996337175369
0,0.06562058627605438
0,0.07397105544805527
0,0.08500577509403229
0,0.08470286428928375
0,0.09454995393753052
0,0.10871487855911255
0,0.0813479945063591
0,0.08500895649194717
0,0.09246378391981125
0,0.11382130533456802
0,0.1160733625292778
0,0.1034357026219368
0,0.10951334238052368
0,0.13298167288303375
0,0.1601269692182541
0,0.15606334805488586
0,0.15436036884784698
0,0.1662324070930481
0,0.1924002766609192
0,0.18199962377548218
0,0.12292131036520004
0,0.0910392701625824
0,0.03881550207734108
0,0.05248960852622986
0,0.052354391664266586
0,0.0880780890583992
0,0.09147090464830399
0,0.0760866180062294
0,0.10414213687181473
0,0.12783223390579224
0,0.11062908172607422
0,0.12173547595739365
0,0.12617245316505432
0,0.10475712269544601
0,0.10522894561290741
0,0.11645060032606125
0,0.15706172585487366
0,0.20256444811820984
0,0.16590432822704315
0,0.15114285051822662
0,0.1023593321442604
0,0.06919892877340317
0,0.09422466903924942
0,0.08481206744909286
0,0.1045033186674118
0,0.144431933760643
0,0.1657315045595169
0,0.1895941197872162
0,0.18397143483161926
0,0.16154123842716217
0,0.15569224953651428
0,0.10994303971529007
0,0.07202897220849991
0,0.05225510522723198
0,0.04133554920554161
0,0.039631348103284836
0,0.05136905610561371
0,0.07386280596256256
0,0.08239029347896576
0,0.10765118151903152
0,0.09734749794006348
0,0.07602256536483765
0,0.0643639788031578
0,0.08145204186439514
0,0.07928021252155304
0,0.054483797401189804
0,0.0957459807395935
0,0.11241737753152847
0,0.11996746063232422
0,0.11098901927471161
0,0.1210465282201767
0,0.11752821505069733
0,0.10724835842847824
0,0.14306053519248962
0,0.17881618440151215
0,0.15923698246479034
0,0.10738973319530487
0,0.07481666654348373
0,0.05195019394159317
0,0.043273698538541794
0,0.07034587115049362
0,0.06218778342008591
0,0.05382923781871796
0,0.049000028520822525
0,0.05060523375868797
0,0.05876686051487923
0,0.05532005801796913
0,0.06828843057155609
0,0.06884622573852539
0,0.08413898944854736
0,0.0926654189825058
0,0.07600437849760056
0,0.07982978224754333
0,0.046960145235061646
0,0.07289296388626099
0,0.11761894077062607
0,0.0931205302476883
0,0.09769007563591003
0,0.08689671009778976
0,0.10336770117282867
0,0.1337854117155075
0,0.1655692160129547
0,0.2171012908220291
0,0.23971854150295258
0,0.1753440946340561
0,0.13597320020198822
0,0.14447711408138275
0,0.13116396963596344
0,0.10672924667596817
0,0.05996586009860039
0,0.06299037486314774
0,0.06299304217100143
0,0.10168138891458511
0,0.09430036693811417
0,0.06173921003937721
0,0.030223488807678223
0,0.06713110208511353
0,0.03196540102362633
0,0.06137564033269882
0,0.05798620730638504
0,0.09348410367965698
0,0.11627920717000961
0,0.09678073972463608
0,0.10784561932086945
0,0.10690703243017197
0,0.10400766134262085
0,0.09389670193195343
0,0.10531523078680038
0,0.11614769697189331
0,0.11218586564064026
0,0.12577861547470093
0,0.09320596605539322
0,0.10354763269424438
0,0.11382286995649338
0,0.1286974996328354
0,0.1269395649433136
0,0.06583810597658157
0,0.10511257499456406
0,0.09101810306310654
0,0.11134454607963562
0,0.04708605632185936
0,0.06122492626309395
0,0.08834036439657211
0,0.08323826640844345
0,0.07591918110847473
0,0.07761981338262558
0,0.08459893614053726
0,0.08730349689722061
0,0.11844605207443237
0,0.13847532868385315
0,0.16411879658699036
0,0.10596345365047455
0,0.09499124437570572
0,0.10097010433673859
0,0.07504729926586151
0,0.07061590999364853
0,0.08912288397550583
0,0.08848021924495697
0,0.11480646580457687
0,0.15256677567958832
0,0.15603727102279663
0,0.14476759731769562
0,0.18224956095218658
0,0.21281000971794128
0,0.2679648995399475
0,0.2697630822658539
0,0.22876954078674316
0,0.19762922823429108
0,0.15139107406139374
0,0.08810257911682129
0,0.08476912975311279
0,0.07420770823955536
0,0.04831581190228462
0,0.055342014878988266
0,0.07155662029981613
0,0.08370621502399445
0,0.05443191900849342
0,0.07652166485786438
0,0.049094561487436295
0,0.03392418101429939
0,0.03578416258096695
0,0.042202696204185486
0,0.039470374584198
0,0.04679013043642044
0,0.0607030875980854
0,0.07866545021533966
0,0.0760507881641388
0,0.04385846108198166
0,0.06223883107304573
0,0.0695132240653038
0,0.090096116065979
0,0.08792884647846222
0,0.07391077280044556
0,0.0928802564740181
0,0.0877813994884491
0,0.11533690243959427
0,0.10936570167541504
0,0.051068514585494995
0,0.050764743238687515
0,0.06283222138881683
0,0.08844995498657227
0,0.1147627905011177
0,0.1280982792377472
0,0.13826613128185272
0,0.13721108436584473
0,0.08097559213638306
0,0.06431674212217331
0,0.040263108909130096
0,0.03256203234195709
0,0.027614109218120575
0,0.026836363598704338
0,0.04025654122233391
0,0.04586442932486534
0,0.06329290568828583
0,0.0633440613746643
0,0.09019147604703903
0,0.07957006245851517
0,0.11901084333658218
0,0.12094167619943619
0,0.1551991105079651
0,0.19584836065769196
0,0.18637831509113312
0,0.14753074944019318
0,0.14237985014915466
0,0.10485943406820297
0,0.06304781883955002
0,0.05314861610531807
0,0.07159746438264847
0,0.09838941693305969
0,0.09918949753046036
0,0.1014750674366951
0,0.061926018446683884
0,0.09073749929666519
0,0.09695278108119965
0,0.06571107357740402
0,0.045590776950120926
0,0.04607672989368439
0,0.03746015951037407
0,0.012308266013860703
0,0.026642080396413803
0,0.032906096428632736
0,0.04347764328122139
0,0.045470792800188065
0,0.061912212520837784
0,0.07830888777971268
0,0.11729159206151962
0,0.17140860855579376
0,0.13889755308628082
0,0.13423770666122437
0,0.15864762663841248
0,0.21060876548290253
0,0.20875492691993713
0,0.17418034374713898
0,0.10461099445819855
0,0.10072833299636841
0,0.06105666607618332
0,0.06887002289295197
0,0.07516095787286758
0,0.05384160950779915
0,0.06104028597474098
0,0.07476344704627991
0,0.09968668222427368
0,0.0752459242939949
0,0.13020668923854828
0,0.1214836910367012
0,0.13773204386234283
0,0.1334054172039032
0,0.12149564921855927
0,0.11479762941598892
0,0.09440292418003082
0,0.10618463158607483
0,0.09261267632246017
0,0.10129404813051224
0,0.0481690987944603
0,0.09624341130256653
0,0.09363530576229095
0,0.09782008826732635
0,0.0950174406170845
0,0.07159051299095154
0,0.08051882684230804
0,0.06312870979309082
0,0.09069956094026566
0,0.07788605242967606
0,0.05978664755821228
0,0.028704281896352768
0,0.02439829148352146
0,0.01458732970058918
0,0.045837823301553726
0,0.0486598014831543
0,0.0632133036851883
0,0.08629756420850754
0,0.06481099873781204
0,0.1063312217593193
0,0.15579575300216675
0,0.19398687779903412
0,0.14592503011226654
0,0.10518297553062439
0,0.09418077766895294
0,0.11790893226861954
0,0.1411171555519104
0,0.1672828048467636
0,0.19872123003005981
0,0.22926636040210724
0,0.20318685472011566
0,0.20720605552196503
0,0.17057931423187256
0,0.16132284700870514
0,0.13349802792072296
0,0.12424381077289581
0,0.12707777321338654
0,0.1356748640537262
0,0.08460075408220291
0,0.0723550021648407
0,0.09004432708024979
0,0.08770877867937088
0,0.1075655147433281
0,0.08163773268461227
0,0.1371731013059616
0,0.12948885560035706
0,0.12591247260570526
0,0.15439428389072418
0,0.16331632435321808
0,0.17737342417240143
0,0.16495119035243988
0,0.14219608902931213
0,0.12011288851499557
0,0.10033577680587769
0,0.07661273330450058
0,0.07990138977766037
0,0.06571245193481445
0,0.06486907601356506
0,0.05169151350855827
0,0.0723000019788742
0,0.0712500810623169
0,0.10007002204656601
0,0.13765867054462433
0,0.12390109151601791
0,0.11020554602146149
0,0.10139507055282593
0,0.1117430329322815
0,0.10821595788002014
0,0.07253766804933548
0,0.08744008839130402
0,0.07858123630285263
0,0.11003853380680084
0,0.0687650665640831
0,0.09967397898435593
0,0.05096089094877243
0,0.08752090483903885
0,0.09244829416275024
0,0.10478657484054565
0,0.12568476796150208
0,0.14057780802249908
0,0.12887494266033173
0,0.09425682574510574
0,0.15196973085403442
0,0.1781073957681656
0,0.13704515993595123
0,0.13336427509784698
0,0.1506592333316803
0,0.1632162183523178
0,0.18635466694831848
0,0.19565442204475403
0,0.2018260359764099
0,0.153834730386734
0,0.17060476541519165
0,0.1731174737215042
0,0.16395284235477448
0,0.15656468272209167
0,0.17647956311702728
0,0.2163805514574051
0,0.2030191421508789
0,0.2576640248298645
0,0.24664993584156036
0,0.22833949327468872
0,0.18565775454044342
0,0.16402609646320343
0,0.1095714122056961
0,0.09890206158161163
0,0.063773013651371
0,0.07903274893760681
0,0.04747071862220764
0,0.05795954167842865
0,0.058229055255651474
0,0.06381332874298096
0,0.06093259155750275
0,0.08323345333337784
0,0.10868090391159058
0,0.09159817546606064
0,0.07846690714359283
0,0.08026760816574097
0,0.0682191252708435
0,0.0821480005979538
0,0.11762730777263641
0,0.1376277655363083
0,0.1317192167043686
0,0.14210262894630432
0,0.1688685417175293
0,0.16164858639240265
0,0.134706512093544
0,0.15803247690200806
0,0.1518271416425705
0,0.16068989038467407
0,0.160655677318573
0,0.1497015506029129
0,0.13316252827644348
0,0.14894556999206543
0,0.17330965399742126
0,0.17949679493904114
0,0.15243560075759888
0,0.16849543154239655
0,0.1603403240442276
0,0.17048150300979614
0,0.1489093154668808
0,0.11299490183591843
0,0.10269372910261154
0,0.09021329879760742
0,0.09117752313613892
0,0.09340963512659073
0,0.07261544466018677
0,0.11468319594860077
0,0.1404523402452469
0,0.11453772336244583
0,0.10606890916824341
0,0.11401623487472534
0,0.11615065485239029
0,0.14216843247413635
0,0.13975846767425537
0,0.11388559639453888
0,0.09413915127515793
0,0.06444953382015228
0,0.06267181038856506
0,0.10390672832727432
0,0.0873098075389862
0,0.09907379001379013
0,0.09131737798452377
0,0.06581654399633408
0,0.07077133655548096
0,0.0862366259098053
0,0.10336281359195709
0,0.11270089447498322
0,0.10571249574422836
0,0.10681463778018951
0,0.1434328556060791
0,0.13043296337127686
0,0.12537966668605804
0,0.12765318155288696
0,0.1156928539276123
0,0.11194507032632828
0,0.11275383830070496
0,0.11374754458665848
0,0.11168424040079117
0,0.10431616008281708
0,0.0918288454413414
0,0.11453678458929062
0,0.09937280416488647
0,0.13301454484462738
0,0.14931032061576843
0,0.12655583024024963
0,0.10081349313259125
0,0.04406245797872543
0,0.05617637559771538
0,0.10009622573852539
0,0.06748280674219131
0,0.040425386279821396
0,0.022923920303583145
0,0.032389696687459946
0,0.03808927536010742
0,0.08086785674095154
0,0.12634579837322235
0,0.12226007878780365
0,0.12143231928348541
0,0.17505323886871338
0,0.1861419975757599
0,0.1821618229150772
0,0.1679610013961792
0,0.1325245201587677
0,0.13133279979228973
0,0.11164402961730957
0,0.14015111327171326
0,0.07010796666145325
0,0.06823141872882843
0,0.0676129013299942
0,0.06989425420761108
0,0.08563131093978882
0,0.08025864511728287
0,0.09772691875696182
0,0.07345438003540039
0,0.08246629685163498
0,0.08482826501131058
0,0.0732068419456482
0,0.07035105675458908
0,0.03654427453875542
0,0.02467317506670952
0,0.044145308434963226
0,0.05594325810670853
0,0.04788577929139137
0,0.04083587974309921
0,0.06110512837767601
0,0.043356187641620636
0,0.05404497683048248
0,0.04855364188551903
0,0.05161822587251663
0,0.04353756085038185
0,0.04157353937625885
0,0.05111028999090195
0,0.05131714046001434
0,0.026027381420135498
0,0.025508901104331017
0,0.04032277688384056
0,0.042548250406980515
0,0.03613128140568733
0,0.04206657037138939
0,0.07710663974285126
0,0.0984625518321991
0,0.09346514195203781
0,0.12723729014396667
0,0.10938382148742676
0,0.08252263069152832
0,0.11410433053970337
0,0.11265940219163895
0,0.16958226263523102
0,0.10703929513692856
0,0.035007864236831665
0,0.043841730803251266
0,0.05823893845081329
0,0.056967444717884064
0,0.04354578256607056
0,0.03872038424015045
0,0.020658724009990692
0,0.031827330589294434
0,0.0749027281999588
0,0.08684947341680527
0,0.08699332922697067
0,0.0904964730143547
0,0.06628928333520889
0,0.0710059404373169
0,0.05898607522249222
0,0.05083489418029785
0,0.06637422740459442
0,0.09521912038326263
0,0.10644655674695969
0,0.1386422961950302
0,0.13634540140628815
0,0.1414186805486679
0,0.10289036482572556
0,0.10446680337190628
0,0.10269097983837128
0,0.12017469853162766
0,0.09792903065681458
0,0.10742843151092529
0,0.128803089261055
0,0.10712505877017975
0,0.12300143390893936
0,0.14113463461399078
0,0.13545432686805725
0,0.1098475530743599
0,0.12321052700281143
0,0.12140290439128876
0,0.14421232044696808
0,0.1268821358680725
0,0.08686114102602005
0,0.08596207946538925
0,0.0668729618191719
0,0.10774505138397217
0,0.10131405293941498
0,0.10276731848716736
0,0.12360068410634995
0,0.11615339666604996
0,0.07216902077198029
0,0.05564698949456215
0,0.07830826938152313
0,0.0938006192445755
0,0.12565679848194122
0,0.127280592918396
0,0.06609313935041428
0,0.06417346745729446
0,0.08353365957736969
0,0.13927873969078064
0,0.14288543164730072
0,0.13110823929309845
0,0.07670397311449051
0,0.09119608998298645
0,0.14093798398971558
0,0.16239699721336365
0,0.1471746861934662
0,0.08400697261095047
0,0.04651854187250137
0,0.08966009318828583
0,0.10036789625883102
0,0.1138177365064621
0,0.1134142056107521
0,0.1435116082429886
0,0.17457948625087738
0,0.23514601588249207
0,0.3004680275917053
0,0.3131072223186493
0,0.2372584193944931
0,0.17286792397499084
0,0.1074381023645401
0,0.0896979421377182
0,0.08551231771707535
0,0.08135952055454254
0,0.09775392711162567
0,0.10062380135059357
0,0.14820797741413116
0,0.14579953253269196
0,0.15317629277706146
0,0.1353076547384262
0,0.13096661865711212
0,0.10952101647853851
0,0.10394319146871567
0,0.1299666464328766
0,0.13812510669231415
0,0.19140276312828064
0,0.25146880745887756
0,0.2395295947790146
0,0.202674001455307
0,0.20352375507354736
0,0.20107634365558624
0,0.1961560845375061
0,0.18263724446296692
0,0.12713590264320374
0,0.08320137858390808
0,0.11310026049613953
0,0.14291638135910034
0,0.12309078872203827
0,0.08549826592206955
0,0.060709964483976364
0,0.04743986949324608
0,0.07900334149599075
0,0.1144387498497963
0,0.10085355490446091
0,0.10988587141036987
0,0.13418851792812347
0,0.14073941111564636
0,0.11371859163045883
0,0.08512717485427856
0,0.07981536537408829
0,0.09608735144138336
0,0.11981624364852905
0,0.1514243483543396
0,0.1346106082201004
0,0.14247925579547882
0,0.1609123796224594
0,0.15007568895816803
0,0.12589432299137115
0,0.09690149873495102
0,0.08842848986387253
0,0.08889726549386978
0,0.09216047078371048
0,0.08595380187034607
0,0.09322433918714523
0,0.08736242353916168
0,0.09692244231700897
0,0.08941466361284256
0,0.06834263354539871
0,0.0701751708984375
0,0.07688301056623459
0,0.06363103538751602
0,0.07363378256559372
0,0.07087371498346329
0,0.07183406502008438
0,0.10482528060674667
0,0.09285212308168411
0,0.0902886912226677
0,0.09386328607797623
0,0.12272945791482925
0,0.12353992462158203
0,0.11720719188451767
0,0.09659534692764282
0,0.08108086884021759
0,0.10631947219371796
0,0.08096309006214142
0,0.05283311381936073
0,0.06351286172866821
0,0.05838044732809067
0,0.06513229012489319
0,0.062474094331264496
0,0.060632262378931046
0,0.0606733039021492
0,0.06624917685985565
0,0.09709769487380981
0,0.12213132530450821
0,0.15088216960430145
0,0.17050662636756897
0,0.20783774554729462
0,0.16970287263393402
0,0.17444667220115662
0,0.1514468491077423
0,0.1362362653017044
0,0.11672258377075195
0,0.0932503268122673
0,0.10091341286897659
0,0.11104673147201538
0,0.07555829733610153
0,0.11069716513156891
0,0.12153812497854233
0,0.09967595338821411
0,0.0893714651465416
0,0.09977583587169647
0,0.0778905600309372
0,0.07646997272968292
0,0.1052059680223465
0,0.09260295331478119
0,0.04226478189229965
0,0.07057031989097595
0,0.08405338227748871
0,0.03754233196377754
0,0.047105807811021805
0,0.059251829981803894
0,0.050180479884147644
0,0.08979751169681549
0,0.08506059646606445
0,0.09302805364131927
0,0.1159539744257927
0,0.1354551464319229
0,0.13705791532993317
0,0.13472828269004822
0,0.08020094782114029
0,0.1626565307378769
0,0.13447731733322144
0,0.1101725697517395
0,0.09809704124927521
0,0.09389937669038773
0,0.11170270293951035
0,0.09987534582614899
0,0.08255629986524582
0,0.05599969998002052
0,0.05107686668634415
0,0.07165990769863129
0,0.06623450666666031
0,0.05002296715974808
0,0.06086074933409691
0,0.03964509814977646
0,0.03772801533341408
0,0.05420689657330513
0,0.036603182554244995
0,0.07289307564496994
0,0.08533475548028946
0,0.07123040407896042
0,0.053772151470184326
0,0.0503859706223011
0,0.05752214044332504
0,0.03839444741606712
0,0.04929887130856514
0,0.026476606726646423
0,0.026172006502747536
0,0.04638589918613434
0,0.05509102717041969
0,0.06841625273227692
0,0.06792987138032913
0,0.04629587382078171
0,0.04490502178668976
0,0.05477001890540123
0,0.03460196405649185
0,0.03414754942059517
0,0.06196106597781181
0,0.04191826283931732
0,0.03842267021536827
0,0.035761456936597824
0,0.032657232135534286
0,0.01708720438182354
0,0.04717753827571869
0,0.06258456408977509
0,0.09415870159864426
0,0.05015075206756592
0,0.007943594828248024
0,0.04275783896446228
0,0.024553850293159485
0,0.016712317243218422
0,0.043280329555273056
0,0.060989417135715485
0,0.05630316957831383
0,0.0722256451845169
0,0.09535156935453415
0,0.028417278081178665
0,0.03850417584180832
0,0.08433952927589417
0,0.07284840941429138
0,0.0684342235326767
0,0.0745130255818367
0,0.0901467576622963
0,0.11031930148601532
0,0.15909337997436523
0,0.18982280790805817
0,0.20647385716438293
0,0.1837080866098404
0,0.1612972468137741
0,0.15389277040958405
0,0.13081878423690796
0,0.10420898348093033
0,0.05469091609120369
0,0.06337665766477585
0,0.12115892022848129
0,0.13345696032047272
0,0.14305514097213745
0,0.14207416772842407
0,0.13949231803417206
0,0.10860108584165573
0,0.14427931606769562
0,0.17620372772216797
0,0.13374143838882446
0,0.15772846341133118
0,0.13283520936965942
0,0.10646671056747437
0,0.08048730343580246
0,0.04993327707052231
0,0.061964020133018494
0,0.07761349529027939
0,0.0741865411400795
0,0.09755630046129227
0,0.06879851967096329
0,0.044756364077329636
0,0.06799980252981186
0,0.07265093922615051
0,0.0645461231470108
0,0.037274815142154694
0,0.04126870259642601
0,0.032549578696489334
0,0.04544835537672043
0,0.06174120679497719
0,0.04607447609305382
0,0.05054609477519989
0,0.056584399193525314
0,0.09525500237941742
0,0.10610394179821014
0,0.06461118906736374
0,0.04372485727071762
0,0.060575734823942184
0,0.06895596534013748
0,0.08500303328037262
0,0.06615691632032394
0,0.09002162516117096
0,0.054348818957805634
0,0.025708628818392754
0,0.025379568338394165
0,0.02022475004196167
0,0.07747475057840347
0,0.08181639015674591
0,0.06614255905151367
0,0.06902971863746643
0,0.09188490360975266
0,0.11445271968841553
0,0.1609361171722412
0,0.17501790821552277
0,0.17749540507793427
0,0.153415247797966
0,0.14562347531318665
0,0.14452050626277924
0,0.1543714851140976
0,0.1313411444425583
0,0.13935105502605438
0,0.14822013676166534
0,0.2001982182264328
0,0.2137945145368576
0,0.2116236835718155
0,0.1458825170993805
0,0.10357366502285004
0,0.1166851744055748
0,0.11037518084049225
0,0.13208933174610138
0,0.12709252536296844
0,0.11903364211320877
0,0.06704293191432953
0,0.10544891655445099
0,0.1770283579826355
0,0.1733645796775818
0,0.13249236345291138
0,0.07740785926580429
0,0.03919033333659172
0,0.04944070801138878
0,0.08995569497346878
0,0.118876151740551
0,0.11323943734169006
0,0.07605782151222229
0,0.08582571893930435
0,0.07734411954879761
0,0.12769682705402374
0,0.11080785095691681
0,0.11666679382324219
0,0.09197380393743515
0,0.08900471776723862
0,0.13362441956996918
0,0.16671296954154968
0,0.23088030517101288
0,0.21989625692367554
0,0.19588622450828552
0,0.18877439200878143
0,0.1449892520904541
0,0.14886127412319183
0,0.14147111773490906
0,0.09707572311162949
0,0.10593752562999725
0,0.1000581905245781
0,0.07314550131559372
0,0.04259525239467621
0,0.021957550197839737
0,0.06581929326057434
0,0.07742518186569214
0,0.07154059410095215
0,0.0765489861369133
0,0.10990022122859955
0,0.15642160177230835
0,0.19366584718227386
0,0.2537086009979248
0,0.28107303380966187
0,0.21011680364608765
0,0.17364013195037842
0,0.16449956595897675
0,0.16048747301101685
0,0.14902642369270325
0,0.12610015273094177
0,0.10979302227497101
0,0.12912389636039734
0,0.1849585920572281
0,0.16259042918682098
0,0.15695464611053467
0,0.1304849535226822
0,0.0843702107667923
0,0.10893100500106812
0,0.08471228927373886
0,0.04438989236950874
0,0.09152498096227646
0,0.07496462762355804
0,0.04540885239839554
0,0.033691033720970154
0,0.06235403195023537
0,0.07187674939632416
0,0.10352025181055069
0,0.13266165554523468
0,0.1069163903594017
0,0.05649251863360405
0,0.03324052691459656
0,0.05609568953514099
0,0.05599959194660187
0,0.059251315891742706
0,0.04652882367372513
0,0.03680339828133583
0,0.045850299298763275
0,0.061852894723415375
0,0.07690244168043137
0,0.12784284353256226
0,0.07723265141248703
0,0.04873276501893997
0,0.01831376925110817
0,0.045470818877220154
0,0.050970304757356644
0,0.05031445622444153
0,0.05792432278394699
0,0.0491546168923378
0,0.021143078804016113
0,0.016833137720823288
0,0.023830803111195564
0,0.04341739043593407
0,0.036101292818784714
0,0.03805151209235191
0,0.055117685347795486
0,0.06712014228105545
0,0.10233790427446365
0,0.07607899606227875
0,0.07622973620891571
0,0.09526840597391129
0,0.07716889679431915
0,0.0794050544500351
0,0.06783881038427353
0,0.07219177484512329
0,0.05992738530039787
0,0.09999677538871765
0,0.09018430858850479
0,0.07003122568130493
0,0.06839282810688019
0,0.05365638807415962
0,0.07543977349996567
0,0.04437336325645447
0,0.06782670319080353
0,0.11731743812561035
0,0.0941103845834732
0,0.042776431888341904
0,0.06454376131296158
0,0.13248616456985474
0,0.18401286005973816
0,0.15529271960258484
0,0.1724473088979721
0,0.18485254049301147
0,0.1492779403924942
0,0.13536977767944336
0,0.1272263079881668
0,0.06946387887001038
0,0.07169822603464127
0,0.0579446442425251
0,0.0899086594581604
0,0.0619460865855217
0,0.07579027861356735
0,0.10497988015413284
0,0.09848035871982574
0,0.09997988492250443
0,0.09262602776288986
0,0.10570314526557922
0,0.10356532037258148
0,0.08102501928806305
0,0.07186246663331985
0,0.07295044511556625
0,0.06798332929611206
0,0.07070497423410416
0,0.08670233190059662
0,0.11524531990289688
0,0.11814761906862259
0,0.08145257830619812
0,0.09073817729949951
0,0.051552239805459976
0,0.04132377728819847
0,0.05620943754911423
0,0.050858549773693085
0,0.027571506798267365
0,0.06388958543539047
0,0.07835051417350769
0,0.07606809586286545
0,0.07922830432653427
0,0.08501021564006805
0,0.0697111040353775
0,0.056579336524009705
0,0.06346073001623154
0,0.07645712047815323
0,0.04088606312870979
0,0.08073940873146057
0,0.07823969423770905
0,0.09758451581001282
0,0.11292806267738342
0,0.10831168293952942
0,0.1498442441225052
0,0.11726544797420502
0,0.12887313961982727
0,0.10657111555337906
0,0.09262225031852722
0,0.08695591241121292
0,0.09850811213254929
0,0.09150032699108124
0,0.10472007095813751
0,0.07207454741001129
0,0.08459676802158356
0,0.07718948274850845
0,0.06510545313358307
0,0.02922140061855316
0,0.04472967982292175
0,0.03214949741959572
0,0.0592598058283329
0,0.05128646641969681
0,0.028869330883026123
0,0.024596627801656723
0,0.02777152694761753
0,0.020406872034072876
0,0.016360025852918625
0,0.019971175119280815
0,0.023995161056518555
0,0.03688443452119827
0,0.03173170983791351
0,0.07040036469697952
0,0.09612584859132767
0,0.09431034326553345
0,0.14437055587768555
0,0.1638307273387909
0,0.15004681050777435
0,0.18236896395683289
0,0.20450671017169952
0,0.17336833477020264
0,0.12902912497520447
0,0.1159096509218216
0,0.08288540691137314
0,0.05355209484696388
0,0.03875570744276047
0,0.02976376563310623
0,0.04444897919893265
0,0.04550810903310776
0,0.0525699183344841
0,0.0562368705868721
0,0.050193607807159424
0,0.07199682295322418
0,0.06915611773729324
0,0.05234750360250473
0,0.06884890049695969
0,0.05393054708838463
0,0.05198168009519577
0,0.07050739973783493
0,0.08805803209543228
0,0.06414253264665604
0,0.05738745629787445
0,0.07319149374961853
0,0.05743119493126869
0,0.09442930668592453
0,0.12986795604228973
0,0.14623840153217316
0,0.1576509177684784
0,0.17377997934818268
0,0.15773716568946838
0,0.14850611984729767
0,0.1189442053437233
0,0.06551365554332733
0,0.025431934744119644
0,0.013926997780799866
0,0.025775939226150513
0,0.043771855533123016
0,0.03291790932416916
0,0.03391864523291588
0,0.03928372263908386
0,0.04242401942610741
0,0.031127454712986946
0,0.027499955147504807
0,0.062820665538311
0,0.0740916058421135
0,0.03571419417858124
0,0.038891032338142395
0,0.08085986971855164
0,0.0805012434720993
0,0.05261840671300888
0,0.02614862471818924
0,0.04172464832663536
0,0.04934805631637573
0,0.04425041377544403
0,0.03560053929686546
0,0.03827633336186409
0,0.06017814204096794
0,0.06873809546232224
0,0.06565828621387482
0,0.07959561794996262
0,0.1012381836771965
0,0.11927121132612228
0,0.16147632896900177
0,0.22926512360572815
0,0.24673795700073242
0,0.1927291303873062
0,0.2044360339641571
0,0.17630493640899658
0,0.10700467228889465
0,0.04710337519645691
0,0.0399741567671299
0,0.051951680332422256
0,0.036842815577983856
0,0.04203838109970093
0,0.018996689468622208
0,0.02533245086669922
0,0.05883011594414711
0,0.05650930479168892
0,0.09637769311666489
0,0.04729761183261871
0,0.028047623112797737
0,0.040824562311172485
0,0.040755558758974075
0,0.06620776653289795
0,0.062262196093797684
0,0.08310788869857788
0,0.1076231449842453
0,0.10441695898771286
0,0.0820762887597084
0,0.0482013076543808
0,0.045472100377082825
0,0.04169123247265816
0,0.026256129145622253
0,0.03306156396865845
0,0.04190574213862419
0,0.06400607526302338
0,0.03938433900475502
0,0.051132991909980774
0,0.03817946836352348
0,0.04209747165441513
0,0.035836827009916306
0,0.04734118655323982
0,0.04967767372727394
0,0.03291367366909981
0,0.047856248915195465
0,0.04657909646630287
0,0.05178961530327797
0,0.047928161919116974
0,0.05928380414843559
0,0.05491691827774048
0,0.07036933302879333
0,0.0816846415400505
0,0.08471173793077469
0,0.09822679311037064
0,0.11175782233476639
0,0.11380120366811752
0,0.14773356914520264
0,0.14635169506072998
0,0.14024443924427032
0,0.12641094624996185
0,0.09307681024074554
0,0.054755259305238724
0,0.059475433081388474
0,0.08448357880115509
0,0.09221842139959335
0,0.10551779717206955
0,0.11105852574110031
0,0.1166003942489624
0,0.10747237503528595
0,0.09241871535778046
0,0.11177798360586166
0,0.08547129482030869
0,0.07300177961587906
0,0.06117022782564163
0,0.05352019518613815
0,0.0858486220240593
0,0.07087453454732895
0,0.04417656734585762
0,0.04936133325099945
0,0.04106837511062622
0,0.04920443519949913
0,0.035108864307403564
0,0.02408413775265217
0,0.07636746764183044
0,0.09077681601047516
0,0.06526567041873932
0,0.10918151587247849
0,0.12561079859733582
0,0.11040771752595901
0,0.09019239991903305
0,0.08132463693618774
0,0.09341979771852493
0,0.07227811962366104
0,0.11041653156280518
0,0.115263931453228
0,0.10317759960889816
0,0.09629353135824203
0,0.09120911359786987
0,0.11045882105827332
0,0.08419621735811234
0,0.08943971246480942
0,0.08041644096374512
0,0.06619175523519516
0,0.07882645726203918
0,0.087343730032444
0,0.08233553171157837
0,0.07527010142803192
0,0.08656399697065353
0,0.08905220031738281
0,0.07690949738025665
0,0.07748901844024658
0,0.0957316905260086
0,0.13315421342849731
0,0.1304139941930771
0,0.17598016560077667
0,0.16110274195671082
0,0.15137656033039093
0,0.19971762597560883
0,0.1898007094860077
0,0.12536579370498657
0,0.1087716594338417
0,0.09735492616891861
0,0.0708806961774826
0,0.11631250381469727
0,0.0986696258187294
0,0.09946722537279129
0,0.12048587203025818
0,0.14933043718338013
0,0.15156368911266327
0,0.15279799699783325
0,0.12389277666807175
0,0.09204213321208954
0,0.07910742610692978
0,0.05476073920726776
0,0.061159130185842514
0,0.058960989117622375
0,0.038919128477573395
0,0.09711217880249023
0,0.1451406329870224
0,0.10952867567539215
0,0.06945861876010895
0,0.09229132533073425
0,0.14660513401031494
0,0.15705351531505585
0,0.13118648529052734
0,0.1308079957962036
0,0.1325242966413498
0,0.15317657589912415
0,0.17385512590408325
0,0.20311830937862396
0,0.22115373611450195
0,0.20195293426513672
0,0.20039650797843933
0,0.197589710354805
0,0.1734064817428589
0,0.11307794600725174
0,0.08363219350576401
0,0.10274171829223633
0,0.12701301276683807
0,0.10557437688112259
0,0.05039476975798607
0,0.056557271629571915
0,0.04530593752861023
0,0.0842144638299942
0,0.0928787887096405
0,0.06494462490081787
0,0.05920881778001785
0,0.08123321831226349
0,0.09299082309007645
0,0.06369688361883163
0,0.0538640171289444
0,0.03406459838151932
0,0.03358776494860649
0,0.04043829068541527
0,0.02182050235569477
0,0.04586966335773468
0,0.08746836334466934
0,0.10108906030654907
0,0.1247890368103981
0,0.12693330645561218
0,0.11187369376420975
0,0.11059874296188354
0,0.11565812677145004
0,0.08950744569301605
0,0.08948220312595367
0,0.06681213527917862
0,0.05586550757288933
0,0.0364571213722229
0,0.05849144235253334
0,0.08861164003610611
0,0.10822921246290207
0,0.07854270935058594
0,0.09309190511703491
0,0.10157937556505203
0,0.09680229425430298
0,0.10092771053314209
0,0.08004564791917801
0,0.07017809897661209
0,0.1113513931632042
0,0.09369256347417831
0,0.098664790391922
0,0.1105087623000145
0,0.11681950092315674
0,0.09952392429113388
0,0.05365720018744469
0,0.07385438680648804
0,0.07141057401895523
0,0.06923482567071915
0,0.09266316145658493
0,0.10512711852788925
0,0.09130143374204636
0,0.09986018389463425
0,0.0819772258400917
0,0.09571830928325653
0,0.06523673981428146
0,0.06603685766458511
0,0.03609428554773331
0,0.04114474356174469
0,0.04647565633058548
0,0.07729818671941757
0,0.04282707720994949
0,0.017827872186899185
0,0.058789730072021484
0,0.05371156707406044
0,0.054849542677402496
0,0.06247178465127945
0,0.08331546187400818
0,0.0589291974902153
0,0.09150775521993637
0,0.11628080904483795
0,0.07830604910850525
0,0.0621182955801487
0,0.08177240937948227
0,0.07861398905515671
0,0.0574956014752388
0,0.05186203122138977
0,0.0816354975104332
0,0.11722736060619354
0,0.08030802011489868
0,0.06995122134685516
0,0.041193485260009766
0,0.02656818926334381
0,0.025263868272304535
0,0.0469379648566246
0,0.07446461170911789
0,0.11146675795316696
0,0.09560228884220123
0,0.090870201587677
0,0.061060961335897446
0,0.05008605122566223
0,0.11208989471197128
0,0.13075442612171173
0,0.11324889957904816
0,0.0792132318019867
0,0.0708693414926529
0,0.03937167674303055
0,0.04051259160041809
0,0.05194131284952164
0,0.01576976291835308
0,0.05104411020874977
0,0.055369824171066284
0,0.04868224635720253
0,0.05761135742068291
0,0.06060480326414108
0,0.0733334869146347
0,0.13328342139720917
0,0.1914699375629425
0,0.2232636958360672
0,0.16198012232780457
0,0.09001416712999344
0,0.08823013305664062
0,0.08844403177499771
0,0.09160042554140091
0,0.09065263718366623
0,0.07344746589660645
0,0.05559644475579262
0,0.06782718002796173
0,0.08295848965644836
0,0.040380675345659256
0,0.025277890264987946
0,0.020394688472151756
0,0.03179201856255531
0,0.06857878714799881
0,0.07969190925359726
0,0.09447938948869705
0,0.1031099334359169
0,0.07467762380838394
0,0.10186200588941574
0,0.1131695806980133
0,0.10214163362979889
0,0.11431820690631866
0,0.12346596270799637
0,0.10878799855709076
0,0.09467066824436188
0,0.08002428710460663
0,0.05937036871910095
0,0.06927752494812012
0,0.06820414215326309
0,0.07137194275856018
0,0.07042987644672394
0,0.046035587787628174
0,0.05677422508597374
0,0.0596238411962986
0,0.052545107901096344
0,0.10218165069818497
0,0.13718916475772858
0,0.12713412940502167
0,0.09556138515472412
0,0.0971682220697403
0,0.104763463139534
0,0.0703660398721695
0,0.10225667804479599
0,0.07741812616586685
0,0.08389301598072052
0,0.11278650164604187
0,0.1388275921344757
0,0.17269904911518097
0,0.1682344675064087
0,0.2248682975769043
0,0.1949082463979721
0,0.18566147983074188
0,0.22822141647338867
0,0.22562792897224426
0,0.22224365174770355
0,0.14878492057323456
0,0.15579695999622345
0,0.12007852643728256
0,0.07129804790019989
0,0.08056803792715073
0,0.08466671407222748
0,0.07985835522413254
0,0.0788448378443718
0,0.1370088756084442
0,0.1230514645576477
0,0.10129500925540924
0,0.09610742330551147
0,0.12705568969249725
0,0.11129463464021683
0,0.09274764358997345
0,0.08936015516519547
0,0.07221091538667679
0,0.10331769287586212
0,0.1469503939151764
0,0.17348343133926392
0,0.15923990309238434
0,0.12690497934818268
0,0.10730455815792084
0,0.08242165297269821
0,0.09408946335315704
0,0.11107860505580902
0,0.12410785257816315
0,0.1251581311225891
0,0.08649621903896332
0,0.09031561762094498
0,0.10775323212146759
0,0.121956005692482
0,0.11913589388132095
0,0.09091632068157196
0,0.092122383415699
0,0.04605337604880333
0,0.08830924332141876
0,0.06195617467164993
0,0.0506148561835289
0,0.049382563680410385
0,0.08455415070056915
0,0.09780880808830261
0,0.0991034135222435
0,0.13875265419483185
0,0.1550491601228714
0,0.15056897699832916
0,0.17973476648330688
0,0.21559803187847137
0,0.19663508236408234
0,0.1759902834892273
0,0.15276272594928741
0,0.14713411033153534
0,0.10939963907003403
0,0.08821777254343033
0,0.05020738020539284
0,0.059668153524398804
0,0.05047456920146942
0,0.035918429493904114
0,0.057906147092580795
0,0.0737585797905922
0,0.11311198770999908
0,0.11806158721446991
0,0.0888567790389061
0,0.08346179872751236
0,0.12274648249149323
0,0.1283799409866333
0,0.12368594110012054
0,0.18882915377616882
0,0.1895107477903366
0,0.19698837399482727
0,0.17515991628170013
0,0.18573053181171417
0,0.17695488035678864
0,0.21050898730754852
0,0.19811972975730896
0,0.17531883716583252
0,0.16960467398166656
0,0.16906724870204926
0,0.18579033017158508
0,0.19726040959358215
0,0.17198850214481354
0,0.14969830214977264
0,0.1340750902891159
0,0.10077139735221863
0,0.09362385421991348
0,0.06465829163789749
0,0.05645275115966797
0,0.0773373395204544
0,0.05456017330288887
0,0.050462912768125534
0,0.043104302138090134
0,0.07192666083574295
0,0.07824955135583878
0,0.08843076229095459
0,0.08750636130571365
0,0.07034825533628464
0,0.05515949800610542
0,0.0713641420006752
0,0.08178447932004929
0,0.11283861100673676
0,0.12364586442708969
0,0.12085165828466415
0,0.1087389588356018
0,0.08292284607887268
0,0.07005231082439423
0,0.08471500873565674
0,0.09065528213977814
0,0.08010981976985931
0,0.08727419376373291
0,0.11000388115644455
0,0.1300569325685501
0,0.1421077698469162
0,0.13454018533229828
0,0.1325850635766983
0,0.15155614912509918
0,0.1539827287197113
0,0.1524609476327896
0,0.12092243134975433
0,0.10247725993394852
0,0.11211870610713959
0,0.10308544337749481
0,0.07530645281076431
0,0.11471875011920929
0,0.10348014533519745
0,0.09653342515230179
0,0.10579768568277359
0,0.1194121465086937
0,0.08213813602924347
0,0.08886170387268066
0,0.05066125467419624
0,0.03762853518128395
0,0.044463302940130234
0,0.07387246191501617
0,0.10172771662473679
0,0.14486630260944366
0,0.16670958697795868
0,0.1614571362733841
0,0.11840038746595383
0,0.0914442241191864
0,0.08284689486026764
0,0.08178028464317322
0,0.11391551047563553
0,0.06782929599285126
0,0.045747850090265274
0,0.06915579736232758
0,0.0869329497218132
0,0.10520683974027634
0,0.12352582067251205
0,0.09983491897583008
0,0.0671699270606041
0,0.05194998160004616
0,0.09566330164670944
0,0.12138547748327255
0,0.12124378979206085
0,0.1196073666214943
0,0.1205454021692276
0,0.11237277090549469
0,0.1122300922870636
0,0.15312039852142334
0,0.15676109492778778
0,0.1375156044960022
0,0.097209133207798
0,0.0302741602063179
0,0.045988135039806366
0,0.0620020255446434
0,0.08399050682783127
0,0.08702024072408676
0,0.07740665227174759
0,0.058075692504644394
0,0.10986434668302536
0,0.2046496868133545
0,0.20860669016838074
0,0.18391238152980804
0,0.13887667655944824
0,0.15495193004608154
0,0.17514529824256897
0,0.17786702513694763
0,0.14402543008327484
0,0.09677670896053314
0,0.0774087980389595
0,0.08133628219366074
0,0.12818926572799683
0,0.11007839441299438
0,0.11671090126037598
0,0.13569298386573792
0,0.13784845173358917
0,0.16635891795158386
0,0.18559707701206207
0,0.18856850266456604
0,0.1717137098312378
0,0.17698700726032257
0,0.18741688132286072
0,0.18522903323173523
0,0.18585897982120514
0,0.2102583646774292
0,0.17954248189926147
0,0.17301544547080994
0,0.14393678307533264
0,0.1415919065475464
0,0.09908035397529602
0,0.08502782136201859
0,0.06802282482385635
0,0.08364499360322952
0,0.11662980914115906
0,0.12599745392799377
0,0.175147145986557
0,0.1505860686302185
0,0.1333533525466919
0,0.1411527693271637
0,0.17932401597499847
0,0.173945814371109
0,0.16281116008758545
0,0.1350698322057724
0,0.10161872953176498
0,0.10591761767864227
0,0.14548158645629883
0,0.17341293394565582
0,0.17066851258277893
0,0.17978255450725555
0,0.11822151392698288
0,0.145883709192276
0,0.1844075322151184
0,0.19554385542869568
0,0.17193713784217834
0,0.15989810228347778
0,0.14789129793643951
0,0.11381552368402481
0,0.15612557530403137
0,0.1639852672815323
0,0.13532431423664093
0,0.12401004135608673
0,0.16581259667873383
0,0.14520126581192017
0,0.16477924585342407
0,0.17638714611530304
0,0.18443825840950012
0,0.17142286896705627
0,0.17557109892368317
0,0.15808039903640747
0,0.12975755333900452
0,0.10489342361688614
0,0.11443700641393661
0,0.12966665625572205
0,0.10287310183048248
0,0.06052875146269798
0,0.0891273021697998
0,0.07582516968250275
0,0.1055213138461113
0,0.17005887627601624
0,0.15769022703170776
0,0.15252764523029327
0,0.16350674629211426
0,0.22084470093250275
0,0.22560663521289825
0,0.23321567475795746
0,0.20362477004528046
0,0.1957748681306839
0,0.17747773230075836
0,0.1683146208524704
0,0.15119770169258118
0,0.08526930212974548
0,0.07766292244195938
0,0.06968733668327332
0,0.09299156814813614
0,0.05153574049472809
0,0.10625123977661133
0,0.07359864562749863
0,0.13158543407917023
0,0.14877954125404358
0,0.15841923654079437
0,0.12500645220279694
0,0.13426494598388672
0,0.13686718046665192
0,0.13543258607387543
0,0.13274291157722473
0,0.10887457430362701
0,0.11818046122789383
0,0.11243602633476257
0,0.0998760461807251
0,0.11287035793066025
0,0.11030574887990952
0,0.10306697338819504
0,0.0928904190659523
0,0.11035603284835815
0,0.08309043198823929
0,0.05824144929647446
0,0.05520569160580635
0,0.07251729816198349
0,0.0675143375992775
0,0.06586649268865585
0,0.034664254635572433
0,0.03278132528066635
0,0.061658602207899094
0,0.032908424735069275
0,0.04430476203560829
0,0.05142931640148163
0,0.059872522950172424
0,0.06045358255505562
0,0.08049485832452774
0,0.04333291947841644
0,0.042283687740564346
0,0.0480942502617836
0,0.04818279296159744
0,0.02599399909377098
0,0.025452636182308197
0,0.04431507736444473
0,0.06190137937664986
0,0.06843026727437973
0,0.04594453051686287
0,0.043359290808439255
0,0.05089997500181198
0,0.045909781008958817
0,0.03684011846780777
0,0.06569012999534607
0,0.09002529829740524
0,0.11020009964704514
0,0.1096128448843956
0,0.1178474873304367
0,0.13183781504631042
0,0.14367353916168213
0,0.17383845150470734
0,0.1473047137260437
0,0.13244180381298065
0,0.10296493768692017
0,0.10099692642688751
0,0.10604843497276306
0,0.0901976227760315
0,0.0907507985830307
0,0.08490683883428574
0,0.07244633138179779
0,0.0702538937330246
0,0.07364266365766525
0,0.09461984038352966
0,0.08373188227415085
0,0.028671637177467346
0,0.045399170368909836
0,0.0666797086596489
0,0.0973169356584549
0,0.1269812136888504
0,0.13529299199581146
0,0.12480513751506805
0,0.07497424632310867
0,0.11745936423540115
0,0.1280771940946579
0,0.10855692625045776
0,0.09651602804660797
0,0.07644802331924438
0,0.10433448851108551
0,0.09916224330663681
0,0.09398796409368515
0,0.07275884598493576
0,0.07563164085149765
0,0.12656137347221375
0,0.14229340851306915
0,0.11106893420219421
0,0.14542993903160095
0,0.14220617711544037
0,0.15069565176963806
0,0.14460626244544983
0,0.13032914698123932
0,0.10730007290840149
0,0.12133391946554184
0,0.13497264683246613
0,0.1089828684926033
0,0.11578045785427094
0,0.11691311001777649
0,0.12270805239677429
0,0.1269107460975647
0,0.12323232740163803
0,0.11757583171129227
0,0.1267358362674713
0,0.14132042229175568
0,0.12630361318588257
0,0.06143754720687866
0,0.06965620815753937
0,0.07702098786830902
0,0.0650157779455185
0,0.04176300764083862
0,0.04915574565529823
0,0.08240558207035065
0,0.09106854349374771
0,0.12126469612121582
0,0.11668672412633896
0,0.09353005886077881
0,0.10815245658159256
0,0.15275730192661285
0,0.21311108767986298
0,0.249110147356987
0,0.24503977596759796
0,0.20195850729942322
0,0.1459597647190094
0,0.11088783293962479
0,0.12152433395385742
0,0.08290411531925201
0,0.07175260037183762
0,0.06731291115283966
0,0.10179556161165237
0,0.10847300291061401
0,0.11660861223936081
0,0.08945810049772263
0,0.09383589774370193
0,0.05480298027396202
0,0.031371667981147766
0,0.04475432261824608
0,0.028328120708465576
0,0.04771208018064499
0,0.04907669126987457
0,0.04119785130023956
0,0.0810152143239975
0,0.09218548238277435
0,0.12529775500297546
0,0.12286559492349625
0,0.13340792059898376
0,0.08328616619110107
0,0.07819624990224838
0,0.06903563439846039
0,0.03144674375653267
0,0.034787241369485855
0,0.06845877319574356
0,0.07479291409254074
0,0.07955498993396759
0,0.0746760368347168
0,0.08501463383436203
0,0.12068349123001099
0,0.12154038995504379
0,0.09110023081302643
0,0.06933972239494324
0,0.04366404190659523
0,0.06403331458568573
0,0.07734759151935577
0,0.07617396861314774
0,0.07647979259490967
0,0.06042750924825668
0,0.07209096103906631
0,0.07527448236942291
0,0.06213519349694252
0,0.07964570820331573
0,0.06848990172147751
0,0.06675161421298981
0,0.056699786335229874
0,0.06050802767276764
0,0.09936954081058502
0,0.1389317810535431
0,0.12492332607507706
0,0.1305522918701172
0,0.14247983694076538
0,0.11329235136508942
0,0.11857984215021133
0,0.10903759300708771
0,0.055696822702884674
0,0.08847746253013611
0,0.12240184843540192
0,0.1293591856956482
0,0.09919395297765732
0,0.11989288777112961
0,0.10787607729434967
0,0.07660671323537827
0,0.1268395185470581
0,0.15621919929981232
0,0.14757545292377472
0,0.1416289061307907
0,0.14623086154460907
0,0.10370947420597076
0,0.1175362765789032
0,0.10515076667070389
0,0.08108066767454147
0,0.07871308922767639
0,0.07378283143043518
0,0.04592060297727585
0,0.0512712337076664
0,0.07928873598575592
0,0.09022612869739532
0,0.08546967804431915
0,0.10549167543649673
0,0.06122133880853653
0,0.08518078923225403
0,0.08911740034818649
0,0.10250084847211838
0,0.06340669840574265
0,0.05790696293115616
0,0.04812031239271164
0,0.05320370942354202
0,0.036160070449113846
0,0.04255034402012825
0,0.07385106384754181
0,0.10409088432788849
0,0.10494694858789444
0,0.09783820062875748
0,0.05597773939371109
0,0.04329279810190201
0,0.04004812240600586
0,0.06555022299289703
0,0.020757295191287994
0,0.03835395723581314
0,0.06318870186805725
0,0.059880197048187256
0,0.06216127797961235
0,0.06931228190660477
0,0.0707741305232048
0,0.07060832530260086
0,0.053619664162397385
0,0.03603336587548256
0,0.07008007913827896
0,0.08148512244224548
0,0.049483396112918854
0,0.06057262048125267
0,0.08901035040616989
0,0.10318104922771454
0,0.07180856913328171
0,0.08499584347009659
0,0.14389927685260773
0,0.18349581956863403
0,0.1321246325969696
0,0.12827521562576294
0,0.12199275940656662
0,0.15628588199615479
0,0.1474081426858902
0,0.12410945445299149
0,0.09348372370004654
0,0.12717817723751068
0,0.12285055220127106
0,0.07441702485084534
0,0.0741063803434372
0,0.12059680372476578
0,0.16076676547527313
0,0.1659584790468216
0,0.20506130158901215
0,0.20777055621147156
0,0.20288173854351044
0,0.19986803829669952
0,0.1888766586780548
0,0.15110155940055847
0,0.09779558330774307
0,0.11002513766288757
0,0.11665195226669312
0,0.13334698975086212
0,0.12446016818284988
0,0.05604875460267067
0,0.07397133111953735
0,0.10028178244829178
0,0.10950031876564026
0,0.08263330906629562
0,0.06342753767967224
0,0.08984172344207764
0,0.11063489317893982
0,0.16052941977977753
0,0.15401242673397064
0,0.119835264980793
0,0.12690742313861847
0,0.13561102747917175
0,0.11784205585718155
0,0.09075859189033508
0,0.051672715693712234
0,0.02959546074271202
0,0.05348130688071251
0,0.06099996343255043
0,0.07710019499063492
0,0.10720299184322357
0,0.10601618885993958
0,0.09604215621948242
0,0.07579407840967178
0,0.06657057255506516
0,0.04847782477736473
0,0.05802944302558899
0,0.10401087254285812
0,0.1570194661617279
0,0.2126147747039795
0,0.2106740027666092
0,0.1503864973783493
0,0.12138557434082031
0,0.15106135606765747
0,0.15963248908519745
0,0.1212659701704979
0,0.10042931884527206
0,0.08072443306446075
0,0.12894168496131897
0,0.14945350587368011
0,0.1707996129989624
0,0.12132146209478378
0,0.14799201488494873
0,0.14944109320640564
0,0.12477759271860123
0,0.16648662090301514
0,0.17020757496356964
0,0.12499809265136719
0,0.09046591073274612
0,0.09303700923919678
0,0.06498074531555176
0,0.09542033821344376
0,0.09742127358913422
0,0.11325878649950027
0,0.10751312226057053
0,0.05769195035099983
0,0.0712161660194397
0,0.03932790458202362
0,0.05242714658379555
0,0.07753981649875641
0,0.09368900954723358
0,0.11344483494758606
0,0.11649684607982635
0,0.1554025560617447
0,0.1268301159143448
0,0.1413949579000473
0,0.16488009691238403
0,0.13448716700077057
0,0.1544245034456253
0,0.1854652464389801
0,0.16545885801315308
0,0.13286586105823517
0,0.16986334323883057
0,0.18116238713264465
0,0.16063186526298523
0,0.13325487077236176
0,0.11921540647745132
0,0.10318899154663086
0,0.16365757584571838
0,0.11947597563266754
0,0.08235303312540054
0,0.07513009756803513
0,0.05348978936672211
0,0.07621016353368759
0,0.07969161123037338
0,0.07217240333557129
0,0.08055978268384933
0,0.08577211201190948
0,0.08416090905666351
0,0.09651704877614975
0,0.11554857343435287
0,0.1055740937590599
0,0.08324111998081207
0,0.08677545934915543
0,0.11588596552610397
0,0.13464152812957764
0,0.13464488089084625
0,0.11133666336536407
0,0.08756978064775467
0,0.1074657067656517
0,0.16460467875003815
0,0.1972775012254715
0,0.16852597892284393
0,0.09456437826156616
0,0.09655965864658356
0,0.0971137210726738
0,0.13076496124267578
0,0.06977419555187225
0,0.042044516652822495
0,0.07126513868570328
0,0.08688727021217346
0,0.09757064282894135
0,0.08233074843883514
0,0.09133096784353256
0,0.08327820152044296
0,0.07166857272386551
0,0.06740078330039978
0,0.08094198256731033
0,0.09132632613182068
0,0.10407252609729767
0,0.12036820501089096
0,0.14598511159420013
0,0.1519816666841507
0,0.14617696404457092
0,0.11925183236598969
0,0.11687169969081879
0,0.11038798838853836
0,0.10773096978664398
0,0.08668352663516998
0,0.1079455092549324
0,0.1069246158003807
0,0.10060039162635803
0,0.109592504799366
0,0.11850982904434204
0,0.14780662953853607
0,0.16384826600551605
0,0.1538580060005188
0,0.1249270886182785
0,0.1407850831747055
0,0.17987100780010223
0,0.19140149652957916
0,0.18162104487419128
0,0.14007334411144257
0,0.1295924037694931
0,0.15173585712909698
0,0.1468956172466278
0,0.113764189183712
0,0.10826076567173004
0,0.07924433797597885
0,0.06477855890989304
0,0.07583729177713394
0,0.07783964276313782
0,0.08427296578884125
0,0.09893786907196045
0,0.08366476744413376
0,0.07066646963357925
0,0.09577518701553345
0,0.13199563324451447
0,0.15528735518455505
0,0.11319757252931595
0,0.15122602880001068
0,0.17620117962360382
0,0.13870219886302948
0,0.12948594987392426
0,0.12094075977802277
0,0.1002475768327713
0,0.072984479367733
0,0.059413764625787735
0,0.0787268802523613
0,0.09506677091121674
0,0.10179027169942856
0,0.07792745530605316
0,0.06164146587252617
0,0.04606933519244194
0,0.026376621797680855
0,0.032842133194208145
0,0.05115031450986862
0,0.08045416325330734
0,0.11147895455360413
0,0.14368675649166107
0,0.11044535040855408
0,0.08536824584007263
0,0.11363129317760468
0,0.18857939541339874
0,0.23398959636688232
0,0.23278085887432098
0,0.20752142369747162
0,0.21083638072013855
0,0.28030943870544434
0,0.26205167174339294
0,0.2137538492679596
0,0.16459688544273376
0,0.12610267102718353
0,0.14242427051067352
0,0.11519797146320343
0,0.11660805344581604
0,0.1118827685713768
0,0.12007823586463928
0,0.06633281707763672
0,0.0393073596060276
0,0.038172174245119095
0,0.039547327905893326
0,0.05135531723499298
0,0.048742227256298065
0,0.06465218961238861
0,0.0787760466337204
0,0.0708845853805542
0,0.08266095817089081
0,0.06335523724555969
0,0.11362724751234055
0,0.1252046376466751
0,0.13168969750404358
0,0.1356634646654129
0,0.19941502809524536
0,0.1743146926164627
0,0.17649739980697632
0,0.16406528651714325
0,0.12266631424427032
0,0.12467930465936661
0,0.1442945897579193
0,0.15354187786579132
0,0.1417839229106903
0,0.12253722548484802
0,0.11715822666883469
0,0.12934309244155884
0,0.1201535314321518
0,0.12831930816173553
0,0.12051419168710709
0,0.12508510053157806
0,0.09485872089862823
0,0.10789664089679718
0,0.10382843017578125
0,0.12294813990592957
0,0.1476314663887024
0,0.11791983246803284
0,0.11504568159580231
0,0.11871480941772461
0,0.12769737839698792
0,0.14524438977241516
0,0.12821440398693085
0,0.07194499671459198
0,0.07759643346071243
0,0.07648967951536179
0,0.06878306716680527
0,0.05240965634584427
0,0.06575947999954224
0,0.07207661867141724
0,0.04882785677909851
0,0.0461508110165596
0,0.04408015310764313
0,0.0589151456952095
0,0.06170496344566345
0,0.07309496402740479
0,0.1290515959262848
0,0.15248362720012665
0,0.12290799617767334
0,0.11098983138799667
0,0.08784720301628113
0,0.07837314158678055
0,0.08543422073125839
0,0.07055152952671051
0,0.03554913401603699
0,0.03856432065367699
0,0.09167803823947906
0,0.09462198615074158
0,0.13298149406909943
0,0.10756012052297592
0,0.14689111709594727
0,0.1408044993877411
0,0.1357872635126114
0,0.121048204600811
0,0.09329191595315933
0,0.10221076756715775
0,0.04277591034770012
0,0.06293648481369019
0,0.07082206010818481
0,0.08912163972854614
0,0.09773032367229462
0,0.1293972134590149
0,0.11922978609800339
0,0.11362960189580917
0,0.15377242863178253
0,0.18186470866203308
0,0.1688377857208252
0,0.17807945609092712
0,0.2389027625322342
0,0.2042304128408432
0,0.2306639850139618
0,0.22083644568920135
0,0.22024792432785034
0,0.2235545814037323
0,0.2014576494693756
0,0.1730220913887024
0,0.13605229556560516
0,0.11546168476343155
0,0.10393309593200684
0,0.07687761634588242
0,0.029845522716641426
0,0.06610795110464096
0,0.0722060576081276
0,0.07227763533592224
0,0.036839138716459274
0,0.06023557856678963
0,0.09216459095478058
0,0.09157281368970871
0,0.10397633165121078
0,0.09778580814599991
0,0.07779919356107712
0,0.07500872761011124
0,0.08134306967258453
0,0.10874909907579422
0,0.11516168713569641
0,0.10701514780521393
0,0.1121756061911583
0,0.12477068603038788
0,0.1416822224855423
0,0.17480400204658508
0,0.2419251650571823
0,0.2675482928752899
0,0.25644052028656006
0,0.20852980017662048
0,0.1638970524072647
0,0.13239501416683197
0,0.09581239521503448
0,0.10440248250961304
0,0.07991600036621094
0,0.09458323568105698
0,0.10953383147716522
0,0.10541744530200958
0,0.08190743625164032
0,0.07036754488945007
0,0.07130816578865051
0,0.07985470443964005
0,0.1179439052939415
0,0.12339051812887192
0,0.14072871208190918
0,0.13998356461524963
0,0.2011384814977646
0,0.2151745706796646
0,0.20984643697738647
0,0.20902106165885925
0,0.23401343822479248
0,0.21426863968372345
0,0.23323415219783783
0,0.2267911732196808
0,0.18882478773593903
0,0.1896929144859314
0,0.15169672667980194
0,0.07255285978317261
0,0.032454561442136765
0,0.03984570875763893
0,0.06362583488225937
0,0.04726126790046692
0,0.06251779943704605
0,0.10456371307373047
0,0.0707133486866951
0,0.09577605873346329
0,0.10319924354553223
0,0.11717620491981506
0,0.13789153099060059
0,0.10959289968013763
0,0.11027611792087555
0,0.13387057185173035
0,0.12965217232704163
0,0.14018100500106812
0,0.14881041646003723
0,0.13751477003097534
0,0.12022855132818222
0,0.14258050918579102
0,0.13581839203834534
0,0.14408060908317566
0,0.1312754899263382
0,0.13599106669425964
0,0.1030745729804039
0,0.09507419168949127
0,0.11160068213939667
0,0.0940229594707489
0,0.09609730541706085
0,0.09666337817907333
0,0.11156977713108063
0,0.11220482736825943
0,0.12758494913578033
0,0.12093983590602875
0,0.14300379157066345
0,0.1676405370235443
0,0.18308882415294647
0,0.19007718563079834
0,0.18998315930366516
0,0.16253647208213806
0,0.12232731282711029
0,0.11377468705177307
0,0.11502044647932053
0,0.10320718586444855
0,0.10857599973678589
0,0.10174830257892609
0,0.10026770085096359
0,0.09106261283159256
0,0.11466962099075317
0,0.12886446714401245
0,0.14788462221622467
0,0.08677254617214203
0,0.08901868760585785
0,0.08670694380998611
0,0.08425644040107727
0,0.08160725980997086
0,0.08637067675590515
0,0.09410526603460312
0,0.12135199457406998
0,0.056503210216760635
0,0.03941457346081734
0,0.07352408021688461
0,0.0853130891919136
0,0.08436001092195511
0,0.07846534252166748
0,0.07728011906147003
0,0.09485096484422684
0,0.11311428993940353
0,0.11292828619480133
0,0.11134641617536545
0,0.100361168384552
0,0.0801553800702095
0,0.08170344680547714
0,0.0860089361667633
0,0.09307930618524551
0,0.1028960794210434
0,0.10710262507200241
0,0.1315334290266037
0,0.17515699565410614
0,0.22772586345672607
0,0.2010343223810196
0,0.1336691975593567
0,0.06804712861776352
0,0.03541715070605278
0,0.049589741975069046
0,0.06103511154651642
0,0.0761556550860405
0,0.07661047577857971
0,0.1091693863272667
0,0.12659268081188202
0,0.12761615216732025
0,0.11883660405874252
0,0.09721364080905914
0,0.09943926334381104
0,0.10391601175069809
0,0.10801862180233002
0,0.11159417778253555
0,0.12768757343292236
0,0.13794539868831635
0,0.17040665447711945
0,0.24404607713222504
0,0.27726325392723083
0,0.28407779335975647
0,0.298200786113739
0,0.2964356541633606
0,0.27724623680114746
0,0.2860117554664612
0,0.2741883397102356
0,0.23558861017227173
0,0.17733345925807953
0,0.12230417132377625
0,0.08288439363241196
0,0.07794436812400818
0,0.09276164323091507
0,0.10236610472202301
0,0.11757392436265945
0,0.14464816451072693
0,0.19546343386173248
0,0.24852237105369568
0,0.28286516666412354
0,0.2737550735473633
0,0.26792633533477783
0,0.26123589277267456
0,0.22177964448928833
0,0.14140939712524414
0,0.100316122174263
0,0.08303959667682648
0,0.08203409612178802
0,0.10362508893013
0,0.09369724243879318
0,0.10168054699897766
0,0.13789893686771393
0,0.1770206242799759
0,0.23781195282936096
0,0.30320966243743896
0,0.32203617691993713
0,0.3148229718208313
0,0.30643796920776367
0,0.30578961968421936
0,0.31909868121147156
0,0.2803354561328888
0,0.27340617775917053
0,0.25868934392929077
0,0.2313653528690338
0,0.1662863790988922
0,0.09842061251401901
0,0.10670451074838638
0,0.11306126415729523
0,0.1280335634946823
0,0.12098746746778488
0,0.10854583978652954
0,0.10043096542358398
0,0.14075222611427307
0,0.16790719330310822
0,0.10028855502605438
0,0.06188007816672325
0,0.05171450227499008
0,0.05137453228235245
0,0.07314159721136093
0,0.08329114317893982
0,0.08721605688333511
0,0.10784609615802765
0,0.14346174895763397
0,0.171438068151474
0,0.21090027689933777
0,0.18656788766384125
0,0.2013336569070816
0,0.2427353709936142
0,0.26758596301078796
0,0.23725806176662445
0,0.21798697113990784
0,0.20179568231105804
0,0.19151043891906738
0,0.1946500539779663
0,0.18697510659694672
0,0.18568262457847595
0,0.16123607754707336
0,0.1583898812532425
0,0.11429829895496368
0,0.09954431653022766
0,0.054773081094026566
0,0.08794565498828888
0,0.09534074366092682
0,0.1271551251411438
0,0.11267465353012085
0,0.0642067939043045
0,0.11200244724750519
0,0.09509915858507156
0,0.09631834179162979
0,0.09454400092363358
0,0.07190471142530441
0,0.08693329244852066
0,0.10535014420747757
0,0.11698032915592194
0,0.13031423091888428
0,0.1388893872499466
0,0.08883583545684814
0,0.09759200364351273
0,0.1024111956357956
0,0.10468939691781998
0,0.10194943845272064
0,0.0865480899810791
0,0.08764705061912537
0,0.08800531923770905
0,0.07354201376438141
0,0.06016421690583229
0,0.0533275343477726
0,0.060203004628419876
0,0.031027639284729958
0,0.031324345618486404
0,0.10025995969772339
0,0.13579486310482025
0,0.08780649304389954
0,0.07930490374565125
0,0.06537392735481262
0,0.08076005429029465
0,0.06766671687364578
0,0.03438322991132736
0,0.035560254007577896
0,0.022539837285876274
0,0.04825112223625183
0,0.0640399307012558
0,0.11578863114118576
0,0.11231589317321777
0,0.09770356118679047
0,0.06955216079950333
0,0.059613775461912155
0,0.09814033657312393
0,0.13734105229377747
0,0.12021666765213013
0,0.11700590699911118
0,0.11557602137327194
0,0.08126571029424667
0,0.08231540024280548
0,0.08912784606218338
0,0.07478775829076767
0,0.08145992457866669
0,0.13934853672981262
0,0.16258002817630768
0,0.2057570219039917
0,0.18035724759101868
0,0.15704846382141113
0,0.140528604388237
0,0.17252174019813538
0,0.1679885983467102
0,0.14048056304454803
0,0.19228756427764893
0,0.2037045657634735
0,0.23359578847885132
0,0.25779980421066284
0,0.22780153155326843
0,0.23911863565444946
0,0.24783603847026825
0,0.22271670401096344
0,0.17174392938613892
0,0.17730864882469177
0,0.18038757145404816
0,0.16644127666950226
0,0.17635725438594818
0,0.1865105777978897
0,0.1896490454673767
0,0.1519821286201477
0,0.17006267607212067
0,0.1761234849691391
0,0.18522843718528748
0,0.19549700617790222
0,0.19619646668434143
0,0.19199047982692719
0,0.1830758899450302
0,0.19764769077301025
0,0.18086755275726318
0,0.17620518803596497
0,0.17879873514175415
0,0.2090109884738922
0,0.1899746209383011
0,0.17401376366615295
0,0.1683889925479889
0,0.16311436891555786
0,0.13898949325084686
0,0.14464931190013885
0,0.1013958528637886
0,0.07870824635028839
0,0.06794507801532745
0,0.03766269236803055
0,0.06301569938659668
0,0.10569259524345398
0,0.10980108380317688
0,0.10131126642227173
0,0.09911864250898361
0,0.13163013756275177
0,0.12701070308685303
0,0.14475755393505096
0,0.12083781510591507
0,0.1133008673787117
0,0.15801090002059937
0,0.15921461582183838
0,0.16553834080696106
0,0.177908793091774
0,0.16830746829509735
0,0.1698846071958542
0,0.18965673446655273
0,0.1632062792778015
0,0.15304964780807495
0,0.14965792000293732
0,0.13442091643810272
0,0.13734431564807892
0,0.11521299183368683
0,0.0966939628124237
0,0.10116671770811081
0,0.138299360871315
0,0.13267752528190613
0,0.1373603790998459
0,0.1157943606376648
0,0.10703086853027344
0,0.09079589694738388
0,0.0824032723903656
0,0.06844422966241837
0,0.08731016516685486
0,0.08379727602005005
0,0.07735220342874527
0,0.07622221857309341
0,0.08971533924341202
0,0.07478640973567963
0,0.06938721239566803
0,0.08724754303693771
0,0.0843489021062851
0,0.08661389350891113
0,0.07444120198488235
0,0.10341276973485947
0,0.13283519446849823
0,0.18972019851207733
0,0.19417813420295715
0,0.1621241569519043
0,0.10680540651082993
0,0.09351708739995956
0,0.08421141654253006
0,0.07470203936100006
0,0.08741264045238495
0,0.12413092702627182
0,0.11470018327236176
0,0.1498240828514099
0,0.20130126178264618
0,0.24080334603786469
0,0.23336268961429596
0,0.2681407332420349
0,0.253556489944458
0,0.2551581561565399
0,0.26609092950820923
0,0.273836612701416
0,0.2789173126220703
0,0.2565235495567322
0,0.25917792320251465
0,0.20368658006191254
0,0.15386012196540833
0,0.11836579442024231
0,0.07035280019044876
0,0.050238534808158875
0,0.04611567407846451
0,0.0780249834060669
0,0.1123359277844429
0,0.07407694309949875
0,0.06493136286735535
0,0.07188424468040466
0,0.09731672704219818
0,0.11000900715589523
0,0.1433202624320984
0,0.09664247184991837
0,0.08248693495988846
0,0.09078868478536606
0,0.09179431945085526
0,0.07924056798219681
0,0.10454203933477402
0,0.11764037609100342
0,0.1392558068037033
0,0.14353783428668976
0,0.16356217861175537
0,0.19506050646305084
0,0.17174485325813293
0,0.171921506524086
0,0.20576438307762146
0,0.21091344952583313
0,0.1882147192955017
0,0.18792712688446045
0,0.18231289088726044
0,0.18006181716918945
0,0.18500469624996185
0,0.20130151510238647
0,0.18349826335906982
0,0.1550801545381546
0,0.14058369398117065
0,0.14062511920928955
0,0.11769302189350128
0,0.08430134505033493
0,0.08823845535516739
0,0.11693015694618225
0,0.16951224207878113
0,0.17604957520961761
0,0.12247542291879654
0,0.11238604038953781
0,0.13989859819412231
0,0.1864536702632904
0,0.18616057932376862
0,0.11550947278738022
0,0.08882340788841248
0,0.12832222878932953
0,0.18539179861545563
0,0.1816314309835434
0,0.17612186074256897
0,0.18535888195037842
0,0.19730298221111298
0,0.27781569957733154
0,0.3273930847644806
0,0.31367072463035583
0,0.2899324893951416
0,0.31463822722435
0,0.30956724286079407
0,0.30821871757507324
0,0.30337226390838623
0,0.2951752245426178
0,0.28946003317832947
0,0.29771849513053894
0,0.32121631503105164
0,0.2787126302719116
0,0.1989181637763977
0,0.13929890096187592
0,0.1200268566608429
0,0.119583860039711
0,0.12976929545402527
0,0.12108434736728668
0,0.11760126799345016
0,0.11951732635498047
0,0.1645231544971466
0,0.19326530396938324
0,0.14334790408611298
0,0.11022777110338211
0,0.08737208694219589
0,0.07725854218006134
0,0.059466276317834854
0,0.02825404703617096
0,0.06043156981468201
0,0.08100593090057373
0,0.10151505470275879
0,0.09913882613182068
0,0.10645272582769394
0,0.10612308979034424
0,0.13617701828479767
0,0.1925499439239502
0,0.20647981762886047
0,0.2655181288719177
0,0.33201974630355835
0,0.3296405076980591
0,0.303102970123291
0,0.29720211029052734
0,0.30114513635635376
0,0.279115229845047
0,0.26419785618782043
0,0.20830024778842926
0,0.1911511868238449
0,0.19374854862689972
0,0.1806398332118988
0,0.13216188549995422
0,0.1262160688638687
0,0.11906404048204422
0,0.09223621338605881
0,0.07563525438308716
0,0.05548086017370224
0,0.07998736202716827
0,0.11319496482610703
0,0.11007587611675262
0,0.12376323342323303
0,0.15186947584152222
0,0.1436542272567749
0,0.14898420870304108
0,0.19280757009983063
0,0.2648380696773529
0,0.23104506731033325
0,0.19566155970096588
0,0.18461056053638458
0,0.1358390599489212
0,0.10580774396657944
0,0.12253032624721527
0,0.08537058532238007
0,0.10036414116621017
0,0.09923792630434036
0,0.13355429470539093
0,0.09706497937440872
0,0.10255388170480728
0,0.11789007484912872
0,0.1298593431711197
0,0.11245568841695786
0,0.10374864190816879
0,0.10956680774688721
0,0.10231789946556091
0,0.10321404039859772
0,0.13522255420684814
0,0.13832655549049377
0,0.097628153860569
0,0.14530104398727417
0,0.14761272072792053
0,0.1406380981206894
0,0.08974827080965042
0,0.1488584727048874
0,0.13864466547966003
0,0.13836808502674103
0,0.18744438886642456
0,0.15341603755950928
0,0.12891095876693726
0,0.17554698884487152
0,0.22430548071861267
0,0.16612105071544647
0,0.16378359496593475
0,0.13516531884670258
0,0.0707244798541069
0,0.09207573533058167
0,0.11110370606184006
0,0.09972823411226273
0,0.10730966925621033
0,0.12411525100469589
0,0.060973942279815674
0,0.07530704140663147
0,0.09612394869327545
0,0.07733523845672607
0,0.06718704104423523
0,0.06718994677066803
0,0.0378948375582695
0,0.014803627505898476
0,0.02471746876835823
0,0.04228962957859039
0,0.014035472646355629
0,0.016824329271912575
0,0.02462606504559517
0,0.036454424262046814
0,0.02645181305706501
0,0.03990963101387024
0,0.07173479348421097
0,0.05470966547727585
0,0.07060474902391434
0,0.05869928002357483
0,0.08753027021884918
0,0.01935592293739319
0,0.06131807342171669
0,0.050952646881341934
0,0.04293009266257286
0,0.028755536302924156
0,0.052910931408405304
0,0.05368281155824661
0,0.05796501412987709
0,0.09943272173404694
0,0.09122984856367111
0,0.13061144948005676
0,0.1445377767086029
0,0.19492295384407043
0,0.17460842430591583
0,0.16988451778888702
0,0.16474375128746033
0,0.13717858493328094
0,0.15498168766498566
0,0.11485403031110764
0,0.11535715311765671
0,0.1283169686794281
0,0.11313892155885696
0,0.1266646385192871
0,0.15524213016033173
0,0.15908722579479218
0,0.15501314401626587
0,0.1795707494020462
0,0.19249412417411804
0,0.17621594667434692
0,0.19424967467784882
0,0.17045347392559052
0,0.18130403757095337
0,0.17923270165920258
0,0.19019046425819397
0,0.16928082704544067
0,0.14426209032535553
0,0.16865433752536774
0,0.1401926577091217
0,0.17452436685562134
0,0.1594965010881424
0,0.13030634820461273
0,0.12170494347810745
0,0.11829964071512222
0,0.1190846785902977
0,0.13095302879810333
0,0.16330721974372864
0,0.21414178609848022
0,0.2434692531824112
0,0.2617628574371338
0,0.3033607304096222
0,0.29680415987968445
0,0.28793102502822876
0,0.25101977586746216
0,0.21117542684078217
0,0.20643974840641022
0,0.19451266527175903
0,0.14853906631469727
0,0.14019334316253662
0,0.10090076923370361
0,0.0834619551897049
0,0.1075444221496582
0,0.10787095129489899
0,0.10487277805805206
0,0.13733160495758057
0,0.12882354855537415
0,0.10491207242012024
0,0.08430726081132889
0,0.09757348895072937
0,0.11569792032241821
0,0.11411207914352417
0,0.13563895225524902
0,0.1315883845090866
0,0.16162452101707458
0,0.2564188539981842
0,0.2832728922367096
0,0.2539230287075043
0,0.2690519392490387
0,0.2694621980190277
0,0.2534608244895935
0,0.20341256260871887
0,0.17680442333221436
0,0.17464321851730347
0,0.1647622436285019
0,0.19651225209236145
0,0.19647879898548126
0,0.1407455950975418
0,0.14034351706504822
0,0.19075806438922882
0,0.2196216732263565
0,0.18367400765419006
0,0.17151150107383728
0,0.12462833523750305
0,0.09562061727046967
0,0.11977016180753708
0,0.09276347607374191
0,0.09521313011646271
0,0.10931804031133652
0,0.13730469346046448
0,0.15916389226913452
0,0.19085688889026642
0,0.21250103414058685
0,0.22966569662094116
0,0.293364942073822
0,0.29263922572135925
0,0.28253328800201416
0,0.25734221935272217
0,0.24549652636051178
0,0.24311141669750214
0,0.25265398621559143
0,0.2531258463859558
0,0.25164854526519775
0,0.2724268138408661
0,0.2935168147087097
0,0.29372483491897583
0,0.27668970823287964
0,0.23340018093585968
0,0.18103563785552979
0,0.14474262297153473
0,0.11674682796001434
0,0.07653886079788208
0,0.08011797070503235
0,0.09087541699409485
0,0.08897542208433151
0,0.05882103741168976
0,0.07593851536512375
0,0.09305036067962646
0,0.05526851490139961
0,0.08419694751501083
0,0.08139114081859589
0,0.05026119947433472
0,0.0352611280977726
0,0.07041174918413162
0,0.08464771509170532
0,0.08242998272180557
0,0.09178433567285538
0,0.11898983269929886
0,0.09788026660680771
0,0.08462856709957123
0,0.10151297599077225
0,0.06620524078607559
0,0.05224480852484703
0,0.03085421398282051
0,0.038898780941963196
0,0.036968816071748734
0,0.05985784903168678
0,0.0642414465546608
0,0.13318391144275665
0,0.11021058261394501
0,0.13685183227062225
0,0.1045709103345871
0,0.10747148096561432
0,0.1150679960846901
0,0.10721814632415771
0,0.08270430564880371
0,0.025629965588450432
0,0.02128259651362896
0,0.025664405897259712
0,0.020908500999212265
0,0.018902001902461052
0,0.05396188423037529
0,0.07258973270654678
0,0.09083341807126999
0,0.09724318236112595
0,0.09285767376422882
0,0.08527689427137375
0,0.09162714332342148
0,0.08089090883731842
0,0.09067650139331818
0,0.09742457419633865
0,0.10335376113653183
0,0.07210981845855713
0,0.08469521999359131
0,0.07012882083654404
0,0.07996091991662979
0,0.08919007331132889
0,0.09549613296985626
0,0.10889420658349991
0,0.1081928014755249
0,0.12648016214370728
0,0.0798499584197998
0,0.0883527621626854
0,0.07100324332714081
0,0.0598691925406456
0,0.10139292478561401
0,0.0899965837597847
0,0.08613153547048569
0,0.09596887230873108
0,0.06700989603996277
0,0.09398128092288971
0,0.12688855826854706
0,0.15701845288276672
0,0.10860061645507812
0,0.09963050484657288
0,0.09664985537528992
0,0.11724856495857239
0,0.14831902086734772
0,0.13256673514842987
0,0.13214987516403198
0,0.10758792608976364
0,0.1310620903968811
0,0.16138507425785065
0,0.1574668288230896
0,0.13153834640979767
0,0.114444300532341
0,0.06693663448095322
0,0.06464532017707825
0,0.10430344194173813
0,0.11673296242952347
0,0.08775530755519867
0,0.06966786086559296
0,0.035773105919361115
0,0.03548869118094444
0,0.06534496694803238
0,0.06778596341609955
0,0.06807037442922592
0,0.05476832389831543
0,0.06698540598154068
0,0.0656462088227272
0,0.06397617608308792
0,0.0697629451751709
0,0.04060879722237587
0,0.037536852061748505
0,0.03311106562614441
0,0.0606779083609581
0,0.0882953405380249
0,0.132573664188385
0,0.19908957183361053
0,0.26243171095848083
0,0.3164101541042328
0,0.31915760040283203
0,0.2965139150619507
0,0.24776875972747803
0,0.1940968781709671
0,0.1792249083518982
0,0.12596578896045685
0,0.08132252842187881
0,0.04604035243391991
0,0.023250732570886612
0,0.029505860060453415
0,0.033043161034584045
0,0.043751493096351624
0,0.0482315830886364
0,0.04804474487900734
0,0.05012161284685135
0,0.042704448103904724
0,0.08642669767141342
0,0.06930063664913177
0,0.0976686179637909
0,0.11101797968149185
0,0.070224829018116
0,0.05142034590244293
0,0.054768241941928864
0,0.08760388195514679
0,0.07029927521944046
0,0.09729409962892532
0,0.07654668390750885
0,0.10530751943588257
0,0.11874144524335861
0,0.10692495852708817
0,0.07475626468658447
0,0.05673157051205635
0,0.08207768946886063
0,0.10587337613105774
0,0.10437217354774475
0,0.11632651835680008
0,0.13825592398643494
0,0.1288781762123108
0,0.10700977593660355
0,0.08878739923238754
0,0.04299449175596237
0,0.051090531051158905
0,0.0813378244638443
0,0.10825827717781067
0,0.13061891496181488
0,0.0995343029499054
0,0.09539702534675598
0,0.06938830763101578
0,0.06907766312360764
0,0.03245280683040619
0,0.08334232121706009
0,0.1426507830619812
0,0.15633411705493927
0,0.14251552522182465
0,0.1366206854581833
0,0.10080767422914505
0,0.12019820511341095
0,0.1397830992937088
0,0.1545519083738327
0,0.11649714410305023
0,0.12541799247264862
0,0.09249984472990036
0,0.09010067582130432
0,0.13694094121456146
0,0.08976830542087555
0,0.049761395901441574
0,0.10313885658979416
0,0.12208327651023865
0,0.09611084312200546
0,0.11076351255178452
0,0.09852273762226105
0,0.06459478288888931
0,0.09193918853998184
0,0.14127889275550842
0,0.12181033194065094
0,0.11188770830631256
0,0.09657569229602814
0,0.09316783398389816
0,0.07852275669574738
0,0.11283426731824875
0,0.13426628708839417
0,0.16456295549869537
0,0.16485100984573364
0,0.17780712246894836
0,0.16337253153324127
0,0.18591409921646118
0,0.19691970944404602
0,0.18246299028396606
0,0.1463550180196762
0,0.13505516946315765
0,0.11231935769319534
0,0.09058403223752975
0,0.10385759174823761
0,0.09096987545490265
0,0.08285272121429443
0,0.10636894404888153
0,0.13775980472564697
0,0.13355325162410736
0,0.09009915590286255
0,0.11549492925405502
0,0.14478453993797302
0,0.1396048218011856
0,0.15054911375045776
0,0.16089320182800293
0,0.17707975208759308
0,0.19119572639465332
0,0.22473610937595367
0,0.23461568355560303
0,0.23905915021896362
0,0.22057512402534485
0,0.22141572833061218
0,0.1884641796350479
0,0.16435495018959045
0,0.21575883030891418
0,0.25640565156936646
0,0.19014348089694977
0,0.12414175271987915
0,0.11884937435388565
0,0.11704519391059875
0,0.15637044608592987
0,0.15654003620147705
0,0.10692964494228363
0,0.11352391541004181
0,0.13746649026870728
0,0.19180655479431152
0,0.20523211359977722
0,0.18892106413841248
0,0.17814020812511444
0,0.162903293967247
0,0.19429637491703033
0,0.16341078281402588
0,0.1961170732975006
0,0.2169782817363739
0,0.21943135559558868
0,0.23711712658405304
0,0.2621929943561554
0,0.26118671894073486
0,0.2803155779838562
0,0.31381380558013916
0,0.32274943590164185
0,0.3129280209541321
0,0.2389267534017563
0,0.18874216079711914
0,0.1740749478340149
0,0.17856694757938385
0,0.16801580786705017
0,0.12195777893066406
0,0.11118129640817642
0,0.11057881265878677
0,0.1254827231168747
0,0.09506257623434067
0,0.0903003066778183
0,0.07648756355047226
0,0.09827376902103424
0,0.1539917141199112
0,0.212645024061203
0,0.17681914567947388
0,0.18529504537582397
0,0.1663445085287094
0,0.18549391627311707
0,0.16222283244132996
0,0.10861806571483612
0,0.07517766207456589
0,0.08286919444799423
0,0.10283366590738297
0,0.07651828974485397
0,0.09729240089654922
0,0.07252101600170135
0,0.07461391389369965
0,0.08330142498016357
0,0.0636657178401947
0,0.05521664023399353
0,0.06697037070989609
0,0.05057791993021965
0,0.050099197775125504
0,0.06012922525405884
0,0.10865514725446701
0,0.18217965960502625
0,0.2132112681865692
0,0.2274392545223236
0,0.1891302913427353
0,0.17365491390228271
0,0.1651955246925354
0,0.15820078551769257
0,0.10196271538734436
0,0.09219640493392944
0,0.08234530687332153
0,0.07326235622167587
0,0.09741023927927017
0,0.11031923443078995
0,0.08614186942577362
0,0.08323277533054352
0,0.10331167280673981
0,0.09138693660497665
0,0.09903576970100403
0,0.09018260985612869
0,0.07502619177103043
0,0.06656995415687561
0,0.048402346670627594
0,0.06260877847671509
0,0.017724353820085526
0,0.03726636618375778
0,0.10099712014198303
0,0.12363382428884506
0,0.12748359143733978
0,0.1259576827287674
0,0.1392553597688675
0,0.1335838884115219
0,0.12534508109092712
0,0.10914065688848495
0,0.11098535358905792
0,0.11581291258335114
0,0.11435142159461975
0,0.11063168197870255
0,0.0920158177614212
0,0.08365030586719513
0,0.10440041869878769
0,0.12375640124082565
0,0.1775270253419876
0,0.1673019975423813
0,0.10583825409412384
0,0.08863043785095215
0,0.11120469868183136
0,0.10821226984262466
0,0.12556713819503784
0,0.12894850969314575
0,0.12067394703626633
0,0.1195438802242279
0,0.11361910402774811
0,0.12119098007678986
0,0.09829163551330566
0,0.08386059105396271
0,0.055581413209438324
0,0.032618992030620575
0,0.10847856849431992
0,0.14499950408935547
0,0.09466170519590378
0,0.06528188288211823
0,0.07674939930438995
0,0.09204898774623871
0,0.12454873323440552
0,0.16959698498249054
0,0.1720382124185562
0,0.20832455158233643
0,0.20687098801136017
0,0.2038303017616272
0,0.18907274305820465
0,0.17098338901996613
0,0.14035017788410187
0,0.08792039006948471
0,0.09022936224937439
0,0.07283108681440353
0,0.06872624903917313
0,0.05350453406572342
0,0.04576066881418228
0,0.052349839359521866
0,0.050046082586050034
0,0.04652104899287224
0,0.040788378566503525
0,0.04353722557425499
0,0.04011967405676842
0,0.03683694079518318
0,0.06549429148435593
0,0.08824073523283005
0,0.060800544917583466
0,0.07993806898593903
0,0.09901852160692215
0,0.11057673394680023
0,0.13594244420528412
0,0.09392816573381424
0,0.0682469829916954
0,0.09962291270494461
0,0.11412940174341202
0,0.13744494318962097
0,0.11007803678512573
0,0.06163183972239494
0,0.053714752197265625
0,0.09778551012277603
0,0.1017482578754425
0,0.08388303220272064
0,0.07981353253126144
0,0.08372243493795395
0,0.09062740951776505
0,0.10142143070697784
0,0.08854442834854126
0,0.08213664591312408
0,0.10705986618995667
0,0.10432476550340652
0,0.10114798694849014
0,0.10476277768611908
0,0.11016127467155457
0,0.0848916545510292
0,0.106327123939991
0,0.14617972075939178
0,0.16928836703300476
0,0.1717664897441864
0,0.1518145203590393
0,0.11406540125608444
0,0.10033881664276123
0,0.13693107664585114
0,0.17226843535900116
0,0.13941219449043274
0,0.08242177218198776
0,0.07012037187814713
0,0.07415749877691269
0,0.09838887304067612
0,0.10609077662229538
0,0.12385502457618713
0,0.1549261063337326
0,0.1361502707004547
0,0.1258951872587204
0,0.1181781217455864
0,0.09950567781925201
0,0.08228511363267899
0,0.07011943310499191
0,0.05068545415997505
0,0.030010631307959557
0,0.029301684349775314
0,0.0499228872358799
0,0.038749512284994125
0,0.0714695006608963
0,0.03276923671364784
0,0.06017857417464256
0,0.042010992765426636
0,0.03776540234684944
0,0.05573788285255432
0,0.029832979664206505
0,0.04539577662944794
0,0.02880118414759636
0,0.020162634551525116
0,0.01332620345056057
0,0.02793698012828827
0,0.0413970910012722
0,0.03874374181032181
0,0.026677973568439484
0,0.02280462346971035
0,0.061387207359075546
0,0.09529212862253189
0,0.07518280297517776
0,0.0943034291267395
0,0.1039787083864212
0,0.09021665900945663
0,0.10367490351200104
0,0.09960999339818954
0,0.07795149087905884
0,0.10215038061141968
0,0.10999500006437302
0,0.07389985024929047
0,0.10078062862157822
0,0.07499853521585464
0,0.08594125509262085
0,0.1028892919421196
0,0.11463164538145065
0,0.06303056329488754
0,0.07530885189771652
0,0.07851752638816833
0,0.048490025103092194
0,0.08548368513584137
0,0.07526668161153793
0,0.06232015788555145
0,0.06962881237268448
0,0.06644056737422943
0,0.05833473056554794
0,0.07775987684726715
0,0.09660294651985168
0,0.07784812897443771
0,0.078192800283432
0,0.06491056829690933
0,0.0790165439248085
0,0.08247361332178116
0,0.0781596451997757
0,0.11107466369867325
0,0.11465897411108017
0,0.14688563346862793
0,0.13768541812896729
0,0.14494703710079193
0,0.15869617462158203
0,0.16656796634197235
0,0.14361880719661713
0,0.12090346217155457
0,0.11098454892635345
0,0.10785894840955734
0,0.10776673257350922
0,0.09642256051301956
0,0.11681994050741196
0,0.14524459838867188
0,0.0987105518579483
0,0.08132562041282654
0,0.11256588995456696
0,0.16168177127838135
0,0.15862081944942474
0,0.1687006950378418
0,0.16863727569580078
0,0.1810336410999298
0,0.18298237025737762
0,0.20625847578048706
0,0.1866978108882904
0,0.18296962976455688
0,0.15508639812469482
0,0.14566989243030548
0,0.12839482724666595
0,0.08835302293300629
0,0.15051186084747314
0,0.2158060371875763
0,0.2135230302810669
0,0.19380269944667816
0,0.21225100755691528
0,0.19289632141590118
0,0.14783984422683716
0,0.18454061448574066
0,0.16484706103801727
0,0.14065517485141754
0,0.10440786182880402
0,0.07385004311800003
0,0.05344639718532562
0,0.0360165610909462
0,0.06431136280298233
0,0.08522041887044907
0,0.09206978976726532
0,0.09258878976106644
0,0.14742890000343323
0,0.18463647365570068
0,0.21601516008377075
0,0.22772598266601562
0,0.2180136740207672
0,0.21150550246238708
0,0.21418839693069458
0,0.19564291834831238
0,0.19558486342430115
0,0.19022759795188904
0,0.18411822617053986
0,0.211322620511055
0,0.2697749137878418
0,0.2759331464767456
0,0.26912325620651245
0,0.2346424162387848
0,0.2202722281217575
0,0.1747729778289795
0,0.16699884831905365
0,0.14504380524158478
0,0.12496940791606903
0,0.11861348897218704
0,0.13079474866390228
0,0.16470372676849365
0,0.1916726976633072
0,0.2294209599494934
0,0.29708132147789
0,0.3514414429664612
0,0.37113654613494873
0,0.36700451374053955
0,0.3480846583843231
0,0.356061726808548
0,0.3257908225059509
0,0.24924108386039734
0,0.18538253009319305
0,0.14028887450695038
0,0.08761744946241379
0,0.07869626581668854
0,0.07249341160058975
0,0.08333450555801392
0,0.08704650402069092
0,0.08885353803634644
0,0.07821248471736908
0,0.08619318157434464
0,0.059409428387880325
0,0.03602857515215874
0,0.04078446701169014
0,0.05351727083325386
0,0.05844159051775932
0,0.0770428329706192
0,0.06055574491620064
0,0.08568476885557175
0,0.10460231453180313
0,0.06924163550138474
0,0.06085502356290817
0,0.06540707498788834
0,0.08071592450141907
0,0.0832832083106041
0,0.11140967905521393
0,0.07527761906385422
0,0.09981407970190048
0,0.08470702171325684
0,0.08118923008441925
0,0.08883669227361679
0,0.08740834146738052
0,0.10813835263252258
0,0.13913105428218842
0,0.18413937091827393
0,0.24232430756092072
0,0.32101836800575256
0,0.281499981880188
0,0.2566800117492676
0,0.17658574879169464
0,0.09887555241584778
0,0.08365382999181747
0,0.06389497220516205
0,0.024202639237046242
0,0.07726151496171951
0,0.04947027936577797
0,0.046910420060157776
0,0.06498215347528458
0,0.11911081522703171
0,0.08274446427822113
0,0.08369427174329758
0,0.12416041642427444
0,0.13867807388305664
0,0.11111785471439362
0,0.08480222523212433
0,0.0869603380560875
0,0.11256205290555954
0,0.14308300614356995
0,0.15201735496520996
0,0.19325292110443115
0,0.18370755016803741
0,0.1878916174173355
0,0.200474351644516
0,0.1866011768579483
0,0.1794384866952896
0,0.1737339198589325
0,0.15299908816814423
0,0.11636646091938019
0,0.10033464431762695
0,0.05757715925574303
0,0.04488464444875717
0,0.036910563707351685
0,0.0034952345304191113
0,0.03813474625349045
0,0.056046660989522934
0,0.065913625061512
0,0.07060827314853668
0,0.087369404733181
0,0.08011910319328308
0,0.07010279595851898
0,0.061983972787857056
0,0.0765199065208435
0,0.07084314525127411
0,0.0589129813015461
0,0.01723596081137657
0,0.050159960985183716
0,0.14630432426929474
0,0.14300233125686646
0,0.14267122745513916
0,0.1480875462293625
0,0.21402160823345184
0,0.23402011394500732
0,0.20144358277320862
0,0.18226493895053864
0,0.16126376390457153
0,0.14983424544334412
0,0.17927059531211853
0,0.2095784693956375
0,0.2324027568101883
0,0.23901818692684174
0,0.21726210415363312
0,0.2075236290693283
0,0.17779693007469177
0,0.17665541172027588
0,0.13435791432857513
0,0.10155626386404037
0,0.11087755858898163
0,0.08995658159255981
0,0.06480280309915543
0,0.11122843623161316
0,0.12540557980537415
0,0.13361361622810364
0,0.14705243706703186
0,0.15193013846874237
0,0.12659673392772675
0,0.15621520578861237
0,0.1995822787284851
0,0.23222492635250092
0,0.22343210875988007
0,0.22313494980335236
0,0.16940543055534363
0,0.15952111780643463
0,0.2041790783405304
0,0.20411108434200287
0,0.18281379342079163
0,0.15562227368354797
0,0.14606070518493652
0,0.15562283992767334
0,0.18813316524028778
0,0.20181392133235931
0,0.2157021313905716
0,0.21021638810634613
0,0.19507092237472534
0,0.16120053827762604
0,0.13577398657798767
0,0.10744525492191315
0,0.1058216542005539
0,0.12009745091199875
0,0.09074634313583374
0,0.1031794473528862
0,0.12152799218893051
0,0.15364167094230652
0,0.14672565460205078
0,0.15788614749908447
0,0.15556621551513672
0,0.1862475872039795
0,0.21360699832439423
0,0.2132466435432434
0,0.2026660293340683
0,0.20820912718772888
0,0.20802654325962067
0,0.2364131212234497
0,0.2568381428718567
0,0.24558112025260925
0,0.2482096403837204
0,0.2275596559047699
0,0.23557107150554657
0,0.24322788417339325
0,0.2223745584487915
0,0.2067490816116333
0,0.19637297093868256
0,0.20127993822097778
0,0.19447828829288483
0,0.168939471244812
0,0.12037678807973862
0,0.09959083795547485
0,0.09550625830888748
0,0.09164369851350784
0,0.08111493289470673
0,0.05592973902821541
0,0.033706873655319214
0,0.04028486832976341
0,0.03841888904571533
0,0.08816851675510406
0,0.0878564715385437
0,0.06222367659211159
0,0.06567423045635223
0,0.06061064824461937
0,0.05077454075217247
0,0.0477241650223732
0,0.021467065438628197
0,0.07980469614267349
0,0.05722618103027344
0,0.043221987783908844
0,0.06241728365421295
0,0.033096615225076675
0,0.04407276585698128
0,0.030296560376882553
0,0.04782278835773468
0,0.06967460364103317
0,0.07406893372535706
0,0.055586062371730804
0,0.05956658348441124
0,0.04371754452586174
0,0.07649107277393341
0,0.10713408887386322
0,0.1274416297674179
0,0.12714555859565735
0,0.07121139764785767
0,0.0876619890332222
0,0.12546615302562714
0,0.09445706009864807
0,0.08130734413862228
0,0.07965759932994843
0,0.09097267687320709
0,0.09808799624443054
0,0.1456507295370102
0,0.1429712176322937
0,0.13475137948989868
0,0.09868714958429337
0,0.08935903757810593
0,0.10737147182226181
0,0.10372532159090042
0,0.11806701868772507
0,0.10622846335172653
0,0.13383956253528595
0,0.17293424904346466
0,0.184092178940773
0,0.12285911291837692
0,0.11299028992652893
0,0.11382607370615005
0,0.1021452471613884
0,0.09181569516658783
0,0.04874517023563385
0,0.07640117406845093
0,0.12713727355003357
0,0.1562945693731308
0,0.12347954511642456
0,0.09498729556798935
0,0.09106457978487015
0,0.10869751870632172
0,0.1588817685842514
0,0.12242794036865234
0,0.10495511442422867
0,0.0904514417052269
0,0.10280880331993103
0,0.07468089461326599
0,0.06589061766862869
0,0.07107557356357574
0,0.08188816905021667
0,0.07011421024799347
0,0.08929389715194702
0,0.07628178596496582
0,0.06879225373268127
0,0.044896747916936874
0,0.0437442921102047
0,0.043178457766771317
0,0.046411871910095215
1,0.05400785803794861
0,0.05294838175177574
0,0.05495666712522507
1,0.06438392400741577
1,0.06513138115406036
1,0.048984091728925705
0,0.07396325469017029
0,0.07388359308242798
0,0.0885126069188118
0,0.11294131726026535
0,0.13542942702770233
0,0.19007302820682526
0,0.1976800560951233
0,0.2429385483264923
0,0.22178108990192413
0,0.21679478883743286
0,0.1918642371892929
0,0.13101410865783691
0,0.13803978264331818
0,0.08617102354764938
0,0.08360757678747177
0,0.06580518186092377
0,0.08321847021579742
0,0.1143304854631424
0,0.1438237875699997
0,0.15399165451526642
0,0.11474647372961044
0,0.08744931221008301
0,0.08671683818101883
0,0.10534556210041046
0,0.11794266849756241
0,0.1498752236366272
0,0.16555644571781158
0,0.20347993075847626
0,0.23755158483982086
0,0.2640467882156372
0,0.22521084547042847
0,0.20878687500953674
0,0.16562213003635406
0,0.11112929880619049
0,0.11229199171066284
0,0.1130090057849884
0,0.1483972668647766
0,0.1402684599161148
0,0.13916397094726562
0,0.11612286418676376
0,0.13982869684696198
0,0.15863096714019775
0,0.14862117171287537
0,0.13961413502693176
0,0.13007454574108124
0,0.13206198811531067
0,0.13990339636802673
0,0.171647310256958
0,0.18883667886257172
0,0.22102150321006775
0,0.25559914112091064
0,0.24164152145385742
0,0.22427327930927277
0,0.20704737305641174
0,0.15581203997135162
0,0.09002836793661118
0,0.0900832936167717
0,0.10308718681335449
0,0.1306685209274292
0,0.14805559813976288
0,0.14096635580062866
0,0.12564773857593536
0,0.15701371431350708
0,0.16127315163612366
0,0.14457497000694275
0,0.145389124751091
0,0.14526523649692535
0,0.15066362917423248
0,0.15382103621959686
0,0.15563084185123444
0,0.17168132960796356
0,0.21849505603313446
0,0.20679320394992828
0,0.19074250757694244
0,0.17943674325942993
0,0.1778252124786377
0,0.16098421812057495
0,0.13729791343212128
0,0.15022708475589752
0,0.13904377818107605
0,0.14784911274909973
0,0.12486117333173752
0,0.10715512186288834
0,0.11342798173427582
0,0.15400442481040955
0,0.14219683408737183
0,0.11760352551937103
0,0.07486094534397125
0,0.09979086369276047
0,0.125578373670578
0,0.16563835740089417
0,0.12979938089847565
0,0.10140112787485123
0,0.10595298558473587
0,0.09572134912014008
0,0.10180172324180603
0,0.08266501873731613
0,0.07984928041696548
0,0.08943986892700195
0,0.1232435554265976
0,0.15553301572799683
0,0.14295215904712677
0,0.16345201432704926
0,0.19922475516796112
0,0.1435776650905609
0,0.12810060381889343
0,0.12063392996788025
0,0.11548207700252533
0,0.0953395888209343
0,0.11120530962944031
0,0.0817965418100357
0,0.10179547965526581
0,0.1614014208316803
0,0.12741535902023315
0,0.10112501680850983
0,0.08626911789178848
0,0.07178144156932831
0,0.10407944768667221
0,0.15374615788459778
0,0.15144406259059906
0,0.12707628309726715
0,0.08443708717823029
0,0.10056108236312866
0,0.13534511625766754
0,0.14335806667804718
0,0.1504218578338623
0,0.1797877699136734
0,0.1737719625234604
0,0.17345349490642548
0,0.19305376708507538
0,0.16932183504104614
0,0.17327085137367249
0,0.18152566254138947
0,0.16675059497356415
0,0.1413564532995224
0,0.1226075068116188
0,0.14687089622020721
0,0.19396431744098663
0,0.21512436866760254
0,0.16913741827011108
0,0.16594275832176208
0,0.1531621813774109
0,0.09950480610132217
0,0.1372467577457428
0,0.11809971928596497
0,0.09547409415245056
0,0.08227062225341797
0,0.10215702652931213
0,0.0942801758646965
0,0.08788423240184784
0,0.13106942176818848
0,0.12236691266298294
0,0.12269321084022522
0,0.10610117018222809
0,0.06854850798845291
0,0.06478060036897659
0,0.09617608040571213
0,0.1349564790725708
0,0.14084871113300323
0,0.16501690447330475
0,0.18622073531150818
0,0.20777812600135803
0,0.28551048040390015
0,0.28993213176727295
0,0.288322776556015
0,0.2978355884552002
0,0.28731581568717957
0,0.2755960524082184
0,0.2503213584423065
0,0.26034480333328247
0,0.2413155883550644
0,0.21951016783714294
0,0.1896262764930725
0,0.1443725973367691
0,0.11549478769302368
0,0.07071302831172943
0,0.09829390048980713
0,0.10901415348052979
0,0.0890427753329277
0,0.08829662948846817
0,0.07963921874761581
0,0.08865276724100113
0,0.09428906440734863
0,0.11347243189811707
0,0.09993876516819
0,0.07106446474790573
0,0.06637728214263916
0,0.06000262126326561
0,0.0334174707531929
0,0.04664122313261032
0,0.05459684506058693
0,0.08541622012853622
0,0.09772057831287384
0,0.09706225991249084
0,0.08044742047786713
0,0.07177598029375076
0,0.09029299020767212
0,0.08764813840389252
0,0.13713572919368744
0,0.13226033747196198
0,0.13282179832458496
0,0.10483056306838989
0,0.10206779837608337
0,0.16142672300338745
0,0.15783962607383728
0,0.11162272095680237
0,0.09685574471950531
0,0.07838408648967743
0,0.04212275892496109
0,0.04862052574753761
0,0.08151719719171524
0,0.07108127325773239
0,0.07179122418165207
0,0.07162486016750336
0,0.07213624566793442
0,0.09403572231531143
0,0.06591085344552994
0,0.04215695708990097
0,0.043637651950120926
0,0.04501060023903847
0,0.06722864508628845
0,0.041938815265893936
0,0.03695837780833244
0,0.033018529415130615
0,0.022906256839632988
0,0.0186458732932806
0,0.02347460575401783
0,0.0503089614212513
0,0.04985060542821884
0,0.06881951540708542
0,0.07192212343215942
0,0.08262241631746292
0,0.09754379093647003
0,0.11461587250232697
0,0.14953334629535675
0,0.12382790446281433
0,0.1235160306096077
0,0.10220257937908173
0,0.09201699495315552
0,0.09558553993701935
1,0.10143847018480301
1,0.1115969642996788
1,0.13272295892238617
1,0.11036726087331772
1,0.1350715309381485
1,0.1542011946439743
1,0.1821962296962738
1,0.20384661853313446
1,0.24666805565357208
0,0.26151803135871887
0,0.2421713024377823
0,0.1930348426103592
0,0.1412130892276764
0,0.0874379500746727
0,0.10212986171245575
0,0.132223442196846
0,0.143753319978714
0,0.17233538627624512
0,0.1524253636598587
0,0.18605466187000275
0,0.1984555572271347
0,0.1798003613948822
0,0.2158416211605072
0,0.2229425609111786
0,0.22517995536327362
0,0.22890950739383698
0,0.24566039443016052
0,0.23521222174167633
0,0.19963893294334412
0,0.25130730867385864
0,0.28407222032546997
0,0.2539860010147095
0,0.25410982966423035
0,0.232195183634758
0,0.23169730603694916
0,0.18488529324531555
0,0.1493559032678604
0,0.16587784886360168
0,0.17968592047691345
0,0.1978241354227066
0,0.17579469084739685
0,0.13219639658927917
0,0.09000300616025925
0,0.1228075623512268
0,0.14326238632202148
0,0.10904551297426224
0,0.10410647094249725
0,0.062484804540872574
0,0.0641891285777092
0,0.12826111912727356
0,0.16840048134326935
0,0.18449516594409943
0,0.2287203073501587
0,0.2468189299106598
0,0.26729971170425415
0,0.3130192458629608
0,0.3378358781337738
0,0.3069479167461395
0,0.28212612867355347
0,0.2769894599914551
0,0.27453604340553284
0,0.27475374937057495
0,0.2525937855243683
0,0.24902115762233734
0,0.24844613671302795
0,0.26979532837867737
0,0.2704800069332123
0,0.239454448223114
0,0.21195079386234283
0,0.1567705273628235
0,0.12507295608520508
0,0.10175231844186783
1,0.08173912018537521
1,0.11157715320587158
1,0.10134031623601913
1,0.08645268529653549
1,0.1056705042719841
1,0.10774416476488113
0,0.09735481441020966
0,0.12998078763484955
0,0.15458086133003235
0,0.12305255234241486
0,0.10983210802078247
0,0.10097908228635788
0,0.10345833003520966
0,0.07125779241323471
0,0.049147747457027435
0,0.08411198109388351
0,0.05835609883069992
0,0.030910968780517578
0,0.054214444011449814
0,0.07463093101978302
0,0.07148880511522293
0,0.09350629150867462
0,0.08680552989244461
0,0.06530099362134933
0,0.06366344541311264
0,0.06955733150243759
0,0.09169728308916092
0,0.09064500778913498
0,0.08086594194173813
0,0.05607512593269348
0,0.0626266822218895
0,0.07739201188087463
0,0.08894239366054535
0,0.11107524484395981
0,0.07281628251075745
0,0.06341181695461273
0,0.09202571213245392
0,0.10298430919647217
0,0.147281676530838
0,0.09735020995140076
0,0.05160008370876312
0,0.07882892340421677
0,0.11452843993902206
0,0.05902200564742088
0,0.017660006880760193
0,0.04934510216116905
0,0.04905897006392479
0,0.04745442792773247
0,0.059330835938453674
0,0.04519936442375183
0,0.058354105800390244
0,0.07832478731870651
0,0.10504905879497528
0,0.13453790545463562
0,0.09550454467535019
0,0.08779145032167435
0,0.07780349999666214
0,0.07398965954780579
0,0.05439039319753647
0,0.05613549053668976
0,0.0859244167804718
1,0.08911334723234177
1,0.0981975719332695
1,0.13986237347126007
1,0.1298721432685852
1,0.11293502151966095
1,0.11363743245601654
1,0.10870439559221268
1,0.08673639595508575
1,0.08564847707748413
1,0.07354911416769028
1,0.06464909762144089
1,0.052687887102365494
1,0.05456145107746124
1,0.08941353112459183
1,0.07926397770643234
1,0.11467704176902771
1,0.13818055391311646
1,0.13038796186447144
0,0.12841366231441498
0,0.13279011845588684
0,0.1315630078315735
0,0.13828851282596588
0,0.1529339849948883
0,0.17903447151184082
0,0.2164572775363922
0,0.19791501760482788
0,0.156755268573761
0,0.12270429730415344
0,0.08540455251932144
0,0.11034144461154938
0,0.08677481859922409
0,0.12886962294578552
0,0.18452122807502747
0,0.21233896911144257
0,0.22017802298069
0,0.24694515764713287
0,0.18588410317897797
0,0.16182611882686615
0,0.19790957868099213
0,0.21088051795959473
0,0.21095724403858185
0,0.1951085329055786
0,0.20373256504535675
0,0.16327549517154694
0,0.22550520300865173
0,0.2735402286052704
0,0.28506672382354736
0,0.26674073934555054
0,0.26751744747161865
0,0.25222793221473694
0,0.24657374620437622
0,0.22790178656578064
0,0.20088061690330505
0,0.20965752005577087
0,0.20821262896060944
0,0.1649104207754135
0,0.09263361245393753
0,0.09883100539445877
0,0.06128581240773201
0,0.10906391590833664
0,0.11823700368404388
0,0.115475594997406
0,0.11707957088947296
0,0.17170585691928864
0,0.2393256574869156
0,0.2107657939195633
0,0.25808194279670715
0,0.2761264145374298
0,0.28392332792282104
0,0.2898421287536621
0,0.2927410900592804
0,0.29281893372535706
0,0.29335644841194153
0,0.3547883927822113
0,0.35746538639068604
0,0.3506429195404053
0,0.360813707113266
0,0.3564297556877136
0,0.2987237870693207
0,0.29463011026382446
0,0.24204248189926147
0,0.18617329001426697
0,0.11780144274234772
0,0.0745970606803894
0,0.024823658168315887
0,0.010971225798130035
1,0.034323714673519135
1,0.08175034821033478
0,0.10946264863014221
0,0.15520094335079193
0,0.21065682172775269
0,0.2768712043762207
0,0.33213168382644653
0,0.39547330141067505
0,0.3478570580482483
0,0.3118240535259247
0,0.30203044414520264
0,0.23649707436561584
0,0.21622516214847565
0,0.20738913118839264
0,0.21560260653495789
0,0.19797630608081818
0,0.15477250516414642
0,0.13777868449687958
0,0.08147479593753815
0,0.07820319384336472
0,0.030418474227190018
0,0.01974952407181263
0,0.03601284697651863
0,0.04346973076462746
0,0.02530977688729763
0,0.06037275120615959
0,0.09107539057731628
0,0.10997574031352997
0,0.07840625941753387
0,0.05672115087509155
0,0.06741022318601608
0,0.0417412593960762
0,0.027265841141343117
0,0.05631130933761597
0,0.07538128644227982
0,0.0877319946885109
0,0.09583433717489243
0,0.10346873849630356
0,0.08213050663471222
0,0.13389500975608826
0,0.17186789214611053
0,0.11515535414218903
0,0.07017476856708527
0,0.07144618034362793
0,0.10316518694162369
0,0.1113138198852539
0,0.11989429593086243
0,0.1307307928800583
0,0.12260119616985321
0,0.1424354463815689
0,0.18296794593334198
0,0.2289586216211319
0,0.21588879823684692
0,0.15749235451221466
0,0.09738333523273468
0,0.07656869292259216
0,0.079724982380867
0,0.08513405174016953
0,0.0962718054652214
0,0.0996536836028099
0,0.11480338126420975
0,0.15959948301315308
0,0.2229762226343155
0,0.3072659969329834
0,0.33382317423820496
0,0.356563925743103
0,0.3577738404273987
0,0.315774530172348
0,0.25214406847953796
0,0.2374485284090042
0,0.18018174171447754
0,0.15239940583705902
0,0.12901777029037476
0,0.07759246975183487
0,0.047616228461265564
0,0.03193918988108635
0,0.04902384802699089
0,0.041003018617630005
0,0.04135951027274132
0,0.07048351317644119
0,0.05835839733481407
0,0.05338418856263161
0,0.0658712312579155
0,0.0810856744647026
0,0.05892230197787285
0,0.03796989470720291
0,0.06191112846136093
0,0.05978775769472122
0,0.01812337525188923
0,0.0392569974064827
0,0.09396285563707352
0,0.08776549249887466
0,0.08922883868217468
0,0.10703517496585846
0,0.11639094352722168
0,0.1368928849697113
0,0.17057964205741882
0,0.1932796984910965
0,0.21147693693637848
0,0.2083129733800888
0,0.16522476077079773
0,0.12744837999343872
0,0.09167765825986862
0,0.07815485447645187
0,0.10758206248283386
0,0.12951739132404327
0,0.1266345977783203
0,0.08534660935401917
0,0.07746219635009766
0,0.06941243261098862
0,0.08585721254348755
0,0.0977834165096283
0,0.09897705167531967
0,0.10025972872972488
0,0.10178502649068832
0,0.03861774131655693
0,0.06558018177747726
0,0.07739584892988205
0,0.0708477795124054
0,0.03833974525332451
0,0.025912228971719742
0,0.03986809775233269
0,0.057594530284404755
0,0.059662528336048126
0,0.061517681926488876
0,0.05808120220899582
0,0.07809929549694061
0,0.08663913607597351
0,0.11888066679239273
0,0.1512516885995865
0,0.10781348496675491
0,0.1103491336107254
0,0.11195410043001175
0,0.13382668793201447
0,0.19941601157188416
0,0.20090636610984802
0,0.19127845764160156
0,0.18134742975234985
0,0.19776296615600586
0,0.19563692808151245
0,0.2188289612531662
0,0.18982188403606415
0,0.15927354991436005
0,0.1204734519124031
0,0.11035662889480591
0,0.07476357370615005
0,0.06107186898589134
0,0.08403469622135162
0,0.0483442023396492
0,0.04467681795358658
0,0.08897451311349869
0,0.09753188490867615
0,0.0970451682806015
0,0.07424496859312057
0,0.09236934781074524
0,0.13178426027297974
0,0.18632183969020844
0,0.24164584279060364
0,0.3293311893939972
0,0.3492625951766968
0,0.3530081808567047
0,0.29652056097984314
0,0.22402215003967285
0,0.17753466963768005
0,0.16999895870685577
0,0.1696888506412506
0,0.1607176959514618
0,0.15055833756923676
0,0.14271539449691772
0,0.20002129673957825
0,0.21756072342395782
0,0.23298291862010956
0,0.2290416657924652
0,0.22045844793319702
0,0.2034773975610733
0,0.16630440950393677
0,0.1152426153421402
0,0.07044047117233276
0,0.0968565046787262
0,0.1057388186454773
0,0.10437176376581192
0,0.11334451287984848
0,0.10327734053134918
0,0.09897420555353165
0,0.06996789574623108
0,0.052683841437101364
0,0.05399927869439125
0,0.10060678422451019
0,0.12908248603343964
0,0.1069038137793541
0,0.11491163074970245
0,0.10180653631687164
0,0.08492657542228699
0,0.07648621499538422
0,0.05261138826608658
0,0.03530382364988327
0,0.038960184901952744
0,0.04049846529960632
0,0.04861502721905708
0,0.06839506328105927
0,0.07520231604576111
0,0.07876358926296234
0,0.07189680635929108
0,0.0549476258456707
0,0.05969221889972687
0,0.06407593935728073
1,0.05224911868572235
1,0.09524178504943848
1,0.09659669548273087
1,0.07184654474258423
1,0.06700440496206284
1,0.09001795202493668
1,0.07699596136808395
1,0.0679289698600769
1,0.0768604427576065
1,0.06416022032499313
1,0.06499411165714264
1,0.056329697370529175
1,0.03722159191966057
1,0.05313233658671379
1,0.049372654408216476
1,0.04646042734384537
1,0.050810012966394424
1,0.06180411949753761
1,0.07510435581207275
1,0.0668557733297348
1,0.0723864883184433
1,0.06196010112762451
1,0.07516283541917801
1,0.09158854931592941
1,0.0722055658698082
0,0.06229289993643761
0,0.06378290057182312
0,0.049294862896203995
1,0.06661397218704224
0,0.0745873749256134
1,0.06516368687152863
1,0.037582531571388245
1,0.05057239904999733
1,0.063829205930233
1,0.06451551616191864
1,0.07502172887325287
1,0.052167218178510666
1,0.0513889454305172
1,0.0635562315583229
1,0.0429728627204895
0,0.043254658579826355
0,0.05326440930366516
0,0.05006853863596916
0,0.05350351706147194
0,0.04564221203327179
0,0.01578151434659958
0,0.045464687049388885
0,0.04586688429117203
0,0.04467142000794411
0,0.053440988063812256
0,0.046306971460580826
0,0.0694357231259346
0,0.1128665879368782
0,0.07688857614994049
0,0.08214437961578369
0,0.08895037323236465
0,0.09177397936582565
0,0.12307804077863693
0,0.1010853573679924
0,0.1151452586054802
0,0.12160962074995041
0,0.10272529721260071
0,0.08014316856861115
0,0.05783392861485481
0,0.07236233353614807
0,0.09329312294721603
0,0.10856699198484421
0,0.13112260401248932
0,0.09288390725851059
0,0.09438108652830124
0,0.16219276189804077
0,0.1718304455280304
0,0.15091738104820251
0,0.10389068722724915
0,0.07909021526575089
1,0.027824588119983673
1,0.04815572500228882
1,0.0683090016245842
1,0.06233961507678032
1,0.05395057424902916
1,0.05900200456380844
1,0.06203193962574005
1,0.057355817407369614
1,0.04819970205426216
1,0.04241029545664787
1,0.04635252803564072
1,0.052985142916440964
1,0.06058279052376747
1,0.0497799888253212
1,0.0598447322845459
1,0.03725534304976463
1,0.04313948005437851
1,0.06024982035160065
1,0.07418666034936905
1,0.058677155524492264
1,0.03729946166276932
1,0.024342957884073257
1,0.05280952900648117
1,0.04398438706994057
0,0.058868158608675
0,0.07831064611673355
0,0.07844148576259613
0,0.10911665856838226
0,0.1200065091252327
0,0.1218048706650734
0,0.175378680229187
0,0.153062641620636
0,0.10284516960382462
0,0.09186051040887833
0,0.11177694797515869
0,0.15142349898815155
0,0.15148356556892395
0,0.14213791489601135
0,0.1114874929189682
0,0.11204370111227036
0,0.15201683342456818
0,0.180038183927536
0,0.14499598741531372
0,0.12599219381809235
0,0.12637102603912354
0,0.09798915684223175
0,0.10345225781202316
0,0.09757106006145477
0,0.05915152654051781
0,0.06587677448987961
0,0.10537341982126236
0,0.07342910766601562
1,0.07201392203569412
1,0.09798582643270493
1,0.10206685960292816
1,0.10102491080760956
1,0.07770855724811554
1,0.08380335569381714
1,0.07946094870567322
1,0.05928793177008629
1,0.052855636924505234
1,0.04969849810004234
0,0.06559501588344574
0,0.10151034593582153
0,0.087861068546772
0,0.07456736266613007
0,0.060392189770936966
0,0.0763544961810112
0,0.064183309674263
0,0.04015033692121506
0,0.05444840341806412
0,0.09592703729867935
0,0.14443349838256836
0,0.16662125289440155
0,0.1497885286808014
0,0.15179258584976196
0,0.14199291169643402
0,0.16425596177577972
0,0.15659472346305847
0,0.16460959613323212
0,0.13155841827392578
0,0.11400379240512848
0,0.10891921818256378
0,0.09833204001188278
0,0.0946103185415268
0,0.08358129858970642
0,0.046751029789447784
0,0.07036340236663818
0,0.11328347027301788
0,0.13039028644561768
0,0.1573878973722458
0,0.19616064429283142
0,0.24039220809936523
0,0.20191249251365662
0,0.14468082785606384
0,0.09558304399251938
0,0.08271034061908722
1,0.0566023550927639
1,0.037913791835308075
1,0.04211106151342392
1,0.08373716473579407
1,0.10666941106319427
1,0.16155749559402466
1,0.21376027166843414
1,0.18789194524288177
1,0.18138431012630463
1,0.14908498525619507
1,0.11674641817808151
1,0.07837376743555069
1,0.054496098309755325
1,0.051880739629268646
1,0.07259530574083328
1,0.07154503464698792
1,0.06079118698835373
1,0.060183942317962646
1,0.06372405588626862
1,0.066970095038414
1,0.05908505991101265
1,0.05902031809091568
1,0.047560229897499084
1,0.03932361677289009
1,0.03922776132822037
1,0.026265069842338562
0,0.034970127046108246
0,0.04879353567957878
0,0.04907440394163132
0,0.06872797757387161
0,0.10985303670167923
0,0.12017282098531723
0,0.14267803728580475
0,0.13631410896778107
0,0.14514055848121643
0,0.17608411610126495
0,0.1902856081724167
0,0.2263811081647873
0,0.1708689033985138
0,0.10506829619407654
0,0.12490325421094894
0,0.15288929641246796
0,0.17898796498775482
0,0.19204671680927277
0,0.12896467745304108
0,0.06858976185321808
0,0.06370270997285843
0,0.08337586373090744
0,0.08112871646881104
0,0.060993582010269165
1,0.06405100226402283
1,0.09943925589323044
1,0.07830190658569336
1,0.07038486748933792
1,0.06509900093078613
1,0.06975069642066956
1,0.06619010120630264
1,0.07140539586544037
1,0.09139763563871384
1,0.09053702652454376
1,0.08621722459793091
1,0.07440968602895737
1,0.07357104122638702
0,0.0666360855102539
0,0.11300922930240631
0,0.11144563555717468
0,0.12801960110664368
0,0.09076936542987823
0,0.0950573980808258
0,0.1202327087521553
0,0.13099807500839233
0,0.13098081946372986
0,0.09078693389892578
0,0.13203002512454987
0,0.1237846165895462
0,0.10512544214725494
0,0.1388101428747177
0,0.10505840182304382
0,0.11476266384124756
0,0.11758323758840561
0,0.09204445034265518
0,0.05514561012387276
0,0.07006888836622238
0,0.03891342878341675
0,0.054464176297187805
0,0.04127195104956627
0,0.052602946758270264
0,0.05760955810546875
0,0.05337639898061752
0,0.09721819311380386
0,0.06442128121852875
0,0.04756630212068558
0,0.08462970703840256
0,0.08791109919548035
0,0.11425308138132095
0,0.10134317725896835
0,0.12151863425970078
0,0.1194242611527443
0,0.1275055855512619
0,0.10646452009677887
0,0.07608674466609955
0,0.09146227687597275
0,0.09638552367687225
0,0.1076129600405693
0,0.11065059155225754
0,0.10830122232437134
0,0.10071080923080444
0,0.15487851202487946
0,0.18847031891345978
0,0.17786651849746704
0,0.15687963366508484
0,0.16008919477462769
0,0.10242153704166412
0,0.05050523206591606
0,0.06738989800214767
0,0.16601653397083282
0,0.1832948625087738
0,0.13400618731975555
0,0.11417339742183685
0,0.11908689141273499
0,0.12267370522022247
0,0.12109363824129105
0,0.10513604432344437
0,0.1283620446920395
0,0.12755103409290314
0,0.13082242012023926
0,0.13897641003131866
0,0.12215530872344971
0,0.08682172000408173
0,0.06403603404760361
0,0.08033289015293121
0,0.12092260271310806
0,0.12299089133739471
0,0.12822264432907104
0,0.09964792430400848
0,0.08299265801906586
0,0.08799590915441513
0,0.07567235827445984
0,0.10570501536130905
0,0.08134149014949799
0,0.033995047211647034
0,0.02653331309556961
0,0.036885738372802734
0,0.05181286111474037
0,0.05651530623435974
0,0.10152150690555573
0,0.10712606459856033
0,0.08668816089630127
0,0.0681118592619896
0,0.07323108613491058
0,0.06396973878145218
0,0.08861681073904037
0,0.06312594562768936
0,0.060612697154283524
0,0.0916774794459343
0,0.11643896996974945
0,0.11271382868289948
0,0.11912848800420761
0,0.12017190456390381
0,0.09757011383771896
0,0.11158032715320587
0,0.13415458798408508
0,0.18177130818367004
0,0.16631345450878143
0,0.1312836855649948
0,0.07629608362913132
0,0.06391439586877823
0,0.08161674439907074
0,0.1043182760477066
0,0.09565948694944382
0,0.08658947050571442
0,0.09561093896627426
0,0.11710558831691742
0,0.1683596968650818
0,0.14476877450942993
0,0.17193658649921417
0,0.179092139005661
0,0.173322856426239
0,0.16857090592384338
0,0.15710574388504028
0,0.1656806766986847
0,0.13340336084365845
0,0.16479361057281494
0,0.13995733857154846
0,0.1166544109582901
0,0.15564961731433868
0,0.18347586691379547
0,0.20801730453968048
0,0.17898699641227722
0,0.20297028124332428
0,0.19196857511997223
0,0.18105366826057434
0,0.16140036284923553
0,0.11729931831359863
0,0.09101711213588715
0,0.05426231399178505
0,0.0622078999876976
0,0.04822826012969017
0,0.07061092555522919
0,0.043114371597766876
0,0.0206943079829216
0,0.045502983033657074
0,0.05884917452931404
0,0.05752173066139221
0,0.07007642835378647
0,0.04897930845618248
0,0.04131992533802986
0,0.10005100816488266
0,0.16200903058052063
0,0.1501244604587555
0,0.0793905258178711
0,0.09718917310237885
0,0.09541834145784378
0,0.08712536841630936
0,0.06519562751054764
0,0.017121989279985428
0,0.04900198429822922
0,0.039346855133771896
0,0.03792145848274231
0,0.05721733719110489
0,0.08089649677276611
0,0.07897607982158661
0,0.06833457946777344
0,0.08216902613639832
0,0.10409124940633774
0,0.11984902620315552
0,0.1383480429649353
0,0.13242016732692719
0,0.13999465107917786
0,0.16432687640190125
0,0.17922037839889526
0,0.20171593129634857
0,0.18423864245414734
0,0.1846075803041458
0,0.161584734916687
0,0.12612825632095337
0,0.14678789675235748
0,0.13944028317928314
0,0.13742339611053467
0,0.14527302980422974
0,0.15345263481140137
0,0.15088699758052826
0,0.14772509038448334
0,0.10737432539463043
0,0.09548590332269669
0,0.07591251283884048
0,0.07060720026493073
0,0.057495418936014175
0,0.06211557984352112
0,0.08316781371831894
0,0.08435098826885223
0,0.061713360249996185
0,0.08336495608091354
0,0.08465073257684708
0,0.109365314245224
0,0.08888470381498337
0,0.06569250673055649
0,0.0676746666431427
0,0.07744942605495453
0,0.06292503327131271
0,0.10215946286916733
0,0.14325812458992004
0,0.13766877353191376
0,0.15006080269813538
0,0.12504300475120544
0,0.11799938231706619
0,0.10022881627082825
0,0.11075840890407562
0,0.07393641024827957
0,0.04361487552523613
0,0.06889484077692032
0,0.07265543937683105
0,0.08076678961515427
0,0.08215150237083435
0,0.08111899346113205
0,0.07415913790464401
0,0.08446918427944183
0,0.09135976433753967
0,0.11549394577741623
0,0.1502552032470703
0,0.16927170753479004
0,0.1835123598575592
0,0.1765032261610031
0,0.18191520869731903
0,0.17558488249778748
0,0.1760668158531189
0,0.16047871112823486
0,0.18915797770023346
0,0.17285330593585968
0,0.1793927103281021
0,0.17430181801319122
0,0.16589726507663727
0,0.17664982378482819
0,0.16204239428043365
0,0.19334906339645386
0,0.19037242233753204
0,0.16641554236412048
0,0.1539989858865738
0,0.13815541565418243
0,0.14945590496063232
0,0.14437387883663177
0,0.13261307775974274
0,0.10951640456914902
0,0.0972047746181488
0,0.0733986347913742
0,0.08572591841220856
0,0.06896910071372986
0,0.06933678686618805
0,0.07323000580072403
0,0.06809386610984802
0,0.094293512403965
0,0.10689990967512131
0,0.12452724575996399
0,0.16546043753623962
0,0.19212423264980316
0,0.1875935047864914
0,0.2036469429731369
0,0.21878783404827118
0,0.22201482951641083
0,0.21539638936519623
0,0.21854157745838165
0,0.19788514077663422
0,0.21477490663528442
0,0.21731361746788025
0,0.145926371216774
0,0.12897802889347076
0,0.154062420129776
0,0.13669569790363312
0,0.13106349110603333
0,0.11722680181264877
0,0.08113079518079758
0,0.09939216077327728
0,0.13830965757369995
0,0.16688859462738037
0,0.12267807871103287
0,0.10741100460290909
0,0.14329546689987183
0,0.15569187700748444
0,0.1675989180803299
0,0.12857317924499512
0,0.10884703695774078
0,0.05937797576189041
0,0.08529293537139893
0,0.10240764915943146
0,0.08027169108390808
0,0.06775335222482681
0,0.05722315236926079
0,0.06798412650823593
0,0.07284480333328247
0,0.08843089640140533
0,0.09969768673181534
0,0.03782416880130768
0,0.053026530891656876
0,0.05518317222595215
0,0.046209026128053665
0,0.05517743527889252
0,0.029718462377786636
0,0.034844499081373215
0,0.05690294876694679
0,0.05111166834831238
0,0.05748629570007324
0,0.0426071397960186
0,0.057870395481586456
0,0.06374362111091614
0,0.046929292380809784
0,0.06617405265569687
0,0.058839477598667145
0,0.025000985711812973
0,0.0426153689622879
0,0.08696217834949493
0,0.05390389636158943
0,0.048014964908361435
0,0.09334505349397659
0,0.1025463193655014
0,0.10450196266174316
0,0.08527076989412308
0,0.11791793256998062
0,0.14945097267627716
0,0.12219000607728958
0,0.11890727281570435
0,0.12448446452617645
0,0.10917641967535019
0,0.10216014087200165
0,0.10962308943271637
0,0.10026922821998596
0,0.09193763881921768
0,0.09048715978860855
0,0.025496747344732285
0,0.07845567166805267
0,0.09265553951263428
0,0.09721972048282623
0,0.08805277198553085
0,0.12319191545248032
0,0.11211252957582474
0,0.07961901277303696
0,0.1381721943616867
0,0.11758629232645035
0,0.08688080310821533
0,0.048290371894836426
0,0.041170746088027954
0,0.021621057763695717
0,0.03905206546187401
0,0.0554286427795887
0,0.05599227175116539
0,0.05443218722939491
0,0.06289246678352356
0,0.058200057595968246
0,0.05716646462678909
0,0.086562380194664
0,0.08439569175243378
0,0.0571405366063118
0,0.03898288309574127
0,0.05176478251814842
0,0.05644392594695091
0,0.0698939636349678
0,0.06228318437933922
0,0.043257229030132294
0,0.11632154136896133
0,0.13137060403823853
0,0.14810457825660706
0,0.12770359218120575
0,0.12246456742286682
0,0.1621348261833191
0,0.18041466176509857
0,0.14054590463638306
0,0.06960764527320862
0,0.08075834810733795
0,0.07205503433942795
0,0.04562662914395332
0,0.08320001512765884
0,0.10239896923303604
0,0.12610597908496857
0,0.10109704732894897
0,0.09047133475542068
0,0.08021605759859085
0,0.06932215392589569
0,0.10281802713871002
0,0.10837557911872864
0,0.09152159094810486
0,0.113358274102211
0,0.13277088105678558
0,0.13140460848808289
0,0.12385255843400955
0,0.1503172218799591
0,0.1549021601676941
0,0.10356051474809647
0,0.10111422836780548
0,0.10503402352333069
0,0.127146914601326
0,0.15795442461967468
0,0.1567884385585785
0,0.13800695538520813
0,0.11607979238033295
0,0.1841239184141159
0,0.22489593923091888
0,0.23252186179161072
0,0.21030505001544952
0,0.17014002799987793
0,0.1955505609512329
0,0.19361400604248047
0,0.1768418401479721
0,0.1273149847984314
0,0.06425052881240845
0,0.05737520754337311
0,0.0666726604104042
0,0.06532559543848038
0,0.05519147217273712
0,0.08086690306663513
0,0.08325303345918655
0,0.07435226440429688
0,0.08215375244617462
0,0.03969019651412964
0,0.07050927728414536
0,0.05738697573542595
0,0.05532314255833626
0,0.0688781589269638
0,0.05426423251628876
0,0.07729092985391617
0,0.06853809952735901
0,0.07239460200071335
0,0.05909440666437149
0,0.06161108240485191
0,0.03966524451971054
0,0.02699217200279236
0,0.09943531453609467
0,0.1233382523059845
0,0.12257007509469986
0,0.13526715338230133
0,0.14231500029563904
0,0.1454043984413147
0,0.16312451660633087
0,0.14215020835399628
0,0.15019573271274567
0,0.12924617528915405
0,0.13642969727516174
0,0.13008305430412292
0,0.13130395114421844
0,0.1287481039762497
0,0.12729649245738983
0,0.14321646094322205
0,0.12350806593894958
0,0.11958242952823639
0,0.09904594719409943
0,0.10187622159719467
0,0.10860583931207657
0,0.12429288029670715
0,0.14270497858524323
0,0.12903225421905518
0,0.14707183837890625
0,0.16558386385440826
0,0.22569794952869415
0,0.23597322404384613
0,0.16337859630584717
0,0.165484219789505
0,0.15477877855300903
0,0.15731549263000488
0,0.14269360899925232
0,0.11568775027990341
0,0.05917130410671234
0,0.04850412905216217
0,0.10196062177419662
0,0.0949205830693245
0,0.07327890396118164
0,0.06380043923854828
0,0.059296779334545135
0,0.05158706381917
0,0.09653514623641968
0,0.12923356890678406
0,0.07594027370214462
0,0.09587574750185013
0,0.06787446141242981
0,0.042496901005506516
0,0.09179574251174927
0,0.0642230287194252
0,0.07514537125825882
0,0.05760170519351959
0,0.0934305340051651
0,0.0920344814658165
0,0.08035080134868622
0,0.09676172584295273
0,0.09687057882547379
0,0.1216205283999443
0,0.1250181943178177
0,0.12742213904857635
0,0.12465249747037888
0,0.11734326928853989
0,0.06824338436126709
0,0.04897952824831009
0,0.06898593157529831
0,0.0861436277627945
0,0.07914268970489502
0,0.11635932326316833
0,0.08129143714904785
0,0.037314899265766144
0,0.06473147124052048
0,0.0908360555768013
0,0.1118084117770195
0,0.12434156239032745
0,0.10405097156763077
0,0.09569019079208374
0,0.10620088875293732
0,0.12988540530204773
0,0.10979965329170227
0,0.1040232926607132
0,0.09173160791397095
0,0.08119585365056992
0,0.08981119096279144
0,0.08272399008274078
0,0.06445389240980148
0,0.07402399182319641
0,0.07728075236082077
0,0.07301029562950134
0,0.12118827551603317
0,0.17103427648544312
0,0.09277986735105515
0,0.06992943584918976
0,0.09695655852556229
0,0.17745362222194672
0,0.2475399672985077
0,0.17671319842338562
0,0.11451568454504013
0,0.10850325226783752
0,0.10878360271453857
0,0.12619216740131378
0,0.11717946827411652
0,0.14815279841423035
0,0.20015662908554077
0,0.18733572959899902
0,0.20485655963420868
0,0.16494439542293549
0,0.09144144505262375
0,0.06456755101680756
0,0.13325853645801544
0,0.1287343055009842
0,0.10297798365354538
0,0.09398988634347916
0,0.09330180287361145
0,0.09195107966661453
0,0.10957816243171692
0,0.10906968265771866
0,0.06466358155012131
0,0.0891624167561531
0,0.06900059431791306
0,0.051664069294929504
0,0.07672247290611267
0,0.11810804903507233
0,0.1562378704547882
0,0.22183601558208466
0,0.23564231395721436
0,0.23515203595161438
0,0.23550903797149658
0,0.17420977354049683
0,0.09607120603322983
0,0.047262031584978104
0,0.04801338165998459
0,0.04548342898488045
0,0.04334516450762749
0,0.05159318447113037
0,0.04086577147245407
0,0.052684709429740906
0,0.058067698031663895
0,0.06387319415807724
0,0.07214901596307755
0,0.09331241250038147
0,0.12516942620277405
0,0.1893920749425888
0,0.21499399840831757
0,0.2115156501531601
0,0.13694581389427185
0,0.11242762953042984
0,0.08094680309295654
0,0.04968482628464699
0,0.08092513680458069
0,0.08276983350515366
0,0.08100681006908417
0,0.07375739514827728
0,0.0629051998257637
0,0.0685720145702362
0,0.05353366211056709
0,0.09835094213485718
0,0.1409749537706375
0,0.14487364888191223
0,0.15756970643997192
0,0.15661035478115082
0,0.1224876120686531
0,0.07485879957675934
0,0.11332713812589645
0,0.11556289345026016
0,0.06950627267360687
0,0.08052348345518112
0,0.08442471921443939
0,0.07240798324346542
0,0.07765641063451767
0,0.09078201651573181
0,0.10440975427627563
0,0.055055391043424606
0,0.08696209639310837
0,0.08175452053546906
0,0.05344519019126892
0,0.07426117360591888
0,0.09870045632123947
0,0.11405635625123978
0,0.12037889659404755
0,0.11272669583559036
0,0.1519097238779068
0,0.15112809836864471
0,0.15015828609466553
0,0.11683662235736847
0,0.1340605467557907
0,0.1393805891275406
0,0.14786256849765778
0,0.14905227720737457
0,0.15918852388858795
0,0.17077887058258057
0,0.17140108346939087
0,0.19192816317081451
0,0.16823264956474304
0,0.152042418718338
0,0.1533532738685608
0,0.14494286477565765
0,0.1308620125055313
0,0.1252831667661667
0,0.1479661911725998
0,0.1527896672487259
0,0.16072332859039307
0,0.13174006342887878
0,0.08749904483556747
0,0.07530972361564636
0,0.04498226195573807
0,0.028502468019723892
0,0.08171257376670837
0,0.08817232400178909
0,0.14882466197013855
0,0.15424802899360657
0,0.13483302295207977
0,0.10038639605045319
0,0.10856086015701294
0,0.1117529571056366
0,0.1112537533044815
0,0.16100089251995087
0,0.14244355261325836
0,0.09012562781572342
0,0.10075608640909195
0,0.13823403418064117
0,0.16102644801139832
0,0.11871884018182755
0,0.11634612083435059
0,0.0850474089384079
0,0.0930047333240509
0,0.10049484670162201
0,0.10306607186794281
0,0.09536779671907425
0,0.1107446551322937
0,0.0809711366891861
0,0.0707000270485878
0,0.08886205404996872
0,0.07857725024223328
0,0.04439947009086609
0,0.05849146842956543
0,0.06226728856563568
0,0.04773138463497162
0,0.05301205441355705
0,0.057181332260370255
0,0.06197451800107956
0,0.11799851059913635
0,0.08402496576309204
0,0.098711758852005
0,0.11246181279420853
0,0.1282191127538681
0,0.1332603543996811
0,0.11691809445619583
0,0.10894133150577545
0,0.1281803995370865
0,0.13485781848430634
0,0.1504543125629425
0,0.16405245661735535
0,0.16694197058677673
0,0.1658526211977005
0,0.19462600350379944
0,0.23548278212547302
0,0.23382289707660675
0,0.2220120131969452
0,0.19266149401664734
0,0.13607066869735718
0,0.1272481232881546
0,0.10700174421072006
0,0.09162624180316925
0,0.0607360303401947
0,0.06218573451042175
0,0.08210058510303497
0,0.08403705060482025
0,0.07632071524858475
0,0.06279420107603073
0,0.06287163496017456
0,0.07315303385257721
0,0.08193131536245346
0,0.08330501616001129
0,0.06881976872682571
0,0.08245530724525452
0,0.11309895664453506
0,0.14451032876968384
0,0.14231973886489868
0,0.11735212057828903
0,0.11446554958820343
0,0.10137674957513809
0,0.08409368991851807
0,0.11102057248353958
0,0.17159423232078552
0,0.13107769191265106
0,0.08771615475416183
0,0.10848557949066162
0,0.11177778989076614
0,0.19665218889713287
0,0.14758709073066711
0,0.11008831113576889
0,0.12055722624063492
0,0.16615155339241028
0,0.21168112754821777
0,0.17165547609329224
0,0.18921127915382385
0,0.2026761770248413
0,0.1999746710062027
0,0.20209960639476776
0,0.23440547287464142
0,0.21544821560382843
0,0.1918962597846985
0,0.13272325694561005
0,0.07292696088552475
0,0.047229181975126266
0,0.04918983578681946
0,0.04187749698758125
0,0.04823245480656624
0,0.061818577349185944
0,0.03488374501466751
0,0.06217104196548462
0,0.07414466887712479
0,0.055837396532297134
0,0.07579375803470612
0,0.10068941861391068
0,0.1442386507987976
0,0.15500758588314056
0,0.17357425391674042
0,0.1844005435705185
0,0.1938091218471527
0,0.1452244371175766
0,0.11690320074558258
0,0.0877988338470459
0,0.11522270739078522
0,0.1074037253856659
0,0.0678805559873581
0,0.08846215903759003
0,0.09163617342710495
0,0.06633385270833969
0,0.06080891937017441
0,0.08019673079252243
0,0.09421877562999725
0,0.09393381327390671
0,0.12230902910232544
0,0.12434785068035126
0,0.1005968302488327
0,0.11730490624904633
0,0.11482793837785721
0,0.08712894469499588
0,0.07727579772472382
0,0.12805205583572388
0,0.07022556662559509
0,0.011705390177667141
0,0.040220748633146286
0,0.04141668602824211
0,0.05274586379528046
0,0.04650289565324783
0,0.05891658738255501
0,0.06768982857465744
0,0.08659964799880981
0,0.13134467601776123
0,0.12273260951042175
0,0.07864901423454285
0,0.05313621088862419
0,0.06418109685182571
0,0.05179537087678909
0,0.06262622773647308
0,0.07187377661466599
0,0.09123759716749191
0,0.0957995131611824
0,0.11151048541069031
0,0.12057358026504517
0,0.1352308988571167
0,0.1676916480064392
0,0.15830205380916595
0,0.15119631588459015
0,0.1508921980857849
0,0.15684624016284943
0,0.20321235060691833
0,0.2674468159675598
0,0.216721773147583
0,0.17436863481998444
0,0.1887475699186325
0,0.16650237143039703
0,0.1378616988658905
0,0.09755934029817581
0,0.08117260783910751
0,0.07311554998159409
0,0.10361982882022858
0,0.12000472098588943
0,0.07347722351551056
0,0.08919714391231537
0,0.07584401220083237
0,0.07480033487081528
0,0.09621185064315796
0,0.06605644524097443
0,0.05614592134952545
0,0.09970271587371826
0,0.09370175004005432
0,0.15777233242988586
0,0.13572892546653748
0,0.08769740909337997
0,0.08754173666238785
0,0.12512220442295074
0,0.1896369308233261
0,0.1541588306427002
0,0.1316232979297638
0,0.11300702393054962
0,0.11599127948284149
0,0.14150866866111755
0,0.18704289197921753
0,0.17999640107154846
0,0.20921610295772552
0,0.16116802394390106
0,0.1473194658756256
0,0.1444317102432251
0,0.14358775317668915
0,0.1436530351638794
0,0.1534847468137741
0,0.19143809378147125
0,0.22945235669612885
0,0.26416003704071045
0,0.21682274341583252
0,0.20451848208904266
0,0.1725100725889206
0,0.1149374321103096
0,0.12039585411548615
0,0.11300022155046463
0,0.08509562909603119
0,0.11816328763961792
0,0.1043829619884491
0,0.10486841201782227
0,0.12057821452617645
0,0.17593330144882202
0,0.17362530529499054
0,0.18981695175170898
0,0.2211187779903412
0,0.2261148989200592
0,0.1972152590751648
0,0.19250135123729706
0,0.19252224266529083
0,0.16397400200366974
0,0.1359575390815735
0,0.07319995015859604
0,0.06818404793739319
0,0.07434547692537308
0,0.06863252818584442
0,0.0303451269865036
0,0.04696640744805336
0,0.054038092494010925
0,0.03808171674609184
0,0.031876787543296814
0,0.037011802196502686
0,0.039712779223918915
0,0.04280029609799385
0,0.040963560342788696
0,0.028169337660074234
0,0.055839017033576965
0,0.05789526551961899
0,0.0201921034604311
0,0.04158807173371315
0,0.08107152581214905
0,0.08644363284111023
0,0.09562506526708603
0,0.11444567888975143
0,0.07432253658771515
0,0.07144586741924286
0,0.07602847367525101
0,0.0833674892783165
0,0.07138733565807343
0,0.0512593537569046
0,0.0234063733369112
0,0.016945838928222656
0,0.021385304629802704
0,0.029116135090589523
0,0.0596390962600708
0,0.07659946382045746
0,0.05966004356741905
0,0.05287167802453041
0,0.026028914377093315
0,0.03896276280283928
0,0.07276523113250732
0,0.08730725198984146
0,0.09408463537693024
0,0.09200789779424667
0,0.1015443503856659
0,0.1258072555065155
0,0.149510458111763
0,0.19812439382076263
0,0.2051508128643036
0,0.2112075686454773
0,0.17252470552921295
0,0.12859970331192017
0,0.09901909530162811
0,0.0984506905078888
0,0.06106949970126152
0,0.09244304150342941
0,0.07876954972743988
0,0.06620249152183533
0,0.05487950146198273
0,0.1051989495754242
0,0.1158367320895195
0,0.09342144429683685
0,0.0888570174574852
0,0.06301382929086685
0,0.03385946899652481
0,0.06118949502706528
0,0.07674480974674225
0,0.10852314531803131
0,0.08946213871240616
0,0.07866445928812027
0,0.06945797055959702
0,0.06034223735332489
0,0.08102945238351822
0,0.10404732823371887
0,0.09125245362520218
0,0.08668143302202225
0,0.12095300853252411
0,0.13808688521385193
0,0.12611041963100433
0,0.13348333537578583
0,0.08112097531557083
0,0.05385465547442436
0,0.03804612159729004
0,0.04554466903209686
0,0.10759668797254562
0,0.12964826822280884
0,0.15234218537807465
0,0.17871709167957306
0,0.18073523044586182
0,0.1806609183549881
0,0.16615012288093567
0,0.16396574676036835
0,0.17639397084712982
0,0.17459292709827423
0,0.17748047411441803
0,0.17837101221084595
0,0.1805533468723297
0,0.14238819479942322
0,0.18885797262191772
0,0.21168252825737
0,0.1912030279636383
0,0.15087810158729553
0,0.11727608740329742
0,0.10686211287975311
0,0.13450008630752563
0,0.17033076286315918
0,0.21862514317035675
0,0.23748576641082764
0,0.22082221508026123
0,0.23395144939422607
0,0.20661573112010956
0,0.19523677229881287
0,0.18410927057266235
0,0.18861812353134155
0,0.20597384870052338
0,0.23710094392299652
0,0.24870051443576813
0,0.25981277227401733
0,0.24502789974212646
0,0.21063965559005737
0,0.1861719936132431
0,0.15686748921871185
0,0.15159492194652557
0,0.12275516241788864
0,0.08442763984203339
0,0.061186131089925766
0,0.0723399892449379
0,0.05600794777274132
0,0.058422770351171494
0,0.042408935725688934
0,0.047869790345430374
0,0.061969295144081116
0,0.05369114130735397
0,0.07278408110141754
0,0.07794226706027985
0,0.11530046164989471
0,0.15068158507347107
0,0.14728093147277832
0,0.13089735805988312
0,0.11562541127204895
0,0.1148075982928276
0,0.14051440358161926
0,0.10910389572381973
0,0.038497429341077805
0,0.05381232127547264
0,0.11375439167022705
0,0.13399702310562134
0,0.1501796692609787
0,0.14653380215168
0,0.141357883810997
0,0.15096810460090637
0,0.1572742611169815
0,0.1496046483516693
0,0.15202240645885468
0,0.15501537919044495
0,0.1500447690486908
0,0.14986011385917664
0,0.10688180476427078
0,0.10621573776006699
0,0.12179931998252869
0,0.1259080022573471
0,0.12902949750423431
0,0.12117941677570343
0,0.12015365809202194
0,0.12033803015947342
0,0.12568458914756775
0,0.12270708382129669
0,0.124782033264637
0,0.13269272446632385
0,0.12740832567214966
0,0.12507668137550354
0,0.1116715669631958
0,0.09433592110872269
0,0.10736985504627228
0,0.11545894294977188
0,0.15006601810455322
0,0.1588769555091858
0,0.14754268527030945
0,0.12692227959632874
0,0.15983425080776215
0,0.1967090517282486
0,0.1987544447183609
0,0.174313023686409
0,0.1587650179862976
0,0.10765273123979568
0,0.10124646872282028
0,0.09071298688650131
0,0.08315823972225189
0,0.10549965500831604
0,0.13140185177326202
0,0.16420580446720123
0,0.13113239407539368
0,0.08431953191757202
0,0.08102675527334213
0,0.08073648065328598
0,0.09283044189214706
0,0.10610669106245041
0,0.13352257013320923
0,0.15922075510025024
0,0.2067413032054901
0,0.2581033706665039
0,0.22264671325683594
0,0.18201705813407898
0,0.16273468732833862
0,0.138460174202919
0,0.10672831535339355
0,0.10378663241863251
0,0.10799577832221985
0,0.07943204045295715
0,0.08298283070325851
0,0.05460064858198166
0,0.04053676128387451
0,0.041766807436943054
0,0.09302232414484024
0,0.11416784673929214
0,0.1207059845328331
0,0.12456595152616501
0,0.10610901564359665
0,0.1127295270562172
0,0.10098204016685486
0,0.09715863317251205
0,0.0785365179181099
0,0.061689432710409164
0,0.04499449208378792
0,0.05028777942061424
0,0.0389302596449852
0,0.055932335555553436
0,0.06707149744033813
0,0.10354028642177582
0,0.07196776568889618
0,0.04724177345633507
0,0.06284956634044647
0,0.08582616597414017
0,0.06598710268735886
0,0.0634375587105751
0,0.07009956240653992
0,0.08150821179151535
0,0.08407730609178543
0,0.0774800106883049
0,0.08359169960021973
0,0.08064001798629761
0,0.05226713418960571
0,0.06432762742042542
0,0.06955776363611221
0,0.06761316955089569
0,0.0784568265080452
0,0.09158406406641006
0,0.11466719955205917
0,0.075566366314888
0,0.04596513509750366
0,0.03697596862912178
0,0.052272602915763855
0,0.05561649426817894
0,0.042718663811683655
0,0.03601086139678955
0,0.016027165576815605
0,0.03257209062576294
0,0.021235376596450806
0,0.03468957543373108
0,0.03829040005803108
0,0.045345090329647064
0,0.07045341283082962
0,0.10248120129108429
0,0.1772177517414093
0,0.16546198725700378
0,0.17999804019927979
0,0.17322909832000732
0,0.11362645030021667
0,0.09260012954473495
0,0.06004192680120468
0,0.05258208513259888
0,0.044003263115882874
0,0.06091213971376419
0,0.05612390860915184
0,0.06492777913808823
0,0.08885761350393295
0,0.10101086646318436
0,0.09735602885484695
0,0.0829179584980011
0,0.127113938331604
0,0.11053466796875
0,0.09883033484220505
0,0.060513921082019806
0,0.07550312578678131
0,0.09791913628578186
0,0.11339408159255981
0,0.14416752755641937
0,0.16485048830509186
0,0.10684358328580856
0,0.07503534108400345
0,0.1089373305439949
0,0.11123500019311905
0,0.11611482501029968
0,0.11385729908943176
0,0.11559528857469559
0,0.11986567080020905
0,0.15721683204174042
0,0.19584684073925018
0,0.242318257689476
0,0.22649714350700378
0,0.17304907739162445
0,0.16211405396461487
0,0.1574297696352005
0,0.1734561026096344
0,0.17471490800380707
0,0.18711012601852417
0,0.20227861404418945
0,0.21597504615783691
0,0.20953400433063507
0,0.19389089941978455
0,0.2044970989227295
0,0.20164525508880615
0,0.2015552520751953
0,0.21228210628032684
0,0.21121414005756378
0,0.23869068920612335
0,0.2477719634771347
0,0.21589915454387665
0,0.20136679708957672
0,0.20333674550056458
0,0.2032480537891388
0,0.20018494129180908
0,0.17905959486961365
0,0.19563302397727966
0,0.24971720576286316
0,0.21774253249168396
0,0.2087712436914444
0,0.20884445309638977
0,0.19032908976078033
0,0.19997531175613403
0,0.20639176666736603
0,0.1624634563922882
0,0.1821991503238678
0,0.23981213569641113
0,0.21557219326496124
0,0.20826034247875214
0,0.2217039316892624
0,0.19869403541088104
0,0.2014659345149994
0,0.24370288848876953
0,0.21435551345348358
0,0.19840461015701294
0,0.21017961204051971
0,0.21685896813869476
0,0.19836261868476868
0,0.21639147400856018
0,0.19919179379940033
0,0.19189463555812836
0,0.17723394930362701
0,0.15416117012500763
0,0.11080995202064514
0,0.07961093634366989
0,0.057619400322437286
0,0.0476120226085186
0,0.06828106939792633
0,0.1200639009475708
0,0.13018377125263214
0,0.1722087860107422
0,0.20222757756710052
0,0.21413291990756989
0,0.21502605080604553
0,0.20125405490398407
0,0.16864177584648132
0,0.12322081625461578
0,0.10303658992052078
0,0.07880716025829315
0,0.06455845385789871
0,0.06959573924541473
0,0.10276374220848083
0,0.13006575405597687
0,0.10493465512990952
0,0.08039046823978424
0,0.07351785898208618
0,0.077300064265728
0,0.07556671649217606
0,0.060366395860910416
0,0.05591150373220444
0,0.09494922310113907
0,0.08228959143161774
0,0.10661759972572327
0,0.10641380399465561
0,0.08988764137029648
0,0.07219530642032623
0,0.06542813777923584
0,0.10413933545351028
0,0.12577490508556366
0,0.15912629663944244
0,0.21158349514007568
0,0.22758892178535461
0,0.23097220063209534
0,0.202439546585083
0,0.16381633281707764
0,0.16061945259571075
0,0.11815323680639267
0,0.08714240044355392
0,0.0990038737654686
0,0.08930802345275879
0,0.15819048881530762
0,0.16304078698158264
0,0.25386664271354675
0,0.2619457542896271
0,0.25637131929397583
0,0.27479588985443115
0,0.26226454973220825
0,0.28303518891334534
0,0.14995452761650085
0,0.13923385739326477
0,0.12640978395938873
0,0.229102224111557
0,0.16586287319660187
0,0.12893307209014893
0,0.11714616417884827
0,0.14154165983200073
0,0.16012422740459442
0,0.2055237889289856
0,0.16721764206886292
0,0.17364685237407684
0,0.2012229859828949
0,0.20497064292430878
0,0.13822424411773682
0,0.10332302004098892
0,0.11874110996723175
0,0.08172233402729034
0,0.08520011603832245
0,0.11679098755121231
0,0.13532914221286774
0,0.135915145277977
0,0.13681508600711823
0,0.16338211297988892
0,0.12638092041015625
0,0.1367066502571106
0,0.12929828464984894
0,0.06840020418167114
0,0.05290035530924797
0,0.0493190623819828
0,0.052727747708559036
0,0.09215360134840012
0,0.0958665981888771
0,0.11099113523960114
0,0.12099839746952057
0,0.11444911360740662
0,0.09817686676979065
0,0.14927244186401367
0,0.14449124038219452
0,0.1239568218588829
0,0.12434075027704239
0,0.12782785296440125
0,0.13355116546154022
0,0.16993260383605957
0,0.23867277801036835
0,0.32128575444221497
0,0.2584161162376404
0,0.20416796207427979
0,0.1603107899427414
0,0.15670569241046906
0,0.1456512212753296
0,0.14373695850372314
0,0.14101268351078033
0,0.14816686511039734
0,0.1328662931919098
0,0.12134174257516861
0,0.11297779530286789
0,0.12502703070640564
0,0.13537169992923737
0,0.12611235678195953
0,0.13037623465061188
0,0.123557448387146
0,0.11350761353969574
0,0.10412867367267609
0,0.09358933568000793
0,0.09422624856233597
0,0.08652772754430771
0,0.126447856426239
0,0.21065112948417664
0,0.20915572345256805
0,0.23181116580963135
0,0.16796395182609558
0,0.1374770849943161
0,0.12818238139152527
0,0.15722385048866272
0,0.1896018087863922
0,0.19784483313560486
0,0.13937683403491974
0,0.10246822237968445
0,0.09133675694465637
0,0.09036562591791153
0,0.06988868117332458
0,0.05320855975151062
0,0.07032841444015503
0,0.08837015926837921
0,0.11748103052377701
0,0.058688610792160034
0,0.06575906276702881
0,0.05411701649427414
0,0.04584426060318947
0,0.0547032505273819
0,0.06962226331233978
0,0.07997708767652512
0,0.0911053717136383
0,0.08806444704532623
0,0.09550149738788605
0,0.09793107211589813
0,0.09554512053728104
0,0.08390434831380844
0,0.10403402149677277
0,0.10382259637117386
0,0.12943023443222046
0,0.08110612630844116
0,0.05662238597869873
0,0.04221309721469879
0,0.034572768956422806
0,0.02953346073627472
0,0.025718223303556442
0,0.02614298090338707
0,0.05290624126791954
0,0.07732321321964264
0,0.1207466647028923
0,0.14168287813663483
0,0.13835018873214722
0,0.13139945268630981
0,0.11945092678070068
0,0.08213182538747787
0,0.05474863201379776
0,0.09493865817785263
0,0.11473777145147324
0,0.08822154998779297
0,0.10184387862682343
0,0.08994215726852417
0,0.055063702166080475
0,0.060598090291023254
0,0.07714691013097763
0,0.08669289201498032
0,0.07278774678707123
0,0.08745943754911423
0,0.07818731665611267
0,0.08419328182935715
0,0.11663143336772919
0,0.128367081284523
0,0.17118625342845917
0,0.1785309761762619
0,0.16552956402301788
0,0.15993374586105347
0,0.16764554381370544
0,0.11813139915466309
0,0.1035662442445755
0,0.09324850887060165
0,0.09734021127223969
0,0.09840945154428482
0,0.08501804620027542
0,0.07721475511789322
0,0.09439615905284882
0,0.08966105431318283
0,0.07532911002635956
0,0.05752930790185928
0,0.07062928378582001
0,0.04997662454843521
0,0.06096353009343147
0,0.07303184270858765
0,0.0550537183880806
0,0.03716631606221199
0,0.044958919286727905
0,0.05006250739097595
0,0.06355024874210358
0,0.061965472996234894
0,0.04943635314702988
0,0.04739859700202942
0,0.08980577439069748
0,0.10882300138473511
0,0.10270704329013824
0,0.1300744116306305
0,0.1212424486875534
0,0.11045132577419281
0,0.06846949458122253
0,0.07626847177743912
0,0.08608588576316833
0,0.1106690764427185
0,0.10865198075771332
0,0.1036088615655899
0,0.10213425010442734
0,0.0799931064248085
0,0.13180114328861237
0,0.16091668605804443
0,0.16362294554710388
0,0.1532776802778244
0,0.1389392763376236
0,0.14733827114105225
0,0.14327749609947205
0,0.19422397017478943
0,0.16779227554798126
0,0.17335589230060577
0,0.162332221865654
0,0.14736653864383698
0,0.1516740769147873
0,0.13221755623817444
0,0.13822942972183228
0,0.15340732038021088
0,0.17901524901390076
0,0.17368024587631226
0,0.18495731055736542
0,0.22532431781291962
0,0.1880209892988205
0,0.20645157992839813
0,0.2012532353401184
0,0.16445325314998627
0,0.11626123636960983
0,0.1218016967177391
0,0.11081529408693314
0,0.11706133186817169
0,0.1386251598596573
0,0.14127784967422485
0,0.13554807007312775
0,0.11730833351612091
0,0.10190045833587646
0,0.06367836147546768
0,0.05450061708688736
0,0.0464189387857914
0,0.06400314718484879
0,0.07198213040828705
0,0.11003372073173523
0,0.11202821880578995
0,0.0785055086016655
0,0.11014939844608307
0,0.1020735651254654
0,0.06538074463605881
0,0.0876532793045044
0,0.09992722421884537
0,0.1055288165807724
0,0.10115551203489304
0,0.08206894993782043
0,0.10547474026679993
0,0.1326187252998352
0,0.1323782354593277
0,0.15070995688438416
0,0.1925734281539917
0,0.1919770985841751
0,0.19603164494037628
0,0.15778225660324097
0,0.1036302000284195
0,0.07681997120380402
0,0.06261508166790009
0,0.08938257396221161
0,0.11546539515256882
0,0.15234754979610443
0,0.20477934181690216
0,0.211038276553154
0,0.21103686094284058
0,0.16955813765525818
0,0.2065548300743103
0,0.24868473410606384
0,0.2727223336696625
0,0.265743613243103
0,0.22958600521087646
0,0.18027561902999878
0,0.1386592835187912
0,0.14255589246749878
0,0.14382274448871613
0,0.12889599800109863
0,0.1335292011499405
0,0.1615859568119049
0,0.22158272564411163
0,0.23454517126083374
0,0.27779272198677063
0,0.3035661578178406
0,0.3260525166988373
0,0.29452064633369446
0,0.3122103810310364
0,0.3019229769706726
0,0.2656254768371582
0,0.22740715742111206
0,0.16630768775939941
0,0.10389257967472076
0,0.06943675130605698
0,0.05837152898311615
0,0.02430286817252636
0,0.007421224378049374
0,0.02327682450413704
0,0.03658321127295494
0,0.035877373069524765
0,0.03269784897565842
0,0.0412118099629879
0,0.07109005004167557
0,0.0943688154220581
0,0.13870762288570404
0,0.13128826022148132
0,0.18068259954452515
0,0.21561937034130096
0,0.18757566809654236
0,0.15193577110767365
0,0.12129447609186172
0,0.0860668197274208
0,0.11471769213676453
0,0.12823086977005005
0,0.1320553869009018
0,0.1205604076385498
0,0.09351923316717148
0,0.053763024508953094
0,0.05744268745183945
0,0.06684540957212448
0,0.10901303589344025
0,0.08868466317653656
0,0.059135377407073975
0,0.039223380386829376
0,0.06284471601247787
0,0.0880122110247612
0,0.12423225492238998
0,0.14087559282779694
0,0.1474784016609192
0,0.16641582548618317
0,0.1866399496793747
0,0.2452937215566635
0,0.26134607195854187
0,0.22407576441764832
0,0.2301672399044037
0,0.1876380443572998
0,0.1436108499765396
0,0.14118124544620514
0,0.12710456550121307
0,0.0998910665512085
0,0.12096785008907318
0,0.08746153861284256
0,0.08633359521627426
0,0.10519523918628693
0,0.12577734887599945
0,0.14607378840446472
0,0.1488834172487259
0,0.18355469405651093
0,0.16586321592330933
0,0.1681864708662033
0,0.1373559981584549
0,0.13307666778564453
0,0.10540448874235153
0,0.07179129123687744
0,0.09677135199308395
0,0.09772061556577682
0,0.1159733310341835
0,0.13091589510440826
0,0.15936337411403656
0,0.16448290646076202
0,0.17282143235206604
0,0.14467942714691162
0,0.1289602369070053
0,0.13311313092708588
0,0.13593333959579468
0,0.13907195627689362
0,0.14931045472621918
0,0.13205739855766296
0,0.13397477567195892
0,0.17665478587150574
0,0.22887355089187622
0,0.258155882358551
0,0.2677486836910248
0,0.2714681029319763
0,0.27844178676605225
0,0.2214750200510025
0,0.1867402046918869
0,0.19329699873924255
0,0.19558089971542358
0,0.15446776151657104
0,0.13257065415382385
0,0.1256648153066635
0,0.0892193391919136
0,0.07477164268493652
0,0.06447412073612213
0,0.07759244740009308
0,0.08405264467000961
0,0.10176169872283936
0,0.10513590276241302
0,0.1001795083284378
0,0.10229894518852234
0,0.1029815748333931
0,0.11789656430482864
0,0.12349207699298859
0,0.10636284202337265
0,0.11860592663288116
0,0.12880174815654755
0,0.14916634559631348
0,0.20899640023708344
0,0.2890986204147339
0,0.28055340051651
0,0.23536548018455505
0,0.2140967845916748
0,0.21197916567325592
0,0.18946945667266846
0,0.12014774233102798
0,0.0903773307800293
0,0.10761015117168427
0,0.11649572104215622
0,0.13161766529083252
0,0.07644306868314743
0,0.07211718708276749
0,0.06782390177249908
0,0.06266189366579056
0,0.07774472236633301
0,0.032179150730371475
0,0.05880885198712349
0,0.0467560701072216
0,0.035262804478406906
0,0.05364510789513588
0,0.07426755130290985
0,0.09974489361047745
0,0.10124418139457703
0,0.16989117860794067
0,0.19523261487483978
0,0.22052443027496338
0,0.22219912707805634
0,0.20616132020950317
0,0.19326151907444
0,0.16908326745033264
0,0.12875665724277496
0,0.09512588381767273
0,0.07173746079206467
0,0.041631706058979034
0,0.07077399641275406
0,0.07322985678911209
0,0.08024125546216965
0,0.05416344106197357
0,0.06010790541768074
0,0.05111675336956978
0,0.05083867907524109
0,0.10914316028356552
0,0.12371721118688583
0,0.11844775080680847
0,0.1335681527853012
0,0.1223364993929863
0,0.10439962148666382
0,0.08738724887371063
0,0.09536026418209076
0,0.06314107775688171
0,0.0649167150259018
0,0.08655892312526703
0,0.09942326694726944
0,0.09900914877653122
0,0.1084437146782875
0,0.1284732073545456
0,0.17148177325725555
0,0.16002842783927917
0,0.15337368845939636
0,0.15259653329849243
0,0.15388312935829163
0,0.18762445449829102
0,0.18467384576797485
0,0.17790348827838898
0,0.13255281746387482
0,0.12375400215387344
0,0.10663111507892609
0,0.08966153115034103
0,0.07755595445632935
0,0.09107504040002823
0,0.06376760452985764
0,0.06776127964258194
0,0.06336672604084015
0,0.06632857769727707
0,0.0319826640188694
0,0.06489130109548569
0,0.02986041270196438
0,0.047713711857795715
0,0.05503876879811287
0,0.1075751855969429
0,0.15584829449653625
0,0.17270241677761078
0,0.2265673577785492
0,0.23075087368488312
0,0.30170905590057373
0,0.3313676416873932
0,0.3176206648349762
0,0.3178606629371643
0,0.31452450156211853
0,0.2533765733242035
0,0.21741195023059845
0,0.21006083488464355
0,0.2020094096660614
0,0.21243202686309814
0,0.22519844770431519
0,0.1922338902950287
0,0.17445583641529083
0,0.21483010053634644
0,0.2098279893398285
0,0.13541480898857117
0,0.07906026393175125
0,0.05878359451889992
0,0.0656232088804245
0,0.0839206725358963
0,0.08050423860549927
0,0.07417742162942886
0,0.07821913808584213
0,0.07387389987707138
0,0.09855447709560394
0,0.13671369850635529
0,0.14042241871356964
0,0.15849173069000244
0,0.1948224902153015
0,0.2028442621231079
0,0.1815139353275299
0,0.16521742939949036
0,0.15388406813144684
0,0.1347421407699585
0,0.0920940712094307
0,0.08028525114059448
0,0.081578329205513
0,0.09159498661756516
0,0.08320488780736923
0,0.07915131002664566
0,0.054784826934337616
0,0.04155232384800911
0,0.05784918740391731
0,0.04687521606683731
0,0.045120708644390106
0,0.05824899673461914
0,0.07151760160923004
0,0.06356669217348099
0,0.05097529664635658
0,0.040422894060611725
0,0.04441344365477562
0,0.05841507762670517
0,0.08248655498027802
0,0.10535531491041183
0,0.14275872707366943
0,0.14109721779823303
0,0.15466149151325226
0,0.17103411257266998
0,0.2305590659379959
0,0.29174941778182983
0,0.2797953188419342
0,0.2731340825557709
0,0.23274053633213043
0,0.18700070679187775
0,0.1579025685787201
0,0.1569683700799942
0,0.15150369703769684
0,0.1123577356338501
0,0.08852780610322952
0,0.09699072688817978
0,0.10288204997777939
0,0.13388486206531525
0,0.13293880224227905
0,0.10318638384342194
0,0.09408450126647949
0,0.12330798804759979
0,0.11438503116369247
0,0.08320800960063934
0,0.08088307082653046
0,0.07972019910812378
0,0.09583985805511475
0,0.12217668443918228
0,0.11984388530254364
0,0.09497048705816269
0,0.08930861204862595
0,0.13359478116035461
0,0.12302228808403015
0,0.09728898853063583
0,0.0891796350479126
0,0.06269165128469467
0,0.0301777683198452
0,0.062184009701013565
0,0.06677182763814926
0,0.07751968502998352
0,0.0726853534579277
0,0.07973549515008926
0,0.09369658678770065
0,0.1173614040017128
0,0.14969302713871002
0,0.21160966157913208
0,0.19050809741020203
0,0.17082826793193817
0,0.17247778177261353
0,0.16330015659332275
0,0.1570264995098114
0,0.1822715699672699
0,0.1769293248653412
0,0.1849324256181717
0,0.2089061737060547
0,0.1543111950159073
0,0.11888164281845093
0,0.10902906209230423
0,0.0800454393029213
0,0.07204364985227585
0,0.03868454694747925
0,0.08026865124702454
0,0.12224717438220978
0,0.16148503124713898
0,0.19043058156967163
0,0.2510949671268463
0,0.25154319405555725
0,0.20188294351100922
0,0.20560051500797272
0,0.17955783009529114
0,0.16414669156074524
0,0.16367827355861664
0,0.1637105643749237
0,0.16356149315834045
0,0.14512164890766144
0,0.13816864788532257
0,0.1885511875152588
0,0.2416827380657196
0,0.20492272078990936
0,0.1716063916683197
0,0.11675064265727997
0,0.06849197298288345
0,0.05877017602324486
0,0.09707874804735184
0,0.11598893254995346
0,0.13608664274215698
0,0.17231887578964233
0,0.17032091319561005
0,0.17831487953662872
0,0.19088511168956757
0,0.21278800070285797
0,0.19918903708457947
0,0.15848536789417267
0,0.17168492078781128
0,0.19493404030799866
0,0.14518268406391144
0,0.09529460221529007
0,0.06548972427845001
0,0.07785070687532425
0,0.105329230427742
0,0.13695600628852844
0,0.13620418310165405
0,0.1661439687013626
0,0.16982105374336243
0,0.13420701026916504
0,0.121531642973423
0,0.12682978808879852
0,0.1312703639268875
0,0.14311231672763824
0,0.09165778011083603
0,0.06576095521450043
0,0.07311020791530609
0,0.09179110825061798
0,0.10648449510335922
0,0.13187503814697266
0,0.1718571037054062
0,0.2123744636774063
0,0.26786065101623535
0,0.25134897232055664
0,0.1927354633808136
0,0.14612863957881927
0,0.12856799364089966
0,0.1260942965745926
0,0.1305776983499527
0,0.1357182115316391
0,0.14594575762748718
0,0.1974574327468872
0,0.24308504164218903
0,0.314578652381897
0,0.2897777855396271
0,0.21944916248321533
0,0.15305979549884796
0,0.12420836836099625
0,0.11725901067256927
0,0.11129607260227203
0,0.10498860478401184
0,0.0716165155172348
0,0.0993867814540863
0,0.11354999989271164
0,0.10711267590522766
0,0.11094436049461365
0,0.11111244559288025
0,0.10940346121788025
0,0.10460657626390457
0,0.12440194934606552
0,0.175588458776474
0,0.20210638642311096
0,0.15152117609977722
0,0.14564912021160126
0,0.12974345684051514
0,0.12622176110744476
0,0.09613939374685287
0,0.09850619733333588
0,0.10404136031866074
0,0.14645996689796448
0,0.17623408138751984
0,0.17518125474452972
0,0.14415155351161957
0,0.12605388462543488
0,0.17935124039649963
0,0.1827945113182068
0,0.13698390126228333
0,0.0863296166062355
0,0.08828581124544144
0,0.04143030196428299
0,0.08518514037132263
0,0.09314653277397156
0,0.06426876783370972
0,0.08228959888219833
0,0.10413401573896408
0,0.08008141070604324
0,0.09680040180683136
0,0.13919399678707123
0,0.10158054530620575
0,0.054375868290662766
0,0.05200200527906418
0,0.0625012144446373
0,0.0859200656414032
0,0.14356249570846558
0,0.14366191625595093
0,0.13532684743404388
0,0.160745307803154
0,0.20446442067623138
0,0.19656503200531006
0,0.1400415003299713
0,0.12425406277179718
0,0.1010207086801529
0,0.10062632709741592
0,0.12486939877271652
0,0.1408953070640564
0,0.1775473803281784
0,0.2387765496969223
0,0.31573352217674255
0,0.3249426484107971
0,0.34327638149261475
0,0.3487297296524048
0,0.3441624045372009
0,0.33560532331466675
0,0.30208244919776917
0,0.22848927974700928
0,0.16409511864185333
0,0.15171410143375397
0,0.14737536013126373
0,0.10015596449375153
0,0.09339557588100433
0,0.10476334393024445
0,0.12766921520233154
0,0.1321060061454773
0,0.14041739702224731
0,0.10922644287347794
0,0.11499643325805664
0,0.15421605110168457
0,0.11721846461296082
0,0.08789917081594467
0,0.07752400636672974
0,0.06448736786842346
0,0.06515020877122879
0,0.08883985877037048
0,0.08491876721382141
0,0.08933952450752258
0,0.09473831206560135
0,0.06810877472162247
0,0.07946667075157166
0,0.08237260580062866
0,0.08097728341817856
0,0.04718703404068947
0,0.04703943803906441
0,0.09887619316577911
0,0.08024631440639496
0,0.07277722656726837
0,0.12442338466644287
0,0.11642469465732574
0,0.1319023221731186
0,0.1360679268836975
0,0.1863548904657364
0,0.19486451148986816
0,0.19797691702842712
0,0.1970825046300888
0,0.18862029910087585
0,0.13833172619342804
0,0.1469380110502243
0,0.17186912894248962
0,0.1694546937942505
0,0.1537613719701767
0,0.14508000016212463
0,0.12908373773097992
0,0.11289311945438385
0,0.13727395236492157
0,0.1019747257232666
0,0.11434729397296906
0,0.11686646193265915
0,0.14037343859672546
0,0.13335178792476654
0,0.12864179909229279
0,0.11185374855995178
0,0.11093669384717941
0,0.08581680804491043
0,0.06879971921443939
0,0.07140626013278961
0,0.09122022986412048
0,0.08530618250370026
0,0.10926654934883118
0,0.13712547719478607
0,0.20073679089546204
0,0.28038790822029114
0,0.28591904044151306
0,0.29097050428390503
0,0.30383211374282837
0,0.3155575096607208
0,0.2918095886707306
0,0.24154877662658691
0,0.23369066417217255
0,0.1991083025932312
0,0.16488155722618103
0,0.121668741106987
0,0.08592688292264938
0,0.06375522911548615
0,0.06105417013168335
0,0.06079600006341934
0,0.057336777448654175
0,0.05915359780192375
0,0.0714573934674263
0,0.08389540761709213
0,0.10959567129611969
0,0.1820688247680664
0,0.2314934879541397
0,0.2644995450973511
0,0.2899725139141083
0,0.27490735054016113
0,0.27130788564682007
0,0.24705787003040314
0,0.20737522840499878
0,0.17732898890972137
0,0.11421691626310349
0,0.08731643855571747
0,0.09967782348394394
0,0.11316642165184021
0,0.13035519421100616
0,0.10453905910253525
0,0.10958604514598846
0,0.12038909643888474
0,0.1476418673992157
0,0.13727952539920807
0,0.11379989981651306
0,0.0935794785618782
0,0.04958392307162285
0,0.05686209723353386
0,0.07110410183668137
0,0.06340858340263367
0,0.09550611674785614
0,0.0992220863699913
0,0.1296624392271042
0,0.0762292742729187
0,0.06003926321864128
0,0.028798576444387436
0,0.03861893340945244
0,0.03471825271844864
0,0.03215700760483742
0,0.04611186683177948
0,0.054097916930913925
0,0.053505443036556244
0,0.0584380142390728
0,0.056474462151527405
0,0.06419923901557922
0,0.07856724411249161
0,0.0849929004907608
0,0.08419638872146606
0,0.10719915479421616
0,0.09208314120769501
0,0.08269617706537247
0,0.09578109532594681
0,0.13772660493850708
0,0.1596812754869461
0,0.1653369665145874
0,0.16218696534633636
0,0.14508837461471558
0,0.15389379858970642
0,0.13942687213420868
0,0.13099278509616852
0,0.1112881675362587
0,0.11016295105218887
0,0.12131606787443161
0,0.12622663378715515
0,0.08892142027616501
0,0.11596221476793289
0,0.13135094940662384
0,0.11829937249422073
0,0.10005887597799301
0,0.07603387534618378
0,0.07473938912153244
0,0.06939125806093216
0,0.07041142880916595
0,0.07751022279262543
0,0.06917563825845718
0,0.061326779425144196
0,0.06383268535137177
0,0.07786735892295837
0,0.050778601318597794
0,0.057770226150751114
0,0.07193697243928909
0,0.08755259960889816
0,0.09927800297737122
0,0.11123016476631165
0,0.08175740391016006
0,0.11939279735088348
0,0.11955007165670395
0,0.1606915295124054
0,0.16381484270095825
0,0.11865006387233734
0,0.11086022108793259
0,0.1280117928981781
0,0.12652449309825897
0,0.14179633557796478
0,0.14566996693611145
0,0.09950575977563858
0,0.10545229911804199
0,0.08282960951328278
0,0.07221528142690659
0,0.098690465092659
0,0.09811913967132568
0,0.10183320939540863
0,0.09469901025295258
0,0.10837792605161667
0,0.08097600936889648
0,0.08199121803045273
0,0.08255142718553543
0,0.08341427892446518
0,0.08808591216802597
0,0.08826914429664612
0,0.09945160150527954
0,0.09117627888917923
0,0.09771911799907684
0,0.09621573239564896
0,0.1361902803182602
0,0.1667378693819046
0,0.1202833503484726
0,0.06951263546943665
0,0.07627660781145096
0,0.08082906156778336
0,0.11624547094106674
0,0.14881670475006104
0,0.1309405267238617
0,0.09978427737951279
0,0.08592917770147324
0,0.08111277222633362
0,0.06457040458917618
0,0.07232746481895447
0,0.07561195641756058
0,0.0801578238606453
0,0.09895636886358261
0,0.130338653922081
0,0.14104638993740082
0,0.17143692076206207
0,0.2262299507856369
0,0.26328185200691223
0,0.2498466819524765
0,0.19720470905303955
0,0.16318990290164948
0,0.15455640852451324
0,0.15424731373786926
0,0.16556140780448914
0,0.15910452604293823
0,0.13483475148677826
0,0.1349271833896637
0,0.10542608052492142
0,0.07807652652263641
0,0.09393882006406784
0,0.06629911810159683
0,0.04125921428203583
0,0.06657900661230087
0,0.07180210947990417
0,0.10821331292390823
0,0.08027252554893494
0,0.05584954470396042
0,0.05926011875271797
0,0.06935742497444153
0,0.05493313446640968
0,0.07356785237789154
0,0.11397269368171692
0,0.10693756490945816
0,0.12182401120662689
0,0.1124001145362854
0,0.0839308351278305
0,0.1237831637263298
0,0.1251281350851059
0,0.1305614709854126
0,0.11347808688879013
0,0.1459234654903412
0,0.12927329540252686
0,0.16042891144752502
0,0.1726333349943161
0,0.1717054843902588
0,0.161202535033226
0,0.14526687562465668
0,0.12345729768276215
0,0.11019572615623474
0,0.11163882166147232
0,0.11170994490385056
0,0.08053982257843018
0,0.06324073672294617
0,0.05556703358888626
0,0.06304431706666946
0,0.0605209581553936
0,0.06891047954559326
0,0.1029847115278244
0,0.1095619723200798
0,0.07808835059404373
0,0.0499102920293808
0,0.09292959421873093
0,0.06788729131221771
0,0.050992973148822784
0,0.07763192802667618
0,0.07549493759870529
0,0.0669044628739357
0,0.09275515377521515
0,0.09355026483535767
0,0.09485001862049103
0,0.10271398723125458
0,0.1018037348985672
0,0.06927913427352905
0,0.08197244256734848
0,0.07874049246311188
0,0.08095197379589081
0,0.08696336299180984
0,0.05981554463505745
0,0.06412620842456818
0,0.05508283153176308
0,0.07493359595537186
0,0.07838764041662216
0,0.05449862405657768
0,0.05975465849041939
0,0.05602434650063515
0,0.08679481595754623
0,0.07632432878017426
0,0.09272583574056625
0,0.12568935751914978
0,0.11874639242887497
0,0.13415144383907318
0,0.12202794849872589
0,0.13090018928050995
0,0.08951721340417862
0,0.12045524269342422
0,0.15317916870117188
0,0.16968569159507751
0,0.16344444453716278
0,0.1635703295469284
0,0.16816464066505432
0,0.1726536750793457
0,0.24199624359607697
0,0.3020714819431305
0,0.2639973759651184
0,0.21498435735702515
0,0.21350830793380737
0,0.2153042107820511
0,0.23793920874595642
0,0.1782996505498886
0,0.14646975696086884
0,0.15981316566467285
0,0.17714257538318634
0,0.18344658613204956
0,0.10679585486650467
0,0.07132794708013535
0,0.05786009132862091
0,0.09217115491628647
0,0.1239723339676857
0,0.1427101194858551
0,0.16835413873195648
0,0.12914332747459412
0,0.08190851658582687
0,0.05748186632990837
0,0.03664936497807503
0,0.04813695326447487
0,0.07036340236663818
0,0.07368376106023788
0,0.0837077721953392
0,0.09345359355211258
0,0.07716455310583115
0,0.0908704549074173
0,0.09244836121797562
0,0.09360909461975098
0,0.09311704337596893
0,0.11663826555013657
0,0.13962410390377045
0,0.1624601185321808
0,0.15473514795303345
0,0.13659578561782837
0,0.13571684062480927
0,0.1560119092464447
0,0.1612454503774643
0,0.17750880122184753
0,0.18403515219688416
0,0.19948716461658478
0,0.1902719885110855
0,0.19159196317195892
0,0.20016659796237946
0,0.19539256393909454
0,0.23065806925296783
0,0.2559872269630432
0,0.25165241956710815
0,0.24096927046775818
0,0.22918157279491425
0,0.24637046456336975
0,0.24618272483348846
0,0.277655690908432
0,0.22892847657203674
0,0.16940903663635254
0,0.11916691809892654
0,0.10126765072345734
0,0.08253195881843567
0,0.041586846113204956
0,0.05476929992437363
0,0.1140052080154419
0,0.1465136557817459
0,0.13850770890712738
0,0.11447663605213165
0,0.11455119401216507
0,0.127860888838768
0,0.11156322807073593
0,0.11043567955493927
0,0.17218174040317535
0,0.1795932501554489
0,0.14769983291625977
0,0.11995512992143631
0,0.08269231766462326
0,0.03322988748550415
0,0.034057434648275375
0,0.04819849506020546
0,0.056144170463085175
0,0.054423727095127106
0,0.05775314196944237
0,0.06663760542869568
0,0.08056870847940445
0,0.1059359535574913
0,0.12709978222846985
0,0.18865929543972015
0,0.171047180891037
0,0.10178947448730469
0,0.08160480856895447
0,0.09159545600414276
0,0.11001825332641602
0,0.1258164346218109
0,0.16518473625183105
0,0.15893930196762085
0,0.12208610028028488
0,0.12042931467294693
0,0.10422312468290329
0,0.12075557559728622
0,0.1355094015598297
0,0.13543035089969635
0,0.1299997866153717
0,0.13423487544059753
0,0.12498733401298523
0,0.12713482975959778
0,0.1551019549369812
0,0.20902617275714874
0,0.25217050313949585
0,0.2668682634830475
0,0.2705354690551758
0,0.22138811647891998
0,0.21269160509109497
0,0.19158510863780975
0,0.14956936240196228
0,0.09331237524747849
0,0.12124742567539215
0,0.11327611654996872
0,0.11795517802238464
0,0.1734987497329712
0,0.19773384928703308
0,0.19360794126987457
0,0.2262999415397644
0,0.2599831223487854
0,0.2497270107269287
0,0.24924567341804504
0,0.20105405151844025
0,0.15912777185440063
0,0.11729388684034348
0,0.06349531561136246
0,0.08378655463457108
0,0.08822634816169739
0,0.0988164097070694
0,0.1255531758069992
0,0.07194282114505768
0,0.07752291113138199
0,0.1026511937379837
0,0.12242433428764343
0,0.1031811311841011
0,0.08404084295034409
0,0.033517803996801376
0,0.023762336000800133
0,0.02448185533285141
0,0.03179894760251045
0,0.0847119465470314
0,0.11230451613664627
0,0.16618594527244568
0,0.14956340193748474
0,0.1064792349934578
0,0.09594866633415222
0,0.08504431694746017
0,0.08152526617050171
0,0.1095632016658783
0,0.12779809534549713
0,0.18925794959068298
0,0.19047664105892181
0,0.16736991703510284
0,0.15236158668994904
0,0.16583850979804993
0,0.16257937252521515
0,0.15860766172409058
0,0.15412184596061707
0,0.12492061406373978
0,0.11484287679195404
0,0.1213243156671524
0,0.1301572024822235
0,0.11896099150180817
0,0.1309959888458252
0,0.1399165391921997
0,0.13472123444080353
0,0.13293027877807617
0,0.14720186591148376
0,0.14990133047103882
0,0.1259177178144455
0,0.16443844139575958
0,0.1672891229391098
0,0.1499284952878952
0,0.16148248314857483
0,0.18742875754833221
0,0.20561127364635468
0,0.17285147309303284
0,0.12574706971645355
0,0.07613606005907059
0,0.051609106361866
0,0.04274256154894829
0,0.033250097185373306
0,0.05683979019522667
0,0.07907377183437347
0,0.14403608441352844
0,0.19302675127983093
0,0.23399095237255096
0,0.28733232617378235
0,0.3555313050746918
0,0.3967362344264984
0,0.4231124520301819
0,0.4419839680194855
0,0.41207149624824524
0,0.3757455050945282
0,0.32442140579223633
0,0.2532142102718353
0,0.18806205689907074
0,0.16050216555595398
0,0.12141034752130508
0,0.11366505175828934
0,0.07470468431711197
0,0.05127947777509689
0,0.07799667865037918
0,0.1432027518749237
0,0.18665659427642822
0,0.25924137234687805
0,0.33385276794433594
0,0.27919381856918335
0,0.2795856297016144
0,0.2840999662876129
0,0.23891030251979828
0,0.21098724007606506
0,0.1778266280889511
0,0.19493140280246735
0,0.1934596747159958
0,0.1720835268497467
0,0.12506423890590668
0,0.11616109311580658
0,0.10122352838516235
0,0.10130822658538818
0,0.09128715097904205
0,0.08812233805656433
0,0.07104722410440445
0,0.05106906592845917
0,0.0634254440665245
0,0.06939071416854858
0,0.07569778710603714
0,0.1357349306344986
0,0.17877492308616638
0,0.25108054280281067
0,0.18742135167121887
0,0.1294012814760208
0,0.11633093655109406
0,0.13479134440422058
0,0.17728641629219055
0,0.22701236605644226
0,0.29070496559143066
0,0.3385980725288391
0,0.3307597041130066
0,0.3176747262477875
0,0.2536795735359192
0,0.17600564658641815
0,0.13426899909973145
0,0.1412431001663208
0,0.09570708125829697
0,0.045873384922742844
0,0.04188333824276924
0,0.05844135954976082
0,0.0901762917637825
0,0.1131424605846405
0,0.10575616359710693
0,0.08753889799118042
0,0.08043985068798065
0,0.11529206484556198
0,0.14953753352165222
0,0.17584021389484406
0,0.18157531321048737
0,0.13246312737464905
0,0.12613965570926666
0,0.12328353524208069
0,0.10226970911026001
0,0.07922288775444031
0,0.05393851548433304
0,0.05462011694908142
0,0.05485161393880844
0,0.09035632014274597
0,0.06468508392572403
0,0.05891606584191322
0,0.09367170929908752
0,0.07352335005998611
0,0.03996608406305313
0,0.026454435661435127
0,0.023931456729769707
0,0.02915830910205841
0,0.11117317527532578
0,0.15526790916919708
0,0.18318241834640503
0,0.18961186707019806
0,0.2013348639011383
0,0.24282677471637726
0,0.2306717485189438
0,0.17841890454292297
0,0.08590172231197357
0,0.10202956199645996
0,0.12207002192735672
0,0.11900345236063004
0,0.12850050628185272
0,0.10912797600030899
0,0.08354872465133667
0,0.08478851616382599
0,0.08588312566280365
0,0.10769250988960266
0,0.06952975690364838
0,0.06365185976028442
0,0.12856478989124298
0,0.12054823338985443
0,0.11537260562181473
0,0.11314927786588669
0,0.13042689859867096
0,0.11197590082883835
0,0.09293470531702042
0,0.08472806215286255
0,0.0976407527923584
0,0.0922890231013298
0,0.07725458592176437
0,0.06316149979829788
0,0.04743855074048042
0,0.1155896857380867
0,0.10130289942026138
0,0.08750329166650772
0,0.1258307695388794
0,0.1032332330942154
0,0.05807505548000336
0,0.06029121205210686
0,0.09341687709093094
0,0.0899113118648529
0,0.07269332557916641
0,0.053884297609329224
0,0.048459742218256
0,0.06321445852518082
0,0.056896548718214035
0,0.049348387867212296
0,0.09241348505020142
0,0.10349851101636887
0,0.12547485530376434
0,0.13089784979820251
0,0.09572283178567886
0,0.11152929067611694
0,0.08991705626249313
0,0.08328409492969513
0,0.04994171857833862
0,0.0733417421579361
0,0.07353927940130234
0,0.06178111955523491
0,0.08275333791971207
0,0.09237439930438995
0,0.08774404972791672
0,0.05237559229135513
0,0.045657671988010406
0,0.06583848595619202
0,0.06095975637435913
0,0.06578623503446579
0,0.07674852758646011
0,0.04781222715973854
0,0.06306289881467819
0,0.08249078691005707
0,0.12506571412086487
0,0.0946771427989006
0,0.07490440458059311
0,0.08719296008348465
0,0.08735420554876328
0,0.10573854297399521
0,0.09630119800567627
0,0.08743558079004288
0,0.06614374369382858
0,0.0711497962474823
0,0.07141266018152237
0,0.08667673170566559
0,0.06654681265354156
0,0.0623382031917572
0,0.09941727668046951
0,0.19307513535022736
0,0.25501999258995056
0,0.25615400075912476
0,0.30584150552749634
0,0.36396998167037964
0,0.39879000186920166
0,0.43260201811790466
0,0.3325366973876953
0,0.21071283519268036
0,0.13069602847099304
0,0.13257062435150146
0,0.13564197719097137
0,0.09145686030387878
0,0.058443330228328705
0,0.08562146872282028
0,0.09339087456464767
0,0.08884177356958389
0,0.1397937834262848
0,0.17251494526863098
0,0.1720215529203415
0,0.15697415173053741
0,0.0971057191491127
0,0.11528199166059494
0,0.09815139323472977
0,0.09529189020395279
0,0.11345500499010086
0,0.1168711706995964
0,0.08465935289859772
0,0.1011880412697792
0,0.11614666134119034
0,0.09898075461387634
0,0.12368027120828629
0,0.08524215966463089
0,0.06756002455949783
0,0.056333355605602264
0,0.04858938604593277
0,0.04504460468888283
0,0.038035083562135696
0,0.032803408801555634
0,0.019057048484683037
0,0.022900797426700592
0,0.021532198414206505
0,0.030192995443940163
0,0.06559485197067261
0,0.0980718731880188
0,0.11660212278366089
0,0.1196933165192604
0,0.13131055235862732
0,0.13774947822093964
0,0.13848726451396942
0,0.1201893761754036
0,0.07536906003952026
0,0.04509410634636879
0,0.02504955232143402
0,0.02471468411386013
0,0.046094585210084915
0,0.05577441677451134
0,0.11514268070459366
0,0.1543123424053192
0,0.11155832558870316
0,0.11798273026943207
0,0.14575980603694916
0,0.15350523591041565
0,0.12331263720989227
0,0.07100147008895874
0,0.06677710264921188
0,0.07682943344116211
0,0.07192666828632355
0,0.11303073167800903
0,0.10831271857023239
0,0.07311606407165527
0,0.0581897534430027
0,0.06934064626693726
0,0.07084468007087708
0,0.07868720591068268
0,0.09126073867082596
0,0.12151067703962326
0,0.16942736506462097
0,0.1786489188671112
0,0.16973696649074554
0,0.14185933768749237
0,0.11216303706169128
0,0.09722200781106949
0,0.10245227068662643
0,0.10256082564592361
0,0.07320122420787811
0,0.12987644970417023
0,0.13145792484283447
0,0.10823767632246017
0,0.13208317756652832
0,0.14288485050201416
0,0.14991477131843567
0,0.12390191853046417
0,0.15204975008964539
0,0.154529869556427
0,0.1630811095237732
0,0.1559726595878601
0,0.11966077983379364
0,0.13403785228729248
0,0.13952215015888214
0,0.10431201010942459
0,0.09979954361915588
0,0.06081134453415871
0,0.09627708047628403
0,0.09674141556024551
0,0.07161172479391098
0,0.06983107328414917
0,0.039837636053562164
0,0.07831184566020966
0,0.08609490096569061
0,0.0862441137433052
0,0.10322935879230499
0,0.12209303677082062
0,0.13864649832248688
0,0.1325492113828659
0,0.14956986904144287
0,0.15917709469795227
0,0.1529504954814911
0,0.12111252546310425
0,0.08540323376655579
0,0.0906306803226471
0,0.07597756385803223
0,0.08571618050336838
0,0.02334040217101574
0,0.02433617413043976
0,0.071327805519104
0,0.12799499928951263
0,0.13263338804244995
0,0.1093117743730545
0,0.10678091645240784
0,0.10144223272800446
0,0.08607988804578781
0,0.08535999059677124
0,0.10561555624008179
0,0.16097667813301086
0,0.10806616395711899
0,0.05590461567044258
0,0.04259471967816353
0,0.03813415765762329
0,0.03554372116923332
0,0.05581466108560562
0,0.07703015953302383
0,0.11180540919303894
0,0.12163662910461426
0,0.11560844630002975
0,0.10534403473138809
0,0.10397647321224213
0,0.08267828822135925
0,0.10358438640832901
0,0.1487240344285965
0,0.21011270582675934
0,0.23307964205741882
0,0.23868100345134735
0,0.21268799901008606
0,0.16121891140937805
0,0.14568516612052917
0,0.11288350075483322
0,0.0905701145529747
0,0.07482115924358368
0,0.057273540645837784
0,0.07480347156524658
0,0.0785660371184349
0,0.0907544419169426
0,0.1070336252450943
0,0.12024843692779541
0,0.12115957587957382
0,0.12303521484136581
0,0.12368456274271011
0,0.14675745368003845
0,0.14299480617046356
0,0.1396358162164688
0,0.1408100575208664
0,0.10506492108106613
0,0.10184015333652496
0,0.12666790187358856
0,0.1396179497241974
0,0.15103140473365784
0,0.17979088425636292
0,0.14936727285385132
0,0.1743890792131424
0,0.2419731318950653
0,0.29343169927597046
0,0.2888031303882599
0,0.2521061599254608
0,0.2107487916946411
0,0.17547935247421265
0,0.14758934080600739
0,0.16455864906311035
0,0.17294655740261078
0,0.1716068983078003
0,0.1921302080154419
0,0.1752723753452301
0,0.17747418582439423
0,0.17672866582870483
0,0.16805832087993622
0,0.11945147812366486
0,0.11223138868808746
0,0.09355492889881134
0,0.08706259727478027
0,0.10394036024808884
0,0.1270606815814972
0,0.11613797396421432
0,0.09239719808101654
0,0.08881048113107681
0,0.11780346930027008
0,0.10804316401481628
0,0.1427917778491974
0,0.1153721809387207
0,0.09272008389234543
0,0.03559614345431328
0,0.022661544382572174
0,0.03838479891419411
0,0.027623416855931282
0,0.05196252837777138
0,0.06717530637979507
0,0.0473913736641407
0,0.05577912554144859
0,0.04764237254858017
0,0.041385944932699203
0,0.07941950857639313
0,0.09295065701007843
0,0.10497069358825684
0,0.08941636234521866
0,0.0931347981095314
0,0.11374251544475555
0,0.18234509229660034
0,0.16556164622306824
0,0.10050974786281586
0,0.09673997759819031
0,0.10269039124250412
0,0.10134582221508026
0,0.11652065813541412
0,0.16647186875343323
0,0.21672159433364868
0,0.2067653238773346
0,0.1359058916568756
0,0.10444724559783936
0,0.13290303945541382
0,0.1483188420534134
0,0.18523797392845154
0,0.18921944499015808
0,0.1823188215494156
0,0.1545611470937729
0,0.15350446105003357
0,0.17832651734352112
0,0.2335212528705597
0,0.2943834066390991
0,0.3457331955432892
0,0.33467042446136475
0,0.322151780128479
0,0.24815218150615692
0,0.17643529176712036
0,0.1395917534828186
0,0.12764687836170197
0,0.09351146966218948
0,0.05873802676796913
0,0.03812050074338913
0,0.044190406799316406
0,0.057470910251140594
0,0.0553375780582428
0,0.04915684089064598
0,0.05365586280822754
0,0.08635485917329788
0,0.09012623131275177
0,0.09922126680612564
0,0.09227310121059418
0,0.07884880900382996
0,0.061895620077848434
0,0.04396133869886398
0,0.02675054594874382
0,0.05657772347331047
0,0.0660669207572937
0,0.05225224047899246
0,0.053907036781311035
0,0.06576350331306458
0,0.0433599054813385
0,0.07162933051586151
0,0.08990044891834259
0,0.09603305906057358
0,0.12142421305179596
0,0.07799006998538971
0,0.04554031416773796
0,0.06290359050035477
0,0.10550291836261749
0,0.14654186367988586
0,0.1460428535938263
0,0.16707362234592438
0,0.1657675802707672
0,0.15267282724380493
0,0.16257837414741516
0,0.07563511282205582
0,0.05204574391245842
0,0.06042058393359184
0,0.03224839270114899
0,0.027635488659143448
0,0.06504949927330017
0,0.06552965939044952
0,0.06871828436851501
0,0.08017028868198395
0,0.08267895877361298
0,0.04081664979457855
0,0.04228081926703453
0,0.05976339429616928
0,0.07297836244106293
0,0.06164097040891647
0,0.07664796710014343
0,0.09027787297964096
0,0.11369795352220535
0,0.15984012186527252
0,0.21111801266670227
0,0.2753988802433014
0,0.2625214755535126
0,0.21950626373291016
0,0.23422633111476898
0,0.22886787354946136
0,0.18236730992794037
0,0.12480996549129486
0,0.08071961253881454
0,0.05192123353481293
0,0.050594717264175415
0,0.07272476702928543
0,0.10720935463905334
0,0.08575034141540527
0,0.06283984333276749
0,0.047913793474435806
0,0.06471221148967743
0,0.06755132228136063
0,0.08068262785673141
0,0.08131690323352814
0,0.09443265944719315
0,0.13003703951835632
0,0.14182895421981812
0,0.13296619057655334
0,0.11672089993953705
0,0.07248377054929733
0,0.060640618205070496
0,0.06337632983922958
0,0.08554671704769135
0,0.0936049073934555
0,0.09929312765598297
0,0.09788426011800766
0,0.14184726774692535
0,0.1359405815601349
0,0.11008816957473755
0,0.16518384218215942
0,0.13132187724113464
0,0.09355690330266953
0,0.11390779167413712
0,0.10757151991128922
0,0.07612260431051254
0,0.043625738471746445
0,0.051301997154951096
0,0.03483671322464943
0,0.04462894797325134
0,0.07648546993732452
0,0.0732920840382576
0,0.036880020052194595
0,0.07421165704727173
0,0.07221417129039764
0,0.07029887288808823
0,0.07189653813838959
0,0.06336312741041183
0,0.0688885748386383
0,0.11000325530767441
0,0.1349741816520691
0,0.18908488750457764
0,0.22754226624965668
0,0.17890650033950806
0,0.14786846935749054
0,0.11117488145828247
0,0.0778617262840271
0,0.07881820946931839
0,0.10948742926120758
0,0.11930452287197113
0,0.10923220962285995
0,0.09647729992866516
0,0.11452197283506393
0,0.09778567403554916
0,0.0947190448641777
0,0.0699402242898941
0,0.09878642857074738
0,0.09659907966852188
0,0.11531490087509155
0,0.09025133401155472
0,0.08197849988937378
0,0.1727231740951538
0,0.18229281902313232
0,0.15673847496509552
0,0.10612115263938904
0,0.13336056470870972
0,0.09985504299402237
0,0.09576583653688431
0,0.07907853275537491
0,0.11480607092380524
0,0.13713476061820984
0,0.09539525955915451
0,0.05273774266242981
0,0.07533659040927887
0,0.11696821451187134
0,0.2021021842956543
0,0.17568157613277435
0,0.18162289261817932
0,0.1837102174758911
0,0.17231784760951996
0,0.14060403406620026
0,0.11985014379024506
0,0.13471874594688416
0,0.13554809987545013
0,0.07493282109498978
0,0.07656092196702957
0,0.06809034198522568
0,0.05750065669417381
0,0.06094938516616821
0,0.040466539561748505
0,0.06763485074043274
0,0.07892633229494095
0,0.0891781821846962
0,0.08842328190803528
0,0.12689952552318573
0,0.15674404799938202
0,0.17035020887851715
0,0.17210140824317932
0,0.14475801587104797
0,0.10930579900741577
0,0.09872093051671982
0,0.06879489123821259
0,0.08391612023115158
0,0.1236066073179245
0,0.12835320830345154
0,0.1760227233171463
0,0.2288176566362381
0,0.2723996341228485
0,0.26660844683647156
0,0.25354310870170593
0,0.2533331513404846
0,0.23415599763393402
0,0.2301408052444458
0,0.20337924361228943
0,0.1793646514415741
0,0.15124006569385529
0,0.15922138094902039
0,0.11815936118364334
0,0.06508579105138779
0,0.11216393858194351
0,0.1269875168800354
0,0.12603969871997833
0,0.13485170900821686
0,0.1648406982421875
0,0.12586194276809692
0,0.14963631331920624
0,0.175148606300354
0,0.17649124562740326
0,0.15337000787258148
0,0.12292205542325974
0,0.13706226646900177
0,0.1232011616230011
0,0.14726130664348602
0,0.09952690452337265
0,0.06269094347953796
0,0.08912591636180878
0,0.09251146763563156
0,0.10539457947015762
0,0.08441981673240662
0,0.08903032541275024
0,0.0901380330324173
0,0.09366209805011749
0,0.11935827881097794
0,0.16414585709571838
0,0.16047678887844086
0,0.16120576858520508
0,0.13740912079811096
0,0.1299351155757904
0,0.08610532432794571
0,0.08410080522298813
0,0.08056074380874634
0,0.11238304525613785
0,0.16017578542232513
0,0.20890308916568756
0,0.22944064438343048
0,0.2809317708015442
0,0.29907408356666565
0,0.3069937825202942
0,0.23505885899066925
0,0.2103365808725357
0,0.19314123690128326
0,0.1800578236579895
0,0.1569802612066269
0,0.13842341303825378
0,0.1197463795542717
0,0.10756026208400726
0,0.12443158775568008
0,0.11291206628084183
0,0.11318027228116989
0,0.12441419810056686
0,0.09952837973833084
0,0.07479051500558853
0,0.051095493137836456
0,0.07208921760320663
0,0.053449422121047974
0,0.06940153986215591
0,0.08867082744836807
0,0.115153469145298
0,0.09401015937328339
0,0.05068597197532654
0,0.06594627350568771
0,0.08205009996891022
0,0.11744064092636108
0,0.13684268295764923
0,0.09115924686193466
0,0.07506441324949265
0,0.09283356368541718
0,0.07767368108034134
0,0.06187121197581291
0,0.08339233696460724
0,0.09246139228343964
0,0.0827857255935669
0,0.0680120512843132
0,0.07164299488067627
0,0.05959871783852577
0,0.09419465065002441
0,0.09707009047269821
0,0.10504550486803055
0,0.10809797048568726
0,0.0999792292714119
0,0.12199034541845322
0,0.1305345594882965
0,0.125737264752388
0,0.14479508996009827
0,0.14713263511657715
0,0.1383284479379654
0,0.14797991514205933
0,0.15541483461856842
0,0.15671662986278534
0,0.19638141989707947
0,0.2625187337398529
0,0.31875479221343994
0,0.3370910584926605
0,0.28356942534446716
0,0.20355910062789917
0,0.13642089068889618
0,0.09140323102474213
0,0.08963502198457718
0,0.07257094234228134
0,0.07649948447942734
0,0.07529493421316147
0,0.10386215895414352
0,0.1088709905743599
0,0.06449194997549057
0,0.04885716363787651
0,0.03149453178048134
0,0.014176353812217712
0,0.04144737496972084
0,0.06053710728883743
0,0.04442678019404411
0,0.05870583653450012
0,0.029425082728266716
0,0.019799239933490753
0,0.027614295482635498
0,0.06526320427656174
0,0.06450089067220688
0,0.03817859664559364
0,0.03681596741080284
0,0.04560653120279312
0,0.0657886266708374
0,0.10070887953042984
0,0.10282555967569351
0,0.1268540322780609
0,0.12531650066375732
0,0.19479912519454956
0,0.2321126013994217
0,0.25031647086143494
0,0.2671646773815155
0,0.2641127109527588
0,0.1872025430202484
0,0.115875743329525
0,0.08548032492399216
0,0.06068839877843857
0,0.06542069464921951
0,0.04956440627574921
0,0.0776970162987709
0,0.09198182821273804
0,0.1118808314204216
0,0.1058531180024147
0,0.11749643832445145
0,0.12209244817495346
0,0.1425611972808838
0,0.19413702189922333
0,0.2167842537164688
0,0.2349078357219696
0,0.16285482048988342
0,0.13622863590717316
0,0.10507798939943314
0,0.09620991349220276
0,0.05245506018400192
0,0.03769014775753021
0,0.08720521628856659
0,0.10785871744155884
0,0.11103717982769012
0,0.08700783550739288
0,0.05023614317178726
0,0.05525064840912819
0,0.052618034183979034
0,0.04102109372615814
0,0.04032878950238228
0,0.07789729535579681
0,0.09128715842962265
0,0.06446907669305801
0,0.04965208098292351
0,0.08668972551822662
0,0.09509517252445221
0,0.13402511179447174
0,0.15551923215389252
0,0.15959227085113525
0,0.15881556272506714
0,0.17625872790813446
0,0.16538006067276
0,0.13682502508163452
0,0.11216659843921661
0,0.08728193491697311
0,0.09560361504554749
0,0.10334482043981552
0,0.12906360626220703
0,0.10235380381345749
0,0.12766067683696747
0,0.17596104741096497
0,0.20077817142009735
0,0.2387707382440567
0,0.24648906290531158
0,0.2147468626499176
0,0.21622903645038605
0,0.2404938042163849
0,0.23096470534801483
0,0.20584610104560852
0,0.17096664011478424
0,0.1588873267173767
0,0.18907058238983154
0,0.20847320556640625
0,0.2127029001712799
0,0.17927275598049164
0,0.17474709451198578
0,0.17478501796722412
0,0.12267687916755676
0,0.07822296768426895
0,0.08734734356403351
0,0.09604489058256149
0,0.10870146751403809
0,0.16824397444725037
0,0.16564837098121643
0,0.15538795292377472
0,0.1377551555633545
0,0.13681501150131226
0,0.1389472782611847
0,0.1261710673570633
0,0.12492398917675018
0,0.17286816239356995
0,0.12281972169876099
0,0.11981962621212006
0,0.10104122757911682
0,0.09290964156389236
0,0.054629914462566376
0,0.06306370347738266
0,0.08536526560783386
0,0.12263884395360947
0,0.13866224884986877
0,0.18260017037391663
0,0.2024274468421936
0,0.1790095567703247
0,0.16019386053085327
0,0.17119981348514557
0,0.11128846555948257
0,0.07568464428186417
0,0.046949341893196106
0,0.06018718704581261
0,0.05559001863002777
0,0.09054899960756302
0,0.14788216352462769
0,0.13636928796768188
0,0.1816747486591339
0,0.22995805740356445
0,0.2690927982330322
0,0.22141170501708984
0,0.17122480273246765
0,0.12329067289829254
0,0.0958380326628685
0,0.05833270400762558
0,0.049017611891031265
0,0.07408422976732254
0,0.07647372037172318
0,0.05012452229857445
0,0.044189754873514175
0,0.05702134594321251
0,0.06901753693819046
0,0.07813286781311035
0,0.09836228936910629
0,0.13644245266914368
0,0.1474543958902359
0,0.13725772500038147
0,0.10486750304698944
0,0.10538684576749802
0,0.11544236540794373
0,0.12771162390708923
0,0.15127278864383698
0,0.1882731318473816
0,0.21522285044193268
0,0.20448143780231476
0,0.21076534688472748
0,0.19519735872745514
0,0.15855467319488525
0,0.1053767204284668
0,0.0806313082575798
0,0.087957963347435
0,0.07762487232685089
0,0.09564290940761566
0,0.08905744552612305
0,0.08693500608205795
0,0.07465319335460663
0,0.08571949601173401
0,0.09798763692378998
0,0.10196757316589355
0,0.11394907534122467
0,0.1522887945175171
0,0.1389981508255005
0,0.14169174432754517
0,0.1474558264017105
0,0.153538316488266
0,0.13689853250980377
0,0.1417597532272339
0,0.13431577384471893
0,0.1333966851234436
0,0.1415814608335495
0,0.13197118043899536
0,0.17960186302661896
0,0.23070809245109558
0,0.2502073049545288
0,0.16436639428138733
0,0.16231994330883026
0,0.14419980347156525
0,0.17821303009986877
0,0.12515124678611755
0,0.11120512336492538
0,0.09242015331983566
0,0.09481190145015717
0,0.1169787272810936
0,0.08113729953765869
0,0.05995318666100502
0,0.06023024022579193
0,0.05344365909695625
0,0.03964029252529144
0,0.07274960726499557
0,0.08074276149272919
0,0.09472449868917465
0,0.13211506605148315
0,0.15152040123939514
0,0.16061989963054657
0,0.18484599888324738
0,0.14768707752227783
0,0.12866990268230438
0,0.19830121099948883
0,0.1595241278409958
0,0.15526773035526276
0,0.19620613753795624
0,0.1701759696006775
0,0.15677118301391602
0,0.17401623725891113
0,0.1718950867652893
0,0.16868166625499725
0,0.18894246220588684
0,0.19291329383850098
0,0.187595397233963
0,0.18755748867988586
0,0.20137310028076172
0,0.2170666754245758
0,0.1822439432144165
0,0.1463003009557724
0,0.11697537451982498
0,0.07450416684150696
0,0.06503678858280182
0,0.0800541490316391
0,0.09552150219678879
0,0.10003741085529327
0,0.11164228618144989
0,0.1441103219985962
0,0.14641691744327545
0,0.14859604835510254
0,0.14223279058933258
0,0.13671718537807465
0,0.09488823264837265
0,0.060142550617456436
0,0.08266539871692657
0,0.09117290377616882
0,0.13815592229366302
0,0.13194610178470612
0,0.16400644183158875
0,0.17751027643680573
0,0.14470656216144562
0,0.19931121170520782
0,0.16043338179588318
0,0.16225481033325195
0,0.13973811268806458
0,0.12830796837806702
0,0.08565132319927216
0,0.05494431033730507
0,0.047492288053035736
0,0.0406009703874588
0,0.028505075722932816
0,0.05656333267688751
0,0.07918846607208252
0,0.11485767364501953
0,0.0794113501906395
0,0.07367343455553055
0,0.06864292919635773
0,0.08127161115407944
0,0.08190447092056274
0,0.054707709699869156
0,0.0409730039536953
0,0.05998791381716728
0,0.03379828855395317
0,0.019799022004008293
0,0.02223287709057331
0,0.02981710433959961
0,0.05520449951291084
0,0.06081796810030937
0,0.08287020027637482
0,0.03815057873725891
0,0.03725732862949371
0,0.039540406316518784
0,0.05777774751186371
0,0.06759121268987656
0,0.07028883695602417
0,0.08505498617887497
0,0.10278896987438202
0,0.14334039390087128
0,0.17205166816711426
0,0.1939978450536728
0,0.19323953986167908
0,0.1538253277540207
0,0.11528655886650085
0,0.10845775902271271
0,0.0990879014134407
0,0.05778631567955017
0,0.068110890686512
0,0.08204221725463867
0,0.09569720178842545
0,0.11938638240098953
0,0.0812317505478859
0,0.08364535868167877
0,0.07486294955015182
0,0.07278219610452652
0,0.06186115741729736
0,0.08109094947576523
0,0.10389796644449234
0,0.11157967150211334
0,0.13935984671115875
0,0.09776313602924347
0,0.10344650596380234
0,0.10368435084819794
0,0.14305919408798218
0,0.10163195431232452
0,0.08194789290428162
0,0.06534094363451004
0,0.044612541794776917
0,0.06321229785680771
0,0.039882414042949677
0,0.05581355094909668
0,0.06150393187999725
0,0.069611556828022
0,0.08731357008218765
0,0.10403046011924744
0,0.10856424272060394
0,0.12322031706571579
0,0.12551777064800262
0,0.1492764800786972
0,0.1391892284154892
0,0.09112924337387085
0,0.08876066654920578
0,0.07294456660747528
0,0.09432781487703323
0,0.09043257683515549
0,0.11442075669765472
0,0.09282840043306351
0,0.05337982997298241
0,0.054083049297332764
0,0.0722605437040329
0,0.07398916035890579
0,0.0768720880150795
0,0.11240774393081665
0,0.12767647206783295
0,0.1439138799905777
0,0.12302219867706299
0,0.1105538010597229
0,0.12580616772174835
0,0.13824112713336945
0,0.13557879626750946
0,0.14830566942691803
0,0.14935550093650818
0,0.14493170380592346
0,0.15556268393993378
0,0.16475102305412292
0,0.15348586440086365
0,0.1809844672679901
0,0.23103183507919312
0,0.2911621332168579
0,0.22621950507164001
0,0.1673808991909027
0,0.1262001395225525
0,0.102296844124794
0,0.10595905035734177
0,0.09496644884347916
0,0.09152595698833466
0,0.10100933909416199
0,0.09194985777139664
0,0.05671299993991852
0,0.08527683466672897
0,0.07001368701457977
0,0.06455859541893005
0,0.1357285976409912
0,0.20635874569416046
0,0.22339071333408356
0,0.22816720604896545
0,0.19460776448249817
0,0.15732917189598083
0,0.14751912653446198
0,0.11427483707666397
0,0.0774906650185585
0,0.06396425515413284
0,0.10556895285844803
0,0.12936921417713165
0,0.14335377514362335
0,0.15702909231185913
0,0.148453950881958
0,0.13806304335594177
0,0.14290474355220795
0,0.11421998590230942
0,0.12350033223628998
0,0.16757486760616302
0,0.21439769864082336
0,0.2421688586473465
0,0.2879878282546997
0,0.2894834280014038
0,0.2873937785625458
0,0.338340163230896
0,0.28329646587371826
0,0.27352601289749146
0,0.2624078094959259
0,0.22360800206661224
0,0.22920221090316772
0,0.2331904172897339
0,0.21143105626106262
0,0.18182197213172913
0,0.21804775297641754
0,0.19201581180095673
0,0.14696037769317627
0,0.1783650517463684
0,0.1782691925764084
0,0.17840705811977386
0,0.14976969361305237
0,0.17294703423976898
0,0.1612648069858551
0,0.19934193789958954
0,0.23775076866149902
0,0.18100185692310333
0,0.16677609086036682
0,0.16212740540504456
0,0.19993972778320312
0,0.15289929509162903
0,0.14850501716136932
0,0.1480661928653717
0,0.1685710996389389
0,0.2183150351047516
0,0.23300901055335999
0,0.23309855163097382
0,0.19298306107521057
0,0.2105747014284134
0,0.23679900169372559
0,0.22383762896060944
0,0.18225562572479248
0,0.12203933298587799
0,0.06525105983018875
0,0.04254590719938278
0,0.07557564228773117
0,0.11183366924524307
0,0.11784452944993973
0,0.11990763992071152
0,0.12693627178668976
0,0.13265809416770935
0,0.11606612056493759
0,0.10967687517404556
0,0.09714829176664352
0,0.09499569237232208
0,0.10546554625034332
0,0.0984724909067154
0,0.11495358496904373
0,0.11109281331300735
0,0.07951366156339645
0,0.0665438324213028
0,0.0647958442568779
0,0.10187030583620071
0,0.1452496200799942
0,0.1902025192975998
0,0.198640838265419
0,0.1794741153717041
0,0.11250019073486328
0,0.06790278106927872
0,0.09087597578763962
0,0.0923510491847992
0,0.13494837284088135
0,0.18354976177215576
0,0.157314270734787
0,0.11426850408315659
0,0.09503097087144852
0,0.08858846873044968
0,0.10815515369176865
0,0.05608430877327919
0,0.03916819393634796
0,0.036189548671245575
0,0.0571882389485836
0,0.06218240410089493
0,0.049662888050079346
0,0.07449460029602051
0,0.09206323325634003
0,0.1395663321018219
0,0.18640370666980743
0,0.16277752816677094
0,0.15915414690971375
0,0.19281567633152008
0,0.23182977735996246
0,0.22355790436267853
0,0.19332587718963623
0,0.19813644886016846
0,0.17923834919929504
0,0.17491692304611206
0,0.17236711084842682
0,0.1334313601255417
0,0.09494815021753311
0,0.08694835752248764
0,0.05797920748591423
0,0.0696704164147377
0,0.07028407603502274
0,0.025856826454401016
0,0.017187170684337616
0,0.044432997703552246
0,0.04696290194988251
0,0.025186194106936455
0,0.03790213540196419
0,0.025274287909269333
0,0.035708602517843246
0,0.043518323451280594
0,0.06267090141773224
0,0.03216218948364258
0,0.023200098425149918
0,0.08679351210594177
0,0.11759567260742188
0,0.10806665569543839
0,0.12018457055091858
0,0.1627994179725647
0,0.15263314545154572
0,0.19267526268959045
0,0.1807752102613449
0,0.15334251523017883
0,0.11315330117940903
0,0.13411417603492737
0,0.14805732667446136
0,0.14437027275562286
0,0.11946800351142883
0,0.12840522825717926
0,0.1389576941728592
0,0.12077037245035172
0,0.13043129444122314
0,0.19890810549259186
0,0.16488796472549438
0,0.11460985988378525
0,0.11365517973899841
0,0.12044868618249893
0,0.11850759387016296
0,0.11904695630073547
0,0.11557133495807648
0,0.08633067458868027
0,0.10648691654205322
0,0.12794549763202667
0,0.1616935133934021
0,0.15702539682388306
0,0.11132778972387314
0,0.07832369208335876
0,0.10908786207437515
0,0.18555577099323273
0,0.1830568015575409
0,0.18552705645561218
0,0.13405486941337585
0,0.0779508501291275
0,0.07735741883516312
0,0.07845225185155869
0,0.0649850070476532
0,0.04094836860895157
0,0.031826481223106384
0,0.10220159590244293
0,0.11854803562164307
0,0.15765318274497986
0,0.1658308207988739
0,0.12968900799751282
0,0.13081403076648712
0,0.1209690198302269
0,0.13030175864696503
0,0.1324595957994461
0,0.13161085546016693
0,0.12942931056022644
0,0.1495014876127243
0,0.13282710313796997
0,0.11254352331161499
0,0.10092297196388245
0,0.10334347933530807
0,0.09619934111833572
0,0.09817811846733093
0,0.08529527485370636
0,0.0775013193488121
0,0.09390853345394135
0,0.09854403883218765
0,0.07860064506530762
0,0.042568158358335495
0,0.03924979642033577
0,0.03663594275712967
0,0.03217552602291107
0,0.06436314433813095
0,0.12827108800411224
0,0.11228177696466446
0,0.06716449558734894
0,0.08738191425800323
0,0.07446642965078354
0,0.08510421961545944
0,0.09582889825105667
0,0.09837383031845093
0,0.10152753442525864
0,0.09506292641162872
0,0.059835780411958694
0,0.03274814784526825
0,0.04782630503177643
0,0.0956471711397171
0,0.10730952769517899
0,0.06868446618318558
0,0.05905488505959511
0,0.10041579604148865
0,0.10274466127157211
0,0.10368119925260544
0,0.10247648507356644
0,0.13049006462097168
0,0.1214536651968956
0,0.14369603991508484
0,0.13648323714733124
0,0.15136432647705078
0,0.14244797825813293
0,0.13488322496414185
0,0.13915784657001495
0,0.13529369235038757
0,0.12327252328395844
0,0.11250608414411545
0,0.07623407989740372
0,0.056713324040174484
0,0.05666540935635567
0,0.06459879130125046
0,0.10268012434244156
0,0.1347607970237732
0,0.11901666224002838
0,0.17136362195014954
0,0.15603113174438477
0,0.19434456527233124
0,0.15530917048454285
0,0.1469389945268631
0,0.10584216564893723
0,0.07038130611181259
0,0.10946179926395416
0,0.09603288769721985
0,0.07186958938837051
0,0.03977775573730469
0,0.04842868074774742
0,0.0626252144575119
0,0.07284652441740036
0,0.12717996537685394
0,0.13424502313137054
0,0.1519341766834259
0,0.19413967430591583
0,0.25655049085617065
0,0.3077465295791626
0,0.2886740267276764
0,0.21669699251651764
0,0.14975608885288239
0,0.14852608740329742
0,0.158916637301445
0,0.14808395504951477
0,0.13853217661380768
0,0.1371614933013916
0,0.16193440556526184
0,0.21314267814159393
0,0.30815282464027405
0,0.28666532039642334
0,0.20902441442012787
0,0.14935219287872314
0,0.14024381339550018
0,0.1155136376619339
0,0.08537985384464264
0,0.05770014598965645
0,0.0348963737487793
0,0.05061798542737961
0,0.08945683389902115
0,0.09670528769493103
0,0.07831289619207382
0,0.07750631123781204
0,0.0821545198559761
0,0.0774197056889534
0,0.10317707061767578
0,0.10223772376775742
0,0.10222888737916946
0,0.13048964738845825
0,0.1042904406785965
0,0.11166849732398987
0,0.09203077852725983
0,0.1007407009601593
0,0.08546914905309677
0,0.08169157058000565
0,0.07390337437391281
0,0.05442192405462265
0,0.09151303768157959
0,0.0867268517613411
0,0.09898480027914047
0,0.09208796173334122
0,0.1011519506573677
0,0.0834377333521843
0,0.05994842201471329
0,0.06455423682928085
0,0.07161195576190948
0,0.06301478296518326
0,0.06868303567171097
0,0.04623303562402725
0,0.03887052461504936
0,0.06829504668712616
0,0.1072310209274292
0,0.08238853514194489
0,0.11164114624261856
0,0.0668240338563919
0,0.06947208195924759
0,0.04230380803346634
0,0.0518680214881897
0,0.0990392416715622
0,0.1422431915998459
0,0.12543885409832
0,0.1347343623638153
0,0.19886110723018646
0,0.20673590898513794
0,0.23548336327075958
0,0.23796376585960388
0,0.20278620719909668
0,0.20865023136138916
0,0.20240674912929535
0,0.16037213802337646
0,0.11926527321338654
0,0.1317766159772873
0,0.08484547585248947
0,0.05504021421074867
0,0.030964095145463943
0,0.04752747341990471
0,0.08658014237880707
0,0.09133360534906387
0,0.10634833574295044
0,0.14796777069568634
0,0.11046580225229263
0,0.07157506793737411
0,0.0851808562874794
0,0.13059711456298828
0,0.17125295102596283
0,0.10096977651119232
0,0.07023417204618454
0,0.08438272774219513
0,0.099504753947258
0,0.11898797750473022
0,0.12402219325304031
0,0.12206980586051941
0,0.10055550932884216
0,0.12062543630599976
0,0.08034937083721161
0,0.0463445819914341
0,0.07185381650924683
0,0.09031349420547485
0,0.02889392152428627
0,0.032803766429424286
0,0.05019094794988632
0,0.05043645575642586
0,0.06435336917638779
0,0.09170860052108765
0,0.08906561136245728
0,0.06449447572231293
0,0.11647306382656097
0,0.1665022373199463
0,0.16934877634048462
0,0.17463186383247375
0,0.17402403056621552
0,0.19507741928100586
0,0.18460920453071594
0,0.1803089678287506
0,0.16010041534900665
0,0.17024774849414825
0,0.16432465612888336
0,0.1609688699245453
0,0.1891903430223465
0,0.2512737512588501
0,0.24552813172340393
0,0.21859996020793915
0,0.18885456025600433
0,0.14265957474708557
0,0.14392907917499542
0,0.12206971645355225
0,0.08319854736328125
0,0.05697879567742348
0,0.048245612531900406
0,0.02405291609466076
0,0.05732106789946556
0,0.07120838761329651
0,0.07735124230384827
0,0.10294601321220398
0,0.10682864487171173
0,0.14235834777355194
0,0.15098461508750916
0,0.17088471353054047
0,0.1492043435573578
0,0.13409334421157837
0,0.10833577811717987
0,0.08105074614286423
0,0.10362979769706726
0,0.07543106377124786
0,0.06257280707359314
0,0.03585873171687126
0,0.04508327692747116
0,0.05628962069749832
0,0.06845978647470474
0,0.059013739228248596
0,0.07267086952924728
0,0.06445503234863281
0,0.06490392982959747
0,0.08361944556236267
0,0.07676596194505692
0,0.06805751472711563
0,0.10261382907629013
0,0.05840642750263214
0,0.06770357489585876
0,0.070467010140419
0,0.09297818690538406
0,0.10539908707141876
0,0.12007664144039154
0,0.1503276526927948
0,0.15979811549186707
0,0.14082856476306915
0,0.07887546718120575
0,0.10696981847286224
0,0.08174902200698853
0,0.08975814282894135
0,0.05460846796631813
0,0.08161109685897827
0,0.06343050301074982
0,0.06259775906801224
0,0.07954932004213333
0,0.055990297347307205
0,0.07837633788585663
0,0.058640968054533005
0,0.06991880387067795
0,0.06079523265361786
0,0.05086216330528259
0,0.08175873756408691
0,0.059906672686338425
0,0.047417767345905304
0,0.0393693707883358
0,0.047005511820316315
0,0.05005301907658577
0,0.0742926225066185
0,0.09603536128997803
0,0.09298863261938095
0,0.08390142023563385
0,0.06530451774597168
0,0.04772051051259041
0,0.043871745467185974
0,0.043256308883428574
0,0.03738945722579956
0,0.056748878210783005
0,0.06762795895338058
0,0.10453647375106812
0,0.11399726569652557
0,0.12039937824010849
0,0.12326601892709732
0,0.12761558592319489
0,0.13645930588245392
0,0.14303752779960632
0,0.13781629502773285
0,0.14508360624313354
0,0.1771034300327301
0,0.19478149712085724
0,0.1972106695175171
0,0.20988298952579498
0,0.17748551070690155
0,0.1851506382226944
0,0.14211119711399078
0,0.13784843683242798
0,0.1382124274969101
0,0.08416923880577087
0,0.047218549996614456
0,0.034555114805698395
0,0.05012093111872673
0,0.07772040367126465
0,0.09914792329072952
0,0.07223416864871979
0,0.06590045988559723
0,0.05759841576218605
0,0.06593741476535797
0,0.07685911655426025
0,0.0403718426823616
0,0.04876385256648064
0,0.05309448018670082
0,0.05616796016693115
0,0.04264096915721893
0,0.03913383185863495
0,0.035752661526203156
0,0.039213985204696655
0,0.045302942395210266
0,0.06300410628318787
0,0.0768142119050026
0,0.0768771544098854
0,0.09041017293930054
0,0.09816717356443405
0,0.10877489298582077
0,0.09649306535720825
0,0.08304394781589508
0,0.07305926084518433
0,0.05441310629248619
0,0.05224064365029335
0,0.0496438704431057
0,0.03643964231014252
0,0.03362778201699257
0,0.037731386721134186
0,0.04063393920660019
0,0.04955453798174858
0,0.07635561376810074
0,0.10861442983150482
0,0.10391978174448013
0,0.10826569050550461
0,0.141185000538826
0,0.1564561277627945
0,0.15179358422756195
0,0.17621393501758575
0,0.1373499482870102
0,0.14342814683914185
0,0.175743967294693
0,0.2345668226480484
0,0.22433272004127502
0,0.23459364473819733
0,0.20197142660617828
0,0.15498602390289307
0,0.1758517175912857
0,0.16508322954177856
0,0.1547624170780182
0,0.12716767191886902
0,0.08957456052303314
0,0.04547133296728134
0,0.0461258590221405
0,0.06746038794517517
0,0.0715670958161354
0,0.07695981860160828
0,0.06041167676448822
0,0.04382383078336716
0,0.05504755675792694
0,0.05905161798000336
0,0.08300083130598068
0,0.09531446546316147
0,0.0921710729598999
0,0.04819164052605629
0,0.06373573839664459
0,0.09408781677484512
0,0.06712896376848221
0,0.0381658673286438
0,0.010907445102930069
0,0.032436203211545944
0,0.05291546508669853
0,0.03453494608402252
0,0.012251434847712517
0,0.05805877223610878
0,0.11603641510009766
0,0.10667877644300461
0,0.06845346093177795
0,0.06972670555114746
0,0.08690009266138077
0,0.11827338486909866
0,0.16680297255516052
0,0.18405458331108093
0,0.20383833348751068
0,0.16013015806674957
0,0.12431696802377701
0,0.10617344081401825
0,0.1044427752494812
0,0.09620819985866547
0,0.09465693682432175
0,0.10395865142345428
0,0.10262394696474075
0,0.09851443767547607
0,0.109435074031353
0,0.10670251399278641
0,0.10656051337718964
0,0.1164664477109909
0,0.12507982552051544
0,0.09955565631389618
0,0.10203420370817184
0,0.0981932133436203
0,0.11493337899446487
0,0.09051552414894104
0,0.08694329112768173
0,0.08342435210943222
0,0.09082881361246109
0,0.13568754494190216
0,0.13446742296218872
0,0.1425393521785736
0,0.13448742032051086
0,0.14160212874412537
0,0.1417035311460495
0,0.12252356112003326
0,0.09384608268737793
0,0.06955374032258987
0,0.07014770060777664
0,0.09252258390188217
0,0.11144337803125381
0,0.09491410106420517
0,0.0705924853682518
0,0.03351495787501335
0,0.054944783449172974
0,0.04206455871462822
0,0.05459081754088402
0,0.07385469973087311
0,0.06566688418388367
0,0.09154751151800156
0,0.09715994447469711
0,0.06341268122196198
0,0.062117863446474075
0,0.0420612096786499
0,0.01981962099671364
0,0.03493211418390274
0,0.07119236141443253
0,0.0497269332408905
0,0.06925873458385468
0,0.10134603828191757
0,0.13447405397891998
0,0.1576375961303711
0,0.2173871397972107
0,0.28757244348526
0,0.3262079060077667
0,0.33234360814094543
0,0.33215951919555664
0,0.3324734568595886
0,0.30480581521987915
0,0.23498982191085815
0,0.18485599756240845
0,0.16533376276493073
0,0.1715770810842514
0,0.17180809378623962
0,0.1351669281721115
0,0.129446342587471
0,0.1662207692861557
0,0.19166509807109833
0,0.2391904592514038
0,0.23223192989826202
0,0.17479650676250458
0,0.1518818736076355
0,0.16440601646900177
0,0.09059923887252808
0,0.09888649731874466
0,0.10422638058662415
0,0.06872887164354324
0,0.07862754166126251
0,0.0674826055765152
0,0.08945876359939575
0,0.08118250221014023
0,0.0917544811964035
0,0.05780608952045441
0,0.08105430006980896
0,0.05558294802904129
0,0.0631006732583046
0,0.03394198417663574
0,0.032444849610328674
0,0.027332859113812447
0,0.0271294005215168
0,0.01894482597708702
0,0.022256409749388695
0,0.029327696189284325
0,0.01869077980518341
0,0.035497020930051804
0,0.048941612243652344
0,0.04161699116230011
0,0.05412861332297325
0,0.05011281371116638
0,0.07099678367376328
0,0.04645471274852753
0,0.04814387112855911
0,0.03727102652192116
0,0.03977786749601364
0,0.07858901470899582
0,0.055024705827236176
0,0.050519827753305435
0,0.14080512523651123
0,0.08519846200942993
0,0.044122546911239624
0,0.043825697153806686
0,0.05301598086953163
0,0.05889597907662392
0,0.03317548707127571
0,0.06576693058013916
0,0.06847203522920609
0,0.04869011417031288
0,0.06470657885074615
0,0.05737517401576042
0,0.036195576190948486
0,0.07707612216472626
0,0.06246262416243553
0,0.06778956949710846
0,0.05697983130812645
0,0.05293106287717819
0,0.04282110929489136
0,0.04648606479167938
0,0.02736196294426918
0,0.05105764418840408
0,0.03192569687962532
0,0.037134863436222076
0,0.052436958998441696
0,0.09589032828807831
0,0.1526566594839096
0,0.1725422888994217
0,0.14126116037368774
0,0.17689573764801025
0,0.11157839000225067
0,0.08703018724918365
0,0.05492185801267624
0,0.06044147163629532
0,0.06679059565067291
0,0.07263778150081635
0,0.082199327647686
0,0.08881670981645584
0,0.135222390294075
0,0.10062500834465027
0,0.09634198993444443
0,0.09547625482082367
0,0.05273513123393059
0,0.06492560356855392
0,0.10677818953990936
0,0.1461338996887207
0,0.20937879383563995
0,0.2572377026081085
0,0.2616786062717438
0,0.2897525727748871
0,0.270137220621109
0,0.2071009874343872
0,0.16273663938045502
0,0.12031033635139465
0,0.08202353119850159
0,0.050718069076538086
0,0.06427834182977676
0,0.06171237304806709
0,0.1221795380115509
0,0.11018624156713486
0,0.08635015040636063
0,0.10925989598035812
0,0.11259746551513672
0,0.07102106511592865
0,0.05532762035727501
0,0.03348366916179657
0,0.030415434390306473
0,0.05273155868053436
0,0.053798750042915344
0,0.08637554198503494
0,0.12186288833618164
0,0.08359766006469727
0,0.07306376099586487
0,0.09341929852962494
0,0.11567343771457672
0,0.09631837904453278
0,0.11275614798069
0,0.12836872041225433
0,0.11722354590892792
0,0.0973711684346199
0,0.05206003785133362
0,0.04439660534262657
0,0.061097923666238785
0,0.033774469047784805
0,0.03732292354106903
0,0.06770068407058716
0,0.042358241975307465
0,0.09101389348506927
0,0.10959982126951218
0,0.06212494522333145
0,0.04269562289118767
0,0.07506254315376282
0,0.03793181851506233
0,0.0545252226293087
0,0.07670330256223679
0,0.1215646043419838
0,0.13409245014190674
0,0.2019570916891098
0,0.24554090201854706
0,0.2817175090312958
0,0.330162912607193
0,0.3422418534755707
0,0.31187063455581665
0,0.2333747297525406
0,0.19991998374462128
0,0.17076896131038666
0,0.11946917325258255
0,0.09182479232549667
0,0.07844477146863937
0,0.08022235333919525
0,0.08314774185419083
0,0.07599267363548279
0,0.10045194625854492
0,0.08388674259185791
0,0.0714750811457634
0,0.0585186667740345
0,0.06524733453989029
0,0.04191777482628822
0,0.041943587362766266
0,0.04352699965238571
0,0.04489820823073387
0,0.022718647494912148
0,0.03982735797762871
0,0.034529950469732285
0,0.055320821702480316
0,0.06368418782949448
0,0.06892754137516022
0,0.08182165771722794
0,0.0882163718342781
0,0.08605554699897766
0,0.09028767049312592
0,0.08286409825086594
0,0.06311500072479248
0,0.08539686352014542
0,0.08581697195768356
0,0.10081581771373749
0,0.0974990501999855
0,0.11776849627494812
0,0.13773658871650696
0,0.10183171182870865
0,0.0409233532845974
0,0.010402523912489414
0,0.003354721935465932
0,0.015948845073580742
0,0.039505258202552795
0,0.04442385211586952
0,0.03579327091574669
0,0.038289155811071396
0,0.031017698347568512
0,0.04087713733315468
0,0.08318769931793213
0,0.14447389543056488
0,0.1708984076976776
0,0.2483942210674286
0,0.2512975037097931
0,0.29468217492103577
0,0.2779969274997711
0,0.27881354093551636
0,0.22366276383399963
0,0.17490150034427643
0,0.12675386667251587
0,0.06743016093969345
0,0.08390048146247864
0,0.05047357454895973
0,0.04601723328232765
0,0.031369928270578384
0,0.05634817108511925
0,0.04744665324687958
0,0.02349463477730751
0,0.06333541125059128
0,0.08189502358436584
0,0.061952486634254456
0,0.06435894221067429
0,0.09411672502756119
0,0.06213466078042984
0,0.0483398400247097
0,0.07783419638872147
0,0.07840748131275177
0,0.0968901589512825
0,0.09563998878002167
0,0.10321635752916336
0,0.10242446511983871
0,0.07113881409168243
0,0.03241177648305893
0,0.05948519706726074
0,0.07890893518924713
0,0.04435884952545166
0,0.046223338693380356
0,0.025442849844694138
0,0.03730003535747528
0,0.06441966444253922
0,0.04096974804997444
0,0.05805410072207451
0,0.06511664390563965
0,0.06454088538885117
0,0.069827601313591
0,0.0656849592924118
0,0.067996084690094
0,0.06963276863098145
0,0.05153695121407509
0,0.04251493141055107
0,0.0717894434928894
0,0.11056375503540039
0,0.1760070025920868
0,0.2258089929819107
0,0.23868665099143982
0,0.2128402590751648
0,0.24714277684688568
0,0.1844141185283661
0,0.16262370347976685
0,0.11158817261457443
0,0.04851116985082626
0,0.04008614644408226
0,0.0553923062980175
0,0.07574108242988586
0,0.09015791118144989
0,0.06763062626123428
0,0.06978152692317963
0,0.07807884365320206
0,0.06726889312267303
0,0.05521121248602867
0,0.08502423763275146
0,0.1014087051153183
0,0.10839100182056427
0,0.0883205458521843
0,0.05113234743475914
0,0.050734441727399826
0,0.04789192974567413
0,0.03912503644824028
0,0.050767771899700165
0,0.06187579408288002
0,0.09002894163131714
0,0.09725242853164673
0,0.10723744332790375
0,0.12925441563129425
0,0.14524538815021515
0,0.11679361015558243
0,0.10089000314474106
0,0.09604248404502869
0,0.0942448079586029
0,0.09553346782922745
0,0.07580609619617462
0,0.07858380675315857
0,0.0550525039434433
0,0.050211101770401
0,0.0493888333439827
0,0.03513109311461449
0,0.04364316910505295
0,0.05681956931948662
0,0.0839042067527771
0,0.08010458201169968
0,0.06339186429977417
0,0.07482920587062836
0,0.07546728849411011
0,0.08204809576272964
0,0.07141666114330292
0,0.06953203678131104
0,0.08349718153476715
0,0.10221409797668457
0,0.10160823166370392
0,0.10936064273118973
0,0.13847634196281433
0,0.15690207481384277
0,0.13685066998004913
0,0.13037008047103882
0,0.1287490278482437
0,0.09257055819034576
0,0.08495640009641647
0,0.03609248995780945
0,0.04810693860054016
0,0.07145137339830399
0,0.06453552842140198
0,0.07069723308086395
0,0.048474010080099106
0,0.07191704958677292
0,0.06488169729709625
0,0.06097963824868202
0,0.08414044976234436
0,0.08842529356479645
0,0.09649179130792618
0,0.0793326199054718
0,0.1279086321592331
0,0.09433724731206894
0,0.13525435328483582
0,0.18933844566345215
0,0.1460050344467163
0,0.10090307146310806
0,0.0846608504652977
0,0.1208648756146431
0,0.07396896183490753
0,0.09566077589988708
0,0.08227567374706268
0,0.07761599868535995
0,0.07627014815807343
0,0.11769575625658035
0,0.13042397797107697
0,0.14324842393398285
0,0.1251085102558136
0,0.08492013067007065
0,0.09796760231256485
0,0.08103449642658234
0,0.09822526574134827
0,0.0765298455953598
0,0.035899218171834946
0,0.06184897571802139
0,0.05870991572737694
0,0.10513151437044144
0,0.12239642441272736
0,0.1363321989774704
0,0.11503776907920837
0,0.07959359139204025
0,0.11826740950345993
0,0.09090182185173035
0,0.08694206923246384
0,0.07169976830482483
0,0.0778937041759491
0,0.08720242977142334
0,0.09323851764202118
0,0.08926966041326523
0,0.08235730975866318
0,0.09354729950428009
0,0.0734180361032486
0,0.05799000710248947
0,0.065245121717453
0,0.05355573818087578
0,0.06176495552062988
0,0.060277633368968964
0,0.030940158292651176
0,0.03265056386590004
0,0.04667913168668747
0,0.04216831177473068
0,0.05996881425380707
0,0.09321919083595276
0,0.10719345510005951
0,0.12341733276844025
0,0.13518373668193817
0,0.12288104742765427
0,0.1206950768828392
0,0.1293485015630722
0,0.09116975963115692
0,0.08768372982740402
0,0.07128746807575226
0,0.030199142172932625
0,0.03144674748182297
0,0.03663085773587227
0,0.07407727092504501
0,0.07824166119098663
0,0.0832342877984047
0,0.08567997068166733
0,0.08777341991662979
0,0.08383503556251526
0,0.0880165845155716
0,0.07505407184362411
0,0.037950001657009125
0,0.042628899216651917
0,0.0534440279006958
0,0.043413687497377396
0,0.04017364978790283
0,0.04781405255198479
0,0.0394122377038002
0,0.042102355509996414
0,0.07195477187633514
0,0.05427722632884979
0,0.054533425718545914
0,0.07759326696395874
0,0.06627647578716278
0,0.1092531606554985
0,0.08707564324140549
0,0.12763705849647522
0,0.13354696333408356
0,0.15158240497112274
0,0.1552867442369461
0,0.09056621789932251
0,0.08348390460014343
0,0.03235580027103424
0,0.035257693380117416
0,0.02627992443740368
0,0.05169302597641945
0,0.07599706947803497
0,0.12056567519903183
0,0.10355764627456665
0,0.07669297605752945
0,0.08414945751428604
0,0.08612995594739914
0,0.054419562220573425
0,0.033342476934194565
0,0.061323728412389755
0,0.09271455556154251
0,0.11340253800153732
0,0.09986235946416855
0,0.13841292262077332
0,0.186656191945076
0,0.13513565063476562
0,0.1270815134048462
0,0.09810547530651093
0,0.06938458979129791
0,0.09290070831775665
0,0.1269971877336502
0,0.12544280290603638
0,0.08979054540395737
0,0.10203211009502411
0,0.08716262131929398
0,0.07134824246168137
0,0.0850614383816719
0,0.0824628546833992
0,0.06077859550714493
0,0.052316512912511826
0,0.03808291256427765
0,0.04923461005091667
0,0.05053262785077095
0,0.050867434591054916
0,0.044026345014572144
0,0.03621687367558479
0,0.04378870874643326
0,0.04632838815450668
0,0.050513606518507004
0,0.05157585069537163
0,0.07018452137708664
0,0.07773614674806595
0,0.09046869724988937
0,0.09555266797542572
0,0.08202114701271057
0,0.06497956812381744
0,0.06948816031217575
0,0.05775728076696396
0,0.05712161213159561
0,0.067752406001091
0,0.0552535317838192
0,0.052502892911434174
0,0.05547799915075302
0,0.07000640779733658
0,0.06798712909221649
0,0.06741851568222046
0,0.07909173518419266
0,0.07223419845104218
0,0.07457660138607025
0,0.09193024784326553
0,0.11900147050619125
0,0.14701949059963226
0,0.15572258830070496
0,0.1517128050327301
0,0.14451058208942413
0,0.13388559222221375
0,0.09148838371038437
0,0.07127369195222855
0,0.05818013474345207
0,0.09257765859365463
0,0.08048171550035477
0,0.049741316586732864
0,0.05917232483625412
0,0.06919459998607635
0,0.11078929156064987
0,0.12641631066799164
0,0.15135811269283295
0,0.20299027860164642
0,0.17842018604278564
0,0.14397284388542175
0,0.09691515564918518
0,0.09243422001600266
0,0.13245771825313568
0,0.13234663009643555
0,0.14743925631046295
0,0.1580408215522766
0,0.14961211383342743
0,0.16052603721618652
0,0.17377974092960358
0,0.19065523147583008
0,0.1442510485649109
0,0.08414258807897568
0,0.06954021751880646
0,0.07412280142307281
0,0.08570347726345062
0,0.06823500990867615
0,0.03992760553956032
0,0.056642621755599976
0,0.08033478260040283
0,0.11351855099201202
0,0.10466492921113968
0,0.15168556571006775
0,0.16629338264465332
0,0.13793331384658813
0,0.16863559186458588
0,0.1251445710659027
0,0.12227698415517807
0,0.08962761610746384
0,0.08134543895721436
0,0.0954332947731018
0,0.07222798466682434
0,0.04844153672456741
0,0.069902203977108
0,0.10390599817037582
0,0.08883592486381531
0,0.11479674279689789
0,0.12891726195812225
0,0.13139162957668304
0,0.13588833808898926
0,0.15746557712554932
0,0.10228503495454788
0,0.04063034430146217
0,0.05450541898608208
0,0.04876850172877312
0,0.03969476744532585
0,0.041275013238191605
0,0.07283590734004974
0,0.11370378732681274
0,0.08860152214765549
0,0.07192611694335938
0,0.079835906624794
0,0.09063038975000381
0,0.10928767174482346
0,0.08621291071176529
0,0.0790872871875763
0,0.09239620715379715
0,0.09578097611665726
0,0.12860792875289917
0,0.11050785332918167
0,0.0751606822013855
0,0.06126869097352028
0,0.20009751617908478
0,0.1702369749546051
0,0.1616566926240921
0,0.1932024359703064
0,0.24057303369045258
0,0.29888370633125305
0,0.38032597303390503
0,0.47409048676490784
0,0.4894386827945709
0,0.49176520109176636
0,0.48778781294822693
0,0.4957481622695923
0,0.48517441749572754
0,0.47262871265411377
0,0.4861067831516266
0,0.47365957498550415
0,0.4733877182006836
0,0.3937093913555145
0,0.287127286195755
0,0.1963079571723938
0,0.12983645498752594
0,0.09239369630813599
0,0.05123947188258171
0,0.06150202080607414
0,0.12560389935970306
0,0.16387130320072174
0,0.16784793138504028
0,0.15776212513446808
0,0.16173289716243744
0,0.21521854400634766
0,0.23831188678741455
0,0.2735162675380707
0,0.2696191072463989
0,0.26390382647514343
0,0.25981831550598145
0,0.26212406158447266
0,0.2622888684272766
0,0.23251578211784363
0,0.15939493477344513
0,0.10018252581357956
0,0.10370948910713196
0,0.17073537409305573
0,0.2172170728445053
0,0.2717166244983673
0,0.41610658168792725
0,0.32104727625846863
0,0.20682109892368317
0,0.10608159750699997
0,0.09346497058868408
0,0.15599803626537323
0,0.2121344804763794
0,0.28410857915878296
0,0.3709496557712555
0,0.3709169030189514
0,0.36951708793640137
0,0.3696412444114685
0,0.3652740716934204
0,0.36521536111831665
0,0.36527255177497864
0,0.365258127450943
0,0.3629855811595917
0,0.36352965235710144
0,0.3638887107372284
0,0.36563119292259216
0,0.3684541881084442
0,0.36844322085380554
0,0.3674130439758301
0,0.3667422831058502
0,0.36923620104789734
0,0.3692527711391449
0,0.36794960498809814
0,0.36723455786705017
0,0.3672139048576355
0,0.3395424783229828
0,0.2697635889053345
0,0.19651222229003906
0,0.1350567638874054
0,0.13415370881557465
0,0.18526217341423035
0,0.3304005563259125
0,0.4279128909111023
0,0.503974199295044
0,0.5800603628158569
0,0.6266890168190002
0,0.5783012509346008
0,0.5190269947052002
0,0.5491492748260498
0,0.45866572856903076
0,0.4557356834411621
0,0.42471057176589966
0,0.30416110157966614
0,0.2799500524997711
0,0.25608500838279724
0,0.25587138533592224
0,0.24453319609165192
0,0.2635650932788849
0,0.3000536859035492
0,0.339714378118515
0,0.35244300961494446
0,0.3396178185939789
0,0.3797909617424011
0,0.38371941447257996
0,0.3975055515766144
0,0.3831794559955597
0,0.3779270052909851
0,0.3676121234893799
0,0.3610752522945404
0,0.31806471943855286
0,0.28858518600463867
0,0.2614305913448334
0,0.2900490164756775
0,0.3629164695739746
0,0.3626808822154999
0,0.2538057565689087
0,0.21525798738002777
0,0.15455210208892822
0,0.10259056091308594
0,0.14463122189044952
0,0.22459310293197632
0,0.312756210565567
0,0.371132493019104
0,0.37111300230026245
0,0.364706814289093
0,0.29015299677848816
0,0.21470314264297485
0,0.1553652435541153
0,0.12569892406463623
0,0.12687575817108154
0,0.1757296919822693
0,0.30780965089797974
0,0.41610756516456604
0,0.4332088530063629
0,0.43298283219337463
0,0.3996466398239136
0,0.47194379568099976
0,0.5641704201698303
0,0.5941452980041504
0,0.4955211579799652
0,0.49393364787101746
0,0.2920176088809967
0,0.195136159658432
0,0.14047276973724365
0,0.07707247138023376
0,0.14638665318489075
0,0.22719623148441315
0,0.30245736241340637
0,0.37095198035240173
0,0.3709798753261566
0,0.37089425325393677
0,0.3695371150970459
0,0.36925581097602844
0,0.369262158870697
0,0.3691311776638031
0,0.3691578805446625
0,0.31066036224365234
0,0.23488830029964447
0,0.1557544618844986
0,0.11105906963348389
0,0.12561701238155365
0,0.1787600815296173
0,0.2173602432012558
0,0.3429863452911377
0,0.359657347202301
0,0.39585113525390625
0,0.37315893173217773
0,0.36953437328338623
0,0.3382021188735962
0,0.3134903907775879
0,0.3221811056137085
0,0.2589852809906006
0,0.24906109273433685
0,0.22119131684303284
0,0.21739812195301056
0,0.2498696744441986
0,0.24185632169246674
0,0.1784583032131195
0,0.11959375441074371
0,0.09752465039491653
0,0.10894716531038284
0,0.16006001830101013
0,0.23759178817272186
0,0.2997431755065918
0,0.2862766981124878
0,0.2202698290348053
0,0.17124952375888824
0,0.1475783735513687
0,0.1322493553161621
0,0.11104051768779755
0,0.11834312975406647
0,0.11241383850574493
0,0.09390690177679062
0,0.11429154127836227
0,0.18022969365119934
0,0.24466507136821747
0,0.28435009717941284
0,0.33704638481140137
0,0.34714412689208984
0,0.32796597480773926
0,0.3197864592075348
0,0.30301469564437866
0,0.2957525849342346
0,0.29528549313545227
0,0.27596014738082886
0,0.2409878820180893
0,0.23501169681549072
0,0.19843584299087524
0,0.191502183675766
0,0.1521897315979004
0,0.15463869273662567
0,0.17639048397541046
0,0.2185996025800705
0,0.26811742782592773
0,0.3287956416606903
0,0.4006047248840332
0,0.4481450021266937
0,0.4815090596675873
0,0.47237852215766907
0,0.49550703167915344
0,0.46904098987579346
0,0.44615820050239563
0,0.41649767756462097
0,0.4048140347003937
0,0.3759526312351227
0,0.32725265622138977
0,0.2628946900367737
0,0.21587690711021423
0,0.16158905625343323
0,0.12691448628902435
0,0.07940521836280823
0,0.06845593452453613
0,0.050384487956762314
0,0.058046840131282806
0,0.09240817278623581
0,0.09717795997858047
0,0.07764554023742676
0,0.09862921386957169
0,0.10586285591125488
0,0.09021961688995361
0,0.13546554744243622
0,0.15062326192855835
0,0.14992037415504456
0,0.1635201871395111
0,0.21636411547660828
0,0.24798746407032013
0,0.20261481404304504
0,0.2529839873313904
0,0.25555965304374695
0,0.29857179522514343
0,0.3472640812397003
0,0.30724066495895386
0,0.28478455543518066
0,0.24250219762325287
0,0.16661332547664642
0,0.11056669056415558
0,0.09483353793621063
0,0.12360339611768723
0,0.18798795342445374
0,0.21582508087158203
0,0.22859326004981995
0,0.17356522381305695
0,0.11270605772733688
0,0.09147879481315613
0,0.13947567343711853
0,0.22901001572608948
0,0.22476455569267273
0,0.1628546416759491
0,0.08907938748598099
0,0.10119270533323288
0,0.13964222371578217
0,0.1777486503124237
0,0.20969916880130768
0,0.20144852995872498
0,0.1384502798318863
0,0.09783153980970383
0,0.07287922501564026
0,0.0914137214422226
0,0.10236600786447525
0,0.09133385866880417
0,0.09372268617153168
0,0.11665567010641098
0,0.16065125167369843
0,0.18809817731380463
0,0.23676300048828125
0,0.2818400263786316
0,0.2891777455806732
0,0.29309317469596863
0,0.2945159077644348
0,0.28718218207359314
0,0.2701278030872345
0,0.26455411314964294
0,0.2041168361902237
0,0.18902301788330078
0,0.19470876455307007
0,0.19996292889118195
0,0.20052365958690643
0,0.13771705329418182
0,0.09745817631483078
0,0.09603898227214813
0,0.08711957186460495
0,0.14584290981292725
0,0.30754554271698
0,0.45241469144821167
0,0.39551448822021484
0,0.2599108815193176
0,0.14977219700813293
0,0.1046801283955574
0,0.1414475440979004
0,0.17672836780548096
0,0.2752283215522766
0,0.3599061369895935
0,0.3707577884197235
0,0.3707997798919678
0,0.37060341238975525
0,0.37043726444244385
0,0.3704306185245514
0,0.3702722489833832
0,0.31736963987350464
0,0.2249344289302826
0,0.17448990046977997
0,0.18755531311035156
0,0.24718806147575378
0,0.34180527925491333
0,0.507294774055481
0,0.6388982534408569
0,0.5856816172599792
0,0.43011513352394104
0,0.3585609793663025
0,0.3004259467124939
0,0.27760642766952515
0,0.27701616287231445
0,0.29266196489334106
0,0.31801652908325195
0,0.3388117849826813
0,0.3379543125629425
0,0.3469589054584503
0,0.34580644965171814
0,0.3307036757469177
0,0.33623039722442627
0,0.3334002196788788
0,0.3118562400341034
0,0.283161997795105
0,0.2727304995059967
0,0.23244547843933105
0,0.17700104415416718
0,0.08540082722902298
0,0.07939504086971283
0,0.11782300472259521
0,0.17610220611095428
0,0.2413158267736435
0,0.30006471276283264
0,0.2850925922393799
0,0.2136497050523758
0,0.16313698887825012
0,0.13615529239177704
0,0.13249503076076508
0,0.189692422747612
0,0.25128406286239624
0,0.22951346635818481
0,0.1742539405822754
0,0.12254735827445984
0,0.12258043140172958
0,0.16289545595645905
0,0.17391234636306763
0,0.1859230250120163
0,0.19150108098983765
0,0.12112043797969818
0,0.08408501744270325
0,0.07327096909284592
0,0.057470694184303284
0,0.0606255978345871
0,0.03677182272076607
0,0.055463649332523346
0,0.09036244451999664
0,0.14899542927742004
0,0.14204975962638855
0,0.1894589513540268
0,0.1959904134273529
0,0.16469737887382507
0,0.14459575712680817
0,0.12088839709758759
0,0.08122463524341583
0,0.08846966177225113
0,0.15654650330543518
0,0.18115364015102386
0,0.23927725851535797
0,0.29194366931915283
0,0.34369906783103943
0,0.38124462962150574
0,0.3973626494407654
0,0.3277859687805176
0,0.25491735339164734
0,0.2336713671684265
0,0.21036911010742188
0,0.1601133495569229
0,0.11038517206907272
0,0.09034545719623566
0,0.10250891000032425
0,0.07637976109981537
0,0.08110589534044266
0,0.07114613056182861
0,0.07775355875492096
0,0.08939764648675919
0,0.08020578324794769
0,0.08747879415750504
0,0.07520340383052826
0,0.08072079718112946
0,0.09357888251543045
0,0.09339142590761185
0,0.12412044405937195
0,0.1268928498029709
0,0.13438107073307037
0,0.13993480801582336
0,0.17718085646629333
0,0.23551350831985474
0,0.2605096995830536
0,0.18741504848003387
0,0.11696797609329224
0,0.07824306190013885
0,0.10044369846582413
0,0.15880554914474487
0,0.23493190109729767
0,0.273384690284729
0,0.3122923970222473
0,0.3397379219532013
0,0.29472771286964417
0,0.23496517539024353
0,0.18691708147525787
0,0.13563475012779236
0,0.10197849571704865
0,0.08186572045087814
0,0.07641644775867462
0,0.12281356751918793
0,0.1709999144077301
0,0.18406891822814941
0,0.17407216131687164
0,0.11928235739469528
0,0.15287263691425323
0,0.14749197661876678
0,0.13088004291057587
0,0.19536498188972473
0,0.23166678845882416
0,0.2873084247112274
0,0.2674483358860016
0,0.18906918168067932
0,0.17246824502944946
0,0.12330956757068634
0,0.10452112555503845
0,0.18896616995334625
0,0.2680892050266266
0,0.33772382140159607
0,0.3703051805496216
0,0.3704238831996918
0,0.3705524206161499
0,0.3524021804332733
0,0.26533156633377075
0,0.18047842383384705
0,0.11935090273618698
0,0.10574311017990112
0,0.19696658849716187
0,0.303946316242218
0,0.3840605616569519
0,0.4137078821659088
0,0.3589533269405365
0,0.31387436389923096
0,0.31534790992736816
0,0.27402299642562866
0,0.22650334239006042
0,0.1925441324710846
0,0.14516514539718628
0,0.10377835482358932
0,0.06116114556789398
0,0.060252852737903595
0,0.07351651787757874
0,0.11848387122154236
0,0.1274961233139038
0,0.12152986973524094
0,0.12152022868394852
0,0.12536025047302246
0,0.15526601672172546
0,0.20334354043006897
0,0.29235315322875977
0,0.33557555079460144
0,0.25839993357658386
0,0.19896753132343292
0,0.15226301550865173
0,0.1395668387413025
0,0.1295766830444336
0,0.1277262568473816
0,0.12998558580875397
0,0.11667998135089874
0,0.09323928505182266
0,0.12574945390224457
0,0.18309365212917328
0,0.2544395923614502
0,0.30988532304763794
0,0.3139500916004181
0,0.2592304050922394
0,0.18722482025623322
0,0.16318856179714203
0,0.15251067280769348
0,0.1798170655965805
0,0.17621088027954102
0,0.1757177859544754
0,0.1842220425605774
0,0.13941292464733124
0,0.12979955971240997
0,0.2063092589378357
0,0.29362452030181885
0,0.35854431986808777
0,0.3710809350013733
0,0.37069398164749146
0,0.3215540051460266
0,0.237434983253479
0,0.16659574210643768
0,0.15207552909851074
0,0.252839595079422
0,0.2838584780693054
0,0.26805591583251953
0,0.3133963346481323
0,0.2368495613336563
0,0.1462828367948532
0,0.09954171627759933
0,0.13971930742263794
0,0.20871615409851074
0,0.2539624869823456
0,0.298947274684906
0,0.3453744053840637
0,0.4069630801677704
0,0.3566514849662781
0,0.2962336242198944
0,0.21726885437965393
0,0.1477423459291458
0,0.09663406759500504
0,0.08802862465381622
0,0.1322678178548813
0,0.18677951395511627
0,0.281488835811615
0,0.36754247546195984
0,0.3335804343223572
0,0.2486458271741867
0,0.17777413129806519
0,0.13065703213214874
0,0.15910124778747559
0,0.24763622879981995
0,0.34651613235473633
0,0.33849555253982544
0,0.30432039499282837
0,0.17567813396453857
0,0.13192671537399292
0,0.10872997343540192
0,0.045472219586372375
0,0.10221055895090103
0,0.17380821704864502
0,0.21525883674621582
0,0.2414248138666153
0,0.22673456370830536
0,0.2777732014656067
0,0.3254525065422058
0,0.31929484009742737
0,0.23929429054260254
0,0.15329667925834656
0,0.12613849341869354
0,0.12364572286605835
0,0.11685994267463684
0,0.11095204949378967
0,0.11818039417266846
0,0.12602904438972473
0,0.14335231482982635
0,0.22163137793540955
0,0.3153674006462097
0,0.36207783222198486
0,0.35536953806877136
0,0.3553769290447235
0,0.33699092268943787
0,0.2849353551864624
0,0.19956879317760468
0,0.13256044685840607
0,0.10386010259389877
0,0.15125766396522522
0,0.2751148045063019
0,0.39412641525268555
0,0.3955196440219879
0,0.31873196363449097
0,0.2599610984325409
0,0.18927912414073944
0,0.1998922973871231
0,0.2193259596824646
0,0.2619326114654541
0,0.3105563819408417
0,0.3629337549209595
0,0.39175862073898315
0,0.4114481806755066
0,0.39373883605003357
0,0.3405733108520508
0,0.29232051968574524
0,0.2606912851333618
0,0.21656368672847748
0,0.13419073820114136
0,0.08833348751068115
0,0.06914171576499939
0,0.11322514712810516
0,0.12762096524238586
0,0.13469856977462769
0,0.15274213254451752
0,0.15540561079978943
0,0.13973450660705566
0,0.11053833365440369
0,0.108298659324646
0,0.10789626091718674
0,0.10465877503156662
0,0.13770566880702972
0,0.12907281517982483
0,0.08480693399906158
0,0.10944289714097977
0,0.14929057657718658
0,0.14939752221107483
0,0.1612771898508072
0,0.17475785315036774
0,0.16448675096035004
0,0.18847541511058807
0,0.16499675810337067
0,0.11202587187290192
0,0.08830718696117401
0,0.12257882952690125
0,0.19615115225315094
0,0.27187371253967285
0,0.32769548892974854
0,0.3654309809207916
0,0.3480716645717621
0,0.3663833439350128
0,0.3784175217151642
0,0.3255627751350403
0,0.30887195467948914
0,0.2313782274723053
0,0.15918102860450745
0,0.1242939829826355
0,0.11969679594039917
0,0.14391376078128815
0,0.12251037359237671
0,0.1280203014612198
0,0.1699376106262207
0,0.13706724345684052
0,0.15123729407787323
0,0.23157313466072083
0,0.20340153574943542
0,0.19168777763843536
0,0.10315905511379242
0,0.11859043687582016
0,0.2002536803483963
0,0.2251702845096588
0,0.2958987355232239
0,0.29732009768486023
0,0.23034153878688812
0,0.17278723418712616
0,0.1366727203130722
0,0.1045888140797615
0,0.09396720677614212
0,0.08111824095249176
0,0.08082473278045654
0,0.08597219735383987
0,0.12889797985553741
0,0.1977991759777069
0,0.2488861232995987
0,0.2636320888996124
0,0.25044360756874084
0,0.24666407704353333
0,0.24414242804050446
0,0.18089717626571655
0,0.127696231007576
0,0.13081902265548706
0,0.1396683007478714
0,0.103589728474617
0,0.09403607994318008
0,0.10084957629442215
0,0.11223334074020386
0,0.13477465510368347
0,0.18678124248981476
0,0.27957257628440857
0,0.3444586992263794
0,0.34458649158477783
0,0.34474265575408936
0,0.34473052620887756
0,0.3015548288822174
0,0.22479546070098877
0,0.17281904816627502
0,0.1190836951136589
0,0.11604347825050354
0,0.16504570841789246
0,0.20244872570037842
0,0.21485154330730438
0,0.14580833911895752
0,0.06972008943557739
0,0.0321928933262825
0,0.06639620661735535
0,0.08537117391824722
0,0.07881110161542892
0,0.1311417669057846
0,0.0865563228726387
0,0.08769768476486206
0,0.09744468331336975
0,0.109621062874794
0,0.12275928258895874
0,0.16097012162208557
0,0.23036395013332367
0,0.24884578585624695
0,0.19376450777053833
0,0.1758781224489212
0,0.2141987681388855
0,0.23358768224716187
0,0.28734290599823
0,0.3473474979400635
0,0.40197619795799255
0,0.4006666839122772
0,0.38992178440093994
0,0.3859562873840332
0,0.4336704611778259
0,0.42399460077285767
0,0.4017677903175354
0,0.35809823870658875
0,0.30342546105384827
0,0.26704782247543335
0,0.2093837559223175
0,0.14586558938026428
0,0.09853704273700714
0,0.09460189938545227
0,0.08812040835618973
0,0.07751478254795074
0,0.09725948423147202
0,0.1380138099193573
0,0.14657539129257202
0,0.1365734189748764
0,0.13255679607391357
0,0.16399772465229034
0,0.22378139197826385
0,0.28507575392723083
0,0.2772647738456726
0,0.2162925750017166
0,0.1562768965959549
0,0.11788840591907501
0,0.1209762915968895
0,0.09349708259105682
0,0.08981987833976746
0,0.10531893372535706
0,0.11383479833602905
0,0.1479964554309845
0,0.21648231148719788
0,0.29667407274246216
0,0.36371564865112305
0,0.36364802718162537
0,0.3675108551979065
0,0.3672841489315033
0,0.34638431668281555
0,0.2689214050769806
0,0.20718947052955627
0,0.16588278114795685
0,0.17024292051792145
0,0.21529945731163025
0,0.2767552137374878
0,0.34879568219184875
0,0.3849462866783142
0,0.228629469871521
0,0.17691904306411743
0,0.11734060943126678
0,0.039552222937345505
0,0.0735573098063469
0,0.12611602246761322
0,0.19040575623512268
0,0.2686620354652405
0,0.31916552782058716
0,0.36472195386886597
0,0.34973853826522827
0,0.27610695362091064
0,0.23531925678253174
0,0.22623063623905182
0,0.22534972429275513
0,0.20181789994239807
0,0.15759405493736267
0,0.07898882031440735
0,0.08371999114751816
0,0.12136037647724152
0,0.19758892059326172
0,0.27431169152259827
0,0.3587028980255127
0,0.37106582522392273
0,0.37086236476898193
0,0.37091881036758423
0,0.37102463841438293
0,0.3711111843585968
0,0.35054466128349304
0,0.29015660285949707
0,0.22601400315761566
0,0.15829896926879883
0,0.12856125831604004
0,0.08084394037723541
0,0.06950443983078003
0,0.14804786443710327
0,0.18887849152088165
0,0.1899629533290863
0,0.2441910058259964
0,0.21616658568382263
0,0.2165369987487793
0,0.14122284948825836
0,0.09268951416015625
0,0.0731818825006485
0,0.05080052465200424
0,0.06452219933271408
0,0.11919977515935898
0,0.14976675808429718
0,0.16190816462039948
0,0.16064342856407166
0,0.21876183152198792
0,0.2844918370246887
0,0.3028150796890259
0,0.32039251923561096
0,0.34226956963539124
0,0.36559954285621643
0,0.3655622899532318
0,0.32448211312294006
0,0.26830220222473145
0,0.21625858545303345
0,0.1736951768398285
0,0.16229254007339478
0,0.1954912394285202
0,0.22442887723445892
0,0.24583914875984192
0,0.284956157207489
0,0.2982475161552429
0,0.33092328906059265
0,0.2666819989681244
0,0.23299014568328857
0,0.1782739907503128
0,0.16207249462604523
0,0.15797145664691925
0,0.11281086504459381
0,0.0899076908826828
0,0.07293826341629028
0,0.09053617715835571
0,0.0945192277431488
0,0.08692698925733566
0,0.1047280952334404
0,0.12192809581756592
0,0.13206817209720612
0,0.12111874669790268
0,0.1169336810708046
0,0.12730348110198975
0,0.14746810495853424
0,0.1592404991388321
0,0.13779525458812714
0,0.1376066505908966
0,0.10548223555088043
0,0.12103519588708878
0,0.11383390426635742
0,0.10812115669250488
0,0.08600907027721405
0,0.12175728380680084
0,0.19058258831501007
0,0.18699593842029572
0,0.1570471227169037
0,0.10016423463821411
0,0.10737129300832748
0,0.13611657917499542
0,0.189442440867424
0,0.16773422062397003
0,0.12178584933280945
0,0.14927545189857483
0,0.10664252936840057
0,0.11680004000663757
0,0.13135333359241486
0,0.1643534153699875
0,0.2181776762008667
0,0.22633525729179382
0,0.1421564817428589
0,0.10722164064645767
0,0.11099061369895935
0,0.12947462499141693
0,0.15311376750469208
0,0.1114865392446518
0,0.05731624364852905
0,0.07868021726608276
0,0.11898621171712875
0,0.15428368747234344
0,0.20781591534614563
0,0.282444566488266
0,0.363010972738266
0,0.37038078904151917
0,0.37035033106803894
0,0.37055033445358276
0,0.37088125944137573
0,0.3709489405155182
0,0.37105605006217957
0,0.3711321949958801
0,0.37119054794311523
0,0.3711599111557007
0,0.37121304869651794
0,0.371206670999527
0,0.37126222252845764
0,0.33092746138572693
0,0.2533629238605499
0,0.1916128545999527
0,0.1476934254169464
0,0.14690306782722473
0,0.13328830897808075
0,0.1214962750673294
0,0.12413680553436279
0,0.09417649358510971
0,0.08567383140325546
0,0.14155426621437073
0,0.21089692413806915
0,0.29247498512268066
0,0.3367711901664734
0,0.3628304600715637
0,0.355768084526062
0,0.32522115111351013
0,0.2714902460575104
0,0.253925621509552
0,0.18980471789836884
0,0.13144704699516296
0,0.0906434878706932
0,0.11096448451280594
0,0.1107868030667305
0,0.11883705854415894
0,0.11949831247329712
0,0.11324109137058258
0,0.12928777933120728
0,0.13620039820671082
0,0.12060057371854782
0,0.1127624660730362
0,0.13830547034740448
0,0.0913671925663948
0,0.050581324845552444
0,0.06528828293085098
0,0.07748398929834366
0,0.04819589480757713
0,0.054115042090415955
0,0.054214127361774445
0,0.11537683010101318
0,0.082757368683815
0,0.035926904529333115
0,0.058769065886735916
0,0.07912877202033997
0,0.0814550444483757
0,0.07997889071702957
0,0.09010350704193115
0,0.16104023158550262
0,0.17304691672325134
0,0.17010819911956787
0,0.14694342017173767
0,0.10867363214492798
0,0.12734830379486084
0,0.14521907269954681
0,0.12492013722658157
0,0.10481338202953339
0,0.0935124009847641
0,0.06712320446968079
0,0.04151486977934837
0,0.03541497513651848
0,0.028070444241166115
0,0.0716981291770935
0,0.060639284551143646
0,0.06069311499595642
0,0.060256585478782654
0,0.06640507280826569
0,0.07588404417037964
0,0.0780767947435379
0,0.0674145519733429
0,0.13911035656929016
0,0.1474623680114746
0,0.11901523172855377
0,0.09790290147066116
0,0.12142571061849594
0,0.1300477832555771
0,0.14523856341838837
0,0.16634444892406464
0,0.16560830175876617
0,0.19719849526882172
0,0.2373986691236496
0,0.18557791411876678
0,0.12746359407901764
0,0.10190671682357788
0,0.12369771301746368
0,0.1291790008544922
0,0.1496025025844574
0,0.18111711740493774
0,0.23543229699134827
0,0.2172509729862213
0,0.1521664559841156
0,0.07877179235219955
0,0.06784219294786453
0,0.10964968800544739
0,0.14653916656970978
0,0.20469319820404053
0,0.24749381840229034
0,0.2477172166109085
0,0.18055444955825806
0,0.12055238336324692
0,0.08248158544301987
0,0.10561589896678925
0,0.15661761164665222
0,0.24147769808769226
0,0.3635122776031494
0,0.30074912309646606
0,0.21564333140850067
0,0.14984101057052612
0,0.10394209623336792
0,0.11060331761837006
0,0.149112269282341
0,0.1551063060760498
0,0.16717088222503662
0,0.15721632540225983
0,0.19243894517421722
0,0.2563207149505615
0,0.42433032393455505
0,0.5896515250205994
0,0.6560834050178528
0,0.6189988255500793
0,0.4482358694076538
0,0.27716925740242004
0,0.141783207654953
0,0.1165902316570282
0,0.15161031484603882
0,0.23758620023727417
0,0.3000633418560028
0,0.3709385395050049
0,0.3710619807243347
0,0.37112128734588623
0,0.3196903467178345
0,0.24406501650810242
0,0.1736469715833664
0,0.10870172083377838
0,0.10335634648799896
0,0.15451408922672272
0,0.2896502614021301
0,0.37725862860679626
0,0.2950170934200287
0,0.18937554955482483
0,0.14076393842697144
0,0.08768752962350845
0,0.10808726400136948
0,0.16673314571380615
0,0.24225586652755737
0,0.3102971017360687
0,0.35434842109680176
0,0.35226970911026
0,0.36366215348243713
0,0.364122599363327
0,0.3677327036857605
0,0.3571772873401642
0,0.303556889295578
0,0.24881479144096375
0,0.1923840343952179
0,0.16983412206172943
0,0.19057364761829376
0,0.24867716431617737
0,0.2599750757217407
0,0.26016855239868164
0,0.25173109769821167
0,0.23902028799057007
0,0.1852293312549591
0,0.14424915611743927
0,0.10404321551322937
0,0.09167400002479553
0,0.1370064914226532
0,0.1307736337184906
0,0.14606700837612152
0,0.15368534624576569
0,0.17003610730171204
0,0.14454419910907745
0,0.10979533940553665
0,0.12067963182926178
0,0.16612756252288818
0,0.2262178212404251
0,0.2886178493499756
0,0.35159698128700256
0,0.37173113226890564
0,0.3718484044075012
0,0.37171250581741333
0,0.3717077672481537
0,0.37171119451522827
0,0.37169116735458374
0,0.37167948484420776
0,0.37160199880599976
0,0.37153396010398865
0,0.371473103761673
0,0.3713352382183075
0,0.37109893560409546
0,0.32710370421409607
0,0.25717002153396606
0,0.18877781927585602
0,0.12995056807994843
0,0.09600753337144852
0,0.10642459988594055
0,0.16199161112308502
0,0.2184031903743744
0,0.2218276560306549
0,0.19764602184295654
0,0.16278162598609924
0,0.09541143476963043
0,0.054258912801742554
0,0.06597620993852615
0,0.11923934519290924
0,0.18010163307189941
0,0.20648407936096191
0,0.2144763022661209
0,0.18741753697395325
0,0.1018863171339035
0,0.04500830918550491
0,0.017540959641337395
0,0.029774116352200508
0,0.04289688542485237
0,0.07954204827547073
0,0.12838828563690186
0,0.2027169018983841
0,0.2344127595424652
0,0.24027730524539948
0,0.1905195116996765
0,0.15814615786075592
0,0.2047787755727768
0,0.2032986283302307
0,0.21743880212306976
0,0.2967878580093384
0,0.3208963871002197
0,0.2970208525657654
0,0.2933841645717621
0,0.32127705216407776
0,0.3682798147201538
0,0.3530072867870331
0,0.2945510745048523
0,0.21365311741828918
0,0.14101892709732056
0,0.09385204315185547
0,0.07838466018438339
0,0.060451481491327286
0,0.061557337641716
0,0.08853213489055634
0,0.10920801758766174
0,0.1408739686012268
0,0.16745001077651978
0,0.16948413848876953
0,0.1285553276538849
0,0.09911070019006729
0,0.11667206138372421
0,0.14772577583789825
0,0.21054410934448242
0,0.2704607844352722
0,0.33478015661239624
0,0.3711611330509186
0,0.37138450145721436
0,0.3714647591114044
0,0.37154439091682434
0,0.3715621829032898
0,0.3715851902961731
0,0.37157973647117615
0,0.37160807847976685
0,0.3714137673377991
0,0.3711967468261719
0,0.33842021226882935
0,0.27060988545417786
0,0.20279859006404877
0,0.14079535007476807
0,0.09947974979877472
0,0.10068310052156448
0,0.16166019439697266
0,0.22755557298660278
0,0.2172214835882187
0,0.1467827558517456
0,0.10172341018915176
0,0.05227859690785408
0,0.021112345159053802
0,0.06836344301700592
0,0.10719052702188492
0,0.17410001158714294
0,0.15503811836242676
0,0.1007448062300682
1,0.06344623863697052
1,0.0591033399105072
1,0.08919371664524078
1,0.13917483389377594
1,0.19672031700611115
1,0.25781819224357605
1,0.26869866251945496
1,0.28576698899269104
1,0.29737693071365356
1,0.30028781294822693
1,0.30182358622550964
1,0.30230844020843506
1,0.3065429627895355
1,0.30983614921569824
1,0.3130667209625244
1,0.3163711428642273
1,0.32044875621795654
1,0.3222654461860657
1,0.31838303804397583
1,0.320834219455719
1,0.32230865955352783
1,0.30311664938926697
1,0.30206114053726196
1,0.3024075925350189
1,0.30358752608299255
1,0.2897217273712158
1,0.2864929735660553
1,0.2868654131889343
1,0.2841187119483948
1,0.28787121176719666
1,0.2872769832611084
1,0.28652676939964294
1,0.28887659311294556
1,0.2883751690387726
1,0.2932896614074707
1,0.2876596748828888
1,0.2874012291431427
1,0.28232520818710327
1,0.293069988489151
1,0.31157350540161133
1,0.29750800132751465
1,0.29065990447998047
1,0.27160176634788513
1,0.27386337518692017
1,0.2721027433872223
1,0.27109360694885254
1,0.27769291400909424
1,0.2891879379749298
1,0.29310935735702515
1,0.2979932427406311
1,0.2984468638896942
1,0.3015339970588684
1,0.3007037341594696
1,0.2996135950088501
1,0.3001609742641449
1,0.29671889543533325
1,0.2940356135368347
1,0.291625052690506
1,0.2862726151943207
1,0.280987024307251
1,0.28143081068992615
1,0.28351515531539917
1,0.2862655818462372
1,0.28080838918685913
1,0.2792092561721802
1,0.27810752391815186
1,0.2846064269542694
1,0.2910773456096649
1,0.29317042231559753
1,0.30086207389831543
1,0.2980290949344635
1,0.30102869868278503
1,0.31057193875312805
1,0.2949136197566986
1,0.29608094692230225
1,0.2968444526195526
1,0.29821059107780457
1,0.30049023032188416
1,0.2945028245449066
1,0.29570651054382324
1,0.29176896810531616
1,0.2866361141204834
1,0.3024519681930542
1,0.3144150972366333
1,0.3167571425437927
1,0.32616761326789856
1,0.3031793236732483
1,0.2962508797645569
1,0.3277716636657715
1,0.2983870208263397
1,0.27971351146698
1,0.2836793065071106
1,0.30205145478248596
1,0.3177054524421692
1,0.388405442237854
1,0.4915565550327301
1,0.5274487137794495
1,0.6598684787750244
1,0.7538023591041565
1,0.7984986901283264
1,0.8235129714012146
1,0.8171299695968628
1,0.806761622428894
1,0.8023927807807922
1,0.7942354679107666
1,0.7802178263664246
1,0.7822656631469727
1,0.7825921773910522
1,0.7775273323059082
1,0.7810223698616028
1,0.7888321876525879
1,0.7969964146614075
1,0.8102490305900574
1,0.8198878765106201
1,0.831312358379364
1,0.8369405269622803
1,0.8476731777191162
1,0.8569549322128296
1,0.8567306995391846
1,0.8554556965827942
1,0.8596173524856567
1,0.8610779643058777
1,0.8577772974967957
1,0.8602567911148071
1,0.8632966876029968
1,0.8596707582473755
1,0.8603433966636658
1,0.8626730442047119
1,0.8658173680305481
1,0.8588864207267761
1,0.8311071991920471
1,0.8181077837944031
1,0.8059540390968323
1,0.7965372204780579
1,0.795620322227478
1,0.7807121872901917
1,0.7634468674659729
1,0.7776524424552917
1,0.7822374701499939
1,0.7842859029769897
1,0.7738018035888672
1,0.7659605741500854
1,0.7632753252983093
1,0.7776951789855957
1,0.7814542651176453
1,0.7861475944519043
1,0.7885286808013916
1,0.7948044538497925
1,0.8203701376914978
1,0.8217966556549072
1,0.831505537033081
1,0.8006440997123718
1,0.6508092284202576
1,0.5722787976264954
1,0.5191220641136169
1,0.5267406702041626
1,0.5230573415756226
1,0.5249655246734619
0,0.5545752644538879
0,0.44917383790016174
0,0.47714146971702576
0,0.3920094966888428
0,0.26903611421585083
0,0.16253657639026642
0,0.15668699145317078
0,0.23595371842384338
0,0.3315702974796295
0,0.35518261790275574
0,0.3708760738372803
0,0.3708115816116333
0,0.3703998029232025
0,0.370280385017395
0,0.3702925145626068
0,0.37018707394599915
0,0.37057605385780334
0,0.37040817737579346
0,0.3702721893787384
0,0.36380502581596375
0,0.29103025794029236
0,0.21619240939617157
0,0.14134791493415833
0,0.13934147357940674
0,0.2624310553073883
0,0.4364752173423767
0,0.6001220941543579
0,0.7188454270362854
0,0.7137552499771118
0,0.7117748260498047
0,0.6683498620986938
0,0.6446972489356995
0,0.5429378747940063
0,0.33722949028015137
0,0.26079821586608887
0,0.1297532469034195
0,0.10294164717197418
0,0.09894554316997528
0,0.11431659013032913
0,0.17296473681926727
0,0.21460357308387756
0,0.19934330880641937
0,0.2732314169406891
0,0.27790993452072144
0,0.27922680974006653
0,0.2945921719074249
0,0.2842307686805725
0,0.28501251339912415
0,0.28896984457969666
0,0.21109150350093842
0,0.18635942041873932
0,0.18459287285804749
0,0.1730467826128006
0,0.19535835087299347
0,0.23730331659317017
0,0.2905404269695282
0,0.32171913981437683
0,0.3521854877471924
0,0.3511243164539337
0,0.3529095947742462
0,0.3554399311542511
0,0.3460846245288849
0,0.3512018024921417
0,0.3010486960411072
0,0.26685190200805664
0,0.24778743088245392
0,0.2512071132659912
0,0.28534117341041565
0,0.28322306275367737
0,0.2960592210292816
0,0.31261566281318665
1,0.3287655711174011
1,0.33794665336608887
1,0.3345646560192108
1,0.31853798031806946
1,0.2757924795150757
1,0.26255670189857483
1,0.25771984457969666
1,0.27591779828071594
1,0.29095759987831116
1,0.29102060198783875
1,0.29069453477859497
1,0.28569990396499634
1,0.2879832684993744
1,0.29871681332588196
1,0.3074384927749634
1,0.30509328842163086
1,0.30735108256340027
1,0.30025622248649597
1,0.3103616237640381
1,0.3123374879360199
1,0.318338006734848
1,0.3155481219291687
1,0.3071805238723755
1,0.29548999667167664
1,0.29275962710380554
1,0.2926807999610901
1,0.29009202122688293
1,0.2845456600189209
1,0.28397274017333984
1,0.28752800822257996
1,0.27797165513038635
1,0.28261157870292664
1,0.2805705666542053
1,0.2792355716228485
1,0.2808069884777069
1,0.2798972725868225
1,0.2838965952396393
1,0.2884734570980072
1,0.2874195873737335
1,0.2874034345149994
1,0.28814005851745605
1,0.2869035303592682
1,0.29313209652900696
1,0.2927933931350708
1,0.2905544638633728
1,0.28808870911598206
1,0.2858808934688568
1,0.2845393717288971
1,0.2805919051170349
1,0.2830725908279419
1,0.2802685797214508
1,0.2830895185470581
1,0.2868470251560211
1,0.2949552834033966
1,0.29402682185173035
1,0.29061394929885864
1,0.2945929169654846
1,0.3002234101295471
1,0.302754670381546
1,0.30478009581565857
1,0.2935100197792053
1,0.3075399696826935
1,0.29750773310661316
1,0.29724782705307007
1,0.2994494140148163
1,0.2916227877140045
1,0.30610954761505127
1,0.29894429445266724
1,0.28442293405532837
1,0.2803252339363098
1,0.285241037607193
1,0.29359015822410583
1,0.292863667011261
1,0.3041580021381378
1,0.3019883334636688
1,0.30743318796157837
1,0.30960607528686523
1,0.31912803649902344
1,0.3128192722797394
1,0.29469624161720276
1,0.29666054248809814
1,0.2928381562232971
1,0.2992284595966339
1,0.3017176389694214
1,0.30283719301223755
1,0.30388009548187256
1,0.3050508201122284
1,0.3012261390686035
1,0.30178266763687134
1,0.30075839161872864
1,0.29627999663352966
1,0.29728513956069946
1,0.2972499132156372
1,0.28691357374191284
1,0.304797500371933
1,0.29692062735557556
1,0.3157294988632202
1,0.31534838676452637
1,0.2958980202674866
1,0.29763084650039673
1,0.3116827607154846
1,0.3185771405696869
1,0.30317091941833496
1,0.3011823296546936
1,0.2889464199542999
1,0.30285459756851196
1,0.3190992772579193
1,0.3171917498111725
1,0.29928824305534363
1,0.29206740856170654
1,0.29320427775382996
1,0.30081707239151
1,0.3015686869621277
1,0.29904043674468994
1,0.30242034792900085
1,0.3026684820652008
1,0.30492711067199707
1,0.30470576882362366
1,0.2967902421951294
1,0.29377010464668274
1,0.2899864912033081
1,0.29217028617858887
1,0.2860901355743408
1,0.28502801060676575
1,0.28672468662261963
1,0.28132009506225586
1,0.2875707149505615
1,0.2911352217197418
1,0.29110264778137207
1,0.28259024024009705
1,0.2896808683872223
1,0.2841930389404297
1,0.2872614860534668
1,0.28159794211387634
1,0.2879514694213867
1,0.28986334800720215
1,0.29323551058769226
1,0.29417580366134644
1,0.29466646909713745
1,0.29921066761016846
1,0.3005830645561218
1,0.29876041412353516
1,0.29716938734054565
1,0.2958132028579712
1,0.29657429456710815
1,0.2956986129283905
1,0.2954549193382263
1,0.29323139786720276
1,0.29526379704475403
1,0.2949851155281067
1,0.2964695990085602
1,0.30313190817832947
1,0.2967817783355713
1,0.29745230078697205
1,0.2982366979122162
1,0.2974947988986969
1,0.301740437746048
1,0.2963216006755829
1,0.2950567901134491
1,0.29100343585014343
1,0.2895095646381378
1,0.28655287623405457
1,0.2844295799732208
1,0.2867576479911804
1,0.292961984872818
1,0.2845629155635834
1,0.2853034734725952
1,0.29036688804626465
1,0.2883087396621704
1,0.288287490606308
1,0.2923748195171356
1,0.2975977659225464
1,0.2642756700515747
1,0.2633601427078247
1,0.26378512382507324
1,0.2608336806297302
1,0.261094868183136
1,0.2674184739589691
1,0.2654401957988739
1,0.2706666886806488
1,0.29240360856056213
1,0.28942620754241943
1,0.28984761238098145
1,0.2910303473472595
1,0.2930690050125122
1,0.2914184033870697
1,0.29413458704948425
1,0.2963021993637085
1,0.29324644804000854
1,0.29533472657203674
1,0.28867167234420776
1,0.29229050874710083
1,0.2919790744781494
1,0.2935446500778198
1,0.29693302512168884
1,0.2972279191017151
1,0.29362258315086365
1,0.28966155648231506
1,0.28553473949432373
1,0.2933633327484131
1,0.3234143853187561
1,0.3039303421974182
1,0.30103614926338196
1,0.2998169958591461
1,0.2809959948062897
1,0.28522050380706787
1,0.2992675304412842
1,0.2883073687553406
1,0.2855810821056366
1,0.2877885699272156
1,0.2902121841907501
1,0.29038384556770325
1,0.28877177834510803
1,0.3010450005531311
1,0.28356775641441345
1,0.28314927220344543
1,0.29296624660491943
1,0.29325011372566223
1,0.2929348349571228
1,0.2853737771511078
1,0.2902979254722595
1,0.29076963663101196
1,0.2944156229496002
1,0.2973559498786926
1,0.2960670590400696
1,0.2930324077606201
1,0.29761070013046265
1,0.2966882586479187
1,0.30237284302711487
1,0.2983328700065613
1,0.30043330788612366
1,0.29979780316352844
1,0.2939758002758026
1,0.2924223244190216
1,0.28830188512802124
1,0.28541287779808044
1,0.28166502714157104
1,0.2796425521373749
1,0.2772437632083893
1,0.2744872570037842
1,0.27803874015808105
1,0.2845808267593384
1,0.2852630913257599
1,0.2881757915019989
1,0.2928987741470337
1,0.2947465181350708
1,0.29412364959716797
1,0.2914048731327057
1,0.29045185446739197
1,0.2904793620109558
1,0.28727731108665466
1,0.2906903922557831
1,0.2844735085964203
1,0.28721678256988525
1,0.28950145840644836
1,0.2854810655117035
1,0.2846442759037018
1,0.28674155473709106
1,0.2877679765224457
1,0.2924497723579407
1,0.2874380052089691
1,0.2883266508579254
1,0.28950273990631104
1,0.28797340393066406
1,0.2911008596420288
1,0.2929099202156067
1,0.290336936712265
1,0.2887548506259918
1,0.29863590002059937
1,0.30308422446250916
1,0.30428051948547363
1,0.2911095917224884
1,0.2871563732624054
1,0.280880331993103
1,0.28046905994415283
1,0.2835538387298584
1,0.28002917766571045
1,0.2927863895893097
1,0.2929643988609314
1,0.28971022367477417
1,0.2869097590446472
1,0.2860431373119354
1,0.29198750853538513
1,0.2933383285999298
1,0.29025888442993164
1,0.2896103858947754
1,0.2898770272731781
1,0.2907234728336334
1,0.29202985763549805
1,0.29262349009513855
1,0.2874082028865814
1,0.2882712185382843
1,0.2909650504589081
1,0.29137149453163147
1,0.2957512140274048
1,0.2936262786388397
1,0.294450968503952
1,0.295505166053772
1,0.29802387952804565
1,0.30061084032058716
1,0.29976001381874084
1,0.29907718300819397
1,0.3023563325405121
1,0.303903728723526
1,0.3101114332675934
1,0.29981958866119385
1,0.29431411623954773
1,0.29317522048950195
1,0.3026426434516907
1,0.29476603865623474
1,0.293501079082489
1,0.28814584016799927
1,0.28865548968315125
1,0.2839186489582062
1,0.28729090094566345
1,0.28787535429000854
1,0.28385332226753235
1,0.28028175234794617
1,0.2840375304222107
1,0.28670164942741394
1,0.28505271673202515
1,0.2852550745010376
1,0.2855892479419708
1,0.2833244502544403
1,0.2863540053367615
1,0.28341519832611084
1,0.28604406118392944
1,0.28642839193344116
1,0.28391990065574646
1,0.28451865911483765
1,0.28399166464805603
1,0.28986185789108276
1,0.2901882231235504
1,0.29250839352607727
1,0.2908167839050293
1,0.27428653836250305
1,0.253581166267395
1,0.2318916916847229
1,0.21637986600399017
1,0.2172934114933014
1,0.21669691801071167
1,0.22549375891685486
1,0.24423831701278687
1,0.2867978513240814
1,0.3468165993690491
1,0.44349053502082825
1,0.5702853202819824
1,0.688102126121521
1,0.7730693817138672
1,0.8416430950164795
1,0.864963948726654
1,0.8686658143997192
1,0.8653375506401062
1,0.8311597108840942
1,0.817932665348053
1,0.8160080909729004
1,0.8080584406852722
1,0.7934814691543579
1,0.7839575409889221
1,0.7768261432647705
1,0.7960834503173828
1,0.8066675662994385
1,0.8112775087356567
1,0.8093634247779846
1,0.7954059839248657
1,0.7985175848007202
1,0.7990302443504333
1,0.7839279174804688
1,0.7797107696533203
1,0.7860134243965149
1,0.7882741093635559
1,0.8072913885116577
1,0.7993761897087097
1,0.7955284118652344
1,0.8154129981994629
1,0.8224055171012878
1,0.8271206021308899
1,0.8065395355224609
1,0.8040550947189331
1,0.8016416430473328
1,0.8199080228805542
1,0.8236989378929138
1,0.8249906897544861
1,0.8069984912872314
1,0.8108205795288086
1,0.8155409693717957
1,0.8039889931678772
1,0.8043716549873352
1,0.8017791509628296
1,0.791316032409668
1,0.8037538528442383
1,0.7954699993133545
1,0.7945722937583923
1,0.7917666435241699
1,0.794039785861969
1,0.7922412157058716
1,0.7937943935394287
1,0.7932393550872803
1,0.7908458709716797
1,0.8017185926437378
1,0.8002682328224182
1,0.8018265962600708
1,0.7983785271644592
1,0.7919496297836304
1,0.7871959209442139
1,0.7826523184776306
1,0.7832810282707214
1,0.7892707586288452
1,0.7996957898139954
1,0.7863749861717224
1,0.8018825054168701
1,0.8097764253616333
1,0.8250995874404907
1,0.839795708656311
1,0.8314201235771179
1,0.825421929359436
1,0.8260509371757507
1,0.8366004228591919
1,0.8248617053031921
1,0.8052948117256165
1,0.7972277998924255
1,0.7850542664527893
1,0.7984668612480164
1,0.7946041226387024
1,0.774549126625061
1,0.7783846259117126
1,0.777438223361969
1,0.7817897200584412
1,0.7822930216789246
1,0.782050609588623
1,0.7781058549880981
1,0.7853603363037109
1,0.7932208180427551
1,0.8015578985214233
1,0.7912715673446655
1,0.7834948897361755
1,0.7772004008293152
1,0.7890577912330627
1,0.7837805151939392
1,0.7882320880889893
1,0.7809497714042664
1,0.7841378450393677
1,0.8008631467819214
1,0.811278223991394
1,0.8145686984062195
1,0.8012884259223938
1,0.8069664239883423
1,0.8193826079368591
1,0.8215031027793884
1,0.8150134086608887
1,0.8071820735931396
1,0.8044871687889099
1,0.8059471845626831
1,0.803771436214447
1,0.7867012023925781
1,0.773689866065979
1,0.7731470465660095
1,0.7796024084091187
1,0.774215579032898
1,0.7757350206375122
1,0.7654123306274414
1,0.7649521827697754
1,0.7879686951637268
1,0.7829892635345459
1,0.777395486831665
1,0.7765305042266846
1,0.7804126739501953
1,0.7919585108757019
1,0.8076280951499939
1,0.8132582902908325
1,0.810587465763092
1,0.8239943385124207
1,0.8390969038009644
1,0.8433955907821655
1,0.8392174243927002
1,0.8348103165626526
1,0.8352007865905762
1,0.8452225923538208
1,0.8418062329292297
1,0.8122609853744507
1,0.808941662311554
1,0.8091868162155151
1,0.8254432082176208
1,0.8184285163879395
1,0.8032517433166504
1,0.7954645752906799
1,0.7992781400680542
1,0.8114553689956665
1,0.8014715909957886
1,0.786197304725647
1,0.7835502624511719
1,0.790307343006134
1,0.7939885854721069
1,0.7895549535751343
1,0.7919126152992249
1,0.7932775616645813
1,0.7982263565063477
1,0.7972182631492615
1,0.7988144755363464
1,0.8069784045219421
1,0.8089441657066345
1,0.8177540302276611
1,0.8242748975753784
1,0.8304201364517212
1,0.8497799038887024
1,0.8529345393180847
1,0.8528074026107788
1,0.843654990196228
1,0.8368390798568726
1,0.8371533751487732
1,0.8417401313781738
1,0.8236820697784424
1,0.8186705708503723
1,0.8187100887298584
1,0.7802703380584717
1,0.6772306561470032
1,0.5670763850212097
1,0.44913384318351746
1,0.38502418994903564
1,0.24622513353824615
1,0.12887167930603027
0,0.08107930421829224
0,0.10743404179811478
0,0.1487293839454651
0,0.20805658400058746
0,0.2698984146118164
0,0.3383873701095581
0,0.37153592705726624
0,0.37182092666625977
0,0.3720289170742035
0,0.3720250129699707
0,0.372016966342926
0,0.37198758125305176
0,0.3720426559448242
0,0.37207919359207153
0,0.37211161851882935
0,0.37209147214889526
0,0.3720041513442993
0,0.3720262348651886
0,0.37199994921684265
0,0.3719536364078522
0,0.3719169795513153
0,0.37189868092536926
0,0.37190940976142883
0,0.3718533515930176
0,0.3715902268886566
0,0.37130969762802124
0,0.3360186219215393
0,0.2640875577926636
0,0.19404302537441254
0,0.13489072024822235
0,0.1093779057264328
0,0.11541382223367691
0,0.16717921197414398
0,0.21837331354618073
0,0.1675996482372284
0,0.11033414304256439
0,0.07883627712726593
0,0.08986269682645798
0,0.08820748329162598
0,0.08362092077732086
0,0.07531268149614334
0,0.079957015812397
0,0.10996031761169434
0,0.09736793488264084
0,0.11071361601352692
0,0.1353946477174759
0,0.09435955435037613
0,0.050722356885671616
0,0.06496821343898773
0,0.1011546328663826
0,0.11265423893928528
0,0.10764247179031372
0,0.13557212054729462
0,0.19567930698394775
0,0.19437822699546814
0,0.16686558723449707
0,0.1660376787185669
0,0.18622058629989624
0,0.1924719363451004
0,0.23390133678913116
0,0.2572501301765442
0,0.2624298334121704
0,0.3149844706058502
0,0.3619418144226074
0,0.37936216592788696
0,0.36759886145591736
0,0.3826223611831665
0,0.3702232837677002
0,0.38822034001350403
0,0.3812786340713501
0,0.3620342016220093
0,0.37087467312812805
0,0.36412590742111206
0,0.3616143465042114
0,0.3648121654987335
0,0.36197084188461304
0,0.3395690619945526
0,0.3561924397945404
0,0.37518712878227234
0,0.3643864691257477
0,0.36336928606033325
0,0.3902832567691803
0,0.38856521248817444
0,0.4129992723464966
0,0.4141273498535156
0,0.3859272003173828
0,0.3866461217403412
0,0.3780438303947449
0,0.3676350712776184
0,0.38567644357681274
0,0.37028080224990845
0,0.3868005573749542
0,0.39785709977149963
0,0.37782377004623413
0,0.3538541793823242
0,0.3794897496700287
0,0.37537452578544617
0,0.35231417417526245
0,0.36333799362182617
0,0.35116052627563477
0,0.3461364805698395
0,0.37370434403419495
0,0.3667351305484772
0,0.3626156449317932
0,0.3684883415699005
0,0.3629496395587921
0,0.35178226232528687
0,0.37825846672058105
0,0.374976247549057
0,0.3500102460384369
0,0.3935829997062683
0,0.38841333985328674
0,0.3754784166812897
0,0.39366528391838074
0,0.40554916858673096
0,0.38328659534454346
0,0.38948988914489746
0,0.42768120765686035
0,0.3990955650806427
0,0.3921186625957489
0,0.4179450273513794
0,0.3948177695274353
0,0.39256563782691956
0,0.39915964007377625
0,0.3800630569458008
0,0.3619203269481659
0,0.36854082345962524
0,0.36657923460006714
0,0.3626643419265747
0,0.39200425148010254
0,0.38359981775283813
0,0.3872658610343933
0,0.39653706550598145
0,0.4011373519897461
0,0.3967897295951843
0,0.38642171025276184
0,0.3905007541179657
0,0.3718242645263672
0,0.3617038428783417
0,0.3675203025341034
0,0.36461111903190613
0,0.3503124415874481
0,0.35276681184768677
0,0.3496500253677368
0,0.36096304655075073
0,0.35300594568252563
0,0.3551160991191864
0,0.33163556456565857
0,0.3285082280635834
0,0.33964312076568604
0,0.35345757007598877
0,0.36651426553726196
0,0.38305211067199707
0,0.34123411774635315
1,0.3100922405719757
1,0.32149699330329895
1,0.29207366704940796
1,0.2792951762676239
1,0.2593483328819275
1,0.25394853949546814
1,0.26059454679489136
1,0.2813050448894501
1,0.29421424865722656
1,0.308646023273468
1,0.31073567271232605
1,0.29135027527809143
1,0.2943071126937866
1,0.2957457900047302
1,0.29886892437934875
1,0.289869487285614
1,0.29049256443977356
1,0.28694501519203186
1,0.28453752398490906
1,0.28707781434059143
1,0.2889518141746521
1,0.2983810007572174
1,0.2834291160106659
1,0.28528666496276855
1,0.2891491949558258
1,0.2877461314201355
1,0.2972103953361511
1,0.28984034061431885
1,0.289124071598053
1,0.28851118683815
1,0.2886422872543335
1,0.3105771243572235
1,0.29665082693099976
1,0.2928726077079773
1,0.28848153352737427
1,0.29721495509147644
1,0.30179545283317566
1,0.2998294532299042
1,0.2981996238231659
1,0.30857765674591064
1,0.30842211842536926
1,0.30169928073883057
1,0.29997381567955017
1,0.29697152972221375
1,0.30062028765678406
1,0.2965894937515259
1,0.30433389544487
1,0.30037686228752136
1,0.30521833896636963
1,0.290179580450058
1,0.2904667556285858
1,0.30029240250587463
1,0.29112571477890015
1,0.29247885942459106
1,0.2847854495048523
1,0.2875003516674042
1,0.29523593187332153
1,0.2928849458694458
1,0.29385194182395935
1,0.29600995779037476
1,0.29514560103416443
1,0.2923360764980316
1,0.29288068413734436
1,0.2933708131313324
1,0.2879736125469208
1,0.2857368588447571
1,0.2859330475330353
1,0.28597134351730347
1,0.29124322533607483
1,0.2959614396095276
1,0.2878580689430237
1,0.2903578579425812
1,0.30072519183158875
1,0.30195459723472595
1,0.302273154258728
1,0.29773661494255066
1,0.2974201738834381
1,0.30463436245918274
1,0.30180099606513977
1,0.29667365550994873
1,0.2905525863170624
1,0.28313273191452026
1,0.28265315294265747
1,0.286562442779541
1,0.28787970542907715
1,0.2889840006828308
1,0.28651198744773865
1,0.28934407234191895
1,0.29749977588653564
1,0.29281511902809143
1,0.29610222578048706
1,0.2917216718196869
1,0.2873455286026001
1,0.28780779242515564
1,0.2895193099975586
1,0.2902378737926483
1,0.29409247636795044
1,0.2942970395088196
1,0.29456576704978943
1,0.30383753776550293
1,0.29569360613822937
1,0.2963618338108063
1,0.2968900501728058
1,0.2969391644001007
1,0.29644232988357544
1,0.2936086058616638
1,0.2951052784919739
1,0.3022967278957367
1,0.3124297261238098
1,0.29547613859176636
1,0.29211318492889404
1,0.2923968434333801
1,0.2900382876396179
1,0.2923043966293335
1,0.2922116219997406
1,0.2900870144367218
1,0.29239362478256226
1,0.29223406314849854
1,0.2908509075641632
1,0.2920021116733551
1,0.2903280258178711
1,0.29216963052749634
1,0.29413941502571106
1,0.2946968674659729
1,0.29481005668640137
1,0.2933090925216675
1,0.2926148474216461
1,0.29679250717163086
1,0.2988239526748657
1,0.29963505268096924
1,0.3248385488986969
1,0.2982423007488251
1,0.3055596947669983
1,0.30956098437309265
1,0.2978881299495697
1,0.2937067449092865
1,0.2861040234565735
1,0.2864755690097809
1,0.29099971055984497
1,0.2884696125984192
1,0.2861655354499817
1,0.2860528230667114
1,0.2831953167915344
1,0.2906506061553955
1,0.2826136350631714
1,0.28016623854637146
1,0.28586968779563904
1,0.2880973517894745
1,0.2911857068538666
1,0.2928707003593445
1,0.2961648106575012
1,0.2975248098373413
1,0.3122180700302124
1,0.3020040988922119
1,0.303029328584671
1,0.30468904972076416
1,0.30656662583351135
1,0.29901087284088135
1,0.2966964542865753
1,0.3003116846084595
1,0.2908027172088623
1,0.2945306599140167
1,0.2929343581199646
1,0.2664768099784851
1,0.25239327549934387
1,0.2268500179052353
1,0.22858303785324097
1,0.22317218780517578
1,0.2370859980583191
1,0.2539699673652649
1,0.2714806795120239
1,0.2676442563533783
1,0.2680235505104065
1,0.26520225405693054
1,0.2629125118255615
1,0.26105526089668274
1,0.2595352828502655
1,0.25837334990501404
1,0.2583923637866974
1,0.26080286502838135
1,0.2635447382926941
1,0.2663344144821167
1,0.2689083218574524
1,0.27134257555007935
1,0.27363768219947815
1,0.275967001914978
1,0.27527451515197754
1,0.2718283534049988
1,0.26845306158065796
1,0.2656838893890381
1,0.263505220413208
1,0.26180773973464966
1,0.260394811630249
1,0.2594088912010193
1,0.26087242364883423
1,0.2635118365287781
1,0.2665892243385315
1,0.26987266540527344
1,0.27327069640159607
1,0.27665987610816956
1,0.2800917327404022
1,0.2818448543548584
1,0.278827965259552
1,0.27592530846595764
1,0.27308276295661926
1,0.2699835002422333
1,0.2671225965023041
1,0.26469776034355164
1,0.2626543641090393
1,0.2608855068683624
1,0.2601543962955475
1,0.2617296874523163
1,0.26334843039512634
1,0.2654154300689697
1,0.2675037980079651
1,0.26950758695602417
1,0.2714694142341614
1,0.27360838651657104
1,0.2726719379425049
1,0.2691905200481415
1,0.266262948513031
1,0.2639501988887787
1,0.2619970440864563
1,0.26107263565063477
1,0.2648249864578247
1,0.2681516110897064
1,0.2701965570449829
1,0.2728036940097809
1,0.2753058075904846
1,0.27773985266685486
1,0.28017163276672363
1,0.27789098024368286
1,0.2703586220741272
1,0.2671775817871094
1,0.26471567153930664
1,0.26258420944213867
1,0.2623691260814667
1,0.2763170003890991
1,0.2812751233577728
1,0.2844826281070709
1,0.30314120650291443
1,0.34428563714027405
1,0.41469764709472656
1,0.5122940540313721
1,0.5940831303596497
1,0.6165546178817749
1,0.6963224411010742
1,0.7691314220428467
1,0.7774327397346497
1,0.7895507216453552
1,0.7830254435539246
1,0.7668406963348389
1,0.7669130563735962
1,0.7840030789375305
1,0.7919414043426514
1,0.7900785207748413
1,0.787128746509552
1,0.7834146022796631
1,0.8044296503067017
1,0.8187344074249268
1,0.8250189423561096
1,0.8125454187393188
1,0.8134140372276306
1,0.8141651749610901
1,0.817765474319458
1,0.8210707306861877
1,0.8198530673980713
1,0.8176661729812622
1,0.8032580018043518
1,0.8179128170013428
1,0.8235101103782654
1,0.8208820223808289
1,0.8137239217758179
1,0.7941979169845581
1,0.7900310158729553
1,0.7950027585029602
1,0.792966365814209
1,0.7943770289421082
1,0.7743575572967529
1,0.7826662659645081
1,0.7929259538650513
1,0.794102132320404
1,0.7882388830184937
1,0.7708032131195068
1,0.7654991149902344
1,0.7746347784996033
1,0.7814910411834717
1,0.7746091485023499
1,0.7591358423233032
1,0.7653113007545471
1,0.7818820476531982
1,0.7920909523963928
1,0.8014828562736511
1,0.792116105556488
1,0.7941627502441406
1,0.8067872524261475
1,0.8149494528770447
1,0.8210107088088989
1,0.8199066519737244
1,0.8146923780441284
1,0.8058971762657166
1,0.8138394355773926
1,0.8016811609268188
1,0.8000966906547546
1,0.7995398640632629
1,0.7966936826705933
1,0.7851449251174927
1,0.7777306437492371
1,0.7801690101623535
1,0.7768121957778931
1,0.7861229181289673
1,0.7668707966804504
1,0.7598949074745178
1,0.7681123614311218
1,0.7698012590408325
1,0.7719407081604004
1,0.7741983532905579
1,0.7710617780685425
1,0.7831484079360962
1,0.7991250157356262
1,0.7975009679794312
1,0.7978464961051941
1,0.807366132736206
1,0.8105655908584595
1,0.8323681950569153
1,0.8331742286682129
1,0.8240834474563599
1,0.8232025504112244
1,0.827700138092041
1,0.8279972672462463
1,0.8350161910057068
1,0.832775354385376
1,0.8296902775764465
1,0.8373051285743713
1,0.8154538869857788
1,0.8088666200637817
1,0.8099574446678162
1,0.7978826761245728
1,0.787868857383728
1,0.7665446400642395
1,0.7583656907081604
1,0.764220654964447
1,0.7486193776130676
1,0.7466854453086853
1,0.7468239665031433
1,0.7462775111198425
1,0.7612119317054749
1,0.7548283934593201
1,0.7597848773002625
1,0.7788412570953369
1,0.7842646837234497
1,0.7806054353713989
1,0.7675881385803223
1,0.777858316898346
1,0.7928655743598938
1,0.8056796789169312
1,0.8079283833503723
1,0.8163203001022339
1,0.8184131383895874
1,0.8390213251113892
1,0.8518427610397339
1,0.8495774269104004
1,0.8460306525230408
1,0.8291868567466736
1,0.830592691898346
1,0.8268905878067017
1,0.8196213245391846
1,0.7976809144020081
1,0.7903510332107544
1,0.7824409604072571
1,0.7734352946281433
1,0.7766153216362
1,0.7572135329246521
1,0.7567101120948792
1,0.7579351663589478
1,0.7547745704650879
1,0.7553316950798035
1,0.7558608651161194
1,0.7533609867095947
1,0.7685292959213257
1,0.7645463347434998
1,0.7711619138717651
1,0.7849964499473572
1,0.7784728407859802
1,0.787932813167572
1,0.800199031829834
1,0.8020578026771545
1,0.8177862763404846
1,0.8178941607475281
1,0.8233104944229126
1,0.8356800079345703
1,0.8440071940422058
1,0.8330750465393066
1,0.8321545720100403
1,0.8093985319137573
1,0.7993514537811279
1,0.8052966594696045
1,0.7900211811065674
1,0.7820904850959778
1,0.7722197771072388
1,0.7752096652984619
1,0.7899098992347717
1,0.7881519794464111
1,0.792376697063446
1,0.7850595116615295
1,0.7712826132774353
1,0.7753863334655762
1,0.7867125272750854
1,0.7827726602554321
1,0.7720066905021667
1,0.6594551205635071
1,0.539962112903595
1,0.45150965452194214
1,0.2984866201877594
1,0.19104056060314178
1,0.15666528046131134
0,0.1313660889863968
0,0.20852534472942352
0,0.17627012729644775
0,0.13223905861377716
0,0.12277831882238388
0,0.1390066295862198
0,0.17863290011882782
0,0.14439164102077484
0,0.12370255589485168
0,0.04924912750720978
0,0.05360914394259453
0,0.12631534039974213
0,0.22447136044502258
0,0.3061347007751465
0,0.3137040138244629
0,0.38427767157554626
0,0.502023458480835
0,0.6039361953735352
0,0.5567232370376587
0,0.4080779552459717
0,0.3120812475681305
0,0.2023000717163086
0,0.15029892325401306
0,0.16693609952926636
0,0.24756421148777008
0,0.3461604416370392
0,0.3709211051464081
0,0.3704460561275482
0,0.37044286727905273
0,0.37060996890068054
0,0.37041983008384705
0,0.3703983724117279
0,0.3704773187637329
0,0.37049612402915955
0,0.37063467502593994
0,0.3710932433605194
0,0.37081849575042725
0,0.37082093954086304
0,0.3710538446903229
0,0.3710952401161194
0,0.3711315393447876
0,0.37116706371307373
0,0.31472888588905334
0,0.24748414754867554
0,0.1751222312450409
0,0.12984958291053772
0,0.20414546132087708
0,0.2554716169834137
0,0.40835586190223694
0,0.5078133344650269
0,0.4787324070930481
0,0.53714919090271
0,0.5464843511581421
0,0.5191124677658081
0,0.4793509542942047
0,0.4921792149543762
0,0.42116719484329224
0,0.4056968092918396
0,0.3762862980365753
0,0.32738545536994934
0,0.25298622250556946
0,0.2367323338985443
0,0.1996644288301468
0,0.23943296074867249
0,0.1705622375011444
0,0.13422249257564545
0,0.08922640234231949
0,0.05655599385499954
0,0.057528696954250336
0,0.10105425119400024
0,0.1545834243297577
0,0.21251900494098663
0,0.24274879693984985
0,0.27360251545906067
0,0.27134644985198975
0,0.29046374559402466
0,0.27817022800445557
0,0.2716844379901886
0,0.2783094346523285
0,0.2920866012573242
0,0.28535741567611694
0,0.2936874330043793
0,0.2826022207736969
0,0.28166887164115906
0,0.29366225004196167
0,0.2937259078025818
0,0.2359803467988968
0,0.20438970625400543
0,0.1836472451686859
0,0.202149897813797
0,0.22103065252304077
0,0.2557578682899475
0,0.3217097520828247
0,0.3936987519264221
0,0.3846893906593323
0,0.3958908021450043
0,0.3920782804489136
0,0.3782951831817627
0,0.3846316933631897
0,0.3864690065383911
0,0.36375173926353455
0,0.3628765344619751
0,0.37884581089019775
0,0.3767142593860626
0,0.3888903558254242
0,0.3786229193210602
0,0.36309099197387695
0,0.38875946402549744
0,0.3889942467212677
0,0.3927784562110901
0,0.38261595368385315
0,0.4012395441532135
0,0.40472105145454407
0,0.4162074625492096
0,0.44459837675094604
0,0.4411463141441345
0,0.42292630672454834
0,0.4192325472831726
0,0.4253726899623871
0,0.40484243631362915
0,0.41048622131347656
0,0.4450294077396393
0,0.4299481213092804
0,0.40343067049980164
0,0.4168229401111603
0,0.42976972460746765
0,0.412160187959671
0,0.4199117124080658
0,0.4075407385826111
0,0.37794923782348633
0,0.389453649520874
0,0.38834717869758606
0,0.3864000737667084
0,0.38860803842544556
0,0.394870400428772
0,0.3815208673477173
0,0.3842327296733856
0,0.3743022382259369
0,0.376219242811203
0,0.370821475982666
0,0.3633534014225006
0,0.3625963628292084
0,0.37479910254478455
0,0.3817712366580963
0,0.37984344363212585
0,0.38932880759239197
0,0.3906243145465851
0,0.391662061214447
0,0.40271082520484924
0,0.399810254573822
0,0.38174885511398315
0,0.39682596921920776
0,0.3941604197025299
0,0.41321462392807007
0,0.4176274538040161
0,0.4178908169269562
0,0.43657737970352173
0,0.43301549553871155
0,0.42174673080444336
0,0.40704771876335144
0,0.3931307792663574
0,0.4033944010734558
0,0.40768954157829285
0,0.38620448112487793
0,0.3787597417831421
0,0.38314512372016907
0,0.3934289515018463
0,0.38992244005203247
0,0.38880160450935364
0,0.38604530692100525
0,0.3786148726940155
0,0.39471325278282166
0,0.3931369185447693
0,0.3929802477359772
0,0.397454172372818
0,0.40969663858413696
0,0.399183452129364
0,0.40055155754089355
0,0.400377094745636
0,0.3672024607658386
0,0.3274089992046356
0,0.2786460220813751
0,0.27164164185523987
0,0.2601753771305084
0,0.300911009311676
0,0.2904956638813019
0,0.303911030292511
0,0.34330621361732483
0,0.40216612815856934
0,0.4063875675201416
0,0.38360801339149475
1,0.32777154445648193
1,0.29999682307243347
1,0.28277528285980225
1,0.2622610926628113
1,0.2705554962158203
1,0.2716030478477478
1,0.28690022230148315
1,0.2965110242366791
1,0.28767213225364685
1,0.28595253825187683
1,0.28829655051231384
1,0.29077380895614624
1,0.2983365058898926
1,0.2966601848602295
1,0.2930814325809479
1,0.2884616255760193
1,0.2879164516925812
1,0.2924664318561554
1,0.2905491292476654
1,0.28909894824028015
1,0.29994046688079834
1,0.2916165590286255
1,0.2935113310813904
1,0.29639747738838196
1,0.2964133620262146
1,0.29587629437446594
1,0.29882827401161194
1,0.2985857427120209
1,0.30393004417419434
1,0.3160468339920044
1,0.319897323846817
1,0.3064449429512024
1,0.29116255044937134
1,0.2859392762184143
1,0.28516995906829834
1,0.2828032970428467
1,0.280945748090744
1,0.29005151987075806
1,0.290102481842041
1,0.2785196602344513
1,0.27426856756210327
1,0.2736278176307678
1,0.28222841024398804
1,0.28462061285972595
1,0.280137836933136
1,0.2859364449977875
1,0.29280853271484375
1,0.28921040892601013
1,0.28819704055786133
1,0.29219725728034973
1,0.2936776578426361
1,0.29789063334465027
1,0.3019586503505707
1,0.3012271225452423
1,0.30484968423843384
1,0.30767589807510376
1,0.30699753761291504
1,0.30976539850234985
1,0.30266985297203064
1,0.2960815131664276
1,0.28916728496551514
1,0.28704437613487244
1,0.28247982263565063
1,0.28476521372795105
1,0.2906692624092102
1,0.28552091121673584
1,0.28037121891975403
1,0.28157538175582886
1,0.28074881434440613
1,0.28514525294303894
1,0.28440842032432556
1,0.2815186083316803
1,0.29022321105003357
1,0.29700732231140137
1,0.30243584513664246
1,0.29344406723976135
1,0.2858518660068512
1,0.28536295890808105
1,0.2911430895328522
1,0.28891369700431824
1,0.28734931349754333
1,0.286663681268692
1,0.28830045461654663
1,0.30001696944236755
1,0.30596253275871277
1,0.30467990040779114
1,0.30066075921058655
1,0.29662442207336426
1,0.2981601059436798
1,0.296826034784317
1,0.29292091727256775
1,0.2889995276927948
1,0.290801465511322
1,0.2931951880455017
1,0.2965971529483795
1,0.29738086462020874
1,0.2926034927368164
1,0.29849860072135925
1,0.29177525639533997
1,0.2941398620605469
1,0.2972820997238159
1,0.2943818271160126
1,0.30252358317375183
1,0.29892390966415405
1,0.30014997720718384
1,0.2949643135070801
1,0.3039548993110657
1,0.2988567054271698
1,0.30280059576034546
1,0.2895652651786804
1,0.28734368085861206
1,0.2906964421272278
1,0.2940957248210907
1,0.2988208532333374
1,0.2900523543357849
1,0.3016391694545746
1,0.29395803809165955
1,0.29576975107192993
1,0.2994229793548584
1,0.2971058487892151
1,0.2885027825832367
1,0.2902064025402069
1,0.2868238687515259
1,0.2859920561313629
1,0.2844477891921997
1,0.28152528405189514
1,0.28321072459220886
1,0.2855408489704132
1,0.2849452495574951
1,0.28620433807373047
1,0.29241976141929626
1,0.28980299830436707
1,0.2928132116794586
1,0.2945738434791565
1,0.3046586513519287
1,0.30048659443855286
1,0.2900775969028473
1,0.2887389361858368
1,0.2983354330062866
1,0.2998502552509308
1,0.28961655497550964
1,0.29019248485565186
1,0.29325029253959656
1,0.296936571598053
1,0.29520735144615173
1,0.29137200117111206
1,0.2967468202114105
1,0.2998179495334625
1,0.296249121427536
1,0.2870778739452362
1,0.28634119033813477
1,0.26070913672447205
1,0.23662731051445007
1,0.22238104045391083
1,0.21880586445331573
1,0.21889981627464294
1,0.22658281028270721
1,0.24172483384609222
1,0.2602584660053253
1,0.2660486102104187
1,0.2638450562953949
1,0.26288312673568726
1,0.2674991488456726
1,0.27424588799476624
1,0.2827807366847992
1,0.28998085856437683
1,0.29494649171829224
1,0.29986685514450073
1,0.304580956697464
1,0.3018113076686859
1,0.2902187407016754
1,0.28362128138542175
1,0.27660369873046875
1,0.2737051844596863
1,0.2706596553325653
1,0.2676617503166199
1,0.265143483877182
1,0.2639630436897278
1,0.2663964629173279
1,0.2731828987598419
1,0.283710241317749
1,0.3009728789329529
1,0.3094820976257324
1,0.31565943360328674
1,0.32169339060783386
1,0.320777952671051
1,0.311470627784729
1,0.2979050874710083
1,0.2870587408542633
1,0.2766444981098175
1,0.27314913272857666
1,0.26934659481048584
1,0.266410768032074
1,0.26419925689697266
1,0.2739579677581787
1,0.28890734910964966
1,0.29225268959999084
1,0.2952062487602234
1,0.2989199161529541
1,0.3025268316268921
1,0.3057219684123993
1,0.30449506640434265
1,0.2811245322227478
1,0.2720023989677429
1,0.2687695622444153
1,0.26558417081832886
1,0.2629707455635071
1,0.26095137000083923
1,0.2615189552307129
1,0.26785939931869507
1,0.2837820053100586
1,0.2901128828525543
1,0.29434290528297424
1,0.29905542731285095
1,0.30323725938796997
1,0.3073069751262665
1,0.2971714735031128
1,0.2841027081012726
1,0.2733668088912964
1,0.2701829969882965
1,0.26724717020988464
1,0.2645723521709442
1,0.2625234127044678
1,0.26077431440353394
1,0.26731982827186584
1,0.27029988169670105
1,0.2725260257720947
1,0.27544671297073364
1,0.27826207876205444
1,0.2807009518146515
1,0.28314536809921265
1,0.28232645988464355
1,0.2745828926563263
1,0.2885702848434448
1,0.3309522569179535
1,0.40476489067077637
1,0.5061222314834595
1,0.612870991230011
1,0.7265650033950806
1,0.7987343668937683
1,0.839551568031311
1,0.8511654138565063
1,0.844152569770813
1,0.8185603618621826
1,0.8180474042892456
1,0.8226159811019897
1,0.8248341679573059
1,0.8287909626960754
1,0.811693549156189
1,0.8037086129188538
1,0.8198994994163513
1,0.8190727233886719
1,0.8185509443283081
1,0.8083166480064392
1,0.7895281910896301
1,0.7899333834648132
1,0.7710669636726379
1,0.7719998955726624
1,0.7657291889190674
1,0.7641175389289856
1,0.765092134475708
1,0.7683786749839783
1,0.7757642269134521
1,0.7860087156295776
1,0.7845856547355652
1,0.7944643497467041
1,0.8031010031700134
1,0.8043830394744873
1,0.7997845411300659
1,0.7959221601486206
1,0.7894436120986938
1,0.8014414310455322
1,0.7982192039489746
1,0.801855206489563
1,0.8069583773612976
1,0.7998176217079163
1,0.7972603440284729
1,0.8209632635116577
1,0.8261364698410034
1,0.83646559715271
1,0.8412526249885559
1,0.8376466035842896
1,0.8305155038833618
1,0.8545304536819458
1,0.8518076539039612
1,0.8519632816314697
1,0.8497354984283447
1,0.8285113573074341
1,0.8123864531517029
1,0.8164271712303162
1,0.8035554885864258
1,0.793272078037262
1,0.7876582741737366
1,0.7753086090087891
1,0.7811779379844666
1,0.7914474606513977
1,0.7931308150291443
1,0.7993075251579285
1,0.7980924248695374
1,0.7993350625038147
1,0.8114348649978638
1,0.8053510785102844
1,0.8087341785430908
1,0.8075303435325623
1,0.7959414124488831
1,0.7926979660987854
1,0.7964587211608887
1,0.7966285347938538
1,0.7947392463684082
1,0.801497220993042
1,0.7879992127418518
1,0.8000268340110779
1,0.8044147491455078
1,0.8134687542915344
1,0.8235895037651062
1,0.8186935782432556
1,0.8219285607337952
1,0.8392319083213806
1,0.8475664854049683
1,0.8538771271705627
1,0.846389889717102
1,0.8199102878570557
1,0.8136739134788513
1,0.8159384727478027
1,0.807247519493103
1,0.8012956976890564
1,0.7815846800804138
1,0.7666300535202026
1,0.7821613550186157
1,0.7906766533851624
1,0.7905903458595276
1,0.787331759929657
1,0.7709251046180725
1,0.7800288200378418
1,0.7927125096321106
1,0.7921673655509949
1,0.7980902791023254
1,0.7976847887039185
1,0.7972995638847351
1,0.8110761642456055
1,0.8114960789680481
1,0.7956646680831909
1,0.8003150820732117
1,0.8093034625053406
1,0.8062641620635986
1,0.8131194114685059
1,0.8112776875495911
1,0.8271748423576355
1,0.8510562181472778
1,0.847292959690094
1,0.8409634828567505
1,0.8364068865776062
1,0.8251522183418274
1,0.8354261517524719
1,0.8312558531761169
1,0.8135109543800354
1,0.8056332468986511
1,0.7968758940696716
1,0.7947269678115845
1,0.8021591901779175
1,0.7811142206192017
1,0.7693749070167542
1,0.7727964520454407
1,0.7780209183692932
1,0.7838767170906067
1,0.7938748002052307
1,0.7779220938682556
1,0.7832943797111511
1,0.7963796854019165
1,0.7905036211013794
1,0.7919378280639648
1,0.78258216381073
1,0.7665451765060425
1,0.7766194343566895
1,0.7717452049255371
1,0.7728231549263
1,0.7697158455848694
1,0.7762848138809204
1,0.7756990194320679
1,0.7947290539741516
1,0.7952331304550171
1,0.8073996901512146
1,0.817186176776886
1,0.823671817779541
1,0.8278807401657104
1,0.83784419298172
1,0.8388864994049072
1,0.8430630564689636
1,0.8542665839195251
1,0.8541801571846008
1,0.8450660705566406
1,0.8297803401947021
1,0.8239525556564331
1,0.8062986135482788
1,0.8022366762161255
1,0.7974491715431213
1,0.7976633310317993
1,0.7956647276878357
1,0.8018372654914856
1,0.8040241599082947
1,0.8022820353507996
1,0.8073244094848633
1,0.8148437142372131
1,0.8083343505859375
1,0.7933253645896912
1,0.7953145503997803
1,0.8030926585197449
1,0.8116929531097412
1,0.8211656212806702
1,0.8182769417762756
1,0.8320770263671875
1,0.8288653492927551
1,0.7604432702064514
1,0.6536022424697876
1,0.5517565608024597
1,0.41923147439956665
1,0.32695454359054565
1,0.25881046056747437
0,0.20964942872524261
0,0.15004993975162506
0,0.11241468787193298
0,0.09292419254779816
0,0.1278378665447235
0,0.184393510222435
0,0.2451305091381073
0,0.3098977208137512
0,0.3711344003677368
0,0.37128815054893494
0,0.37152397632598877
0,0.3717864453792572
0,0.371952623128891
0,0.3719945251941681
0,0.37192171812057495
0,0.37199515104293823
0,0.37201985716819763
0,0.3721182942390442
0,0.3721226155757904
0,0.372124046087265
0,0.3721177875995636
0,0.37211835384368896
0,0.3721305727958679
0,0.3722025454044342
0,0.3721906840801239
0,0.372175395488739
0,0.37192708253860474
0,0.3716023564338684
0,0.36016780138015747
0,0.283903568983078
0,0.21592913568019867
0,0.1538308560848236
0,0.111561119556427
0,0.1145850270986557
0,0.15531538426876068
0,0.2496829479932785
0,0.33878394961357117
0,0.34457826614379883
0,0.40314435958862305
0,0.4920042157173157
0,0.36908644437789917
0,0.27380993962287903
0,0.21696892380714417
0,0.13619953393936157
0,0.10704504698514938
0,0.15738987922668457
0,0.25927531719207764
0,0.3529631197452545
0,0.3710692226886749
0,0.3710932433605194
0,0.33438119292259216
0,0.24550049006938934
0,0.16097907721996307
0,0.11280480027198792
0,0.12474977970123291
0,0.1781432181596756
0,0.21423375606536865
0,0.3054097890853882
0,0.3553268611431122
0,0.28776177763938904
0,0.17326702177524567
0,0.11770673841238022
0,0.11919622123241425
0,0.1407562494277954
0,0.1517520695924759
0,0.19464433193206787
0,0.2507244348526001
0,0.2805493175983429
0,0.23029744625091553
0,0.1807626485824585
0,0.17891012132167816
0,0.19850003719329834
0,0.21608756482601166
0,0.25514158606529236
0,0.31955286860466003
0,0.3767295479774475
0,0.3718978762626648
0,0.3821179270744324
0,0.3623660206794739
0,0.37020552158355713
0,0.38282909989356995
0,0.3942391872406006
0,0.3933044373989105
0,0.38847461342811584
0,0.3939834535121918
0,0.3890780508518219
0,0.40337732434272766
0,0.4075034260749817
0,0.42520397901535034
0,0.4055679142475128
0,0.40357714891433716
0,0.3899311423301697
0,0.39025595784187317
0,0.3850921392440796
0,0.36905303597450256
0,0.3709035813808441
0,0.3704954981803894
0,0.3937801420688629
0,0.38111793994903564
0,0.4130336344242096
0,0.4182789623737335
0,0.40448909997940063
0,0.4310745298862457
0,0.40668660402297974
0,0.3986170291900635
0,0.4089301824569702
0,0.4248409569263458
0,0.3999442458152771
0,0.3948197662830353
0,0.3969821035861969
0,0.39791494607925415
0,0.4000512957572937
0,0.4083428680896759
0,0.39027780294418335
0,0.36852067708969116
0,0.37949466705322266
0,0.38480404019355774
0,0.40679672360420227
0,0.4058650732040405
0,0.4296773076057434
0,0.415417343378067
0,0.425001859664917
0,0.45594522356987
0,0.43994662165641785
0,0.4348174035549164
0,0.4225253462791443
0,0.4033783972263336
0,0.412581205368042
0,0.420792818069458
0,0.39736074209213257
0,0.3738600015640259
0,0.3805224895477295
0,0.35719963908195496
0,0.36063051223754883
0,0.3645600974559784
0,0.3576689660549164
0,0.36154836416244507
0,0.3782045841217041
0,0.3813498318195343
0,0.38484686613082886
0,0.40991389751434326
0,0.41079965233802795
0,0.4001769423484802
0,0.40821510553359985
0,0.411333829164505
0,0.3934798240661621
0,0.3998618423938751
0,0.39232349395751953
0,0.3793244957923889
0,0.368480920791626
0,0.3682032823562622
0,0.3691611588001251
0,0.35736650228500366
0,0.3817952871322632
0,0.37644481658935547
0,0.330535888671875
0,0.3123551905155182
0,0.288377583026886
0,0.2655041813850403
0,0.26427537202835083
0,0.2169647216796875
0,0.16917578876018524
0,0.13308656215667725
0,0.09838051348924637
0,0.1371137499809265
0,0.17147602140903473
0,0.1623980551958084
0,0.16053974628448486
0,0.13140006363391876
0,0.10989419370889664
0,0.1347203105688095
0,0.1952889859676361
0,0.26652219891548157
0,0.34562429785728455
0,0.3993944525718689
0,0.3961712419986725
1,0.35854196548461914
1,0.34065908193588257
1,0.30727988481521606
1,0.2882465720176697
1,0.28248468041419983
1,0.26274749636650085
1,0.27417653799057007
1,0.27992674708366394
1,0.2821637988090515
1,0.2814050018787384
1,0.2852556109428406
1,0.2872401475906372
1,0.28464552760124207
1,0.29155153036117554
1,0.293119877576828
1,0.2882017493247986
1,0.28775328397750854
1,0.29645392298698425
1,0.29677072167396545
1,0.29448291659355164
1,0.2878214120864868
1,0.29073429107666016
1,0.28868991136550903
1,0.2878095507621765
1,0.2896658182144165
1,0.288381963968277
1,0.28965839743614197
1,0.28705549240112305
1,0.2869253158569336
1,0.28351229429244995
1,0.28692036867141724
1,0.28596341609954834
1,0.28476789593696594
1,0.2862488329410553
1,0.2852199971675873
1,0.2884719669818878
1,0.2861218750476837
1,0.2910968065261841
1,0.2893669605255127
1,0.3044642210006714
1,0.3006766438484192
1,0.29233551025390625
1,0.29982051253318787
1,0.28767022490501404
1,0.30704042315483093
1,0.2957732677459717
1,0.28566375374794006
1,0.2901437282562256
1,0.2991489768028259
1,0.3083287179470062
1,0.30451536178588867
1,0.30292943120002747
1,0.2982957363128662
1,0.30012646317481995
1,0.3114922046661377
1,0.33183759450912476
1,0.3111855387687683
1,0.29599061608314514
1,0.29380089044570923
1,0.29491958022117615
1,0.32993897795677185
1,0.300841748714447
1,0.29665663838386536
1,0.2853240370750427
1,0.290382444858551
1,0.28390371799468994
1,0.3011757433414459
1,0.29245951771736145
1,0.2801530361175537
1,0.28248539566993713
1,0.28814542293548584
1,0.2975955903530121
1,0.2861447036266327
1,0.2864302396774292
1,0.2850237190723419
1,0.2860245406627655
1,0.2917497754096985
1,0.29203057289123535
1,0.29782047867774963
1,0.3017403185367584
1,0.28743216395378113
1,0.2851852476596832
1,0.28624972701072693
1,0.29474860429763794
1,0.2876506745815277
1,0.28920209407806396
1,0.2896433472633362
1,0.28530922532081604
1,0.28480780124664307
1,0.28625065088272095
1,0.28415820002555847
1,0.28884056210517883
1,0.2900863289833069
1,0.29307955503463745
1,0.29284656047821045
1,0.29656320810317993
1,0.2988681495189667
1,0.2936387062072754
1,0.2935313582420349
1,0.29711705446243286
1,0.2957092821598053
1,0.29904213547706604
1,0.29925671219825745
1,0.30719512701034546
1,0.31445685029029846
1,0.31665635108947754
1,0.3112185299396515
1,0.306110680103302
1,0.30570292472839355
1,0.30901914834976196
1,0.3066827952861786
1,0.3062168061733246
1,0.30364900827407837
1,0.3021294176578522
1,0.3010881841182709
1,0.3155677020549774
1,0.3088897168636322
1,0.2991127669811249
1,0.29516100883483887
1,0.2907979190349579
1,0.2934192717075348
1,0.29216980934143066
1,0.29742103815078735
1,0.2933966815471649
1,0.2914346754550934
1,0.2935720980167389
1,0.29658788442611694
1,0.2915261387825012
1,0.2869177460670471
1,0.2858700752258301
1,0.2870132327079773
1,0.2889866828918457
1,0.29105791449546814
1,0.2896651029586792
1,0.2956774830818176
1,0.28870928287506104
1,0.2836436629295349
1,0.2885342836380005
1,0.28918641805648804
1,0.2928850054740906
1,0.2934286594390869
1,0.29132384061813354
1,0.29573220014572144
1,0.30315136909484863
1,0.2998386025428772
1,0.2967000901699066
1,0.2921695113182068
1,0.27998116612434387
1,0.2822246551513672
1,0.2831619679927826
1,0.28212958574295044
1,0.2791813611984253
1,0.2797987163066864
1,0.27824515104293823
1,0.2838021516799927
1,0.29486966133117676
1,0.2702508866786957
1,0.2555364966392517
1,0.24840299785137177
1,0.22817008197307587
1,0.22172513604164124
1,0.23983122408390045
1,0.2603224515914917
1,0.2824954390525818
1,0.29485636949539185
1,0.2981608211994171
1,0.3026738166809082
1,0.3065709173679352
1,0.3088304102420807
1,0.29667335748672485
1,0.2812982201576233
1,0.2711560130119324
1,0.267610639333725
1,0.26472535729408264
1,0.2624656856060028
1,0.26565563678741455
1,0.27163511514663696
1,0.2764856219291687
1,0.27997440099716187
1,0.2834263741970062
1,0.28689515590667725
1,0.2903500199317932
1,0.2917468249797821
1,0.2822778522968292
1,0.27456358075141907
1,0.2704993784427643
1,0.26716914772987366
1,0.26460254192352295
1,0.26221245527267456
1,0.2604919373989105
1,0.2620195746421814
1,0.2640259563922882
1,0.2666182816028595
1,0.26944538950920105
1,0.2724308669567108
1,0.27528467774391174
1,0.27820345759391785
1,0.2800046503543854
1,0.27495136857032776
1,0.27185389399528503
1,0.26863977313041687
1,0.26579615473747253
1,0.2636307179927826
1,0.2665941119194031
1,0.2729559540748596
1,0.2754848301410675
1,0.2775839567184448
1,0.28006866574287415
1,0.28278589248657227
1,0.2854076623916626
1,0.2852722108364105
1,0.2762935161590576
1,0.26979392766952515
1,0.2666343152523041
1,0.2640720009803772
1,0.2618766725063324
1,0.2601083815097809
1,0.2590799927711487
1,0.26040545105934143
1,0.26443368196487427
1,0.2677346467971802
1,0.2710566520690918
1,0.27452871203422546
1,0.2777943015098572
1,0.28110188245773315
1,0.2810237407684326
1,0.27735862135887146
1,0.2728865444660187
1,0.2693105936050415
1,0.26634690165519714
1,0.2636449933052063
1,0.26173654198646545
1,0.2706051468849182
1,0.30033203959465027
1,0.35495948791503906
1,0.4382825195789337
1,0.5575340986251831
1,0.6885629892349243
1,0.7845454812049866
1,0.8578426837921143
1,0.873171329498291
1,0.8675711750984192
1,0.8671555519104004
1,0.8625932335853577
1,0.8579164147377014
1,0.8360978364944458
1,0.8274381756782532
1,0.8159862756729126
1,0.8074774742126465
1,0.7950311303138733
1,0.8025530576705933
1,0.7847657203674316
1,0.7805150151252747
1,0.7918897271156311
1,0.7848941683769226
1,0.7795628905296326
1,0.7806807160377502
1,0.7669200301170349
1,0.7677068710327148
1,0.7787456512451172
1,0.7740566730499268
1,0.7777507305145264
1,0.7774707078933716
1,0.778126060962677
1,0.7981845140457153
1,0.8031479120254517
1,0.8002117276191711
1,0.7995408177375793
1,0.8101749420166016
1,0.8190104961395264
1,0.8275095224380493
1,0.8342255353927612
1,0.8262364268302917
1,0.829951822757721
1,0.8485813140869141
1,0.8525639176368713
1,0.8579896688461304
1,0.8503060340881348
1,0.8491540551185608
1,0.8617437481880188
1,0.8657470941543579
1,0.8579918146133423
1,0.8532082438468933
1,0.8424993753433228
1,0.8392024636268616
1,0.8450275659561157
1,0.8332120776176453
1,0.7930396795272827
1,0.7805237174034119
1,0.7765579223632812
1,0.781286358833313
1,0.7835458517074585
1,0.7721445560455322
1,0.7646443247795105
1,0.7790112495422363
1,0.8045970797538757
1,0.8107308149337769
1,0.8093124628067017
1,0.8140513896942139
1,0.8217349648475647
1,0.8362656235694885
1,0.8394845724105835
1,0.8335334062576294
1,0.8112804293632507
1,0.8139171004295349
1,0.8152076005935669
1,0.8162027597427368
1,0.8138992786407471
1,0.7930606007575989
1,0.7995455265045166
1,0.8259841799736023
1,0.8263428211212158
1,0.8112363219261169
1,0.8005591630935669
1,0.7962773442268372
1,0.8071024417877197
1,0.8105666637420654
1,0.800584077835083
1,0.7875279188156128
1,0.7891248464584351
1,0.7876504063606262
1,0.7845847010612488
1,0.7876365184783936
1,0.7892719507217407
1,0.7868708968162537
1,0.785798966884613
1,0.7923274040222168
1,0.8059843182563782
1,0.7867997288703918
1,0.7839804291725159
1,0.7759305238723755
1,0.7796115279197693
1,0.796721875667572
1,0.7919782400131226
1,0.7972471714019775
1,0.8063846230506897
1,0.8258313536643982
1,0.835812509059906
1,0.8288121223449707
1,0.8265081644058228
1,0.8328038454055786
1,0.8415286540985107
1,0.8407402038574219
1,0.8379911184310913
1,0.8265671730041504
1,0.8260074257850647
1,0.8211233615875244
1,0.8116961717605591
1,0.8165647387504578
1,0.8055109977722168
1,0.7969908118247986
1,0.7879117131233215
1,0.7992272973060608
1,0.8017944097518921
1,0.8118345141410828
1,0.8103646039962769
1,0.800256073474884
1,0.798275887966156
1,0.8148550987243652
1,0.8273296356201172
1,0.8333845734596252
1,0.8254808187484741
1,0.8096164464950562
1,0.8196569085121155
1,0.8292844891548157
1,0.8412169218063354
1,0.838322103023529
1,0.8340893983840942
1,0.8367636203765869
1,0.8643851280212402
1,0.8714985847473145
1,0.8716790676116943
1,0.8762725591659546
1,0.8780567646026611
1,0.8804974555969238
1,0.8732211589813232
1,0.8767394423484802
1,0.8501592874526978
1,0.8342655897140503
1,0.8155148029327393
1,0.8030146956443787
1,0.7993565797805786
1,0.7924230098724365
1,0.7786166071891785
1,0.7723908424377441
1,0.789679765701294
1,0.7966869473457336
1,0.7988988161087036
1,0.7892091274261475
1,0.7699443101882935
1,0.7751870155334473
1,0.7771947383880615
1,0.7946677207946777
1,0.7871423363685608
1,0.7808564305305481
1,0.7942081093788147
1,0.8109789490699768
1,0.8255155682563782
1,0.819317102432251
1,0.8233311772346497
1,0.8158692121505737
1,0.8311571478843689
1,0.8545236587524414
1,0.8476585149765015
1,0.8484912514686584
1,0.8672893047332764
1,0.8631648421287537
1,0.7869940996170044
1,0.6750732660293579
1,0.5487709641456604
1,0.4325343370437622
1,0.40563100576400757
1,0.40694981813430786
1,0.4154360890388489
0,0.41865864396095276
0,0.47940921783447266
0,0.4288422763347626
0,0.3691171407699585
0,0.28438395261764526
0,0.13923001289367676
0,0.09702428430318832
0,0.16115090250968933
0,0.25505003333091736
0,0.319179505109787
0,0.35826319456100464
0,0.3687262535095215
0,0.3708842098712921
0,0.3709232211112976
0,0.37106621265411377
0,0.3067525327205658
0,0.228199765086174
0,0.16042722761631012
0,0.11621960997581482
0,0.10132540762424469
0,0.18125206232070923
0,0.31008076667785645
0,0.45975977182388306
0,0.502532958984375
0,0.5118063688278198
0,0.47709596157073975
0,0.42097461223602295
0,0.3346271216869354
0,0.21430565416812897
0,0.14741389453411102
0,0.12538011372089386
0,0.0887070968747139
0,0.11030171066522598
0,0.12135766446590424
0,0.16171137988567352
0,0.1492437720298767
0,0.17880290746688843
0,0.21229210495948792
0,0.2520233988761902
0,0.2802293300628662
0,0.3119679391384125
0,0.2736392617225647
0,0.19682441651821136
0,0.1862175315618515
0,0.1992018222808838
0,0.19919805228710175
0,0.19950249791145325
0,0.15255071222782135
0,0.13299857079982758
0,0.0955338180065155
0,0.09326352179050446
0,0.11052658408880234
0,0.17964430153369904
0,0.2411079853773117
0,0.31233474612236023
0,0.36487099528312683
0,0.4003414213657379
0,0.4027640223503113
0,0.4162002205848694
0,0.3999165892601013
0,0.37708789110183716
0,0.4080664813518524
0,0.39314401149749756
0,0.4004281759262085
0,0.4330884516239166
0,0.4218671917915344
0,0.44334906339645386
0,0.45946621894836426
0,0.4503277540206909
0,0.4415065050125122
0,0.4553632140159607
0,0.4381006360054016
0,0.4126617908477783
0,0.4046684205532074
0,0.3887164890766144
0,0.39006805419921875
0,0.3750152289867401
0,0.3953048586845398
0,0.3967711627483368
0,0.3983803391456604
0,0.41237345337867737
0,0.3953690826892853
0,0.39622560143470764
0,0.41803500056266785
0,0.4300794303417206
0,0.4056060016155243
0,0.39753401279449463
0,0.41399356722831726
0,0.3950379490852356
0,0.399954229593277
0,0.4080727994441986
0,0.40090835094451904
0,0.39646658301353455
0,0.3971981108188629
0,0.38258180022239685
0,0.35582485795021057
0,0.36949923634529114
0,0.3748280704021454
0,0.3673955202102661
0,0.34507256746292114
0,0.35665610432624817
0,0.3818327486515045
0,0.3817218840122223
0,0.39933010935783386
0,0.38652119040489197
0,0.3711198568344116
0,0.3848123550415039
0,0.39120733737945557
0,0.4050728678703308
0,0.39818280935287476
0,0.41165828704833984
0,0.4126835763454437
0,0.417929470539093
0,0.4216194152832031
0,0.42310258746147156
0,0.42225852608680725
0,0.40877965092658997
0,0.4097011089324951
0,0.3966139256954193
0,0.3964507281780243
0,0.39669787883758545
0,0.4051796793937683
0,0.4056313931941986
0,0.4239587187767029
0,0.41798335313796997
0,0.4314234256744385
0,0.4408680200576782
0,0.4739222526550293
0,0.4924490749835968
0,0.4497596323490143
0,0.44230809807777405
0,0.4556366801261902
0,0.46192362904548645
0,0.44781693816185
0,0.4660331904888153
0,0.4406144917011261
0,0.4174538552761078
0,0.44990265369415283
0,0.4410507082939148
0,0.41021013259887695
0,0.43383920192718506
0,0.42090848088264465
0,0.3933382034301758
0,0.3987889289855957
0,0.3948398232460022
0,0.366914302110672
0,0.33783596754074097
0,0.32403823733329773
0,0.3168568015098572
0,0.30492401123046875
0,0.3301710784435272
0,0.32118624448776245
0,0.32270804047584534
0,0.3336535394191742
0,0.3669992983341217
0,0.36526551842689514
1,0.3371945321559906
1,0.29221999645233154
1,0.268532931804657
1,0.2552817761898041
1,0.2501048743724823
1,0.25845834612846375
1,0.2715042531490326
1,0.28602901101112366
1,0.284281462430954
1,0.29474103450775146
1,0.29613620042800903
1,0.3004911541938782
1,0.29792520403862
1,0.2986657917499542
1,0.30683907866477966
1,0.3063005805015564
1,0.3067390024662018
1,0.2957216501235962
1,0.29560965299606323
1,0.29391223192214966
1,0.29111918807029724
1,0.29512032866477966
1,0.29418036341667175
1,0.2919100522994995
1,0.30630889534950256
1,0.29305499792099
1,0.29382821917533875
1,0.29188355803489685
1,0.29111582040786743
1,0.290423184633255
1,0.2876572906970978
1,0.2903197407722473
1,0.2924513518810272
1,0.2941482663154602
1,0.2831820249557495
1,0.2865633964538574
1,0.28698956966400146
1,0.28675395250320435
1,0.2849285900592804
1,0.28592821955680847
1,0.29049187898635864
1,0.2937255799770355
1,0.30306801199913025
1,0.30378761887550354
1,0.30693626403808594
1,0.3223140835762024
1,0.32370516657829285
1,0.32361841201782227
1,0.3143141269683838
1,0.2988481819629669
1,0.29666778445243835
1,0.298570841550827
1,0.299216091632843
1,0.29963919520378113
1,0.3024623990058899
1,0.296598345041275
1,0.29735109210014343
1,0.30329620838165283
1,0.30134350061416626
1,0.29567354917526245
1,0.294742614030838
1,0.290240615606308
1,0.29013749957084656
1,0.2927824556827545
1,0.2909950613975525
1,0.2899216115474701
1,0.2901064455509186
1,0.2844603955745697
1,0.2824770212173462
1,0.2878226041793823
1,0.28119614720344543
1,0.2828361988067627
1,0.2817981243133545
1,0.28119340538978577
1,0.28651925921440125
1,0.2959088087081909
1,0.29645416140556335
1,0.2986849844455719
1,0.2974758446216583
1,0.28712940216064453
1,0.2955731153488159
1,0.29654252529144287
1,0.29656198620796204
1,0.29858818650245667
1,0.2899729311466217
1,0.29231807589530945
1,0.3044849634170532
1,0.3143255114555359
1,0.3153531551361084
1,0.3085632920265198
1,0.29986298084259033
1,0.2958543598651886
1,0.28977087140083313
1,0.2746430039405823
1,0.272350937128067
1,0.2685682773590088
1,0.2709309756755829
1,0.26734459400177
1,0.2715088725090027
1,0.2694379389286041
1,0.27895841002464294
1,0.2798897922039032
1,0.29160499572753906
1,0.2905677556991577
1,0.2859044075012207
1,0.27712947130203247
1,0.279847651720047
1,0.28603503108024597
1,0.2864847779273987
1,0.2978745996952057
1,0.2919582426548004
1,0.2995363473892212
1,0.30769574642181396
1,0.3101362884044647
1,0.31572476029396057
1,0.3086623251438141
1,0.3034574091434479
1,0.3012487590312958
1,0.3019012212753296
1,0.30153411626815796
1,0.2981014549732208
1,0.2930772006511688
1,0.29839807748794556
1,0.29846176505088806
1,0.3027263879776001
1,0.306270956993103
1,0.3011234700679779
1,0.29944849014282227
1,0.2976375222206116
1,0.2973795533180237
1,0.29200050234794617
1,0.2890646159648895
1,0.2852764129638672
1,0.2835065722465515
1,0.2859380841255188
1,0.2841545641422272
1,0.28925958275794983
1,0.30567145347595215
1,0.3150728642940521
1,0.31548357009887695
1,0.2996136248111725
1,0.29266640543937683
1,0.29360145330429077
1,0.29980266094207764
1,0.29427653551101685
1,0.2860778272151947
1,0.2859501838684082
1,0.2898469865322113
1,0.29212942719459534
1,0.29434525966644287
1,0.29577040672302246
1,0.28926873207092285
1,0.29176580905914307
1,0.30012235045433044
1,0.29929119348526
1,0.29146715998649597
1,0.29922688007354736
1,0.29419130086898804
1,0.29112663865089417
1,0.30411773920059204
1,0.31191250681877136
1,0.2987881302833557
1,0.3087773621082306
1,0.3425677418708801
1,0.3633348345756531
1,0.388636976480484
1,0.34845590591430664
1,0.3263457417488098
1,0.3187211751937866
1,0.30697134137153625
1,0.2952130138874054
1,0.2839045822620392
1,0.28837522864341736
1,0.2836475968360901
1,0.26406797766685486
1,0.23873858153820038
1,0.22938449680805206
1,0.22229084372520447
1,0.23054876923561096
1,0.24686385691165924
1,0.2607789635658264
1,0.2734380066394806
1,0.27137941122055054
1,0.26845091581344604
1,0.2653713524341583
1,0.2629881799221039
1,0.2609645128250122
1,0.25949904322624207
1,0.2602463364601135
1,0.2627285420894623
1,0.265291690826416
1,0.26809144020080566
1,0.2709271013736725
1,0.27358001470565796
1,0.27647021412849426
1,0.27860066294670105
1,0.2755715250968933
1,0.2722085118293762
1,0.2690652012825012
1,0.2661822736263275
1,0.2638401687145233
1,0.26192352175712585
1,0.260317325592041
1,0.2601582109928131
1,0.26208820939064026
1,0.2647818326950073
1,0.26761817932128906
1,0.2706921100616455
1,0.2739611566066742
1,0.27691319584846497
1,0.2798978090286255
1,0.2787964642047882
1,0.2757675349712372
1,0.2732503116130829
1,0.27024438977241516
1,0.2672472596168518
1,0.2648657560348511
1,0.26282668113708496
1,0.2611173689365387
1,0.2598441541194916
1,0.2608363628387451
1,0.2630159854888916
1,0.2659435272216797
1,0.2688685357570648
1,0.27158159017562866
1,0.2744143605232239
1,0.27717098593711853
1,0.27935484051704407
1,0.27525898814201355
1,0.27103695273399353
1,0.267688512802124
1,0.2646302282810211
1,0.2624031603336334
1,0.2603524327278137
1,0.2592311203479767
1,0.2609263062477112
1,0.2635885775089264
1,0.2662891149520874
1,0.2688438296318054
1,0.2713925242424011
1,0.27391543984413147
1,0.2763349711894989
1,0.27461081743240356
1,0.27061155438423157
1,0.26736775040626526
1,0.2645499110221863
1,0.2624650001525879
1,0.2611330449581146
1,0.259679913520813
1,0.2616926431655884
1,0.26567313075065613
1,0.28081434965133667
1,0.3233491778373718
1,0.3743041157722473
1,0.4663322865962982
1,0.5671727657318115
1,0.6558540463447571
1,0.736318051815033
1,0.7761452794075012
1,0.7779640555381775
1,0.7782536149024963
1,0.7793292999267578
1,0.7836287617683411
1,0.7714017033576965
1,0.7781652808189392
1,0.7891951203346252
1,0.8026328682899475
1,0.8025574088096619
1,0.814546525478363
1,0.8196600079536438
1,0.8248878121376038
1,0.8472316265106201
1,0.8296802043914795
1,0.833177387714386
1,0.8461703062057495
1,0.8397449851036072
1,0.8442087769508362
1,0.8457138538360596
1,0.8425346612930298
1,0.8592316508293152
1,0.8667241930961609
1,0.8490091562271118
1,0.843580424785614
1,0.8234790563583374
1,0.825292706489563
1,0.8067620396614075
1,0.7916361093521118
1,0.7851533889770508
1,0.7945827841758728
1,0.7929603457450867
1,0.8007350564002991
1,0.7975857853889465
1,0.8094927072525024
1,0.8148279190063477
1,0.8155041337013245
1,0.8179514408111572
1,0.8090004324913025
1,0.8034325242042542
1,0.8122056126594543
1,0.8123583197593689
1,0.8158045411109924
1,0.8251705169677734
1,0.815639078617096
1,0.819577693939209
1,0.8244487047195435
1,0.8293842077255249
1,0.8368967175483704
1,0.8421467542648315
1,0.8249019384384155
1,0.8291459679603577
1,0.8376432061195374
1,0.8408628106117249
1,0.8532777428627014
1,0.8595401048660278
1,0.8667691946029663
1,0.8822196125984192
1,0.8988354206085205
1,0.9003546833992004
1,0.9046249389648438
1,0.9043915271759033
1,0.8752572536468506
1,0.8647692799568176
1,0.8553110361099243
1,0.8406465649604797
1,0.8277698159217834
1,0.8172479271888733
1,0.787078320980072
1,0.7985382080078125
1,0.8040446043014526
1,0.7941045165061951
1,0.7983682155609131
1,0.8049830198287964
1,0.8081363439559937
1,0.8204953670501709
1,0.8254740238189697
1,0.8197296857833862
1,0.8211736083030701
1,0.8263617157936096
1,0.8079667687416077
1,0.8041914701461792
1,0.8062626719474792
1,0.801952600479126
1,0.8074781894683838
1,0.8148418664932251
1,0.8260501027107239
1,0.8409850001335144
1,0.8593041300773621
1,0.8641300797462463
1,0.8706369996070862
1,0.8830299973487854
1,0.8845176100730896
1,0.8842220306396484
1,0.8712489008903503
1,0.8629394173622131
1,0.8655941486358643
1,0.8643895387649536
1,0.8567417860031128
1,0.8323377370834351
1,0.8188068866729736
1,0.8145427107810974
1,0.828101396560669
1,0.8144446611404419
1,0.8077152371406555
1,0.7993159294128418
1,0.8148043751716614
1,0.8101934790611267
1,0.8182976245880127
1,0.8128360509872437
1,0.8083173632621765
1,0.8168986439704895
1,0.8153815865516663
1,0.8162519931793213
1,0.8210667371749878
1,0.8277119994163513
1,0.8333582282066345
1,0.8376339673995972
1,0.8378602266311646
1,0.8284012675285339
1,0.8264771699905396
1,0.8279334306716919
1,0.8354968428611755
1,0.8471328020095825
1,0.8393505215644836
1,0.8320997953414917
1,0.8422537446022034
1,0.852200984954834
1,0.8620770573616028
1,0.8683203458786011
1,0.8654194474220276
1,0.8523972630500793
1,0.8688481450080872
1,0.8726578950881958
1,0.8523458242416382
1,0.8508415818214417
1,0.8586803078651428
1,0.84886634349823
1,0.8475697636604309
1,0.8499770760536194
1,0.8309506773948669
1,0.8201313614845276
1,0.8230101466178894
1,0.8194437623023987
1,0.8145393133163452
1,0.7967115044593811
1,0.7962014079093933
1,0.8045048713684082
1,0.8023519515991211
1,0.8132961988449097
1,0.7963228821754456
1,0.7912994027137756
1,0.794464647769928
1,0.7957825660705566
1,0.7964099049568176
1,0.7849187850952148
1,0.7818179130554199
1,0.787093997001648
1,0.8034682869911194
1,0.8153991103172302
1,0.8050800561904907
1,0.8157074451446533
1,0.8265737295150757
1,0.8499666452407837
1,0.8551142811775208
1,0.8611987829208374
1,0.8556416034698486
1,0.8622439503669739
1,0.8744958639144897
1,0.8675487041473389
1,0.8613682389259338
1,0.8587321639060974
1,0.8398618698120117
1,0.8294676542282104
1,0.8310150504112244
1,0.8213411569595337
1,0.8126033544540405
1,0.7632149457931519
1,0.6637846827507019
1,0.5746701955795288
1,0.4708957374095917
1,0.34654173254966736
1,0.2033386528491974
1,0.10353107005357742
0,0.07656485587358475
0,0.11046084761619568
0,0.16822156310081482
0,0.22663895785808563
0,0.2897177040576935
0,0.35173407196998596
0,0.3717491924762726
0,0.37200337648391724
0,0.3721705377101898
0,0.3722047209739685
0,0.3721751868724823
0,0.3721831440925598
0,0.3722119629383087
0,0.37221065163612366
0,0.3721666932106018
0,0.3720051050186157
0,0.3719334304332733
0,0.3718239665031433
0,0.37176090478897095
0,0.3716157078742981
0,0.37159886956214905
0,0.37149161100387573
0,0.37133291363716125
0,0.371209055185318
0,0.3646942377090454
0,0.2937253713607788
0,0.22336293756961823
0,0.16057968139648438
0,0.11325394362211227
0,0.10955823212862015
0,0.15271800756454468
0,0.17756080627441406
0,0.25697505474090576
0,0.27425965666770935
0,0.19504207372665405
0,0.1361110508441925
0,0.08764676749706268
0,0.10023728013038635
0,0.15204612910747528
0,0.15547488629817963
0,0.16178728640079498
0,0.1679173707962036
0,0.1152721643447876
0,0.07730996608734131
0,0.07983634620904922
0,0.10003668069839478
0,0.09914524853229523
0,0.05801190808415413
0,0.06017370522022247
0,0.10147125273942947
0,0.12480980902910233
0,0.1340171992778778
0,0.14916673302650452
0,0.1757727414369583
0,0.214767187833786
0,0.2707659602165222
0,0.33735886216163635
0,0.38577860593795776
0,0.3871816098690033
0,0.391446053981781
0,0.4144119918346405
0,0.41919565200805664
0,0.4040745496749878
0,0.4041195213794708
0,0.41324493288993835
0,0.3932949900627136
0,0.3985094428062439
0,0.3990480601787567
0,0.3921701908111572
0,0.3930065631866455
0,0.39346814155578613
0,0.38797083497047424
0,0.37778785824775696
0,0.39378902316093445
0,0.3745307922363281
0,0.37748202681541443
0,0.3733818233013153
0,0.36152371764183044
0,0.3758094608783722
0,0.3743153512477875
0,0.3725830912590027
0,0.3787558376789093
0,0.3711458146572113
0,0.3844563663005829
0,0.35950812697410583
0,0.36105018854141235
0,0.38144588470458984
0,0.3744773268699646
0,0.37875643372535706
0,0.38354212045669556
0,0.4122309982776642
0,0.38666510581970215
0,0.41396063566207886
0,0.41897785663604736
0,0.42018577456474304
0,0.4314166307449341
0,0.4464607834815979
0,0.42728638648986816
0,0.42390745878219604
0,0.43056371808052063
0,0.42128753662109375
0,0.44474297761917114
0,0.452989399433136
0,0.44874340295791626
0,0.4546114206314087
0,0.44246765971183777
0,0.42903411388397217
0,0.4537273347377777
0,0.454195111989975
0,0.42943447828292847
0,0.42854660749435425
0,0.4225591719150543
0,0.4290975332260132
0,0.42736247181892395
0,0.4592670202255249
0,0.4462018311023712
0,0.4239096939563751
0,0.42186859250068665
0,0.43820613622665405
0,0.43424010276794434
0,0.433106005191803
0,0.45198875665664673
0,0.42009538412094116
0,0.4015626609325409
0,0.4106456935405731
0,0.4185473620891571
0,0.39819446206092834
0,0.38106948137283325
0,0.38339078426361084
0,0.373800665140152
0,0.36303749680519104
0,0.30848607420921326
0,0.2689090967178345
0,0.23562966287136078
0,0.21926480531692505
0,0.23910954594612122
0,0.24237461388111115
0,0.2222011834383011
1,0.2260989248752594
1,0.27456215023994446
1,0.2941932678222656
1,0.2853657603263855
1,0.27272459864616394
1,0.265524297952652
1,0.269589900970459
1,0.2923037111759186
1,0.30533739924430847
1,0.3032745122909546
1,0.29282188415527344
1,0.2905299961566925
1,0.2885968089103699
1,0.2859399914741516
1,0.2872731685638428
1,0.28469711542129517
1,0.28381818532943726
1,0.2908012270927429
1,0.29612693190574646
1,0.2984621524810791
1,0.2879467308521271
1,0.2886176109313965
1,0.2859383821487427
1,0.2829791307449341
1,0.2822857201099396
1,0.2825872600078583
1,0.28690817952156067
1,0.2825849950313568
1,0.2860738933086395
1,0.2896849513053894
1,0.28914541006088257
1,0.2957824766635895
1,0.286696195602417
1,0.2878737151622772
1,0.28752756118774414
1,0.28516796231269836
1,0.2838039994239807
1,0.2876864969730377
1,0.2861916422843933
1,0.28792405128479004
1,0.2901653051376343
1,0.28363850712776184
1,0.2848401665687561
1,0.28092160820961
1,0.27751198410987854
1,0.28634217381477356
1,0.28578147292137146
1,0.2887679934501648
1,0.2945729196071625
1,0.2971560060977936
1,0.30481815338134766
1,0.31201183795928955
1,0.2984376549720764
1,0.2993524372577667
1,0.29193758964538574
1,0.28833824396133423
1,0.28950396180152893
1,0.2899082899093628
1,0.28739121556282043
1,0.2944277822971344
1,0.2844773530960083
1,0.28095707297325134
1,0.28479915857315063
1,0.2840329706668854
1,0.2796373963356018
1,0.278461217880249
1,0.2784567177295685
1,0.2890176773071289
1,0.2907513678073883
1,0.2938324213027954
1,0.2928091883659363
1,0.2978416979312897
1,0.3035016357898712
1,0.30353304743766785
1,0.301297128200531
1,0.30392345786094666
1,0.30201321840286255
1,0.3043699562549591
1,0.3048563003540039
1,0.3029769957065582
1,0.3084312081336975
1,0.30896371603012085
1,0.3127809464931488
1,0.3083423376083374
1,0.3154642879962921
1,0.313137024641037
1,0.3234005272388458
1,0.3256717026233673
1,0.32166948914527893
1,0.31400173902511597
1,0.29709866642951965
1,0.29636555910110474
1,0.2936950922012329
1,0.286843478679657
1,0.2813427746295929
1,0.26591214537620544
1,0.2637549340724945
1,0.26539042592048645
1,0.2676630914211273
1,0.2672311067581177
1,0.2657831609249115
1,0.26765185594558716
1,0.27219951152801514
1,0.2770099639892578
1,0.27477094531059265
1,0.2713860869407654
1,0.2727765440940857
1,0.2752474546432495
1,0.2891695499420166
1,0.28698280453681946
1,0.283473402261734
1,0.28579020500183105
1,0.30553963780403137
1,0.30683019757270813
1,0.3075003921985626
1,0.2988292872905731
1,0.30076169967651367
1,0.31166455149650574
1,0.30782803893089294
1,0.29501235485076904
1,0.2957055866718292
1,0.29684194922447205
1,0.296446293592453
1,0.30815085768699646
1,0.2974240481853485
1,0.2907864451408386
1,0.29035279154777527
1,0.2931510806083679
1,0.29121482372283936
1,0.2910144329071045
1,0.29117435216903687
1,0.29115554690361023
1,0.28497448563575745
1,0.28297969698905945
1,0.27228131890296936
1,0.27242639660835266
1,0.27142468094825745
1,0.27401816844940186
1,0.2856322228908539
1,0.277439147233963
1,0.2762414813041687
1,0.2830328345298767
1,0.29246851801872253
1,0.2936803102493286
1,0.28756189346313477
1,0.28731176257133484
1,0.2888564169406891
1,0.2920074164867401
1,0.2931115925312042
1,0.2923961877822876
1,0.2881925106048584
1,0.2831704616546631
1,0.2931543290615082
1,0.28404471278190613
1,0.28470146656036377
1,0.28672534227371216
1,0.28370150923728943
1,0.2864103615283966
1,0.2916927635669708
1,0.28433337807655334
1,0.28469371795654297
1,0.28628140687942505
1,0.2824462652206421
1,0.2822149097919464
1,0.28370872139930725
1,0.2844204008579254
1,0.2864046096801758
1,0.2834109663963318
1,0.2825203239917755
1,0.28292781114578247
1,0.28006070852279663
1,0.25547778606414795
1,0.2359439581632614
1,0.2263348549604416
1,0.2150973379611969
1,0.22461126744747162
1,0.24284546077251434
1,0.25585508346557617
1,0.2733076810836792
1,0.270122766494751
1,0.267162948846817
1,0.26471230387687683
1,0.26264524459838867
1,0.2608494162559509
1,0.260869562625885
1,0.26507145166397095
1,0.2681006193161011
1,0.27168983221054077
1,0.27509716153144836
1,0.2783444821834564
1,0.28156352043151855
1,0.2848208248615265
1,0.28002139925956726
1,0.2751721143722534
1,0.27094075083732605
1,0.2676394581794739
1,0.26485684514045715
1,0.26281312108039856
1,0.2609313726425171
1,0.25948140025138855
1,0.2627069652080536
1,0.26893630623817444
1,0.2732224762439728
1,0.27779603004455566
1,0.28239375352859497
1,0.28713738918304443
1,0.29159829020500183
1,0.2917926013469696
1,0.28425946831703186
1,0.27973201870918274
1,0.2766503095626831
1,0.27329835295677185
1,0.269797682762146
1,0.2668043375015259
1,0.2644852101802826
1,0.26246368885040283
1,0.26108089089393616
1,0.26365935802459717
1,0.26832738518714905
1,0.2718392312526703
1,0.27589496970176697
1,0.27641981840133667
1,0.28019261360168457
1,0.28373557329177856
1,0.28421252965927124
1,0.276091605424881
1,0.27245035767555237
1,0.2682601511478424
1,0.2649844288825989
1,0.2655826807022095
1,0.2633216381072998
1,0.26137977838516235
1,0.261985719203949
1,0.26821133494377136
1,0.2723338305950165
1,0.27674320340156555
1,0.2810856103897095
1,0.28544682264328003
1,0.2899746894836426
1,0.29318398237228394
1,0.2859298288822174
1,0.27908268570899963
1,0.2761676013469696
1,0.27233371138572693
1,0.26891210675239563
1,0.26595938205718994
1,0.26427963376045227
1,0.2747581899166107
1,0.2854648530483246
1,0.28897255659103394
1,0.32435595989227295
1,0.3822097182273865
1,0.457933247089386
1,0.5557866096496582
1,0.6442044973373413
1,0.6997078061103821
1,0.749478816986084
1,0.8084293603897095
1,0.8096332550048828
1,0.8055749535560608
1,0.8060229420661926
1,0.811679482460022
1,0.8157792091369629
1,0.8212096095085144
1,0.8259618282318115
1,0.8271782994270325
1,0.824546217918396
1,0.8064528107643127
1,0.810620903968811
1,0.8133020401000977
1,0.8195579051971436
1,0.8183049559593201
1,0.8181968331336975
1,0.8246310949325562
1,0.8482679724693298
1,0.8640592694282532
1,0.8681678771972656
1,0.8512645959854126
1,0.8503210544586182
1,0.8693148493766785
1,0.8712083697319031
1,0.8539280891418457
1,0.8417201638221741
1,0.8295232653617859
1,0.8336673974990845
1,0.8269713521003723
1,0.8191777467727661
1,0.8116405606269836
1,0.8057681918144226
1,0.8061675429344177
1,0.8077192306518555
1,0.8132678866386414
1,0.8088701963424683
1,0.8099617958068848
1,0.8105794787406921
1,0.794852077960968
1,0.7992616295814514
1,0.8115002512931824
1,0.8083509802818298
1,0.8101473450660706
1,0.8072131872177124
1,0.8059048652648926
1,0.8217616081237793
1,0.8303741216659546
1,0.8230499625205994
1,0.8256722092628479
1,0.8088095188140869
1,0.796630322933197
1,0.7996611595153809
1,0.8105828762054443
1,0.8138255476951599
1,0.8166450262069702
1,0.8259429931640625
1,0.8240315318107605
1,0.8361742496490479
1,0.8665849566459656
1,0.8662281036376953
1,0.867053210735321
1,0.8546248078346252
1,0.8463082313537598
1,0.8518680930137634
1,0.8487231731414795
1,0.8385181427001953
1,0.8326583504676819
1,0.8276972770690918
1,0.8285855650901794
1,0.8295475840568542
1,0.8395958542823792
1,0.832918107509613
1,0.8354548215866089
1,0.829674243927002
1,0.8255032300949097
1,0.8246782422065735
1,0.8233227133750916
1,0.8206201791763306
1,0.8158869743347168
1,0.8192865252494812
1,0.8175473213195801
1,0.8266127705574036
1,0.8204724192619324
1,0.8218145966529846
1,0.8286091685295105
1,0.8287299275398254
1,0.8377695083618164
1,0.849911630153656
1,0.8562920689582825
1,0.8706204891204834
1,0.8732823729515076
1,0.8758112788200378
1,0.8870426416397095
1,0.8621746897697449
1,0.8613890409469604
1,0.8606194853782654
1,0.8642067909240723
1,0.8643538951873779
1,0.8590721487998962
1,0.862952470779419
1,0.8736287355422974
1,0.8739003539085388
1,0.8625290989875793
1,0.8580771684646606
1,0.8463061451911926
1,0.843923032283783
1,0.8336743712425232
1,0.8192059397697449
1,0.7981793880462646
1,0.7922242879867554
1,0.7855610251426697
1,0.7824851870536804
1,0.7859262228012085
1,0.7849379181861877
1,0.7814504504203796
1,0.7943083047866821
1,0.8054461479187012
1,0.8221288323402405
1,0.8152100443840027
1,0.8017017841339111
1,0.7923006415367126
1,0.7995902895927429
1,0.814143180847168
1,0.8079254031181335
1,0.811250627040863
1,0.8232668042182922
1,0.8545976877212524
1,0.8629742860794067
1,0.8739566206932068
1,0.8415460586547852
1,0.8369040489196777
1,0.8564674258232117
1,0.861270010471344
1,0.8402709364891052
1,0.8320183157920837
1,0.8359524011611938
1,0.8561285734176636
1,0.8574405312538147
1,0.8402069211006165
1,0.8261626362800598
1,0.8195778727531433
1,0.8309795260429382
1,0.827980637550354
1,0.8171212673187256
1,0.818325400352478
1,0.8283095955848694
1,0.8278343081474304
1,0.8320407867431641
1,0.8272690176963806
1,0.8042246699333191
1,0.7979840040206909
1,0.793298065662384
1,0.7924234867095947
1,0.8007261753082275
1,0.7927506566047668
1,0.7961007952690125
1,0.8091506958007812
1,0.8054866790771484
1,0.8055998682975769
1,0.8120335936546326
1,0.8227258920669556
1,0.8318502306938171
1,0.8412880897521973
1,0.8502258658409119
1,0.8708001375198364
1,0.8851091265678406
1,0.8750956654548645
1,0.8724940419197083
1,0.8465101718902588
1,0.8443083763122559
1,0.8453432321548462
1,0.8432615399360657
1,0.820235013961792
1,0.7293293476104736
1,0.6122435331344604
1,0.45226797461509705
1,0.365008682012558
1,0.2718327045440674
1,0.214372456073761
0,0.19781970977783203
0,0.17729416489601135
0,0.1622157096862793
0,0.17177143692970276
0,0.1943480521440506
0,0.1945137083530426
0,0.2338617593050003
0,0.27005326747894287
0,0.31971102952957153
0,0.4039509892463684
0,0.43375343084335327
0,0.4210951626300812
0,0.4194289743900299
0,0.43459388613700867
0,0.44361647963523865
0,0.44603079557418823
0,0.4521005153656006
0,0.44629812240600586
0,0.42353105545043945
0,0.4349636435508728
0,0.431684672832489
0,0.4170038104057312
0,0.4248027801513672
0,0.4123902916908264
0,0.3980577290058136
0,0.4044877886772156
0,0.41203737258911133
0,0.4197516143321991
0,0.44878485798835754
0,0.426216185092926
0,0.4282919466495514
0,0.44931507110595703
0,0.43768227100372314
0,0.4796350300312042
0,0.48511606454849243
0,0.45361053943634033
0,0.4554109275341034
0,0.4760061800479889
0,0.4823586344718933
0,0.4882035553455353
0,0.5199429988861084
0,0.46882709860801697
0,0.45706337690353394
0,0.4509243369102478
0,0.43067899346351624
0,0.436592161655426
0,0.43775567412376404
0,0.42522454261779785
0,0.3848575949668884
0,0.40701916813850403
0,0.4155850112438202
0,0.4140342175960541
0,0.43031924962997437
0,0.4312898516654968
0,0.41602617502212524
0,0.43351662158966064
0,0.4404817819595337
0,0.43008485436439514
0,0.4326421320438385
0,0.41722550988197327
0,0.41492947936058044
0,0.4080083668231964
0,0.3952678143978119
0,0.39832088351249695
0,0.411050945520401
0,0.3988369107246399
0,0.39760857820510864
0,0.4147241711616516
0,0.39973947405815125
0,0.3984372913837433
0,0.4051576852798462
0,0.39005470275878906
0,0.38985681533813477
0,0.39588674902915955
0,0.40211793780326843
0,0.3929358720779419
0,0.4020181894302368
0,0.41070663928985596
0,0.4046418070793152
0,0.4217680096626282
0,0.39413687586784363
0,0.3575710952281952
0,0.2937661111354828
0,0.283702552318573
0,0.2779760956764221
0,0.26373377442359924
0,0.2306436449289322
1,0.20225143432617188
1,0.19675861299037933
1,0.2248212844133377
1,0.2577480375766754
1,0.25568312406539917
1,0.25289255380630493
1,0.2741868495941162
1,0.29474642872810364
1,0.2937520742416382
1,0.29547247290611267
1,0.29329171776771545
1,0.2945716083049774
1,0.295723021030426
1,0.29851582646369934
1,0.3056352436542511
1,0.30653661489486694
1,0.3067791163921356
1,0.29535967111587524
1,0.29236191511154175
1,0.28930333256721497
1,0.28873133659362793
1,0.2869252562522888
1,0.2845090329647064
1,0.2821657061576843
1,0.2809179127216339
1,0.28465601801872253
1,0.28459617495536804
1,0.28553250432014465
1,0.2861577570438385
1,0.286610871553421
1,0.28658080101013184
1,0.2845478951931
1,0.2838537096977234
1,0.29055386781692505
1,0.2850660979747772
1,0.2846237123012543
1,0.2911498546600342
1,0.2925594449043274
1,0.29195937514305115
1,0.2865561246871948
1,0.28657618165016174
1,0.300710529088974
1,0.2966275215148926
1,0.2979910671710968
1,0.29739758372306824
1,0.2891697585582733
1,0.292322039604187
1,0.29597753286361694
1,0.2933795750141144
1,0.28935280442237854
1,0.2918458878993988
1,0.29312726855278015
1,0.2889052629470825
1,0.2921009659767151
1,0.2918687164783478
1,0.2922627031803131
1,0.2898969352245331
1,0.28706082701683044
1,0.2850814163684845
1,0.2824002206325531
1,0.28077933192253113
1,0.2776511311531067
1,0.2821912169456482
1,0.2805408537387848
1,0.2815738916397095
1,0.29158833622932434
1,0.29226961731910706
1,0.2902878522872925
1,0.2957814335823059
1,0.2934623062610626
1,0.2991015613079071
1,0.30555951595306396
1,0.3062796890735626
1,0.2991538643836975
1,0.3019562363624573
1,0.3101676404476166
1,0.31194645166397095
1,0.30814024806022644
1,0.299975723028183
1,0.28807079792022705
1,0.2872261106967926
1,0.2863963842391968
1,0.2855879068374634
1,0.28245580196380615
1,0.27923890948295593
1,0.2814059555530548
1,0.2903783917427063
1,0.2874167263507843
1,0.2897462546825409
1,0.28667762875556946
1,0.2863510251045227
1,0.28980252146720886
1,0.289070188999176
1,0.2950576841831207
1,0.29032886028289795
1,0.29232653975486755
1,0.294708251953125
1,0.2991703152656555
1,0.3003367781639099
1,0.3030554950237274
1,0.3052264153957367
1,0.3045204281806946
1,0.31140899658203125
1,0.3109435439109802
1,0.3123989403247833
1,0.3019757568836212
1,0.2991517186164856
1,0.30216795206069946
1,0.2958143651485443
1,0.29241588711738586
1,0.28963619470596313
1,0.29200831055641174
1,0.29067370295524597
1,0.2864886522293091
1,0.2833711504936218
1,0.2833499312400818
1,0.282562255859375
1,0.28563445806503296
1,0.28666144609451294
1,0.2805653214454651
1,0.27802470326423645
1,0.2761017084121704
1,0.28262805938720703
1,0.27952951192855835
1,0.2809966504573822
1,0.2832269072532654
1,0.2895020544528961
1,0.2940989136695862
1,0.29407641291618347
1,0.2939009666442871
1,0.2884829342365265
1,0.28938958048820496
1,0.2888452112674713
1,0.28970983624458313
1,0.28954195976257324
1,0.2957044541835785
1,0.2965756952762604
1,0.2900685966014862
1,0.2862977683544159
1,0.28560975193977356
1,0.2818259000778198
1,0.2819562554359436
1,0.29084569215774536
1,0.2898033559322357
1,0.2991814613342285
1,0.2908807694911957
1,0.29028767347335815
1,0.29292190074920654
1,0.29416394233703613
1,0.29207876324653625
1,0.2909092903137207
1,0.29008254408836365
1,0.2908474802970886
1,0.27569735050201416
1,0.25256630778312683
1,0.22828178107738495
1,0.21817728877067566
1,0.21464407444000244
1,0.22295160591602325
1,0.2436356246471405
1,0.2577463984489441
1,0.2747718393802643
1,0.27625665068626404
1,0.27295947074890137
1,0.2696908712387085
1,0.2666736841201782
1,0.2642374038696289
1,0.2622095048427582
1,0.26473501324653625
1,0.2697107493877411
1,0.2780808210372925
1,0.2842673361301422
1,0.2892337143421173
1,0.29388102889060974
1,0.2989804148674011
1,0.3017784357070923
1,0.2905271649360657
1,0.28392958641052246
1,0.27879059314727783
1,0.27597978711128235
1,0.2733539342880249
1,0.27042171359062195
1,0.2674434781074524
1,0.2650701701641083
1,0.2631321847438812
1,0.26347431540489197
1,0.26791927218437195
1,0.2738792300224304
1,0.28294065594673157
1,0.287346750497818
1,0.29177358746528625
1,0.2954142391681671
1,0.2987273633480072
1,0.2912854254245758
1,0.2851135730743408
1,0.2782028317451477
1,0.2746032774448395
1,0.27164366841316223
1,0.26864802837371826
1,0.26642900705337524
1,0.2642272710800171
1,0.2621828317642212
1,0.26074478030204773
1,0.2640099823474884
1,0.2703298330307007
1,0.2816788852214813
1,0.2966233193874359
1,0.32513871788978577
1,0.3407692313194275
1,0.34793201088905334
1,0.3462958335876465
1,0.3304280936717987
1,0.31512099504470825
1,0.3014552891254425
1,0.2901730239391327
1,0.2767680883407593
1,0.272869735956192
1,0.2695411443710327
1,0.2664836347103119
1,0.2639974355697632
1,0.2624363899230957
1,0.26452916860580444
1,0.26869016885757446
1,0.2789471447467804
1,0.28469550609588623
1,0.2892167270183563
1,0.29382580518722534
1,0.29812389612197876
1,0.29753509163856506
1,0.2891709506511688
1,0.2857716381549835
1,0.27644380927085876
1,0.2726103365421295
1,0.26931509375572205
1,0.26627883315086365
1,0.26592034101486206
1,0.2809199392795563
1,0.2959299087524414
1,0.29952237010002136
1,0.30324646830558777
1,0.3080047369003296
1,0.31520310044288635
1,0.354804128408432
1,0.40042465925216675
1,0.4319467544555664
1,0.5138165950775146
1,0.625064492225647
1,0.7212576866149902
1,0.7947252988815308
1,0.8468676805496216
1,0.8436446189880371
1,0.8438131213188171
1,0.8485937118530273
1,0.8214733600616455
1,0.818082869052887
1,0.8238211870193481
1,0.8224121928215027
1,0.8233500719070435
1,0.8218368291854858
1,0.8122902512550354
1,0.8271844983100891
1,0.8329150676727295
1,0.8339488506317139
1,0.8182768821716309
1,0.8146453499794006
1,0.8171641826629639
1,0.8355022072792053
1,0.8342430591583252
1,0.8356649875640869
1,0.8364257216453552
1,0.8414528965950012
1,0.8437151908874512
1,0.8523708581924438
1,0.8466928601264954
1,0.8457208871841431
1,0.8497346043586731
1,0.8635913729667664
1,0.864701509475708
1,0.8908123970031738
1,0.8703212141990662
1,0.8641316890716553
1,0.8657073378562927
1,0.8545622825622559
1,0.8439275622367859
1,0.8395465016365051
1,0.8236120939254761
1,0.8221061825752258
1,0.8246338963508606
1,0.8190860152244568
1,0.8246777653694153
1,0.8303769826889038
1,0.832492470741272
1,0.8339748978614807
1,0.8410689234733582
1,0.8449648022651672
1,0.8421045541763306
1,0.8470539450645447
1,0.8447801470756531
1,0.8439183831214905
1,0.8450248837471008
1,0.8368110656738281
1,0.835615873336792
1,0.8450660109519958
1,0.8519663214683533
1,0.8597597479820251
1,0.865906834602356
1,0.8540260195732117
1,0.8591912388801575
1,0.8724249005317688
1,0.8767231106758118
1,0.8631263375282288
1,0.8657978177070618
1,0.8617518544197083
1,0.8668675422668457
1,0.888681173324585
1,0.8892505168914795
1,0.8647835850715637
1,0.8728124499320984
1,0.885064423084259
1,0.8737590312957764
1,0.8631401062011719
1,0.8536856174468994
1,0.8437936305999756
1,0.8493494391441345
1,0.8568445444107056
1,0.8462232947349548
1,0.8335732221603394
1,0.8377320766448975
1,0.8382456302642822
1,0.8379724025726318
1,0.8335539698600769
1,0.8015889525413513
1,0.7937335968017578
1,0.7959423661231995
1,0.7977356314659119
1,0.8100410103797913
1,0.8037487268447876
1,0.7997196316719055
1,0.820244312286377
1,0.8398126363754272
1,0.8522394299507141
1,0.8592645525932312
1,0.8649401068687439
1,0.8629082441329956
1,0.8581240177154541
1,0.857731819152832
1,0.8612356185913086
1,0.8611531853675842
1,0.8650631904602051
1,0.8659882545471191
1,0.8616423606872559
1,0.8611466288566589
1,0.8777182698249817
1,0.8931164145469666
1,0.8917297720909119
1,0.8935880064964294
1,0.8825623393058777
1,0.8608227372169495
1,0.8661504983901978
1,0.8595710396766663
1,0.8516709208488464
1,0.8391570448875427
1,0.8347223401069641
1,0.8190473914146423
1,0.8356029987335205
1,0.8368865847587585
1,0.8367339968681335
1,0.8467361330986023
1,0.8232038617134094
1,0.8170724511146545
1,0.8222980499267578
1,0.8104760646820068
1,0.8003870844841003
1,0.8014185428619385
1,0.7966585159301758
1,0.8063129186630249
1,0.8192117214202881
1,0.8090195655822754
1,0.819183886051178
1,0.8364262580871582
1,0.831138551235199
1,0.8356308937072754
1,0.846014142036438
1,0.8524419665336609
1,0.8762977719306946
1,0.8550370931625366
1,0.8530510663986206
1,0.8793049454689026
1,0.8813735842704773
1,0.8758032917976379
1,0.8561764359474182
1,0.8339953422546387
1,0.8450168967247009
1,0.8465400338172913
1,0.8415115475654602
1,0.8320561051368713
1,0.8028382062911987
1,0.8054453134536743
1,0.8232458829879761
1,0.8250093460083008
1,0.8249069452285767
1,0.818814218044281
1,0.7954829335212708
1,0.8065205216407776
1,0.8134607672691345
1,0.8034326434135437
1,0.7933284044265747
1,0.7945709824562073
1,0.7947287559509277
1,0.814636766910553
1,0.8291301131248474
1,0.8143790364265442
1,0.8182305097579956
1,0.8318194150924683
1,0.8429521322250366
1,0.8528521060943604
1,0.861312210559845
1,0.8572289347648621
1,0.8735504746437073
1,0.8686263561248779
1,0.8763394951820374
1,0.8762108683586121
1,0.8084884881973267
1,0.7040626406669617
1,0.5911087989807129
1,0.4577404260635376
1,0.3431638777256012
1,0.26170191168785095
1,0.14637790620326996
0,0.09699966013431549
0,0.09712393581867218
0,0.12079313397407532
0,0.1854413002729416
0,0.2451939582824707
0,0.30964818596839905
0,0.37040042877197266
0,0.37064942717552185
0,0.3709372878074646
0,0.37170135974884033
0,0.372319757938385
0,0.3723408877849579
0,0.3723420202732086
0,0.37232503294944763
0,0.3723093867301941
0,0.37226709723472595
0,0.3721137046813965
0,0.37199878692626953
0,0.37193766236305237
0,0.37181556224823
0,0.37174323201179504
0,0.37166839838027954
0,0.37151750922203064
0,0.37128838896751404
0,0.3711002469062805
0,0.3666863441467285
0,0.292650043964386
0,0.22779572010040283
0,0.16066500544548035
0,0.10503651201725006
0,0.0871930941939354
0,0.11637412756681442
0,0.19433313608169556
0,0.23409432172775269
0,0.22967380285263062
0,0.21670709550380707
0,0.1597852110862732
0,0.1011773869395256
0,0.13022315502166748
0,0.16884402930736542
0,0.21374545991420746
0,0.2525526285171509
0,0.2368212342262268
0,0.30165043473243713
0,0.3587525188922882
0,0.42064934968948364
0,0.4353685677051544
0,0.44767290353775024
0,0.4532098174095154
0,0.453874409198761
0,0.45734480023384094
0,0.4343387186527252
0,0.43371373414993286
0,0.4253029525279999
0,0.4151972830295563
0,0.3841506540775299
0,0.39789634943008423
0,0.39792177081108093
0,0.38394269347190857
0,0.39331719279289246
0,0.4126855432987213
0,0.43055254220962524
0,0.42854011058807373
0,0.4335477948188782
0,0.420564204454422
0,0.4080122709274292
0,0.4158150255680084
0,0.4225725531578064
0,0.4355405271053314
0,0.4272766411304474
0,0.41765040159225464
0,0.42363157868385315
0,0.42663487792015076
0,0.4169124960899353
0,0.42617398500442505
0,0.4512418508529663
0,0.42141443490982056
0,0.4287717938423157
0,0.47372499108314514
0,0.4856506586074829
0,0.47805458307266235
0,0.468856543302536
0,0.4614139497280121
0,0.4453326463699341
0,0.4547172784805298
0,0.4597282409667969
0,0.4198906123638153
0,0.4073965549468994
0,0.4194861054420471
0,0.41497594118118286
0,0.4407211244106293
0,0.4209022521972656
0,0.41736239194869995
0,0.416062593460083
0,0.4070446491241455
0,0.4232032597064972
0,0.41289272904396057
0,0.39505818486213684
0,0.4016801118850708
0,0.3879971206188202
0,0.39678165316581726
0,0.4047415554523468
0,0.38788464665412903
0,0.3801582157611847
0,0.3981766402721405
0,0.3971470296382904
0,0.3946596384048462
0,0.4143028259277344
0,0.42423316836357117
0,0.43050599098205566
0,0.4422387182712555
0,0.4449837803840637
0,0.43502527475357056
0,0.4577677547931671
0,0.44182369112968445
0,0.4439534544944763
0,0.42454007267951965
0,0.3769513666629791
0,0.3813828229904175
0,0.3416835069656372
1,0.2933160066604614
1,0.26668450236320496
1,0.2539827227592468
1,0.233326256275177
1,0.24877600371837616
1,0.25493213534355164
1,0.25820744037628174
1,0.284593403339386
1,0.29521459341049194
1,0.2913401126861572
1,0.29045894742012024
1,0.28926822543144226
1,0.2972281575202942
1,0.2968635857105255
1,0.2904941141605377
1,0.28208601474761963
1,0.28207725286483765
1,0.2844390571117401
1,0.2825576663017273
1,0.2845744490623474
1,0.2851986885070801
1,0.285493940114975
1,0.28975772857666016
1,0.2898353040218353
1,0.2889194190502167
1,0.2887859046459198
1,0.28722304105758667
1,0.2870965600013733
1,0.2822166085243225
1,0.28472480177879333
1,0.2936136722564697
1,0.2923412322998047
1,0.28792354464530945
1,0.28609922528266907
1,0.287783145904541
1,0.28632375597953796
1,0.2866555154323578
1,0.29231008887290955
1,0.29513970017433167
1,0.2857953608036041
1,0.2848002016544342
1,0.2907171845436096
1,0.28562304377555847
1,0.28283923864364624
1,0.27951258420944214
1,0.2790706157684326
1,0.28159746527671814
1,0.2831924259662628
1,0.28028470277786255
1,0.2877160906791687
1,0.2821779251098633
1,0.2775878608226776
1,0.27817872166633606
1,0.27612191438674927
1,0.2775266468524933
1,0.2805149555206299
1,0.2813946604728699
1,0.2914649546146393
1,0.29487621784210205
1,0.2959478795528412
1,0.2917333245277405
1,0.29658403992652893
1,0.3009912669658661
1,0.304610937833786
1,0.3077780306339264
1,0.2996862530708313
1,0.2958691716194153
1,0.2994259297847748
1,0.2991899847984314
1,0.29662370681762695
1,0.29111480712890625
1,0.28473326563835144
1,0.2805820405483246
1,0.2822430729866028
1,0.28249382972717285
1,0.2847791016101837
1,0.2783939242362976
1,0.2754082977771759
1,0.275584876537323
1,0.2758544385433197
1,0.276703417301178
1,0.2759888172149658
1,0.27773988246917725
1,0.28328070044517517
1,0.2846206724643707
1,0.2850037217140198
1,0.2829030156135559
1,0.2847353518009186
1,0.28456005454063416
1,0.28456011414527893
1,0.28781870007514954
1,0.28803423047065735
1,0.2917422652244568
1,0.29392144083976746
1,0.29542258381843567
1,0.29634636640548706
1,0.298004686832428
1,0.29291436076164246
1,0.2938564121723175
1,0.286781907081604
1,0.2830006778240204
1,0.285847932100296
1,0.2767598628997803
1,0.2786931097507477
1,0.27730315923690796
1,0.2756842076778412
1,0.27350184321403503
1,0.27855896949768066
1,0.2861108183860779
1,0.28564414381980896
1,0.2864871621131897
1,0.2882623076438904
1,0.291695237159729
1,0.2929326295852661
1,0.29247626662254333
1,0.29320359230041504
1,0.29506373405456543
1,0.29429891705513
1,0.2980881929397583
1,0.29949626326560974
1,0.30167293548583984
1,0.3078235983848572
1,0.3050689697265625
1,0.30129221081733704
1,0.2978557348251343
1,0.29800546169281006
1,0.2902328372001648
1,0.2884942591190338
1,0.29034602642059326
1,0.285927414894104
1,0.29359549283981323
1,0.30095115303993225
1,0.2882770299911499
1,0.28856611251831055
1,0.2945657968521118
1,0.3046855330467224
1,0.2915797829627991
1,0.28947925567626953
1,0.28681257367134094
1,0.29099491238594055
1,0.2909489572048187
1,0.28980347514152527
1,0.29685041308403015
1,0.2751816213130951
1,0.252401202917099
1,0.2325623631477356
1,0.22727416455745697
1,0.21286480128765106
1,0.2230607569217682
1,0.24300356209278107
1,0.2534319758415222
1,0.26472073793411255
1,0.2649329900741577
1,0.2630111277103424
1,0.2626093029975891
1,0.26531779766082764
1,0.2780938148498535
1,0.29402223229408264
1,0.3122271001338959
1,0.32055848836898804
1,0.3270471394062042
1,0.33293992280960083
1,0.3259628713130951
1,0.3138750493526459
1,0.29118654131889343
1,0.282819926738739
1,0.2763897776603699
1,0.2730875611305237
1,0.2696002721786499
1,0.2665989398956299
1,0.26997727155685425
1,0.2812146842479706
1,0.29298919439315796
1,0.30245450139045715
1,0.3062297999858856
1,0.31088751554489136
1,0.31575074791908264
1,0.3182641863822937
1,0.29935213923454285
1,0.2868243455886841
1,0.2783961594104767
1,0.27503567934036255
1,0.2717946171760559
1,0.26831161975860596
1,0.2655676603317261
1,0.26475533843040466
1,0.269915372133255
1,0.283567875623703
1,0.29641953110694885
1,0.3085326552391052
1,0.3168264925479889
1,0.34189867973327637
1,0.35605868697166443
1,0.34354642033576965
1,0.3258265256881714
1,0.30497053265571594
1,0.29298797249794006
1,0.2877155542373657
1,0.2824679911136627
1,0.27335357666015625
1,0.26956453919410706
1,0.26667630672454834
1,0.26770955324172974
1,0.2754358947277069
1,0.2832508981227875
1,0.296945184469223
1,0.31213632225990295
1,0.32367339730262756
1,0.3299690783023834
1,0.3357735276222229
1,0.31760841608047485
1,0.3070065975189209
1,0.2965623140335083
1,0.2848869264125824
1,0.2792491912841797
1,0.2753591537475586
1,0.27209845185279846
1,0.2689943313598633
1,0.2660908102989197
1,0.27401867508888245
1,0.29810529947280884
1,0.3308962285518646
1,0.3447277545928955
1,0.3500259220600128
1,0.3563206195831299
1,0.36230048537254333
1,0.3693397045135498
1,0.3795524835586548
1,0.3934536576271057
1,0.42285576462745667
1,0.5271737575531006
1,0.5817617177963257
1,0.6914272904396057
1,0.7819690704345703
1,0.8305427432060242
1,0.8174827098846436
1,0.8097237348556519
1,0.8020357489585876
1,0.8109532594680786
1,0.8268558979034424
1,0.8304198980331421
1,0.8325233459472656
1,0.8088449835777283
1,0.8086309432983398
1,0.8215776085853577
1,0.808410108089447
1,0.8110520839691162
1,0.8077914118766785
1,0.8080512285232544
1,0.8290464282035828
1,0.8349312543869019
1,0.8230642676353455
1,0.8328877091407776
1,0.8283956050872803
1,0.8375149965286255
1,0.8419785499572754
1,0.852328360080719
1,0.8550478219985962
1,0.8752464056015015
1,0.8753932118415833
1,0.8881653547286987
1,0.8972225189208984
1,0.8996859788894653
1,0.8764486312866211
1,0.8497657179832458
1,0.8432283401489258
1,0.8450932502746582
1,0.8361299633979797
1,0.8282825350761414
1,0.7963641881942749
1,0.7875778675079346
1,0.8096295595169067
1,0.8105249404907227
1,0.8086462616920471
1,0.7780856490135193
1,0.7776609063148499
1,0.7908533215522766
1,0.7957846522331238
1,0.7878658771514893
1,0.7791529893875122
1,0.7797448635101318
1,0.7902304530143738
1,0.8126135468482971
1,0.8121443390846252
1,0.8084436058998108
1,0.8106673359870911
1,0.8201702237129211
1,0.8304901719093323
1,0.845077633857727
1,0.8462567329406738
1,0.8486288785934448
1,0.8655236959457397
1,0.8629007339477539
1,0.882129430770874
1,0.8843708038330078
1,0.8678270578384399
1,0.8706880211830139
1,0.8610446453094482
1,0.8547399640083313
1,0.8445821404457092
1,0.8391308784484863
1,0.8094539046287537
1,0.8049980401992798
1,0.8116865754127502
1,0.8070482611656189
1,0.808497428894043
1,0.8121563196182251
1,0.813351035118103
1,0.8293373584747314
1,0.8396896123886108
1,0.8333189487457275
1,0.8334373831748962
1,0.8062755465507507
1,0.8028104901313782
1,0.8053740859031677
1,0.8117160797119141
1,0.8201024532318115
1,0.8294841647148132
1,0.8352998495101929
1,0.862101674079895
1,0.870434582233429
1,0.8701140880584717
1,0.8688821196556091
1,0.8641311526298523
1,0.8571695685386658
1,0.8535983562469482
1,0.8293735980987549
1,0.8281586170196533
1,0.8455329537391663
1,0.8323168158531189
1,0.8282631635665894
1,0.8350743055343628
1,0.8077873587608337
1,0.825145423412323
1,0.8144043684005737
1,0.8100281357765198
1,0.8178011178970337
1,0.7972326874732971
1,0.7939385771751404
1,0.7789044380187988
1,0.7875707745552063
1,0.7967578768730164
1,0.7822058200836182
1,0.779130756855011
1,0.7696385383605957
1,0.7822763919830322
1,0.7885357141494751
1,0.7909027934074402
1,0.8009334802627563
1,0.8199639320373535
1,0.8337686657905579
1,0.8459360599517822
1,0.8563128709793091
1,0.8732402920722961
1,0.8792016506195068
1,0.887178897857666
1,0.8828296661376953
1,0.8573396801948547
1,0.8657824993133545
1,0.8603913187980652
1,0.8402044773101807
1,0.8175436854362488
1,0.8109217882156372
1,0.8084189295768738
1,0.8155588507652283
1,0.8198156356811523
1,0.8018176555633545
1,0.7995759844779968
1,0.8312948942184448
1,0.8348100185394287
1,0.8360684514045715
1,0.8189295530319214
1,0.8093081712722778
1,0.8223540186882019
1,0.8266803622245789
1,0.8290414214134216
1,0.8232405185699463
1,0.825051486492157
1,0.8318266272544861
1,0.8543170094490051
1,0.8622912168502808
1,0.87076735496521
1,0.8775815963745117
1,0.8804158568382263
1,0.8860638737678528
1,0.8674549460411072
1,0.8478449583053589
1,0.8480156064033508
1,0.8414762616157532
1,0.8331196904182434
1,0.8313988447189331
1,0.8332195281982422
1,0.844527006149292
1,0.8522670269012451
1,0.8442930579185486
1,0.8382888436317444
1,0.8246601223945618
1,0.6904786825180054
1,0.5951070189476013
1,0.523696780204773
1,0.32758569717407227
1,0.19425372779369354
1,0.09298943728208542
0,0.09443898499011993
0,0.11583571881055832
0,0.12479192018508911
0,0.11381932348012924
0,0.11575102061033249
0,0.10181072354316711
0,0.10181357711553574
0,0.10179348289966583
0,0.06392139941453934
0,0.07827359437942505
0,0.12853366136550903
0,0.1660371869802475
0,0.22430594265460968
0,0.281192421913147
0,0.3519591689109802
0,0.4276244342327118
0,0.4641379117965698
0,0.44728389382362366
0,0.4495494067668915
0,0.4352283477783203
0,0.44129809737205505
0,0.43936580419540405
0,0.43510743975639343
0,0.4267950654029846
0,0.42717915773391724
0,0.41167035698890686
0,0.4272054433822632
0,0.4130622148513794
0,0.39726680517196655
0,0.39322635531425476
0,0.41134074330329895
0,0.4080526828765869
0,0.4118703305721283
0,0.4337664842605591
0,0.4229450821876526
0,0.4406276047229767
0,0.45561134815216064
0,0.43737778067588806
0,0.4470447897911072
0,0.4564776122570038
0,0.44313931465148926
0,0.45026230812072754
0,0.4437952935695648
0,0.4444018006324768
0,0.45666855573654175
0,0.4547728896141052
0,0.4447057247161865
0,0.4378093481063843
0,0.459035724401474
0,0.4589923620223999
0,0.450904905796051
0,0.44131171703338623
0,0.44926002621650696
0,0.4590981602668762
0,0.4735395908355713
0,0.45142897963523865
0,0.44845861196517944
0,0.43617960810661316
0,0.4204481542110443
0,0.4242018461227417
0,0.40695685148239136
0,0.38914602994918823
0,0.38664162158966064
0,0.40224844217300415
0,0.3989659547805786
0,0.3995794951915741
0,0.4126347601413727
0,0.4132733643054962
0,0.4266482889652252
0,0.4271836578845978
0,0.42403528094291687
0,0.47380194067955017
0,0.47181612253189087
0,0.511519730091095
0,0.5066181421279907
0,0.5272368788719177
0,0.5215226411819458
0,0.5282447338104248
0,0.5159946084022522
0,0.46869412064552307
0,0.4633527398109436
0,0.42687973380088806
0,0.4290641248226166
0,0.40255486965179443
0,0.416714072227478
0,0.4162386357784271
0,0.4161723554134369
0,0.4407101273536682
0,0.44196027517318726
0,0.44029656052589417
0,0.4431602656841278
0,0.42970016598701477
0,0.4318443238735199
0,0.4321613013744354
0,0.4259554445743561
0,0.42164522409439087
0,0.4192259609699249
0,0.40525367856025696
0,0.3557353615760803
0,0.29650452733039856
0,0.23974040150642395
0,0.22140012681484222
0,0.2059088945388794
1,0.13728757202625275
1,0.14645043015480042
1,0.24748681485652924
1,0.4000401794910431
1,0.5684804916381836
1,0.7019138336181641
1,0.7970847487449646
1,0.8179359436035156
1,0.822560727596283
1,0.8244878053665161
1,0.8451972603797913
1,0.8561463356018066
1,0.8746127486228943
1,0.8700231909751892
1,0.8424793481826782
1,0.8379519581794739
1,0.845557689666748
1,0.8450183272361755
1,0.8504385948181152
1,0.8325839638710022
1,0.8350779414176941
1,0.8530403971672058
1,0.8466874361038208
1,0.8417366147041321
1,0.8379473686218262
1,0.8356407880783081
1,0.8373634815216064
1,0.8351196646690369
1,0.8236256241798401
1,0.8343762755393982
1,0.8338742852210999
1,0.8356924057006836
1,0.8171786069869995
1,0.8144185543060303
1,0.8197291493415833
1,0.8304352760314941
1,0.8263068795204163
1,0.8141268491744995
1,0.8036680817604065
1,0.8081619739532471
1,0.8257577419281006
1,0.8293177485466003
1,0.8366047143936157
1,0.8300416469573975
1,0.8376258611679077
1,0.867516279220581
1,0.8775548934936523
1,0.874811053276062
1,0.8638270497322083
1,0.8693875074386597
1,0.8871709704399109
1,0.8917669057846069
1,0.8920853137969971
1,0.8746916651725769
1,0.8686628341674805
1,0.8902027010917664
1,0.8848202228546143
1,0.8491007685661316
1,0.8324898481369019
1,0.830122709274292
1,0.8213740587234497
1,0.8274765014648438
1,0.7967818975448608
1,0.7912480235099792
1,0.7954042553901672
1,0.8107233047485352
1,0.8143094182014465
1,0.8067978620529175
1,0.7979419231414795
1,0.8173160552978516
1,0.8261386752128601
1,0.8257524371147156
1,0.8218550682067871
1,0.8071296811103821
1,0.8098726272583008
1,0.8330394625663757
1,0.836737871170044
1,0.847362756729126
1,0.8281205892562866
1,0.830999493598938
1,0.8640402555465698
1,0.8756725788116455
1,0.8566248416900635
1,0.8415985703468323
1,0.8384369611740112
1,0.8348069190979004
1,0.8502345085144043
1,0.8496800065040588
1,0.8386276960372925
1,0.8436773419380188
1,0.8600044846534729
1,0.850644588470459
1,0.8588663935661316
1,0.8553576469421387
1,0.8544385433197021
1,0.8480377197265625
1,0.8366119265556335
1,0.8349143862724304
1,0.840606153011322
1,0.841634213924408
1,0.8425458669662476
1,0.8407375812530518
1,0.8272238969802856
1,0.8314322233200073
1,0.8396162986755371
1,0.842683732509613
1,0.8420027494430542
1,0.8390858769416809
1,0.8421528339385986
1,0.8514418601989746
1,0.8649371862411499
1,0.870330810546875
1,0.8741068840026855
1,0.8738486766815186
1,0.8823688626289368
1,0.8856372833251953
1,0.8931279182434082
1,0.883926510810852
1,0.8796966075897217
1,0.888034462928772
1,0.8876412510871887
1,0.885539174079895
1,0.8908929824829102
1,0.8739676475524902
1,0.870464026927948
1,0.8759285807609558
1,0.8755035400390625
1,0.8557215929031372
1,0.8476040959358215
1,0.8420583605766296
1,0.8389396667480469
1,0.8290432095527649
1,0.8144024610519409
1,0.8119898438453674
1,0.8102030754089355
1,0.8156551718711853
1,0.8142727017402649
1,0.7984610199928284
1,0.7800493240356445
1,0.8041636943817139
1,0.8147948980331421
1,0.8315000534057617
1,0.8311067223548889
1,0.8434563279151917
1,0.8576346039772034
1,0.8492929339408875
1,0.866131603717804
1,0.8715465068817139
1,0.8700535297393799
1,0.858830988407135
1,0.8583100438117981
1,0.8486780524253845
1,0.8509330749511719
1,0.8603475093841553
1,0.8275507092475891
1,0.7351596355438232
1,0.6123267412185669
1,0.5228744745254517
1,0.4124138057231903
1,0.3369446098804474
1,0.282710999250412
1,0.25064510107040405
1,0.2662590742111206
1,0.26709482073783875
1,0.2744514048099518
1,0.2805311679840088
1,0.2845976948738098
1,0.3036248981952667
1,0.33822447061538696
1,0.35977959632873535
1,0.36785852909088135
1,0.36318811774253845
1,0.3387852907180786
1,0.32986488938331604
1,0.3222704231739044
1,0.3018553555011749
1,0.28498712182044983
1,0.27965301275253296
1,0.2763414680957794
1,0.27243030071258545
1,0.2696227729320526
1,0.2712579667568207
1,0.282105416059494
1,0.29544514417648315
1,0.29918617010116577
1,0.3033626675605774
1,0.3414924740791321
1,0.3571780025959015
1,0.35901668667793274
1,0.3435661792755127
1,0.3175124228000641
1,0.30726906657218933
1,0.3088952302932739
1,0.3007730543613434
1,0.28321194648742676
1,0.2795161008834839
1,0.27630412578582764
1,0.2729516327381134
1,0.26967406272888184
1,0.2666652798652649
1,0.2657947242259979
1,0.27037304639816284
1,0.2729151248931885
1,0.27747780084609985
1,0.29041925072669983
1,0.30592039227485657
1,0.32723310589790344
1,0.3616623878479004
1,0.3720473349094391
1,0.35632050037384033
1,0.3572169542312622
1,0.34331855177879333
1,0.32734215259552
1,0.31701529026031494
1,0.30018121004104614
1,0.2861790359020233
1,0.2791326344013214
1,0.2760704755783081
1,0.273971289396286
1,0.2709866166114807
1,0.26794958114624023
1,0.2657400369644165
1,0.2658828794956207
1,0.28235840797424316
1,0.29495567083358765
1,0.30897241830825806
1,0.3250519335269928
1,0.3501269519329071
1,0.385222852230072
1,0.4228719472885132
1,0.42967522144317627
1,0.40207311511039734
1,0.40891820192337036
1,0.4083755314350128
1,0.3884846568107605
1,0.3660331666469574
1,0.3396831154823303
1,0.3207959234714508
1,0.3050040006637573
1,0.2934029996395111
1,0.2807857096195221
1,0.2759726345539093
1,0.2720188796520233
1,0.2842881977558136
1,0.3091394603252411
1,0.3422901928424835
1,0.3846281170845032
1,0.3939235508441925
1,0.39604300260543823
1,0.3988800644874573
1,0.3966037631034851
1,0.3513093888759613
1,0.35807520151138306
1,0.37247002124786377
1,0.3855145275592804
1,0.47147494554519653
1,0.5741592645645142
1,0.6817736029624939
1,0.7811370491981506
1,0.77904212474823
1,0.7459487318992615
1,0.6473689079284668
1,0.5373188853263855
1,0.4154112637042999
1,0.3245041072368622
1,0.2810116708278656
1,0.27424484491348267
1,0.29739153385162354
1,0.30100277066230774
1,0.28958868980407715
1,0.2880772650241852
1,0.28970828652381897
1,0.2896401584148407
1,0.2923264801502228
1,0.29177185893058777
1,0.29000112414360046
1,0.2872832119464874
1,0.2890249490737915
1,0.28534188866615295
1,0.29434067010879517
1,0.29077017307281494
1,0.290449321269989
1,0.2982119917869568
1,0.2952141761779785
1,0.29475733637809753
1,0.30002254247665405
1,0.30036014318466187
1,0.31187888979911804
1,0.3015107810497284
1,0.2968176305294037
1,0.2998124659061432
1,0.29733598232269287
1,0.3033754229545593
1,0.2958661615848541
1,0.2907582223415375
1,0.2953907549381256
1,0.2964044511318207
1,0.2925969362258911
1,0.2907888889312744
1,0.286845862865448
1,0.287553608417511
1,0.28782975673675537
1,0.2885426878929138
1,0.2850870192050934
1,0.28279951214790344
1,0.28952255845069885
1,0.2924939692020416
1,0.28705087304115295
1,0.28613603115081787
1,0.2924947142601013
1,0.2867632806301117
1,0.284241646528244
1,0.28560495376586914
1,0.2845926284790039
1,0.2873210310935974
1,0.2911399304866791
1,0.2863749861717224
1,0.2879794239997864
1,0.3031523823738098
1,0.30634939670562744
1,0.30384939908981323
1,0.2995584011077881
1,0.2955878973007202
1,0.2975674271583557
1,0.2869797646999359
1,0.2793615758419037
1,0.27872925996780396
1,0.27673351764678955
1,0.2781120538711548
1,0.2839803695678711
1,0.29185938835144043
1,0.2934058904647827
1,0.2918948531150818
1,0.29439207911491394
1,0.2939267158508301
1,0.2953956425189972
1,0.2941582500934601
1,0.2935040295124054
1,0.2884754240512848
1,0.28822481632232666
1,0.28916797041893005
1,0.28863537311553955
1,0.29051271080970764
1,0.3013162314891815
1,0.30011025071144104
1,0.31674256920814514
1,0.32427409291267395
1,0.32687869668006897
1,0.3279460668563843
1,0.32780566811561584
1,0.30732017755508423
1,0.3024059236049652
1,0.3012033998966217
1,0.29888811707496643
1,0.2893221080303192
1,0.2862730324268341
1,0.2816718816757202
1,0.2816980183124542
1,0.2916625738143921
1,0.2918105125427246
1,0.2849128544330597
1,0.2810139060020447
1,0.28408247232437134
1,0.2853814959526062
1,0.28567197918891907
1,0.2861408591270447
1,0.27839523553848267
1,0.27887552976608276
1,0.28158214688301086
1,0.28149062395095825
1,0.2847253978252411
1,0.28158846497535706
1,0.29144561290740967
1,0.28908097743988037
1,0.2997666895389557
1,0.33704519271850586
1,0.3582344055175781
1,0.3646342158317566
1,0.3600459694862366
1,0.32401424646377563
1,0.3131522834300995
1,0.3055005967617035
1,0.29955315589904785
1,0.28552231192588806
1,0.28652313351631165
1,0.29442280530929565
1,0.2941645681858063
1,0.28737911581993103
1,0.2899189889431
1,0.29259252548217773
1,0.29099738597869873
1,0.27874547243118286
1,0.2459191381931305
1,0.2169630080461502
1,0.17187398672103882
1,0.11066329479217529
1,0.06944167613983154
1,0.08257240802049637
0,0.14393948018550873
0,0.22129622101783752
0,0.27974218130111694
0,0.34492459893226624
0,0.3719851076602936
0,0.3721875250339508
0,0.37218576669692993
0,0.37219175696372986
0,0.37220466136932373
0,0.3722110390663147
0,0.37221595644950867
0,0.37221917510032654
0,0.3721032440662384
0,0.37196797132492065
0,0.3718562722206116
0,0.371747761964798
0,0.37153321504592896
0,0.3714715838432312
0,0.37144166231155396
0,0.3713042140007019
0,0.3714413344860077
0,0.37135589122772217
0,0.3711838722229004
0,0.35248804092407227
0,0.2992168366909027
0,0.23092488944530487
0,0.16194984316825867
0,0.10344438254833221
0,0.07688954472541809
0,0.10743547230958939
0,0.15805590152740479
0,0.24406972527503967
0,0.19286081194877625
0,0.1723865270614624
0,0.12926948070526123
0,0.05943702161312103
0,0.022607455030083656
0,0.00765193160623312
0,0.052167706191539764
0,0.09377975761890411
0,0.0721607357263565
0,0.09180539101362228
0,0.09708896279335022
0,0.13037170469760895
0,0.19179265201091766
0,0.23663181066513062
0,0.32061952352523804
0,0.4153837263584137
0,0.46611976623535156
0,0.46193021535873413
0,0.47791552543640137
0,0.49891501665115356
0,0.47985216975212097
0,0.4775654673576355
0,0.45956355333328247
0,0.4375283122062683
0,0.4548461437225342
0,0.46387407183647156
0,0.4482460916042328
0,0.43664175271987915
0,0.4363722503185272
0,0.4160480499267578
0,0.4335899353027344
0,0.42885980010032654
0,0.41029781103134155
0,0.3909483253955841
0,0.40016093850135803
0,0.40220433473587036
0,0.4185025691986084
0,0.4298214018344879
0,0.41186052560806274
0,0.4198458790779114
0,0.4134388864040375
0,0.4217971861362457
0,0.4545406699180603
0,0.45156651735305786
0,0.44864141941070557
0,0.44167566299438477
0,0.4436710476875305
0,0.4104550778865814
0,0.42392033338546753
0,0.396464467048645
0,0.3565644919872284
0,0.37012988328933716
0,0.3846988379955292
0,0.3714720904827118
0,0.38134706020355225
0,0.3737789988517761
0,0.3297167420387268
0,0.3460041284561157
0,0.36246177554130554
0,0.3720629811286926
0,0.3535856604576111
0,0.3747733235359192
0,0.39026397466659546
0,0.39254942536354065
0,0.38840481638908386
0,0.3689117431640625
0,0.31574878096580505
0,0.3015650808811188
0,0.3022899627685547
0,0.3105952739715576
0,0.3152785897254944
0,0.34257709980010986
0,0.33383533358573914
0,0.3478648364543915
0,0.3886149525642395
0,0.35892099142074585
0,0.35546818375587463
0,0.34272608160972595
0,0.32533133029937744
0,0.330980509519577
0,0.3100627064704895
0,0.31186529994010925
0,0.3441214859485626
0,0.3480316698551178
0,0.3432168662548065
0,0.36247894167900085
0,0.3981350064277649
0,0.3733865022659302
0,0.38071390986442566
0,0.41668689250946045
0,0.3879576325416565
0,0.37820231914520264
0,0.3890528082847595
0,0.3827698826789856
0,0.3625839054584503
0,0.4080452620983124
0,0.3887132406234741
0,0.3472990393638611
0,0.36268264055252075
0,0.36197322607040405
0,0.32986244559288025
0,0.2889294922351837
0,0.27726277709007263
0,0.25551706552505493
1,0.23737598955631256
1,0.24479931592941284
1,0.21182161569595337
1,0.20500631630420685
1,0.23176990449428558
1,0.26428574323654175
1,0.26977744698524475
1,0.2712278962135315
1,0.2671022117137909
1,0.2706933319568634
1,0.27715346217155457
1,0.28290843963623047
1,0.30429673194885254
1,0.3226005733013153
1,0.3464682102203369
1,0.361860990524292
1,0.3997526466846466
1,0.3705320954322815
1,0.3542514443397522
1,0.34252265095710754
1,0.31490060687065125
1,0.3025381565093994
1,0.30436667799949646
1,0.3129826784133911
1,0.3028409481048584
1,0.3024218678474426
1,0.2989552617073059
1,0.293115496635437
1,0.2945788502693176
1,0.3106881082057953
1,0.30395886301994324
1,0.2948361933231354
1,0.30782967805862427
1,0.32755136489868164
1,0.3401319682598114
1,0.3634309470653534
1,0.36044222116470337
1,0.33514997363090515
1,0.3219611644744873
1,0.3130694329738617
1,0.2986230254173279
1,0.28837156295776367
1,0.28541287779808044
1,0.27856549620628357
1,0.2776380479335785
1,0.27427399158477783
1,0.2748531997203827
1,0.2923503518104553
1,0.3209737241268158
1,0.3598608374595642
1,0.40219226479530334
1,0.44517791271209717
1,0.5366708040237427
1,0.6278594732284546
1,0.6965296268463135
1,0.7294433116912842
1,0.7608323693275452
1,0.8005520701408386
1,0.8371977210044861
1,0.8458445072174072
1,0.8431915044784546
1,0.8489955067634583
1,0.8538423180580139
1,0.8627949953079224
1,0.8650962710380554
1,0.8715837001800537
1,0.8727908134460449
1,0.8812054991722107
1,0.8938460350036621
1,0.8889904022216797
1,0.879854142665863
1,0.8809307217597961
1,0.8900028467178345
1,0.8989115953445435
1,0.9007418751716614
1,0.8977522850036621
1,0.8797294497489929
1,0.8711185455322266
1,0.8653046488761902
1,0.855618417263031
1,0.8458207845687866
1,0.8265202641487122
1,0.8246129751205444
1,0.8157361149787903
1,0.822167158126831
1,0.8310575485229492
1,0.8330897688865662
1,0.8314464092254639
1,0.8302251696586609
1,0.8255977630615234
1,0.834439218044281
1,0.8443278074264526
1,0.8490451574325562
1,0.85618656873703
1,0.8661162853240967
1,0.8676285147666931
1,0.8820152282714844
1,0.8947780132293701
1,0.8947426676750183
1,0.8991064429283142
1,0.8935608863830566
1,0.8653067350387573
1,0.8808392882347107
1,0.8686757683753967
1,0.863569438457489
1,0.8559654355049133
1,0.8539665937423706
1,0.8551855087280273
1,0.8604982495307922
1,0.8537991046905518
1,0.8482893109321594
1,0.8463437557220459
1,0.8370994329452515
1,0.8354201316833496
1,0.8288224339485168
1,0.826035737991333
1,0.8383117914199829
1,0.8236650228500366
1,0.8344559073448181
1,0.8362056016921997
1,0.8409801721572876
1,0.8425350189208984
1,0.8543384075164795
1,0.8400759696960449
1,0.8358357548713684
1,0.8326520323753357
1,0.8299094438552856
1,0.8301453590393066
1,0.8071531653404236
1,0.7922917008399963
1,0.7762506008148193
1,0.8112464547157288
1,0.8035107851028442
1,0.8103994131088257
1,0.7997460961341858
1,0.8236722350120544
1,0.8179847002029419
1,0.8195506930351257
1,0.815290629863739
1,0.8242233991622925
1,0.8391254544258118
1,0.8347889184951782
1,0.8472968339920044
1,0.8502653241157532
1,0.8707758784294128
1,0.8787205815315247
1,0.8834158182144165
1,0.8650155663490295
1,0.8691843152046204
1,0.8706709146499634
1,0.8590225577354431
1,0.8446254730224609
1,0.8504342436790466
1,0.85162752866745
1,0.8686743378639221
1,0.8621768951416016
1,0.8428150415420532
1,0.8152690529823303
1,0.8216034770011902
1,0.8241118788719177
1,0.8173210620880127
1,0.8096588850021362
1,0.7920735478401184
1,0.8121727108955383
1,0.815717875957489
1,0.8257734179496765
1,0.8148897290229797
1,0.8106275200843811
1,0.8122190237045288
1,0.8165515661239624
1,0.8184252381324768
1,0.8243969082832336
1,0.823024332523346
1,0.8412599563598633
1,0.8364949226379395
1,0.8427501916885376
1,0.8576207756996155
1,0.8525397777557373
1,0.8601654171943665
1,0.862278401851654
1,0.8775166273117065
1,0.8854082226753235
1,0.8798818588256836
1,0.8759077787399292
1,0.8631492257118225
1,0.867415726184845
1,0.8639931678771973
1,0.8552084565162659
1,0.8460261225700378
1,0.84858638048172
1,0.8432022333145142
1,0.8484243750572205
1,0.8442148566246033
1,0.8363165259361267
1,0.8276910781860352
1,0.8316930532455444
1,0.8370497822761536
1,0.8269492387771606
1,0.8275089263916016
1,0.8321066498756409
1,0.8464350700378418
1,0.8436973690986633
1,0.8413712382316589
1,0.8208464980125427
1,0.7385063171386719
1,0.6151803731918335
1,0.5091540217399597
1,0.39517301321029663
1,0.3208206593990326
1,0.2945319414138794
1,0.25539731979370117
1,0.2704479992389679
1,0.2708912193775177
1,0.27020812034606934
1,0.2690468728542328
1,0.2728238105773926
1,0.27997392416000366
1,0.29341447353363037
1,0.31577491760253906
1,0.3488471508026123
1,0.3777644634246826
1,0.40316030383110046
1,0.4121520221233368
1,0.4010477364063263
1,0.38163167238235474
1,0.35667046904563904
1,0.32849517464637756
1,0.30652815103530884
1,0.29250726103782654
1,0.2805637717247009
1,0.2706661820411682
1,0.2669154703617096
1,0.26683133840560913
1,0.27760881185531616
1,0.28373637795448303
1,0.29983240365982056
1,0.3276727795600891
1,0.35940322279930115
1,0.3905797004699707
1,0.4101064205169678
1,0.39074423909187317
1,0.3608429431915283
1,0.3446701169013977
1,0.3219403624534607
1,0.29641181230545044
1,0.28098416328430176
1,0.27075836062431335
1,0.27115559577941895
1,0.2866077721118927
1,0.2917763888835907
1,0.3050321340560913
1,0.31191855669021606
1,0.2904067933559418
1,0.2625249922275543
1,0.24150849878787994
1,0.22454030811786652
1,0.22847163677215576
1,0.24637003242969513
1,0.27576422691345215
1,0.30385851860046387
1,0.3047032058238983
1,0.30362313985824585
1,0.29453444480895996
1,0.2901456952095032
1,0.29168498516082764
1,0.2949711084365845
1,0.2934444546699524
1,0.29249438643455505
1,0.28926095366477966
1,0.29758384823799133
1,0.2849979102611542
1,0.285870760679245
1,0.2835005521774292
1,0.2835488021373749
1,0.28699713945388794
1,0.2819645404815674
1,0.2777198851108551
1,0.28651124238967896
1,0.2973165214061737
1,0.293132483959198
1,0.29210034012794495
1,0.2882135808467865
1,0.2856184244155884
1,0.28859084844589233
1,0.28783100843429565
1,0.2862800359725952
1,0.2869115173816681
1,0.29007723927497864
1,0.2974407374858856
1,0.2884828448295593
1,0.2876167595386505
1,0.29139426350593567
1,0.2863542437553406
1,0.2865961492061615
1,0.2841600179672241
1,0.27845683693885803
1,0.28365185856819153
1,0.28209561109542847
1,0.2845422029495239
1,0.2861391603946686
1,0.2998094856739044
1,0.29171571135520935
1,0.2926025092601776
1,0.2915942370891571
1,0.2887316942214966
1,0.28788435459136963
1,0.2911115884780884
1,0.28964072465896606
1,0.28941527009010315
1,0.2883610725402832
1,0.2922009229660034
1,0.29167982935905457
1,0.28784608840942383
1,0.2903834879398346
1,0.28490278124809265
1,0.2840329110622406
1,0.2858906090259552
1,0.28712892532348633
1,0.2891044020652771
1,0.289213091135025
1,0.29386022686958313
1,0.2979365289211273
1,0.29476115107536316
1,0.30798983573913574
1,0.30691248178482056
1,0.2940221428871155
1,0.28950056433677673
1,0.2924133539199829
1,0.2981249690055847
1,0.2855796217918396
1,0.2844865918159485
1,0.28060951828956604
1,0.2813202142715454
1,0.2915526032447815
1,0.2928805649280548
1,0.2876143753528595
1,0.28220483660697937
1,0.2895459532737732
1,0.2937496602535248
1,0.29168787598609924
1,0.29011857509613037
1,0.2914379835128784
1,0.29108110070228577
1,0.2916400134563446
1,0.28905290365219116
1,0.2864510118961334
1,0.28155919909477234
1,0.2843110263347626
1,0.2857104539871216
1,0.2833099365234375
1,0.3005496859550476
1,0.2980186343193054
1,0.29511862993240356
1,0.2910510301589966
1,0.3018467426300049
1,0.3161303699016571
1,0.2970852553844452
1,0.2875620424747467
1,0.2862604856491089
1,0.2875675857067108
1,0.28828099370002747
1,0.28881704807281494
1,0.28534382581710815
1,0.29049262404441833
1,0.29156824946403503
1,0.2930198311805725
1,0.2944818139076233
1,0.29609087109565735
1,0.29258424043655396
1,0.2915423512458801
1,0.2916549742221832
1,0.26937127113342285
1,0.24780112504959106
1,0.1819957196712494
1,0.12161968648433685
1,0.0910257026553154
1,0.10316884517669678
1,0.1479286253452301
0,0.14994145929813385
0,0.15386834740638733
0,0.15149904787540436
0,0.12849530577659607
0,0.11400222033262253
0,0.09623295813798904
0,0.0921485498547554
0,0.09752462059259415
0,0.08307592570781708
0,0.11080703139305115
0,0.13007672131061554
0,0.11860686540603638
0,0.1652151346206665
0,0.2164682149887085
0,0.24053242802619934
0,0.3105628788471222
0,0.3166453242301941
0,0.30772775411605835
0,0.32468804717063904
0,0.3306373059749603
0,0.3016144037246704
0,0.31742408871650696
0,0.3303821384906769
0,0.3181607723236084
0,0.3340473175048828
0,0.3232821822166443
0,0.3128823935985565
0,0.3316591680049896
0,0.3373091220855713
0,0.33093735575675964
0,0.3282569944858551
0,0.32833388447761536
0,0.32917436957359314
0,0.3457975387573242
0,0.34007927775382996
0,0.3246583044528961
0,0.33279818296432495
0,0.3409890830516815
0,0.327276349067688
0,0.3327765464782715
0,0.33836424350738525
0,0.3107594847679138
0,0.2963465750217438
0,0.3161015510559082
0,0.31536591053009033
0,0.3041038513183594
0,0.29931941628456116
0,0.3085494935512543
0,0.3090612590312958
0,0.29786548018455505
0,0.32486438751220703
0,0.30892133712768555
0,0.3228238523006439
0,0.333018958568573
0,0.35105955600738525
0,0.33662083745002747
0,0.3518621325492859
0,0.39516860246658325
0,0.3939599096775055
0,0.3639148473739624
0,0.37354418635368347
0,0.39571788907051086
0,0.38114815950393677
0,0.3689607083797455
0,0.31898146867752075
0,0.34247761964797974
0,0.34948956966400146
0,0.36821505427360535
0,0.3311309516429901
0,0.2993481755256653
0,0.32025688886642456
0,0.3343198597431183
0,0.36597740650177
0,0.35257843136787415
0,0.33820247650146484
0,0.33094194531440735
0,0.3158842623233795
0,0.351893812417984
0,0.3437039256095886
0,0.35669416189193726
0,0.38618579506874084
0,0.39320528507232666
0,0.35902515053749084
0,0.32718634605407715
0,0.38611748814582825
0,0.3883475959300995
0,0.38040417432785034
0,0.3311915695667267
0,0.3510819971561432
0,0.36160850524902344
0,0.38228076696395874
0,0.43149909377098083
0,0.40345606207847595
0,0.3774184584617615
0,0.3794339597225189
0,0.4112134575843811
0,0.3822151720523834
0,0.34517261385917664
0,0.33870717883110046
0,0.3312593996524811
0,0.31424880027770996
0,0.3372173607349396
0,0.3442245423793793
0,0.339845210313797
0,0.33873260021209717
0,0.394933819770813
0,0.38755664229393005
0,0.39571261405944824
0,0.37875938415527344
0,0.37140607833862305
0,0.36794382333755493
0,0.38465794920921326
0,0.33940979838371277
0,0.2964109480381012
0,0.29905062913894653
0,0.30456551909446716
0,0.31755685806274414
0,0.3230398893356323
0,0.2948296070098877
0,0.32037273049354553
0,0.3304682970046997
0,0.34991374611854553
0,0.35747018456459045
0,0.40243953466415405
0,0.40417537093162537
0,0.40740877389907837
0,0.4561043977737427
0,0.4265706241130829
0,0.4007711410522461
0,0.42056509852409363
0,0.44203394651412964
0,0.38734620809555054
0,0.37301966547966003
0,0.3415227234363556
0,0.31160131096839905
0,0.29538652300834656
1,0.2917022407054901
1,0.2715584337711334
1,0.2296142429113388
1,0.21508722007274628
1,0.23364362120628357
1,0.25937917828559875
1,0.26586511731147766
1,0.2678677439689636
1,0.2695809006690979
1,0.2713838517665863
1,0.27279001474380493
1,0.270439088344574
1,0.26759886741638184
1,0.2688901424407959
1,0.2785916030406952
1,0.29167965054512024
1,0.3010351359844208
1,0.3111671507358551
1,0.32644039392471313
1,0.34168103337287903
1,0.3447593152523041
1,0.3308935761451721
1,0.3048057556152344
1,0.2924272119998932
1,0.2868448793888092
1,0.2808007001876831
1,0.27245965600013733
1,0.2703252136707306
1,0.26738208532333374
1,0.2657366394996643
1,0.2701738476753235
1,0.28749680519104004
1,0.29870477318763733
1,0.3065706789493561
1,0.3248702883720398
1,0.353636771440506
1,0.3636065125465393
1,0.35712069272994995
1,0.33437058329582214
1,0.3067585229873657
1,0.29913803935050964
1,0.29029059410095215
1,0.28030166029930115
1,0.2710745930671692
1,0.2676216661930084
1,0.26580527424812317
1,0.2696869671344757
1,0.2789756953716278
1,0.2904163897037506
1,0.3071623146533966
1,0.3127423822879791
1,0.3185204267501831
1,0.3182120621204376
1,0.3157758116722107
1,0.2991424798965454
1,0.2868918776512146
1,0.27694106101989746
1,0.2703380882740021
1,0.2667143940925598
1,0.2630699872970581
1,0.2672283351421356
1,0.2647089958190918
1,0.262754887342453
1,0.2686956524848938
1,0.2726232409477234
1,0.2818763852119446
1,0.29221510887145996
1,0.2952008545398712
1,0.30069592595100403
1,0.303661972284317
1,0.305168092250824
1,0.28738459944725037
1,0.2822754979133606
1,0.274739533662796
1,0.27236127853393555
1,0.2709483504295349
1,0.2680266797542572
1,0.26886501908302307
1,0.2661970853805542
1,0.27455243468284607
1,0.2967939078807831
1,0.3268711268901825
1,0.3394564390182495
1,0.3446161150932312
1,0.34973129630088806
1,0.35541170835494995
1,0.35570886731147766
1,0.32227396965026855
1,0.30753013491630554
1,0.3257545232772827
1,0.37864044308662415
1,0.45659202337265015
1,0.5629783868789673
1,0.6907937526702881
1,0.8027782440185547
1,0.8903505206108093
1,0.9209747910499573
1,0.8916822671890259
1,0.8855825662612915
1,0.8694965243339539
1,0.866531252861023
1,0.8674078583717346
1,0.8553695678710938
1,0.8421134352684021
1,0.8462018370628357
1,0.8616191148757935
1,0.8675912618637085
1,0.8607592582702637
1,0.8516846299171448
1,0.849396288394928
1,0.8548030853271484
1,0.8630461692810059
1,0.8545765280723572
1,0.846829354763031
1,0.8717071413993835
1,0.8644716739654541
1,0.8614611029624939
1,0.8619557023048401
1,0.8551517724990845
1,0.8619593977928162
1,0.8580374121665955
1,0.8597998023033142
1,0.848059892654419
1,0.873614490032196
1,0.8821995258331299
1,0.8645743131637573
1,0.8602163195610046
1,0.862713098526001
1,0.8599111437797546
1,0.8553533554077148
1,0.8324923515319824
1,0.8271389007568359
1,0.8219121694564819
1,0.8276169300079346
1,0.7739683985710144
1,0.7819421291351318
1,0.7834002375602722
1,0.8272277116775513
1,0.8353011012077332
1,0.8428571224212646
1,0.857380211353302
1,0.8770825266838074
1,0.8952089548110962
1,0.9004697799682617
1,0.8972496390342712
1,0.8914182186126709
1,0.8967797756195068
1,0.896131694316864
1,0.8917868137359619
1,0.8807274699211121
1,0.8754479885101318
1,0.8760913610458374
1,0.8753918409347534
1,0.8701237440109253
1,0.8487574458122253
1,0.8218626976013184
1,0.8341588377952576
1,0.8184335827827454
1,0.8147005438804626
1,0.8158926367759705
1,0.80934739112854
1,0.8240914344787598
1,0.8317180871963501
1,0.8518175482749939
1,0.8411291837692261
1,0.8570548295974731
1,0.8587378859519958
1,0.8613148927688599
1,0.8333869576454163
1,0.828697681427002
1,0.816251814365387
1,0.8157107830047607
1,0.8345418572425842
1,0.8374017477035522
1,0.8483300805091858
1,0.868443489074707
1,0.8964495658874512
1,0.9021015763282776
1,0.8858276605606079
1,0.8684014678001404
1,0.8634181022644043
1,0.8566777110099792
1,0.8497124314308167
1,0.845496654510498
1,0.8424931764602661
1,0.8683576583862305
1,0.8722120523452759
1,0.8587884306907654
1,0.854688823223114
1,0.8421729803085327
1,0.8423894643783569
1,0.8470718860626221
1,0.8505001068115234
1,0.8600527048110962
1,0.876761257648468
1,0.8861144185066223
1,0.8997150659561157
1,0.9159070253372192
1,0.9158979058265686
1,0.9217095375061035
1,0.9198384284973145
1,0.9165754318237305
1,0.9231330156326294
1,0.9193456172943115
1,0.9190530180931091
1,0.9162930250167847
1,0.9223927855491638
1,0.9124331474304199
1,0.8799894452095032
1,0.8669566512107849
1,0.8586074113845825
1,0.8550055027008057
1,0.84708172082901
1,0.816045343875885
1,0.8069543242454529
1,0.8180075287818909
1,0.8337149620056152
1,0.8371362090110779
1,0.8224687576293945
1,0.8161654472351074
1,0.8207564949989319
1,0.8391114473342896
1,0.8438400030136108
1,0.8348067402839661
1,0.8411228060722351
1,0.8429158926010132
1,0.8612091541290283
1,0.8510052561759949
1,0.8429543972015381
1,0.8418148159980774
1,0.8487902879714966
1,0.8641230463981628
1,0.8686541318893433
1,0.8852137327194214
1,0.8807324171066284
1,0.9057278037071228
1,0.9096892476081848
1,0.9113191962242126
1,0.8817303776741028
1,0.8723515868186951
1,0.8624355792999268
1,0.8548200726509094
1,0.7607837319374084
1,0.6667681336402893
1,0.5293705463409424
1,0.4864816665649414
1,0.43252161145210266
1,0.34742438793182373
1,0.2762129008769989
1,0.24882027506828308
1,0.2671639919281006
1,0.2852558493614197
1,0.2841208279132843
1,0.2861863374710083
1,0.2885453999042511
1,0.29009324312210083
1,0.29028981924057007
1,0.28986895084381104
1,0.2876279950141907
1,0.2883925139904022
1,0.2877162992954254
1,0.285904198884964
1,0.2944478392601013
1,0.3024883568286896
1,0.296054869890213
1,0.2766248285770416
1,0.2747350037097931
1,0.2735927104949951
1,0.2716690003871918
1,0.2717205882072449
1,0.2733742594718933
1,0.28495097160339355
1,0.28672656416893005
1,0.2799980938434601
1,0.2819957435131073
1,0.2807713747024536
1,0.2856431305408478
1,0.28595834970474243
1,0.2940394878387451
1,0.2934332489967346
1,0.3045843541622162
1,0.3011850118637085
1,0.31306180357933044
1,0.3238079845905304
1,0.3320273458957672
1,0.33879756927490234
1,0.3141987919807434
1,0.31543466448783875
1,0.31064119935035706
1,0.30214399099349976
1,0.31187304854393005
1,0.2919187545776367
1,0.28975868225097656
1,0.29496410489082336
1,0.29205256700515747
1,0.3074817955493927
1,0.29157590866088867
1,0.28558096289634705
1,0.2891501188278198
1,0.28857100009918213
1,0.2933994233608246
1,0.2873256206512451
1,0.28907310962677
1,0.2940952181816101
1,0.2981107831001282
1,0.2979540526866913
1,0.2959981858730316
1,0.2993701994419098
1,0.3009034991264343
1,0.2958999574184418
1,0.29411694407463074
1,0.2894580662250519
1,0.29147425293922424
1,0.3078564703464508
1,0.30226680636405945
1,0.2989967167377472
1,0.29196619987487793
1,0.30113065242767334
1,0.3014204204082489
1,0.2993045747280121
1,0.29961663484573364
1,0.28793129324913025
1,0.2918166220188141
1,0.29535508155822754
1,0.2953977882862091
1,0.29552191495895386
1,0.29738911986351013
1,0.29887762665748596
1,0.3026018738746643
1,0.3098694980144501
1,0.31295084953308105
1,0.3141871690750122
1,0.3068665564060211
1,0.3013458251953125
1,0.2971837520599365
1,0.29100558161735535
1,0.2873133718967438
1,0.28012028336524963
1,0.28447631001472473
1,0.287727952003479
1,0.2854729890823364
1,0.28354644775390625
1,0.28476670384407043
1,0.28429263830184937
1,0.28520262241363525
1,0.28494903445243835
1,0.2821999788284302
1,0.2768417298793793
1,0.2826656401157379
1,0.28251343965530396
1,0.27869951725006104
1,0.2774680256843567
1,0.28113237023353577
1,0.28595274686813354
1,0.284734845161438
1,0.2820502519607544
1,0.2820260524749756
1,0.2831265926361084
1,0.29473552107810974
1,0.2936885952949524
1,0.2797714173793793
1,0.2797708213329315
1,0.28181466460227966
1,0.283174991607666
1,0.28074541687965393
1,0.27961787581443787
1,0.28183266520500183
1,0.2861831486225128
1,0.2834050953388214
1,0.2808310091495514
1,0.2822343707084656
1,0.28288307785987854
1,0.28302201628685
1,0.2868896424770355
1,0.28700539469718933
1,0.2953028380870819
1,0.28905391693115234
1,0.27319765090942383
1,0.25144439935684204
1,0.22737309336662292
1,0.21077044308185577
1,0.17645642161369324
1,0.11528357863426208
1,0.07817251980304718
0,0.08506817370653152
0,0.14234185218811035
0,0.2051602452993393
0,0.2643958032131195
0,0.3305385112762451
0,0.37106117606163025
0,0.37136727571487427
0,0.371486097574234
0,0.3717077076435089
0,0.37181246280670166
0,0.37199631333351135
0,0.37210434675216675
0,0.37216830253601074
0,0.3720897138118744
0,0.3720867931842804
0,0.3721073567867279
0,0.3720528483390808
0,0.3720282018184662
0,0.37203842401504517
0,0.3720371127128601
0,0.3720124065876007
0,0.37208011746406555
0,0.3720468282699585
0,0.3720260560512543
0,0.37172701954841614
0,0.37143316864967346
0,0.36496004462242126
0,0.2916097640991211
0,0.2207299917936325
0,0.1557302176952362
0,0.10784128308296204
0,0.09618392586708069
0,0.13462185859680176
0,0.1902322769165039
0,0.2901693284511566
0,0.3077436685562134
0,0.21548503637313843
0,0.14491134881973267
0,0.13740316033363342
0,0.1582372784614563
0,0.1533849686384201
0,0.10337574779987335
0,0.06537625193595886
0,0.03598954901099205
0,0.03396264463663101
0,0.038479045033454895
0,0.08358430117368698
0,0.09932878613471985
0,0.10807208716869354
0,0.1186789721250534
0,0.11388227343559265
0,0.1335519701242447
0,0.1970769762992859
0,0.2298068404197693
0,0.3216952085494995
0,0.35982510447502136
0,0.3488459587097168
0,0.3673143684864044
0,0.39796018600463867
0,0.389366090297699
0,0.3848240375518799
0,0.44782811403274536
0,0.37539052963256836
0,0.37304311990737915
0,0.37296372652053833
0,0.36401963233947754
0,0.37685853242874146
0,0.37950509786605835
0,0.3660541772842407
0,0.31515419483184814
0,0.35340848565101624
0,0.3546461760997772
0,0.3827803134918213
0,0.3521908223628998
0,0.32894212007522583
0,0.3214896619319916
0,0.3149608373641968
0,0.3178728520870209
0,0.2982345223426819
0,0.30512163043022156
0,0.2957455515861511
0,0.30047672986984253
0,0.28608691692352295
0,0.3054232597351074
0,0.30299943685531616
0,0.3185715675354004
0,0.31238892674446106
0,0.3214215636253357
0,0.3114756643772125
0,0.3377385437488556
0,0.33836472034454346
0,0.33598947525024414
0,0.3529161512851715
0,0.3442703187465668
0,0.36188969016075134
0,0.3739079535007477
0,0.39160457253456116
0,0.3642148971557617
0,0.3546339273452759
0,0.3295300304889679
0,0.3317985236644745
0,0.3343164026737213
0,0.3108312487602234
0,0.30358582735061646
0,0.3241097033023834
0,0.3039012849330902
0,0.3203364610671997
0,0.33143875002861023
0,0.3264099657535553
0,0.34486597776412964
0,0.3355129063129425
0,0.3535611629486084
0,0.346729576587677
0,0.34977278113365173
0,0.36457952857017517
0,0.41452544927597046
0,0.40621793270111084
0,0.3925829827785492
0,0.39067521691322327
0,0.37393420934677124
0,0.34665220975875854
0,0.3375016152858734
0,0.34069523215293884
0,0.3201143443584442
0,0.3282075524330139
0,0.3573441803455353
0,0.3379365801811218
0,0.3161167502403259
0,0.33309414982795715
0,0.3563960790634155
0,0.31633487343788147
0,0.3077544569969177
0,0.33001023530960083
0,0.29505783319473267
0,0.30329352617263794
0,0.30406245589256287
0,0.31140953302383423
0,0.320902019739151
0,0.31373733282089233
0,0.3226836621761322
0,0.3178107738494873
0,0.33813950419425964
0,0.3347492814064026
0,0.3508850932121277
0,0.3246808350086212
0,0.3093668222427368
0,0.3309573829174042
0,0.33325880765914917
0,0.31502214074134827
0,0.3130848705768585
0,0.32072123885154724
0,0.30274438858032227
0,0.3107994496822357
0,0.33582136034965515
0,0.3213192820549011
0,0.3440447449684143
0,0.37268975377082825
0,0.35980290174484253
0,0.3589647710323334
0,0.3851884603500366
0,0.3446822166442871
0,0.27823618054389954
0,0.24042166769504547
0,0.22421330213546753
0,0.21041786670684814
0,0.19914136826992035
0,0.21316415071487427
1,0.20484788715839386
1,0.18997755646705627
1,0.24014976620674133
1,0.25892460346221924
1,0.24973008036613464
1,0.24651138484477997
1,0.26071733236312866
1,0.2615608274936676
1,0.26136863231658936
1,0.2647685110569
1,0.2734588086605072
1,0.28691366314888
1,0.29871949553489685
1,0.3161986470222473
1,0.32952359318733215
1,0.336648166179657
1,0.3423910140991211
1,0.3287927210330963
1,0.31047871708869934
1,0.29876038432121277
1,0.29059621691703796
1,0.28385886549949646
1,0.2809157371520996
1,0.27855393290519714
1,0.27573463320732117
1,0.2737465798854828
1,0.2713787257671356
1,0.2684033215045929
1,0.26627495884895325
1,0.26467350125312805
1,0.2770485281944275
1,0.2856801152229309
1,0.2983425557613373
1,0.31226590275764465
1,0.3179430067539215
1,0.3243297338485718
1,0.3300696313381195
1,0.3257696032524109
1,0.29837849736213684
1,0.29008403420448303
1,0.2810203433036804
1,0.2761482894420624
1,0.27220407128334045
1,0.26851966977119446
1,0.2656329572200775
1,0.26466310024261475
1,0.2718491852283478
1,0.2788067162036896
1,0.2832193970680237
1,0.2863186001777649
1,0.29065537452697754
1,0.2946762144565582
1,0.2990433871746063
1,0.2924332916736603
1,0.28284943103790283
1,0.27728259563446045
1,0.27368688583374023
1,0.26984041929244995
1,0.2668285071849823
1,0.2641504406929016
1,0.26179245114326477
1,0.2668699324131012
1,0.26906904578208923
1,0.27106332778930664
1,0.27317824959754944
1,0.27562224864959717
1,0.27788373827934265
1,0.28030723333358765
1,0.2806989252567291
1,0.2712309658527374
1,0.26796576380729675
1,0.2651084065437317
1,0.26296567916870117
1,0.26116204261779785
1,0.26108911633491516
1,0.262499064207077
1,0.2643299996852875
1,0.2664312720298767
1,0.26855385303497314
1,0.27077189087867737
1,0.2725558280944824
1,0.27447426319122314
1,0.2725803554058075
1,0.27689358592033386
1,0.2995874881744385
1,0.3399423062801361
1,0.40536969900131226
1,0.4967813491821289
1,0.5944312214851379
1,0.6910823583602905
1,0.783602774143219
1,0.8191669583320618
1,0.8217923045158386
1,0.8274352550506592
1,0.832556962966919
1,0.8345879316329956
1,0.8501849174499512
1,0.8588463068008423
1,0.8662859797477722
1,0.8739879727363586
1,0.8667243719100952
1,0.86683589220047
1,0.8665662407875061
1,0.8688764572143555
1,0.8789929747581482
1,0.8825665712356567
1,0.89021235704422
1,0.9037684202194214
1,0.917900800704956
1,0.9190251231193542
1,0.9198561906814575
1,0.9255486130714417
1,0.9371844530105591
1,0.931943416595459
1,0.9297406077384949
1,0.9214176535606384
1,0.911169171333313
1,0.9084131121635437
1,0.8992635011672974
1,0.8844277858734131
1,0.8578925728797913
1,0.8514398336410522
1,0.8533458709716797
1,0.8515588641166687
1,0.856077253818512
1,0.8382157683372498
1,0.8398422002792358
1,0.862019956111908
1,0.870045006275177
1,0.8763680458068848
1,0.8430740833282471
1,0.843542218208313
1,0.8521078824996948
1,0.8576527237892151
1,0.8497472405433655
1,0.8198469877243042
1,0.8269983530044556
1,0.8264457583427429
1,0.8369556665420532
1,0.8215163350105286
1,0.8217487335205078
1,0.8353288173675537
1,0.8618944883346558
1,0.8520554304122925
1,0.8479238748550415
1,0.8544140458106995
1,0.8669661283493042
1,0.8656655550003052
1,0.8574400544166565
1,0.8443613052368164
1,0.8286594748497009
1,0.8519386053085327
1,0.8428561091423035
1,0.843631386756897
1,0.8501834273338318
1,0.8457198143005371
1,0.8591526746749878
1,0.8509367108345032
1,0.8481717705726624
1,0.8469533324241638
1,0.8511878848075867
1,0.871708333492279
1,0.8672681450843811
1,0.8689764738082886
1,0.8739206194877625
1,0.8881422281265259
1,0.8825631737709045
1,0.8788344264030457
1,0.8791259527206421
1,0.8748188018798828
1,0.8803712725639343
1,0.8730600476264954
1,0.866823136806488
1,0.8678403496742249
1,0.9037212133407593
1,0.8909099102020264
1,0.8767123222351074
1,0.8731281757354736
1,0.8782352209091187
1,0.8741512894630432
1,0.8460613489151001
1,0.8411315083503723
1,0.8484745025634766
1,0.8559815883636475
1,0.8593800663948059
1,0.8669532537460327
1,0.8647176623344421
1,0.8823798894882202
1,0.879194974899292
1,0.8664390444755554
1,0.8629818558692932
1,0.8669017553329468
1,0.8726598024368286
1,0.8809751272201538
1,0.8773134350776672
1,0.8860893249511719
1,0.9161210656166077
1,0.9301048517227173
1,0.92684006690979
1,0.9235644936561584
1,0.9155206680297852
1,0.9250065088272095
1,0.9143862724304199
1,0.9069578647613525
1,0.8946247100830078
1,0.8915516138076782
1,0.8914535045623779
1,0.883811891078949
1,0.8675530552864075
1,0.8606933355331421
1,0.8641560673713684
1,0.8649213910102844
1,0.8587937951087952
1,0.8510771989822388
1,0.8532121181488037
1,0.8701420426368713
1,0.8682945370674133
1,0.8747113347053528
1,0.885204017162323
1,0.8810523748397827
1,0.9015047550201416
1,0.9080930352210999
1,0.9148901104927063
1,0.9191160798072815
1,0.9375683069229126
1,0.929974377155304
1,0.9351808428764343
1,0.945480227470398
1,0.9456923007965088
1,0.9444949626922607
1,0.9374175667762756
1,0.9231920838356018
1,0.923639178276062
1,0.9134525060653687
1,0.9066766500473022
1,0.8873492479324341
1,0.853313148021698
1,0.7856185436248779
1,0.7123339176177979
1,0.5996931791305542
1,0.5027884840965271
1,0.3876727819442749
1,0.3015673756599426
1,0.26927387714385986
1,0.2661537826061249
1,0.296028733253479
1,0.29717427492141724
1,0.2948916256427765
1,0.2982184886932373
1,0.29917603731155396
1,0.29665008187294006
1,0.29247409105300903
1,0.2909638285636902
1,0.29238468408584595
1,0.29830074310302734
1,0.2994312047958374
1,0.3002699613571167
1,0.3004988729953766
1,0.2989638149738312
1,0.295246958732605
1,0.29291778802871704
1,0.29065319895744324
1,0.28504419326782227
1,0.2846168875694275
1,0.2760189473628998
1,0.27501532435417175
1,0.2754463255405426
1,0.2757057547569275
1,0.27852633595466614
1,0.28511595726013184
1,0.2832593321800232
1,0.28577321767807007
1,0.29139089584350586
1,0.29337742924690247
1,0.2951187789440155
1,0.30153724551200867
1,0.29655173420906067
1,0.2957214415073395
1,0.30107608437538147
1,0.30335894227027893
1,0.3063473701477051
1,0.30365896224975586
1,0.30070433020591736
1,0.29595857858657837
1,0.29713359475135803
1,0.29394856095314026
1,0.29185742139816284
1,0.29709842801094055
1,0.300117552280426
1,0.29739564657211304
1,0.2956129312515259
1,0.292410671710968
1,0.29956164956092834
1,0.29659155011177063
1,0.29573947191238403
1,0.2863790690898895
1,0.2836833596229553
1,0.283014178276062
1,0.28399404883384705
1,0.28639650344848633
1,0.2967625558376312
1,0.3011592924594879
1,0.3031737208366394
1,0.3070927858352661
1,0.31031879782676697
1,0.3115967810153961
1,0.29820242524147034
1,0.2964997887611389
1,0.30819326639175415
1,0.306571364402771
1,0.296888530254364
1,0.29739847779273987
1,0.2987182140350342
1,0.3038976192474365
1,0.30523601174354553
1,0.30084872245788574
1,0.29309433698654175
1,0.2906557619571686
1,0.2925030589103699
1,0.2886716425418854
1,0.2847236096858978
1,0.2795913815498352
1,0.28049421310424805
1,0.28313449025154114
1,0.2849036753177643
1,0.28297990560531616
1,0.2819204330444336
1,0.2839376628398895
1,0.29262492060661316
1,0.2895759642124176
1,0.2887560725212097
1,0.29038694500923157
1,0.2929729223251343
1,0.2887897789478302
1,0.29526519775390625
1,0.2943323850631714
1,0.2875826358795166
1,0.2906280755996704
1,0.28962668776512146
1,0.2879651188850403
1,0.28829115629196167
1,0.2929433584213257
1,0.28860121965408325
1,0.2911248505115509
1,0.28984808921813965
1,0.2889300286769867
1,0.282924622297287
1,0.2811633348464966
1,0.28244999051094055
1,0.2875959277153015
1,0.28587064146995544
1,0.2836373746395111
1,0.28151220083236694
1,0.27882957458496094
1,0.28493544459342957
1,0.28036901354789734
1,0.2788931727409363
1,0.2789667546749115
1,0.2799575626850128
1,0.27982860803604126
1,0.282686322927475
1,0.2832088768482208
1,0.28760164976119995
1,0.2924676835536957
1,0.2981726825237274
1,0.2948390245437622
1,0.29440510272979736
1,0.30285757780075073
1,0.29617905616760254
1,0.2966957092285156
1,0.2963273525238037
1,0.2924317717552185
1,0.29440176486968994
1,0.29114773869514465
1,0.2893466651439667
1,0.2895162105560303
1,0.2909969985485077
1,0.28903400897979736
1,0.28159981966018677
1,0.27999547123908997
1,0.27703896164894104
1,0.28238633275032043
1,0.28771013021469116
1,0.27990642189979553
1,0.28319236636161804
1,0.2878570258617401
1,0.29007282853126526
1,0.2935984432697296
1,0.2913002669811249
1,0.29546287655830383
1,0.29860928654670715
1,0.2931381165981293
1,0.29186204075813293
1,0.265598863363266
1,0.24466434121131897
1,0.23359930515289307
1,0.20522072911262512
1,0.15492042899131775
1,0.11926870793104172
0,0.07403779774904251
0,0.07189080864191055
0,0.08427055180072784
0,0.1251460760831833
0,0.17151254415512085
0,0.20742829144001007
0,0.24014882743358612
0,0.28607624769210815
0,0.29687103629112244
0,0.22917063534259796
0,0.17473582923412323
0,0.1446741223335266
0,0.1022806242108345
0,0.1321253776550293
0,0.1656864732503891
0,0.22608087956905365
0,0.29292234778404236
0,0.30890581011772156
0,0.29734376072883606
0,0.295012503862381
0,0.2939051687717438
0,0.3197675943374634
0,0.3514915704727173
0,0.3374604284763336
0,0.32065361738204956
0,0.31575340032577515
0,0.2971857786178589
0,0.31098195910453796
0,0.3300906717777252
0,0.3324105739593506
0,0.38251161575317383
0,0.37488073110580444
0,0.38353726267814636
0,0.401612251996994
0,0.4133826196193695
0,0.38357558846473694
0,0.37349188327789307
0,0.3732125163078308
0,0.3545994162559509
0,0.39975500106811523
0,0.3951970338821411
0,0.36094775795936584
0,0.32791370153427124
0,0.3535043001174927
0,0.3771214485168457
0,0.389359712600708
0,0.35984963178634644
0,0.3385794162750244
0,0.3467959761619568
0,0.3528333902359009
0,0.3878750503063202
0,0.37055504322052
0,0.3464222848415375
0,0.34092676639556885
0,0.35864242911338806
0,0.34740832448005676
0,0.32827478647232056
0,0.3493419289588928
0,0.34448325634002686
0,0.3308429718017578
0,0.36710095405578613
0,0.3551309406757355
0,0.3471386730670929
0,0.35879698395729065
0,0.3410308361053467
0,0.3129681944847107
0,0.3147728443145752
0,0.3188682198524475
0,0.29443681240081787
0,0.29525473713874817
0,0.3215903043746948
0,0.30962225794792175
0,0.2946556806564331
0,0.3014836311340332
0,0.30644190311431885
0,0.3066166937351227
0,0.3119586408138275
0,0.3039076030254364
0,0.30136924982070923
0,0.307177871465683
0,0.337556391954422
0,0.31473439931869507
0,0.2864982783794403
0,0.30155038833618164
0,0.3188416659832001
0,0.30124834179878235
0,0.30231139063835144
0,0.3007361888885498
0,0.2995520830154419
0,0.3047710657119751
0,0.31723660230636597
0,0.30368301272392273
0,0.28585249185562134
0,0.2897406816482544
0,0.3149223029613495
0,0.2970582842826843
0,0.28776317834854126
0,0.2830228805541992
0,0.29984501004219055
0,0.3003343939781189
0,0.3253708779811859
0,0.31442034244537354
0,0.32989585399627686
0,0.32980790734291077
0,0.33639711141586304
0,0.33174437284469604
0,0.32399624586105347
0,0.3155336081981659
0,0.30282852053642273
0,0.3002963960170746
0,0.30622637271881104
0,0.3002803325653076
0,0.319914311170578
0,0.3172197937965393
0,0.28565117716789246
0,0.2768334150314331
0,0.2864866852760315
0,0.2709202170372009
0,0.23909908533096313
0,0.16051951050758362
0,0.09468105435371399
0,0.10383044928312302
0,0.11255289614200592
0,0.16792157292366028
0,0.2560829222202301
0,0.33083638548851013
0,0.3704385757446289
0,0.353975772857666
0,0.2793671190738678
0,0.19949005544185638
0,0.15406283736228943
0,0.16810086369514465
0,0.23327764868736267
0,0.3173845410346985
0,0.44989877939224243
0,0.6126033067703247
0,0.6684688329696655
0,0.6425697803497314
0,0.6110666990280151
0,0.4541900157928467
0,0.35187849402427673
0,0.24829146265983582
0,0.16301080584526062
0,0.12222935259342194
0,0.18913736939430237
0,0.2754482626914978
0,0.34569239616394043
0,0.3709786832332611
0,0.3709162175655365
0,0.31956246495246887
0,0.2292763590812683
0,0.1694604456424713
0,0.15156106650829315
0,0.13888612389564514
0,0.16277627646923065
0,0.23538097739219666
0,0.305710107088089
0,0.29356440901756287
1,0.23254817724227905
1,0.2342355102300644
1,0.23929287493228912
1,0.23702462017536163
1,0.23702894151210785
1,0.2404257208108902
1,0.25500255823135376
1,0.26415905356407166
1,0.266408234834671
1,0.2684752941131592
1,0.27063578367233276
1,0.27283409237861633
1,0.2735431492328644
1,0.2701871395111084
1,0.26726001501083374
1,0.26471006870269775
1,0.26244860887527466
1,0.2607380747795105
1,0.25996631383895874
1,0.2611599862575531
1,0.2632279694080353
1,0.26524603366851807
1,0.267274409532547
1,0.2693581283092499
1,0.2714962959289551
1,0.27358993887901306
1,0.2722851037979126
1,0.2691832482814789
1,0.2663956582546234
1,0.26401257514953613
1,0.2620135545730591
1,0.26050516963005066
1,0.2612544000148773
1,0.2625060975551605
1,0.2644270062446594
1,0.266400009393692
1,0.26830658316612244
1,0.270296573638916
1,0.27223825454711914
1,0.2725491523742676
1,0.26918888092041016
1,0.2663353681564331
1,0.26387372612953186
1,0.26181265711784363
1,0.2605322599411011
1,0.26169171929359436
1,0.2632245421409607
1,0.26546353101730347
1,0.26781409978866577
1,0.2700505554676056
1,0.2723832428455353
1,0.2745683491230011
1,0.27476704120635986
1,0.2713623642921448
1,0.2682003974914551
1,0.2654714584350586
1,0.2631133198738098
1,0.2612629532814026
1,0.26101401448249817
1,0.2627672553062439
1,0.2642553150653839
1,0.2661527395248413
1,0.2684883177280426
1,0.27063751220703125
1,0.2730310559272766
1,0.2752044200897217
1,0.2736385464668274
1,0.27061593532562256
1,0.26793813705444336
1,0.2655681371688843
1,0.26325151324272156
1,0.2615465819835663
1,0.2628665268421173
1,0.28812670707702637
1,0.3321687579154968
1,0.39061638712882996
1,0.4818183183670044
1,0.601977527141571
1,0.7290661334991455
1,0.8348971009254456
1,0.8788593411445618
1,0.8547844290733337
1,0.8472941517829895
1,0.8560676574707031
1,0.8635115027427673
1,0.8470664024353027
1,0.8500818014144897
1,0.8507946133613586
1,0.8678269982337952
1,0.8962976336479187
1,0.9013109803199768
1,0.8921390771865845
1,0.9013684988021851
1,0.9200263619422913
1,0.9035806059837341
1,0.8822229504585266
1,0.8672304749488831
1,0.8685335516929626
1,0.8616484999656677
1,0.8347082138061523
1,0.8290116190910339
1,0.8248087167739868
1,0.8483635187149048
1,0.857763946056366
1,0.860320508480072
1,0.8511916399002075
1,0.8756626844406128
1,0.8696027994155884
1,0.8577086329460144
1,0.8608946800231934
1,0.8646671772003174
1,0.8713559508323669
1,0.8743751645088196
1,0.8842226266860962
1,0.8921705484390259
1,0.9152357578277588
1,0.9238305687904358
1,0.8978947997093201
1,0.9007280468940735
1,0.9034279584884644
1,0.9141248464584351
1,0.9088631272315979
1,0.8938148021697998
1,0.8782311677932739
1,0.8838909268379211
1,0.8892514109611511
1,0.8827636241912842
1,0.877659261226654
1,0.8426082134246826
1,0.8436470627784729
1,0.8416385650634766
1,0.8463990092277527
1,0.8576492667198181
1,0.8466161489486694
1,0.8354872465133667
1,0.8423777222633362
1,0.8611608147621155
1,0.8613347411155701
1,0.8511590361595154
1,0.8520103693008423
1,0.8344048857688904
1,0.8580952286720276
1,0.868304431438446
1,0.8854339718818665
1,0.873150110244751
1,0.881050169467926
1,0.8902603387832642
1,0.9127826690673828
1,0.9112216830253601
1,0.8921711444854736
1,0.8774722218513489
1,0.8648495674133301
1,0.8600525259971619
1,0.8452394008636475
1,0.8425768613815308
1,0.8331626653671265
1,0.8534002900123596
1,0.8280466794967651
1,0.8253725171089172
1,0.8374882936477661
1,0.8520583510398865
1,0.8454856872558594
1,0.8316878080368042
1,0.8326734304428101
1,0.8481435179710388
1,0.8665012717247009
1,0.8596868515014648
1,0.8446415662765503
1,0.846914529800415
1,0.861838161945343
1,0.8748346567153931
1,0.8736907243728638
1,0.8746393322944641
1,0.8841995596885681
1,0.9123809337615967
1,0.9011627435684204
1,0.9106671810150146
1,0.9107849597930908
1,0.9156525135040283
1,0.9259746074676514
1,0.9036002159118652
1,0.8903176188468933
1,0.892524242401123
1,0.8911287784576416
1,0.8873104453086853
1,0.8569576740264893
1,0.8518679141998291
1,0.8463637232780457
1,0.856092095375061
1,0.8469957709312439
1,0.8404163122177124
1,0.8431435227394104
1,0.8590467572212219
1,0.8632088303565979
1,0.8721727132797241
1,0.879898190498352
1,0.8852036595344543
1,0.9111328125
1,0.919684648513794
1,0.9174452424049377
1,0.8977910280227661
1,0.9000602960586548
1,0.9049888849258423
1,0.9038309454917908
1,0.9087549448013306
1,0.9049230813980103
1,0.9054450392723083
1,0.9368801712989807
1,0.9500818252563477
1,0.9287048578262329
1,0.8942993879318237
1,0.8863586783409119
1,0.8721010088920593
1,0.8662900328636169
1,0.8602421879768372
1,0.8513189554214478
1,0.8477460145950317
1,0.8738194108009338
1,0.8762379288673401
1,0.8432115316390991
1,0.8440014123916626
1,0.8466976881027222
1,0.8407709002494812
1,0.8409674763679504
1,0.8451745510101318
1,0.8543046712875366
1,0.8380206823348999
1,0.7729272246360779
1,0.6694855690002441
1,0.5231456756591797
1,0.40860098600387573
1,0.31076422333717346
1,0.25557389855384827
1,0.2506362795829773
1,0.2752043604850769
1,0.31000572443008423
1,0.30896884202957153
1,0.2940690517425537
1,0.30487826466560364
1,0.30539873242378235
1,0.29231318831443787
1,0.2876982092857361
1,0.2879982590675354
1,0.2879601716995239
1,0.2901637554168701
1,0.29609084129333496
1,0.29099342226982117
1,0.29402822256088257
1,0.28949788212776184
1,0.29046881198883057
1,0.2879283130168915
1,0.28475168347358704
1,0.28242912888526917
1,0.27951911091804504
1,0.286681592464447
1,0.2884691655635834
1,0.2920553386211395
1,0.2901066541671753
1,0.28818178176879883
1,0.28871971368789673
1,0.2922636568546295
1,0.2923799753189087
1,0.2913535535335541
1,0.2885008752346039
1,0.29169443249702454
1,0.2900545597076416
1,0.2967587113380432
1,0.2961158752441406
1,0.29451677203178406
1,0.29229602217674255
1,0.2940014898777008
1,0.30281132459640503
1,0.30197158455848694
1,0.291907399892807
1,0.293192982673645
1,0.29414641857147217
1,0.29260388016700745
1,0.2957766354084015
1,0.29123085737228394
1,0.290620356798172
1,0.2924126386642456
1,0.2941279113292694
1,0.2967506945133209
1,0.2922931909561157
1,0.28560152649879456
1,0.28387489914894104
1,0.2772979140281677
1,0.27749696373939514
1,0.27652430534362793
1,0.27307504415512085
1,0.27236393094062805
1,0.275643914937973
1,0.27955690026283264
1,0.2797713279724121
1,0.28628161549568176
1,0.28711187839508057
1,0.29008591175079346
1,0.28875383734703064
1,0.28588593006134033
1,0.29123175144195557
1,0.2945651710033417
1,0.29423174262046814
1,0.2921701669692993
1,0.2920496463775635
1,0.29362723231315613
1,0.29806894063949585
1,0.29906657338142395
1,0.29916733503341675
1,0.29418039321899414
1,0.2911219596862793
1,0.28329530358314514
1,0.28075549006462097
1,0.28195399045944214
1,0.2857609987258911
1,0.2830457091331482
1,0.2850356996059418
1,0.27728071808815
1,0.27976593375205994
1,0.28412002325057983
1,0.2799050807952881
1,0.2784789800643921
1,0.2765939235687256
1,0.2789640426635742
1,0.28339478373527527
1,0.28918254375457764
1,0.287943035364151
1,0.28807827830314636
1,0.29733067750930786
1,0.29863038659095764
1,0.29942208528518677
1,0.2937908470630646
1,0.2889314591884613
1,0.29018208384513855
1,0.2909879684448242
1,0.2939448356628418
1,0.295040100812912
1,0.2924150824546814
1,0.29547226428985596
1,0.30236148834228516
1,0.3056128919124603
1,0.3085401654243469
1,0.3104625642299652
1,0.30462968349456787
1,0.31244921684265137
1,0.3093675673007965
1,0.308652400970459
1,0.30857887864112854
1,0.29605504870414734
1,0.2917996644973755
1,0.28782138228416443
1,0.2892966568470001
1,0.28831881284713745
1,0.2841002345085144
1,0.27954035997390747
1,0.2802586555480957
1,0.2816280126571655
1,0.28250887989997864
1,0.28404566645622253
1,0.28447914123535156
1,0.28470855951309204
1,0.28727954626083374
1,0.2963814437389374
1,0.2963847219944
1,0.2970900535583496
1,0.2945292294025421
1,0.29618018865585327
1,0.30457791686058044
1,0.3059069514274597
1,0.30655303597450256
1,0.3021754026412964
1,0.29359275102615356
1,0.2956943213939667
1,0.3016614615917206
1,0.3020828664302826
1,0.3042140305042267
1,0.29766857624053955
1,0.2965770959854126
1,0.2999836504459381
1,0.31113237142562866
1,0.30685046315193176
1,0.29591819643974304
1,0.28752878308296204
1,0.2843269407749176
1,0.287581205368042
1,0.2863246500492096
1,0.2868187129497528
1,0.2889326810836792
1,0.29259222745895386
1,0.28167247772216797
1,0.28211671113967896
1,0.2817317247390747
1,0.2876138985157013
1,0.2893429696559906
1,0.2814292907714844
1,0.28988099098205566
1,0.28773120045661926
1,0.28934043645858765
1,0.291148841381073
1,0.29072141647338867
1,0.29455551505088806
1,0.2868483066558838
1,0.29492104053497314
1,0.2994939982891083
1,0.2826656997203827
1,0.2732318341732025
1,0.2565060555934906
1,0.24966293573379517
1,0.2512194812297821
1,0.17240814864635468
1,0.11473734676837921
0,0.0855439305305481
0,0.1154528558254242
0,0.15753699839115143
0,0.21889667212963104
0,0.2817777991294861
0,0.3427651524543762
0,0.37099674344062805
0,0.37123188376426697
0,0.37154874205589294
0,0.37181565165519714
0,0.3721230924129486
0,0.37238413095474243
0,0.3723912835121155
0,0.37241169810295105
0,0.37241795659065247
0,0.3724181354045868
0,0.3723617196083069
0,0.3722982704639435
0,0.37225496768951416
0,0.37220415472984314
0,0.37195858359336853
0,0.3716837465763092
0,0.35541629791259766
0,0.30588749051094055
0,0.23132361471652985
0,0.16280385851860046
0,0.11227952688932419
0,0.09552063047885895
0,0.13795286417007446
0,0.1952531784772873
0,0.3255046010017395
0,0.38401731848716736
0,0.46869510412216187
0,0.3610495328903198
0,0.2701100707054138
0,0.19093433022499084
0,0.14348384737968445
0,0.15147124230861664
0,0.16694064438343048
0,0.24101272225379944
0,0.3067680299282074
0,0.24178563058376312
0,0.15527573227882385
0,0.1200995072722435
0,0.10801125317811966
0,0.10381845384836197
0,0.10141877084970474
0,0.10685299336910248
0,0.13191044330596924
0,0.16415759921073914
0,0.20912089943885803
0,0.1794298142194748
0,0.12675735354423523
0,0.09815602004528046
0,0.09977894276380539
0,0.13624952733516693
0,0.21796470880508423
0,0.28177767992019653
0,0.31531789898872375
0,0.34285271167755127
0,0.3652532398700714
0,0.3458850085735321
0,0.3422592878341675
0,0.3641839027404785
0,0.3704298734664917
0,0.36536961793899536
0,0.3732764422893524
0,0.34473714232444763
0,0.34302881360054016
0,0.3411283493041992
0,0.34278082847595215
0,0.32289350032806396
0,0.3018835783004761
0,0.3050674498081207
0,0.31004610657691956
0,0.3080691397190094
0,0.3129887878894806
0,0.3432069718837738
0,0.3300635814666748
0,0.30439087748527527
0,0.3180745542049408
0,0.3133406341075897
0,0.3044419586658478
0,0.2992139458656311
0,0.30486905574798584
0,0.31021904945373535
0,0.3219311833381653
0,0.32529565691947937
0,0.3189530074596405
0,0.3467741906642914
0,0.343424528837204
0,0.3599832355976105
0,0.32673677802085876
0,0.33386147022247314
0,0.3499433100223541
0,0.3508150279521942
0,0.3577750623226166
0,0.36359140276908875
0,0.3473442494869232
0,0.3584837317466736
0,0.37091144919395447
0,0.3384927213191986
0,0.3578372597694397
0,0.33597975969314575
0,0.340471088886261
0,0.3655748963356018
0,0.3624226748943329
0,0.3539561927318573
0,0.3592901825904846
0,0.3728405237197876
0,0.3531247079372406
0,0.3377200961112976
0,0.32488811016082764
0,0.31298285722732544
0,0.3019191026687622
0,0.2977299392223358
0,0.32091039419174194
0,0.30877459049224854
0,0.3140586316585541
0,0.3215188682079315
0,0.32005828619003296
0,0.32387518882751465
0,0.3216947317123413
0,0.3321534991264343
0,0.31248939037323
0,0.306625634431839
0,0.3066120743751526
0,0.31947776675224304
0,0.3033275306224823
0,0.29613491892814636
0,0.31777051091194153
0,0.30239444971084595
0,0.30256161093711853
0,0.3125721514225006
0,0.31986504793167114
0,0.31480953097343445
0,0.32318228483200073
0,0.3343330919742584
0,0.32755735516548157
0,0.3477626144886017
0,0.33359459042549133
0,0.33299556374549866
0,0.36031559109687805
0,0.35336586833000183
0,0.34998130798339844
0,0.37276893854141235
0,0.3288860023021698
0,0.3472311794757843
0,0.3662281930446625
0,0.3559987246990204
0,0.3556762635707855
0,0.35530737042427063
0,0.35145339369773865
0,0.3596174418926239
0,0.3895288407802582
0,0.38048070669174194
0,0.3725072145462036
0,0.32212063670158386
0,0.2561876177787781
0,0.19036847352981567
0,0.19137339293956757
0,0.20624056458473206
0,0.1640828251838684
1,0.14041192829608917
1,0.13689517974853516
1,0.18362723290920258
1,0.24265296757221222
1,0.2654954195022583
1,0.2674984335899353
1,0.2720233201980591
1,0.269294410943985
1,0.2663446068763733
1,0.26388120651245117
1,0.2617047131061554
1,0.26176515221595764
1,0.26389017701148987
1,0.2656233012676239
1,0.2680049538612366
1,0.2702215611934662
1,0.27257367968559265
1,0.2751174867153168
1,0.2775416076183319
1,0.2741013765335083
1,0.27032750844955444
1,0.2670731842517853
1,0.26434534788131714
1,0.2625778019428253
1,0.2635887563228607
1,0.26505693793296814
1,0.26678529381752014
1,0.2687736451625824
1,0.2711048424243927
1,0.27369293570518494
1,0.27639228105545044
1,0.27760156989097595
1,0.27430665493011475
1,0.27080947160720825
1,0.26772841811180115
1,0.2652060389518738
1,0.2630695402622223
1,0.2611235976219177
1,0.26114320755004883
1,0.26242563128471375
1,0.26379942893981934
1,0.26541590690612793
1,0.26693814992904663
1,0.2686511278152466
1,0.2704133093357086
1,0.27154281735420227
1,0.26857906579971313
1,0.26565513014793396
1,0.2634028494358063
1,0.26156115531921387
1,0.26001518964767456
1,0.2604317367076874
1,0.2618694603443146
1,0.26417049765586853
1,0.2662840783596039
1,0.2685655951499939
1,0.27065762877464294
1,0.27285733819007874
1,0.27509158849716187
1,0.272541344165802
1,0.2694297134876251
1,0.2663367986679077
1,0.26394137740135193
1,0.2619358003139496
1,0.2626860439777374
1,0.2638677954673767
1,0.26686134934425354
1,0.29754164814949036
1,0.3470351994037628
1,0.4146258533000946
1,0.5160984992980957
1,0.6456842422485352
1,0.7701669335365295
1,0.8656667470932007
1,0.9268821477890015
1,0.9235057234764099
1,0.930045485496521
1,0.9469504952430725
1,0.9437192678451538
1,0.94471675157547
1,0.9218358993530273
1,0.9086721539497375
1,0.8973020315170288
1,0.8991662859916687
1,0.8799430131912231
1,0.8382563591003418
1,0.8340821862220764
1,0.8285910487174988
1,0.8337032198905945
1,0.8387510180473328
1,0.8420794606208801
1,0.8426705598831177
1,0.8654423952102661
1,0.8722543120384216
1,0.8557708859443665
1,0.8603909015655518
1,0.8638477325439453
1,0.8631404042243958
1,0.8559350967407227
1,0.8622031211853027
1,0.8698790669441223
1,0.8971503973007202
1,0.9213021993637085
1,0.9057064056396484
1,0.9025360941886902
1,0.9077885746955872
1,0.908177375793457
1,0.9051222205162048
1,0.8791652321815491
1,0.8655529022216797
1,0.8629894852638245
1,0.8762215971946716
1,0.8635769486427307
1,0.8681591749191284
1,0.8607398271560669
1,0.8775939345359802
1,0.8559244275093079
1,0.8600218892097473
1,0.8575654029846191
1,0.8498856425285339
1,0.829265296459198
1,0.8189345002174377
1,0.8058391213417053
1,0.8284556865692139
1,0.8553057312965393
1,0.8693583607673645
1,0.8771111369132996
1,0.8927323222160339
1,0.9308568835258484
1,0.9402732253074646
1,0.9411638975143433
1,0.9384458661079407
1,0.9370827078819275
1,0.9319853186607361
1,0.917271614074707
1,0.8915061354637146
1,0.8595088720321655
1,0.8413739800453186
1,0.8390501141548157
1,0.8349229693412781
1,0.820512592792511
1,0.8067883849143982
1,0.8367119431495667
1,0.8394519686698914
1,0.8698102235794067
1,0.8514540195465088
1,0.8509200811386108
1,0.856577455997467
1,0.8668879270553589
1,0.871249794960022
1,0.8544826507568359
1,0.8576104640960693
1,0.8667188286781311
1,0.8542060256004333
1,0.864625096321106
1,0.8626174330711365
1,0.8667499423027039
1,0.8688791990280151
1,0.8801957964897156
1,0.8839969038963318
1,0.8855547904968262
1,0.8787036538124084
1,0.8624465465545654
1,0.8660684823989868
1,0.8451871871948242
1,0.8299919366836548
1,0.8232840895652771
1,0.8213940858840942
1,0.8370956182479858
1,0.8371931314468384
1,0.8237865567207336
1,0.8310907483100891
1,0.8564205169677734
1,0.8371934294700623
1,0.830643892288208
1,0.8448029160499573
1,0.8568707704544067
1,0.8451568484306335
1,0.8406450152397156
1,0.8424444794654846
1,0.8716185688972473
1,0.8778616189956665
1,0.8787928223609924
1,0.8860477805137634
1,0.89737468957901
1,0.9126534461975098
1,0.9149556159973145
1,0.9079118967056274
1,0.9104646444320679
1,0.9243543148040771
1,0.9205018877983093
1,0.9053929448127747
1,0.8794968724250793
1,0.8723927736282349
1,0.8642486929893494
1,0.8536520600318909
1,0.850988507270813
1,0.8386569023132324
1,0.809062123298645
1,0.8407208919525146
1,0.8403822779655457
1,0.8521899580955505
1,0.8464713096618652
1,0.8410302996635437
1,0.836092472076416
1,0.8628101944923401
1,0.8653901815414429
1,0.8462468981742859
1,0.849137544631958
1,0.857208251953125
1,0.8754821419715881
1,0.8795958161354065
1,0.8780679106712341
1,0.8751721978187561
1,0.8790913224220276
1,0.8638982176780701
1,0.7787907719612122
1,0.6609097123146057
1,0.5687648057937622
1,0.4360911250114441
1,0.33300578594207764
1,0.27279961109161377
1,0.25895050168037415
1,0.2707631289958954
1,0.2939642369747162
1,0.2950560748577118
1,0.2911378741264343
1,0.287960946559906
1,0.28711575269699097
1,0.29117345809936523
1,0.29529881477355957
1,0.2922038733959198
1,0.2873740494251251
1,0.285078763961792
1,0.2911379933357239
1,0.2935667335987091
1,0.2919040024280548
1,0.2907717823982239
1,0.28784310817718506
1,0.29275766015052795
1,0.2888319790363312
1,0.28980836272239685
1,0.28912216424942017
1,0.29605934023857117
1,0.3005225956439972
1,0.3003121018409729
1,0.2974777817726135
1,0.2884010374546051
1,0.2917407155036926
1,0.2949570119380951
1,0.28859344124794006
1,0.2913726568222046
1,0.30429282784461975
1,0.3066188395023346
1,0.30872485041618347
1,0.2993847727775574
1,0.29897230863571167
1,0.3049607574939728
1,0.30710041522979736
1,0.3005633056163788
1,0.2977875769138336
1,0.3099060356616974
1,0.305292010307312
1,0.29151463508605957
1,0.30042675137519836
1,0.2995235323905945
1,0.31137406826019287
1,0.3027564585208893
1,0.2992485463619232
1,0.2914751172065735
1,0.28990381956100464
1,0.31526684761047363
1,0.2972809672355652
1,0.3013874292373657
1,0.2971271872520447
1,0.2904878258705139
1,0.2982175350189209
1,0.2958000898361206
1,0.29860079288482666
1,0.30120205879211426
1,0.3025037944316864
1,0.3025892674922943
1,0.30166083574295044
1,0.30295446515083313
1,0.2949978709220886
1,0.29285886883735657
1,0.2946162521839142
1,0.29492151737213135
1,0.2946571707725525
1,0.29480379819869995
1,0.2943165600299835
1,0.29321470856666565
1,0.29155272245407104
1,0.29122045636177063
1,0.3041331470012665
1,0.30307748913764954
1,0.29315605759620667
1,0.2964385747909546
1,0.2972383499145508
1,0.308941125869751
1,0.31104761362075806
1,0.30669906735420227
1,0.2908536493778229
1,0.2936823070049286
1,0.2947072684764862
1,0.2951149046421051
1,0.29401805996894836
1,0.2898399829864502
1,0.2936667203903198
1,0.2934432625770569
1,0.29514625668525696
1,0.28692662715911865
1,0.28763481974601746
1,0.2923458218574524
1,0.28636884689331055
1,0.28878167271614075
1,0.2916274070739746
1,0.28840211033821106
1,0.2868230938911438
1,0.29484179615974426
1,0.2922586500644684
1,0.29306548833847046
1,0.2946760058403015
1,0.29673129320144653
1,0.3036423325538635
1,0.30446115136146545
1,0.3052788972854614
1,0.29778847098350525
1,0.30398625135421753
1,0.29518091678619385
1,0.2894420623779297
1,0.2839796245098114
1,0.27924031019210815
1,0.2836337983608246
1,0.28038227558135986
1,0.27968189120292664
1,0.2825418710708618
1,0.2842883765697479
1,0.28597578406333923
1,0.28660309314727783
1,0.28671446442604065
1,0.2885802388191223
1,0.2928149700164795
1,0.2927795350551605
1,0.2950049042701721
1,0.29092681407928467
1,0.29231712222099304
1,0.29156285524368286
1,0.29377779364585876
1,0.29251307249069214
1,0.2935594916343689
1,0.2904930114746094
1,0.29127568006515503
1,0.28787559270858765
1,0.28660306334495544
1,0.28864988684654236
1,0.287180632352829
1,0.2945327162742615
1,0.2874244451522827
1,0.28876739740371704
1,0.29051047563552856
1,0.28553318977355957
1,0.29416829347610474
1,0.2838275730609894
1,0.2790832221508026
1,0.27838197350502014
1,0.2814118266105652
1,0.28393301367759705
1,0.28499165177345276
1,0.2879321277141571
1,0.29153043031692505
1,0.29606056213378906
1,0.2981301248073578
1,0.2954801023006439
1,0.2959040701389313
1,0.29531851410865784
1,0.2978866398334503
1,0.29484447836875916
1,0.2963549494743347
1,0.2926211357116699
1,0.29162266850471497
1,0.29607245326042175
1,0.2985057234764099
1,0.29866430163383484
1,0.2960244119167328
1,0.30038508772850037
1,0.30215340852737427
1,0.3175891637802124
1,0.31654593348503113
1,0.3056417405605316
1,0.2880181670188904
1,0.2708296775817871
1,0.24269713461399078
1,0.21010197699069977
1,0.16868089139461517
1,0.1287584751844406
1,0.0906490609049797
0,0.058731015771627426
0,0.05479282885789871
0,0.0676356628537178
0,0.09531669318675995
0,0.12617707252502441
0,0.156879723072052
0,0.21585713326931
0,0.26010358333587646
0,0.3257124423980713
0,0.33986568450927734
0,0.33780282735824585
0,0.3232884705066681
0,0.34248271584510803
0,0.35694047808647156
0,0.3341725170612335
0,0.3548089563846588
0,0.3482615053653717
0,0.35166022181510925
0,0.36617183685302734
0,0.36607539653778076
0,0.3567812442779541
0,0.3568917214870453
0,0.3584151268005371
0,0.3441168963909149
0,0.33637216687202454
0,0.33820468187332153
0,0.3326803743839264
0,0.33034780621528625
0,0.3263643682003021
0,0.33706963062286377
0,0.33650410175323486
0,0.3375464975833893
0,0.3196520209312439
0,0.3060076832771301
0,0.3266758322715759
0,0.3550110161304474
0,0.3763608932495117
0,0.3824162781238556
0,0.3481987416744232
0,0.33438828587532043
0,0.34633275866508484
0,0.37114784121513367
0,0.38359078764915466
0,0.3499504327774048
0,0.32125845551490784
0,0.33002975583076477
0,0.33902814984321594
0,0.3451499044895172
0,0.32953375577926636
0,0.31492602825164795
0,0.3300851285457611
0,0.34279635548591614
0,0.34315288066864014
0,0.32407352328300476
0,0.33727216720581055
0,0.3426187038421631
0,0.3606300354003906
0,0.36409297585487366
0,0.3496907949447632
0,0.3510033190250397
0,0.35973861813545227
0,0.36108827590942383
0,0.33082711696624756
0,0.33521920442581177
0,0.31930604577064514
0,0.32205864787101746
0,0.31469839811325073
0,0.3086322247982025
0,0.3130932152271271
0,0.319050669670105
0,0.34118202328681946
0,0.3565596342086792
0,0.3524354100227356
0,0.35357147455215454
0,0.36818617582321167
0,0.3675210475921631
0,0.3595990836620331
0,0.3508910536766052
0,0.3742690682411194
0,0.34632787108421326
0,0.3442859351634979
0,0.3252977728843689
0,0.3488238751888275
0,0.3829559087753296
0,0.39242926239967346
0,0.37927335500717163
0,0.37293630838394165
0,0.3471727967262268
0,0.362125962972641
0,0.3579793870449066
0,0.3346831500530243
0,0.31594353914260864
0,0.3150283098220825
0,0.32085999846458435
0,0.32644331455230713
0,0.3442652225494385
0,0.3422349691390991
0,0.3436793386936188
0,0.35734879970550537
0,0.39381638169288635
0,0.4028205871582031
0,0.3978467285633087
0,0.39606988430023193
0,0.3975789546966553
0,0.40288305282592773
0,0.428365558385849
0,0.40854206681251526
0,0.3914811611175537
0,0.402239590883255
0,0.4176543354988098
0,0.4240732192993164
0,0.4122307598590851
0,0.40115872025489807
0,0.40772107243537903
0,0.4041096568107605
0,0.38180112838745117
0,0.36273011565208435
0,0.3582480847835541
0,0.3666556179523468
0,0.36986735463142395
0,0.35166794061660767
0,0.3524235785007477
0,0.3549470007419586
0,0.37306836247444153
0,0.3548847734928131
0,0.36806783080101013
0,0.38876792788505554
0,0.40361493825912476
0,0.37335777282714844
0,0.2927093207836151
0,0.21986840665340424
0,0.15981782972812653
0,0.1666201502084732
0,0.13631395995616913
0,0.13485433161258698
0,0.12080767750740051
0,0.13049183785915375
1,0.1652453988790512
1,0.20690087974071503
1,0.23866330087184906
1,0.25272518396377563
1,0.25205227732658386
1,0.25953754782676697
1,0.26338690519332886
1,0.26175472140312195
1,0.2604818642139435
1,0.26153072714805603
1,0.26281172037124634
1,0.2645978629589081
1,0.2664237916469574
1,0.26830658316612244
1,0.2701614797115326
1,0.27220186591148376
1,0.27263158559799194
1,0.26940515637397766
1,0.26665329933166504
1,0.26422157883644104
1,0.26237404346466064
1,0.2607051730155945
1,0.2614557445049286
1,0.2631177306175232
1,0.2648124396800995
1,0.2672240138053894
1,0.2692950665950775
1,0.27162086963653564
1,0.27384382486343384
1,0.2759270668029785
1,0.2730045020580292
1,0.2697025239467621
1,0.26680123805999756
1,0.2642044425010681
1,0.2623016834259033
1,0.2629771828651428
1,0.2649271786212921
1,0.2669050991535187
1,0.26880237460136414
1,0.2714705169200897
1,0.27399441599845886
1,0.27666446566581726
1,0.27899298071861267
1,0.27584266662597656
1,0.27290865778923035
1,0.2698340117931366
1,0.26697787642478943
1,0.2647043466567993
1,0.2626854479312897
1,0.2608908712863922
1,0.260873019695282
1,0.2625972628593445
1,0.2643146812915802
1,0.2668783962726593
1,0.2692730724811554
1,0.2716498076915741
1,0.27391517162323
1,0.27624380588531494
1,0.27379223704338074
1,0.2702666223049164
1,0.2670724391937256
1,0.26429513096809387
1,0.262067586183548
1,0.26161423325538635
1,0.26374760270118713
1,0.2660117447376251
1,0.2694152295589447
1,0.27315589785575867
1,0.27692079544067383
1,0.3035918176174164
1,0.36097925901412964
1,0.44622498750686646
1,0.527244508266449
1,0.6229429244995117
1,0.7320820689201355
1,0.8073045015335083
1,0.8743968605995178
1,0.8672666549682617
1,0.8583194613456726
1,0.8574206233024597
1,0.8372580409049988
1,0.8490773439407349
1,0.857570469379425
1,0.8726591467857361
1,0.8574174046516418
1,0.8573420643806458
1,0.8610054850578308
1,0.8713660836219788
1,0.8816434741020203
1,0.8851243257522583
1,0.890055775642395
1,0.9000717997550964
1,0.9170857071876526
1,0.8978144526481628
1,0.9026508331298828
1,0.9124775528907776
1,0.9092261791229248
1,0.884870707988739
1,0.8900414705276489
1,0.8870709538459778
1,0.8954355120658875
1,0.8947041630744934
1,0.878263533115387
1,0.8594939112663269
1,0.8520786762237549
1,0.866226315498352
1,0.8562750816345215
1,0.8175011277198792
1,0.814856767654419
1,0.8293778300285339
1,0.8329319953918457
1,0.8477802872657776
1,0.8384504318237305
1,0.8390750288963318
1,0.8608637452125549
1,0.8609052300453186
1,0.8489865064620972
1,0.8450323343276978
1,0.8574655652046204
1,0.8548890948295593
1,0.8584651350975037
1,0.8698592185974121
1,0.8818816542625427
1,0.9068322777748108
1,0.8993545770645142
1,0.906505286693573
1,0.9192764163017273
1,0.9299399852752686
1,0.9268081188201904
1,0.9115572571754456
1,0.8903279304504395
1,0.881022036075592
1,0.9005593657493591
1,0.893913209438324
1,0.8613200187683105
1,0.8597091436386108
1,0.8536716103553772
1,0.873466432094574
1,0.8720176219940186
1,0.873948872089386
1,0.8704521059989929
1,0.8782156109809875
1,0.8852776288986206
1,0.8758986592292786
1,0.8757833242416382
1,0.8846639394760132
1,0.8861491680145264
1,0.887600839138031
1,0.8597975969314575
1,0.8575459718704224
1,0.8697723150253296
1,0.8903578519821167
1,0.8890478014945984
1,0.8794177174568176
1,0.8870668411254883
1,0.9109038710594177
1,0.9314716458320618
1,0.9378084540367126
1,0.9234694242477417
1,0.9029176235198975
1,0.9285674691200256
1,0.9180096387863159
1,0.9072115421295166
1,0.8949378728866577
1,0.8855872750282288
1,0.894261360168457
1,0.8805893063545227
1,0.8743367195129395
1,0.8689626455307007
1,0.8699329495429993
1,0.8711807727813721
1,0.8632389307022095
1,0.8644275069236755
1,0.8655231595039368
1,0.8808637857437134
1,0.8715630173683167
1,0.8715345859527588
1,0.8744844794273376
1,0.887614905834198
1,0.8856346607208252
1,0.8784341812133789
1,0.8854754567146301
1,0.8955023288726807
1,0.9058601260185242
1,0.8925328850746155
1,0.8902910351753235
1,0.8923872709274292
1,0.9246865510940552
1,0.9051568508148193
1,0.9104920029640198
1,0.8951438665390015
1,0.8784477114677429
1,0.8875265717506409
1,0.879004955291748
1,0.8595216870307922
1,0.8486713171005249
1,0.8519036769866943
1,0.8532893657684326
1,0.8640665411949158
1,0.8541593551635742
1,0.849755585193634
1,0.8595578670501709
1,0.8644831776618958
1,0.8765568733215332
1,0.8813658952713013
1,0.8660708069801331
1,0.8751841187477112
1,0.870471179485321
1,0.8741002678871155
1,0.8705368041992188
1,0.8746037483215332
1,0.8711621761322021
1,0.8634682297706604
1,0.871859610080719
1,0.886303186416626
1,0.8902907967567444
1,0.905167281627655
1,0.9163705706596375
1,0.9371277689933777
1,0.9331936836242676
1,0.8983880281448364
1,0.8139501810073853
1,0.6928771734237671
1,0.5628706812858582
1,0.4200146198272705
1,0.3502488434314728
1,0.2812230885028839
1,0.2756112217903137
1,0.27459749579429626
1,0.2849124073982239
1,0.2931126356124878
1,0.28626537322998047
1,0.3163437247276306
1,0.29222869873046875
1,0.2896982729434967
1,0.2862815856933594
1,0.2905113101005554
1,0.295695960521698
1,0.2977464199066162
1,0.29067766666412354
1,0.2868729531764984
1,0.2890474200248718
1,0.2948240339756012
1,0.2944740653038025
1,0.28688663244247437
1,0.28616446256637573
1,0.28747594356536865
1,0.2897995710372925
1,0.2893040180206299
1,0.2905943989753723
1,0.29709741473197937
1,0.30288442969322205
1,0.30281034111976624
1,0.3022569417953491
1,0.29728180170059204
1,0.29544565081596375
1,0.30781427025794983
1,0.30151382088661194
1,0.2931242287158966
1,0.2915608584880829
1,0.2955881953239441
1,0.28395092487335205
1,0.2815127670764923
1,0.28004640340805054
1,0.2843421697616577
1,0.2857508659362793
1,0.27916857600212097
1,0.27923011779785156
1,0.2785789668560028
1,0.28891488909721375
1,0.30047664046287537
1,0.29087314009666443
1,0.2855987548828125
1,0.2889779806137085
1,0.28971394896507263
1,0.29192766547203064
1,0.2915882170200348
1,0.2906044125556946
1,0.28862667083740234
1,0.2918055057525635
1,0.2936784327030182
1,0.2901858687400818
1,0.2913638949394226
1,0.28953930735588074
1,0.2912367284297943
1,0.2949855923652649
1,0.2941129505634308
1,0.297901451587677
1,0.30505305528640747
1,0.2968803644180298
1,0.2991446554660797
1,0.29546496272087097
1,0.31479525566101074
1,0.311836838722229
1,0.28694796562194824
1,0.28066739439964294
1,0.28159475326538086
1,0.28878262639045715
1,0.28878211975097656
1,0.2908623516559601
1,0.29226353764533997
1,0.29409727454185486
1,0.30084168910980225
1,0.31316468119621277
1,0.30833354592323303
1,0.29591721296310425
1,0.3021467626094818
1,0.3157147765159607
1,0.3270799219608307
1,0.3088110685348511
1,0.2975916564464569
1,0.29171836376190186
1,0.29442232847213745
1,0.294739693403244
1,0.29693034291267395
1,0.3097347319126129
1,0.3119286894798279
1,0.3164409101009369
1,0.2966701090335846
1,0.2907435894012451
1,0.2895255386829376
1,0.2881361246109009
1,0.28394338488578796
1,0.29945218563079834
1,0.30115073919296265
1,0.30092617869377136
1,0.2926923334598541
1,0.29573047161102295
1,0.29617711901664734
1,0.29327842593193054
1,0.2935631573200226
1,0.2921103239059448
1,0.2930475175380707
1,0.2916598916053772
1,0.2918660044670105
1,0.2880519926548004
1,0.2836625874042511
1,0.2879810333251953
1,0.2854909896850586
1,0.2921171188354492
1,0.2851412296295166
1,0.28296712040901184
1,0.2835516929626465
1,0.2882428765296936
1,0.2865367531776428
1,0.28438040614128113
1,0.29061228036880493
1,0.2859305441379547
1,0.28742799162864685
1,0.2825009822845459
1,0.2813592255115509
1,0.2858165502548218
1,0.286444753408432
1,0.28970882296562195
1,0.2840574383735657
1,0.29129093885421753
1,0.29369863867759705
1,0.30134475231170654
1,0.29498639702796936
1,0.28630736470222473
1,0.2859620749950409
1,0.280612975358963
1,0.2776358425617218
1,0.27654051780700684
1,0.2806288003921509
1,0.2855978012084961
1,0.2974211871623993
1,0.28866297006607056
1,0.2825171947479248
1,0.2806643545627594
1,0.28538575768470764
1,0.2980197072029114
1,0.29064691066741943
1,0.2884361147880554
1,0.2921963930130005
1,0.29037582874298096
1,0.29214128851890564
1,0.2884548008441925
1,0.2869360148906708
1,0.28715696930885315
1,0.284786194562912
1,0.28627148270606995
1,0.29056650400161743
1,0.2905943691730499
1,0.28995269536972046
1,0.29230496287345886
1,0.293810099363327
1,0.29836973547935486
1,0.310837060213089
1,0.30836403369903564
1,0.3114227056503296
1,0.2974727749824524
1,0.28989461064338684
1,0.26719072461128235
1,0.25701215863227844
1,0.23441170156002045
1,0.22265253961086273
1,0.23378831148147583
1,0.17168445885181427
0,0.10590643435716629
0,0.09787266701459885
0,0.10498084127902985
0,0.1579093039035797
0,0.21817351877689362
0,0.2802412211894989
0,0.34333574771881104
0,0.3715496063232422
0,0.3718794584274292
0,0.3721254765987396
0,0.37218186259269714
0,0.37214407324790955
0,0.3721262812614441
0,0.37216058373451233
0,0.37211713194847107
0,0.37216126918792725
0,0.3721241354942322
0,0.37205544114112854
0,0.3718811571598053
0,0.37175655364990234
0,0.37165793776512146
0,0.37160634994506836
0,0.37148627638816833
0,0.37144237756729126
0,0.3713977038860321
0,0.3712159991264343
0,0.37114977836608887
0,0.3331114947795868
0,0.25712770223617554
0,0.1913154274225235
0,0.1374552845954895
0,0.10673215985298157
0,0.1286625862121582
0,0.15261615812778473
0,0.26174822449684143
0,0.38532817363739014
0,0.4595326781272888
0,0.43325668573379517
0,0.30169880390167236
0,0.23577773571014404
0,0.16174910962581635
0,0.14802637696266174
0,0.13025395572185516
0,0.19682009518146515
0,0.2859155535697937
0,0.35576876997947693
0,0.36070337891578674
0,0.37117746472358704
0,0.37103939056396484
0,0.3708876371383667
0,0.36862656474113464
0,0.28467506170272827
0,0.20535573363304138
0,0.1519223302602768
0,0.16010376811027527
0,0.18732953071594238
0,0.2759493589401245
0,0.3890155851840973
0,0.3730751574039459
0,0.23114417493343353
0,0.10366403311491013
0,0.04240114986896515
0,0.07050464302301407
0,0.1259145438671112
0,0.19953276216983795
0,0.21242977678775787
0,0.19773077964782715
0,0.18771949410438538
0,0.19548556208610535
0,0.26547378301620483
0,0.32081419229507446
0,0.33294931054115295
0,0.36375492811203003
0,0.3987085521221161
0,0.38522255420684814
0,0.3841005265712738
0,0.37231987714767456
0,0.324346125125885
0,0.34906652569770813
0,0.3526167571544647
0,0.36141037940979004
0,0.3407146632671356
0,0.34072795510292053
0,0.3387184143066406
0,0.3375887870788574
0,0.3415388762950897
0,0.32103532552719116
0,0.31683313846588135
0,0.31936395168304443
0,0.32749611139297485
0,0.3387463390827179
0,0.339707612991333
0,0.355013370513916
0,0.3844125270843506
0,0.3739696145057678
0,0.3515849709510803
0,0.3604806661605835
0,0.376979798078537
0,0.3608078956604004
0,0.3762722611427307
0,0.3661169707775116
0,0.35850754380226135
0,0.3790591359138489
0,0.3759816586971283
0,0.3570171594619751
0,0.3946039080619812
0,0.3718810975551605
0,0.347764790058136
0,0.3506855070590973
0,0.36250296235084534
0,0.36103999614715576
0,0.36139997839927673
0,0.39020809531211853
0,0.38310131430625916
0,0.3817179799079895
0,0.3760145604610443
0,0.35979440808296204
0,0.3805702328681946
0,0.37882208824157715
0,0.3849741518497467
0,0.35462796688079834
0,0.332243949174881
0,0.3952712118625641
0,0.4104473292827606
0,0.4184807538986206
0,0.3823049068450928
0,0.3889487683773041
0,0.39243224263191223
0,0.40477001667022705
0,0.405254989862442
0,0.3756261169910431
0,0.3681117594242096
0,0.3668796122074127
0,0.4133085012435913
0,0.42297041416168213
0,0.4183847904205322
0,0.415932834148407
0,0.41578787565231323
0,0.3942062258720398
0,0.37577545642852783
0,0.3961191177368164
0,0.36183783411979675
0,0.34003308415412903
0,0.343692809343338
0,0.3340853452682495
0,0.3347892463207245
0,0.3439473807811737
0,0.37490221858024597
0,0.34741806983947754
0,0.31627121567726135
0,0.32941776514053345
0,0.34650489687919617
0,0.33764711022377014
0,0.32421252131462097
0,0.3348754346370697
0,0.32208847999572754
0,0.3295149803161621
0,0.3417971134185791
0,0.3471788167953491
0,0.33087632060050964
0,0.35460200905799866
0,0.37637966871261597
0,0.35155951976776123
0,0.38608279824256897
0,0.4130716025829315
0,0.3909507691860199
0,0.3842450678348541
0,0.38061532378196716
0,0.36763694882392883
0,0.36182793974876404
0,0.364300936460495
0,0.3512222170829773
0,0.34708961844444275
0,0.34325066208839417
0,0.35715922713279724
0,0.38594019412994385
0,0.3749329149723053
0,0.37728846073150635
0,0.3863945007324219
0,0.3919958472251892
0,0.4157974123954773
0,0.42571255564689636
0,0.40594595670700073
0,0.3889203369617462
0,0.35765349864959717
0,0.3758699893951416
0,0.40183141827583313
0,0.3968110978603363
0,0.38530027866363525
0,0.3970281183719635
1,0.3713550865650177
1,0.3605498969554901
1,0.3467831611633301
1,0.30993762612342834
1,0.2802368104457855
1,0.2600557208061218
1,0.26689061522483826
1,0.2640320956707001
1,0.26198869943618774
1,0.2619888186454773
1,0.26356440782546997
1,0.2656104862689972
1,0.26848104596138
1,0.2716164290904999
1,0.27463534474372864
1,0.2775939106941223
1,0.2806745171546936
1,0.2784000039100647
1,0.27525243163108826
1,0.2720176577568054
1,0.2688097357749939
1,0.26571959257125854
1,0.26349425315856934
1,0.2616291344165802
1,0.2623390555381775
1,0.2643008232116699
1,0.2660953104496002
1,0.2687563896179199
1,0.27113375067710876
1,0.2739083766937256
1,0.27687954902648926
1,0.2789511978626251
1,0.2759462594985962
1,0.27343645691871643
1,0.2710425555706024
1,0.2682756185531616
1,0.266221284866333
1,0.2642207145690918
1,0.26224976778030396
1,0.26083678007125854
1,0.25958216190338135
1,0.2583667039871216
1,0.2580646276473999
1,0.2602474093437195
1,0.2626737952232361
1,0.26542386412620544
1,0.2686350643634796
1,0.2715094983577728
1,0.27461639046669006
1,0.27788475155830383
1,0.27788251638412476
1,0.27367162704467773
1,0.2700771689414978
1,0.2667068839073181
1,0.2636481523513794
1,0.26141563057899475
1,0.25985562801361084
1,0.2608277201652527
1,0.2627599239349365
1,0.26528123021125793
1,0.2679595947265625
1,0.2705066502094269
1,0.2732718288898468
1,0.2758810818195343
1,0.27658790349960327
1,0.27317938208580017
1,0.2698848843574524
1,0.26668938994407654
1,0.2644304037094116
1,0.2623710036277771
1,0.2605452537536621
1,0.25917625427246094
1,0.2581199109554291
1,0.25946658849716187
1,0.26163172721862793
1,0.26406821608543396
1,0.2761087119579315
1,0.29511722922325134
1,0.3713761568069458
1,0.4739859104156494
1,0.6057708263397217
1,0.7277990579605103
1,0.8180798888206482
1,0.8805919885635376
1,0.8814259171485901
1,0.8755083084106445
1,0.8557539582252502
1,0.8589173555374146
1,0.8404111862182617
1,0.8402865529060364
1,0.8161316514015198
1,0.8220663070678711
1,0.8455685973167419
1,0.8663970828056335
1,0.8542424440383911
1,0.8633574843406677
1,0.8779165148735046
1,0.8947274684906006
1,0.9111403226852417
1,0.9219257831573486
1,0.9199186563491821
1,0.945067286491394
1,0.9546186923980713
1,0.9369173049926758
1,0.945320725440979
1,0.9397005438804626
1,0.9254356026649475
1,0.9132750630378723
1,0.8945873379707336
1,0.8819340467453003
1,0.880113959312439
1,0.8918562531471252
1,0.884512186050415
1,0.8729367852210999
1,0.8796728253364563
1,0.8780074715614319
1,0.891826331615448
1,0.8787580728530884
1,0.8717485666275024
1,0.8763578534126282
1,0.8771874308586121
1,0.8810507655143738
1,0.8743085861206055
1,0.8769952654838562
1,0.8837557435035706
1,0.8811456561088562
1,0.8855617642402649
1,0.8859177827835083
1,0.9053993821144104
1,0.9198603630065918
1,0.9204897284507751
1,0.9185989499092102
1,0.935494601726532
1,0.9406664371490479
1,0.918406069278717
1,0.9093009233474731
1,0.9039815664291382
1,0.9029845595359802
1,0.894493818283081
1,0.8899390697479248
1,0.8885858654975891
1,0.8981629610061646
1,0.9146162867546082
1,0.9135914444923401
1,0.9131722450256348
1,0.9101598858833313
1,0.903708279132843
1,0.9044623970985413
1,0.9008645415306091
1,0.9032444357872009
1,0.8980969190597534
1,0.8986831307411194
1,0.8857718110084534
1,0.8943537473678589
1,0.8996899127960205
1,0.9068580269813538
1,0.9192957282066345
1,0.9183157086372375
1,0.9324716329574585
1,0.9345312118530273
1,0.9628947377204895
1,0.9556907415390015
1,0.9651322364807129
1,0.9690395593643188
1,0.9631534814834595
1,0.9525850415229797
1,0.9545638561248779
1,0.9563400149345398
1,0.9518027305603027
1,0.9564844965934753
1,0.9500026106834412
1,0.9527164101600647
1,0.9614766240119934
1,0.9410588145256042
1,0.9288904070854187
1,0.9157294034957886
1,0.904887318611145
1,0.9020998477935791
1,0.8758188486099243
1,0.873173177242279
1,0.8673823475837708
1,0.8772732019424438
1,0.8575814962387085
1,0.8367435336112976
1,0.8173130750656128
1,0.8173200488090515
1,0.8249643445014954
1,0.809870183467865
1,0.7921984791755676
1,0.7978100180625916
1,0.8193039894104004
1,0.8314041495323181
1,0.8546226024627686
1,0.872413158416748
1,0.9062182307243347
1,0.9189711213111877
1,0.9185665249824524
1,0.9252474904060364
1,0.9378882050514221
1,0.9330876469612122
1,0.9202102422714233
1,0.9059225916862488
1,0.8957644701004028
1,0.8858990669250488
1,0.8978235125541687
1,0.8943569660186768
1,0.8794860243797302
1,0.8770907521247864
1,0.8777582049369812
1,0.8716490268707275
1,0.8701078295707703
1,0.8742552995681763
1,0.8681128025054932
1,0.8643883466720581
1,0.8612809777259827
1,0.8758012652397156
1,0.8790282011032104
1,0.8702893853187561
1,0.8777881860733032
1,0.8800027966499329
1,0.8986459970474243
1,0.9038618206977844
1,0.9042149186134338
1,0.9141595363616943
1,0.9330249428749084
1,0.9404147863388062
1,0.939460813999176
1,0.9082027077674866
1,0.8316351771354675
1,0.7495527267456055
1,0.6724365949630737
1,0.5099694132804871
1,0.40159717202186584
1,0.31621748208999634
1,0.27936068177223206
1,0.2877090275287628
1,0.2954297959804535
1,0.2967129945755005
1,0.29064539074897766
1,0.293706476688385
1,0.305118203163147
1,0.29537272453308105
1,0.2921299934387207
1,0.2923505902290344
1,0.29360827803611755
1,0.29346713423728943
1,0.29651939868927
1,0.29307857155799866
1,0.27877095341682434
1,0.2951085567474365
1,0.30985772609710693
1,0.32465577125549316
1,0.29466676712036133
1,0.289164662361145
1,0.298594206571579
1,0.31038081645965576
1,0.31170031428337097
1,0.2916976511478424
1,0.29070115089416504
1,0.2951691150665283
1,0.2992653548717499
1,0.3136560618877411
1,0.2905749976634979
1,0.28377214074134827
1,0.27900567650794983
1,0.27588632702827454
1,0.2785851061344147
1,0.2750842869281769
1,0.2695930600166321
1,0.2723083198070526
1,0.2740628123283386
1,0.2784099578857422
1,0.28230640292167664
1,0.2819842994213104
1,0.28476598858833313
1,0.28752008080482483
1,0.28833913803100586
1,0.29096075892448425
1,0.28787943720817566
1,0.2881747782230377
1,0.29361796379089355
1,0.30092400312423706
1,0.3009064793586731
1,0.2961074113845825
1,0.28616002202033997
1,0.285554438829422
1,0.28960350155830383
1,0.28966373205184937
1,0.2919884920120239
1,0.2937396466732025
1,0.2887914180755615
1,0.29071012139320374
1,0.29010632634162903
1,0.2868610918521881
1,0.2901763617992401
1,0.2882362902164459
1,0.28692466020584106
1,0.2881925106048584
1,0.28625306487083435
1,0.28800907731056213
1,0.29453861713409424
1,0.2918996810913086
1,0.2847067415714264
1,0.2858452796936035
1,0.2887355089187622
1,0.29679158329963684
1,0.29760977625846863
1,0.2964019477367401
1,0.2949388027191162
1,0.2932421565055847
1,0.2969273626804352
1,0.29468485713005066
1,0.293820321559906
1,0.29222044348716736
1,0.2890111804008484
1,0.290450781583786
1,0.2934904098510742
1,0.29457002878189087
1,0.29450130462646484
1,0.2939843237400055
1,0.29860997200012207
1,0.3000514507293701
1,0.3033360242843628
1,0.29788917303085327
1,0.29556557536125183
1,0.29337868094444275
1,0.2920966148376465
1,0.2929212749004364
1,0.29304519295692444
1,0.2955043613910675
1,0.29233840107917786
1,0.2948668897151947
1,0.3030027151107788
1,0.30053746700286865
1,0.3140242397785187
1,0.31384581327438354
1,0.3145500719547272
1,0.31043916940689087
1,0.2905825972557068
1,0.29355689883232117
1,0.293401837348938
1,0.2931009531021118
1,0.2900579571723938
1,0.28880786895751953
1,0.290995329618454
1,0.29260674118995667
1,0.2946101725101471
1,0.29449185729026794
1,0.297280490398407
1,0.2898271381855011
1,0.2977316379547119
1,0.3039046823978424
1,0.31630122661590576
1,0.32070544362068176
1,0.32154181599617004
1,0.30294540524482727
1,0.3030056655406952
1,0.2964455187320709
1,0.2942471504211426
1,0.2910928726196289
1,0.2917788624763489
1,0.2939414083957672
1,0.2949124276638031
1,0.29594355821609497
1,0.29161620140075684
1,0.29439064860343933
1,0.2924841642379761
1,0.29600274562835693
1,0.29776424169540405
1,0.2923782467842102
1,0.2930139899253845
1,0.30113694071769714
1,0.2987653613090515
1,0.29330503940582275
1,0.2921072244644165
1,0.2876906096935272
1,0.28476667404174805
1,0.28848910331726074
1,0.2838684320449829
1,0.28420019149780273
1,0.2828097939491272
1,0.2950058877468109
1,0.2877808213233948
1,0.2840985357761383
1,0.28451669216156006
1,0.2829083204269409
1,0.2828698754310608
1,0.28486546874046326
1,0.28640589118003845
1,0.2824747562408447
1,0.2936928868293762
1,0.2884555459022522
1,0.28827327489852905
1,0.2941640019416809
1,0.2830522358417511
1,0.2816751301288605
1,0.2845185399055481
1,0.2865971624851227
1,0.2851370573043823
1,0.2900993824005127
1,0.2848189175128937
1,0.2838767170906067
1,0.28629180788993835
1,0.28495970368385315
1,0.2872418761253357
1,0.2884975075721741
1,0.29038581252098083
1,0.28834468126296997
1,0.2889374792575836
1,0.2618792951107025
1,0.24849577248096466
1,0.23347029089927673
1,0.2269623577594757
1,0.2010539025068283
1,0.14035718142986298
1,0.07937844842672348
0,0.06306681036949158
0,0.10311901569366455
0,0.1636708527803421
0,0.23795074224472046
0,0.3088776767253876
0,0.27766844630241394
0,0.2020483911037445
0,0.14430591464042664
0,0.11308984458446503
0,0.14257647097110748
0,0.2199072390794754
0,0.29626959562301636
0,0.4275340437889099
0,0.40535515546798706
0,0.2866409122943878
0,0.19457630813121796
0,0.09968969225883484
0,0.04407648742198944
0,0.0679156482219696
0,0.11428353190422058
0,0.10514701902866364
0,0.13037317991256714
0,0.18743106722831726
0,0.21593157947063446
0,0.25764405727386475
0,0.29521244764328003
0,0.34565216302871704
0,0.3966284394264221
0,0.43198415637016296
0,0.390032023191452
0,0.3524128496646881
0,0.3640440106391907
0,0.36764025688171387
0,0.36413875222206116
0,0.39209169149398804
0,0.40432676672935486
0,0.3986887037754059
0,0.40123143792152405
0,0.3617652356624603
0,0.3657539486885071
0,0.3962813913822174
0,0.41071128845214844
0,0.368299275636673
0,0.37766116857528687
0,0.3809879720211029
0,0.37835487723350525
0,0.43296733498573303
0,0.44127705693244934
0,0.44794872403144836
0,0.4532841145992279
0,0.4559003412723541
0,0.45724308490753174
0,0.44922661781311035
0,0.4760565757751465
0,0.429067462682724
0,0.3905031085014343
0,0.35839739441871643
0,0.35096701979637146
0,0.3547663688659668
0,0.3408642113208771
0,0.36786413192749023
0,0.3645521104335785
0,0.3393005430698395
0,0.3344167470932007
0,0.3524515628814697
0,0.3467290699481964
0,0.327755868434906
0,0.33872801065444946
0,0.32745569944381714
0,0.3302389681339264
0,0.3294235169887543
0,0.33686333894729614
0,0.3288867771625519
0,0.33846738934516907
0,0.33797651529312134
0,0.3254266381263733
0,0.336880624294281
0,0.351677805185318
0,0.34438642859458923
0,0.3375299572944641
0,0.34473422169685364
0,0.3275369703769684
0,0.35059210658073425
0,0.37586405873298645
0,0.3646397292613983
0,0.3708646893501282
0,0.36873823404312134
0,0.36848145723342896
0,0.37354421615600586
0,0.3950616419315338
0,0.3927556276321411
0,0.37164729833602905
0,0.35778093338012695
0,0.3835790455341339
0,0.3889760673046112
0,0.41873782873153687
0,0.3788510262966156
0,0.37891581654548645
0,0.3937125504016876
0,0.4070797264575958
0,0.366710901260376
0,0.3513140380382538
0,0.39283472299575806
0,0.40285050868988037
0,0.41912880539894104
0,0.37190863490104675
0,0.35646945238113403
0,0.37986499071121216
0,0.383886456489563
0,0.3598264157772064
0,0.35889124870300293
0,0.3711310923099518
0,0.3651764690876007
0,0.3611721396446228
0,0.3715788424015045
0,0.36809399724006653
0,0.36624783277511597
0,0.3898310661315918
0,0.3719308376312256
0,0.3738163113594055
0,0.3975757658481598
0,0.39886152744293213
0,0.40436848998069763
0,0.4562768042087555
0,0.47671040892601013
0,0.4627997577190399
0,0.46579548716545105
0,0.4743393361568451
0,0.42589426040649414
0,0.37305113673210144
0,0.2879590094089508
0,0.2319779098033905
0,0.21383793652057648
0,0.22309815883636475
0,0.2363288253545761
0,0.23136940598487854
0,0.2671586275100708
0,0.33675137162208557
0,0.3803086280822754
1,0.3501822054386139
1,0.32437974214553833
1,0.30166172981262207
1,0.2787929177284241
1,0.26945239305496216
1,0.2614836096763611
1,0.2684590220451355
1,0.2665257751941681
1,0.2643563747406006
1,0.2623555362224579
1,0.26058176159858704
1,0.2600102126598358
1,0.2616307735443115
1,0.26374825835227966
1,0.2661609947681427
1,0.2687942087650299
1,0.2713806629180908
1,0.27390965819358826
1,0.2765713334083557
1,0.27590566873550415
1,0.27313461899757385
1,0.2703140377998352
1,0.2675069272518158
1,0.2650752663612366
1,0.2630404233932495
1,0.26128682494163513
1,0.2607731521129608
1,0.261895090341568
1,0.262827605009079
1,0.2650173008441925
1,0.2624678909778595
1,0.2626728415489197
1,0.2654629349708557
1,0.26813074946403503
1,0.26766499876976013
1,0.2661440074443817
1,0.2643744647502899
1,0.25942325592041016
1,0.2620825171470642
1,0.2600516676902771
1,0.2586735188961029
1,0.257802814245224
1,0.25918322801589966
1,0.26072463393211365
1,0.2629545331001282
1,0.26483994722366333
1,0.2710643410682678
1,0.2723141312599182
1,0.27361050248146057
1,0.2732675075531006
1,0.26988956332206726
1,0.2670350968837738
1,0.2644524574279785
1,0.2622185945510864
1,0.2605072259902954
1,0.26092785596847534
1,0.26434025168418884
1,0.26635944843292236
1,0.26886966824531555
1,0.2713485062122345
1,0.273834764957428
1,0.2763005495071411
1,0.2780412435531616
1,0.2719660699367523
1,0.2682608664035797
1,0.2655019462108612
1,0.26316189765930176
1,0.2612486779689789
1,0.25962352752685547
1,0.25875577330589294
1,0.26059380173683167
1,0.2630733251571655
1,0.265767365694046
1,0.2685737907886505
1,0.2713030278682709
1,0.27418261766433716
1,0.28102460503578186
1,0.3194330632686615
1,0.37504756450653076
1,0.442230224609375
1,0.5207777619361877
1,0.620938777923584
1,0.7422081232070923
1,0.8577492237091064
1,0.9183409214019775
1,0.9124930500984192
1,0.8978309631347656
1,0.8896887898445129
1,0.8919391632080078
1,0.9037307500839233
1,0.9088196754455566
1,0.8922562003135681
1,0.8915239572525024
1,0.8885795474052429
1,0.8975884318351746
1,0.8975335359573364
1,0.8994100689888
1,0.9098930954933167
1,0.9181538224220276
1,0.9260305166244507
1,0.9321569800376892
1,0.9295569658279419
1,0.9226337671279907
1,0.9204870462417603
1,0.9047389626502991
1,0.9030210375785828
1,0.914543867111206
1,0.911285400390625
1,0.9079501032829285
1,0.9008545279502869
1,0.9216081500053406
1,0.9144062995910645
1,0.9159110188484192
1,0.9112507700920105
1,0.8833144903182983
1,0.8833520412445068
1,0.8811230063438416
1,0.8844723701477051
1,0.8938223719596863
1,0.890457808971405
1,0.8920260071754456
1,0.9056596159934998
1,0.907314658164978
1,0.8935494422912598
1,0.8753755688667297
1,0.8792532682418823
1,0.8819942474365234
1,0.8600271940231323
1,0.8576688170433044
1,0.8601187467575073
1,0.8609817028045654
1,0.8684250712394714
1,0.880450963973999
1,0.8926033973693848
1,0.9084262251853943
1,0.9317407011985779
1,0.9172592759132385
1,0.9211834669113159
1,0.9378278851509094
1,0.9444262385368347
1,0.9344230890274048
1,0.9159096479415894
1,0.9001492261886597
1,0.900351345539093
1,0.901914656162262
1,0.8941835761070251
1,0.8757104873657227
1,0.8660054802894592
1,0.8633273839950562
1,0.8781453371047974
1,0.8802726864814758
1,0.8770261406898499
1,0.867820680141449
1,0.8814849257469177
1,0.8938518166542053
1,0.9076994061470032
1,0.9097166061401367
1,0.9144992828369141
1,0.9237254858016968
1,0.9358945488929749
1,0.9292623400688171
1,0.9267916083335876
1,0.9281290173530579
1,0.927409827709198
1,0.9013817310333252
1,0.8817406296730042
1,0.8502408266067505
1,0.8444111347198486
1,0.8478888869285583
1,0.8293673396110535
1,0.8332968950271606
1,0.8455632328987122
1,0.8588343262672424
1,0.8617388010025024
1,0.8607893586158752
1,0.8563541769981384
1,0.8763750195503235
1,0.8776397109031677
1,0.8764384388923645
1,0.8807592391967773
1,0.8989827036857605
1,0.8903008103370667
1,0.8894042372703552
1,0.8831984400749207
1,0.8994570970535278
1,0.9085384011268616
1,0.9115654230117798
1,0.901460587978363
1,0.9017359614372253
1,0.9108796715736389
1,0.9405678510665894
1,0.9266976714134216
1,0.913763165473938
1,0.8958141803741455
1,0.8889609575271606
1,0.9020834565162659
1,0.9078378677368164
1,0.9024225473403931
1,0.8609989881515503
1,0.8621817827224731
1,0.8649600148200989
1,0.8711152672767639
1,0.8676137924194336
1,0.85813307762146
1,0.8555122017860413
1,0.8779693841934204
1,0.901077389717102
1,0.9066643714904785
1,0.9119871854782104
1,0.9242880344390869
1,0.9473738670349121
1,0.9602105021476746
1,0.9685226082801819
1,0.9761623740196228
1,0.9680545926094055
1,0.9302113652229309
1,0.9277215600013733
1,0.9179269671440125
1,0.926283061504364
1,0.9050033688545227
1,0.89980548620224
1,0.8917009234428406
1,0.9150730967521667
1,0.9102312326431274
1,0.8416281938552856
1,0.7554322481155396
1,0.6071215271949768
1,0.48868754506111145
1,0.4128878712654114
1,0.3541320860385895
1,0.29802459478378296
1,0.2660501003265381
1,0.28152573108673096
1,0.28434988856315613
1,0.28997814655303955
1,0.29677751660346985
1,0.2873111367225647
1,0.2868800163269043
1,0.2913695275783539
1,0.2943562865257263
1,0.2949255108833313
1,0.29153022170066833
1,0.2926497161388397
1,0.29964739084243774
1,0.3001484274864197
1,0.30137839913368225
1,0.29545313119888306
1,0.2923630177974701
1,0.29704734683036804
1,0.30073079466819763
1,0.2984364628791809
1,0.29904553294181824
1,0.3015820384025574
1,0.3002358675003052
1,0.30048760771751404
1,0.29735633730888367
1,0.2987082600593567
1,0.29526010155677795
1,0.29391685128211975
1,0.29317787289619446
1,0.2900298237800598
1,0.27946022152900696
1,0.28099608421325684
1,0.27634358406066895
1,0.276617169380188
1,0.2802433967590332
1,0.2812466621398926
1,0.28217199444770813
1,0.28415805101394653
1,0.2900760769844055
1,0.29171276092529297
1,0.2918514609336853
1,0.29614779353141785
1,0.29561129212379456
1,0.29217326641082764
1,0.29414236545562744
1,0.29867297410964966
1,0.2993023097515106
1,0.29682955145835876
1,0.28906404972076416
1,0.2897156774997711
1,0.295012891292572
1,0.3025556802749634
1,0.30035969614982605
1,0.2897728979587555
1,0.2880716323852539
1,0.2937801480293274
1,0.3072842061519623
1,0.30363887548446655
1,0.2841169238090515
1,0.2787093222141266
1,0.28119000792503357
1,0.2835524082183838
1,0.28272852301597595
1,0.28075388073921204
1,0.27705031633377075
1,0.27758121490478516
1,0.28271931409835815
1,0.28174683451652527
1,0.2836171090602875
1,0.28707149624824524
1,0.286110520362854
1,0.2885652780532837
1,0.2884332835674286
1,0.28754761815071106
1,0.294319748878479
1,0.29087555408477783
1,0.2899973690509796
1,0.2859129011631012
1,0.28998664021492004
1,0.2922981381416321
1,0.2999453842639923
1,0.30166110396385193
1,0.2950325310230255
1,0.29608720541000366
1,0.2940272092819214
1,0.3036177456378937
1,0.29880693554878235
1,0.2972705364227295
1,0.29053711891174316
1,0.2832416296005249
1,0.2851637303829193
1,0.2848445177078247
1,0.2839046120643616
1,0.28541839122772217
1,0.2892453074455261
1,0.2915855646133423
1,0.28815120458602905
1,0.29210105538368225
1,0.2917197346687317
1,0.2914153039455414
1,0.2949675917625427
1,0.2934145927429199
1,0.29697462916374207
1,0.2982720732688904
1,0.29300829768180847
1,0.29251933097839355
1,0.2937804162502289
1,0.2910745143890381
1,0.2989061176776886
1,0.296019583940506
1,0.2969038784503937
1,0.30240654945373535
1,0.3088844120502472
1,0.30927950143814087
1,0.3057522773742676
1,0.302051305770874
1,0.30239158868789673
1,0.3028707802295685
1,0.3014030158519745
1,0.29900750517845154
1,0.2943365275859833
1,0.2927528917789459
1,0.2910347282886505
1,0.28864187002182007
1,0.28484413027763367
1,0.2851285934448242
1,0.28383946418762207
1,0.29347798228263855
1,0.29305964708328247
1,0.2892948389053345
1,0.2874884605407715
1,0.28803157806396484
1,0.2893162667751312
1,0.28727832436561584
1,0.286803662776947
1,0.29533469676971436
1,0.29076436161994934
1,0.2917514443397522
1,0.29979419708251953
1,0.30110037326812744
1,0.2959476411342621
1,0.29538801312446594
1,0.29656800627708435
1,0.31189003586769104
1,0.31470611691474915
1,0.3090831935405731
1,0.2990488111972809
1,0.29478222131729126
1,0.29742124676704407
1,0.3007586896419525
1,0.2945720851421356
1,0.29242315888404846
1,0.29027673602104187
1,0.2929258942604065
1,0.2910288870334625
1,0.2904163897037506
1,0.296609491109848
1,0.3073088824748993
1,0.31813880801200867
1,0.30541521310806274
1,0.2949915826320648
1,0.30610623955726624
1,0.28825777769088745
1,0.3294280171394348
1,0.31593057513237
1,0.3121931552886963
1,0.29566505551338196
1,0.3009225130081177
1,0.30230912566185
1,0.2778641879558563
1,0.2722310721874237
1,0.28447747230529785
1,0.3187621235847473
1,0.2938097417354584
1,0.28168144822120667
0,0.27209657430648804
0,0.2360389232635498
0,0.1620888113975525
0,0.1298695206642151
0,0.12758417427539825
0,0.18257315456867218
0,0.25037190318107605
0,0.31149452924728394
0,0.3710239827632904
0,0.37149500846862793
0,0.371819406747818
0,0.37208291888237
0,0.37216535210609436
0,0.3721274137496948
0,0.3721236288547516
0,0.37214088439941406
0,0.3721190392971039
0,0.37219324707984924
0,0.37222278118133545
0,0.37223729491233826
0,0.37229594588279724
0,0.3722311556339264
0,0.37214788794517517
0,0.37201988697052
0,0.37189170718193054
0,0.3717699348926544
0,0.37158504128456116
0,0.3714711368083954
0,0.37139540910720825
0,0.371161550283432
0,0.3709865212440491
0,0.35729292035102844
0,0.29332298040390015
0,0.2237394005060196
0,0.15853743255138397
0,0.10770698636770248
0,0.09434237331151962
0,0.12935583293437958
0,0.19417494535446167
0,0.3067747950553894
0,0.3394757807254791
0,0.4442524313926697
0,0.532549262046814
0,0.5293577909469604
0,0.4029567241668701
0,0.3064098656177521
0,0.26400259137153625
0,0.14180484414100647
0,0.14471980929374695
0,0.20775273442268372
0,0.30685684084892273
0,0.37101927399635315
0,0.3710799515247345
0,0.37079745531082153
0,0.3706955313682556
0,0.37054237723350525
0,0.3702317178249359
0,0.3199153244495392
0,0.23204481601715088
0,0.17055387794971466
0,0.13842298090457916
0,0.16105547547340393
0,0.26514750719070435
0,0.3541538119316101
0,0.5002211332321167
0,0.38395169377326965
0,0.22268429398536682
0,0.22143885493278503
0,0.23960334062576294
0,0.24807778000831604
0,0.2317221760749817
0,0.2065921425819397
0,0.1866053342819214
0,0.2471582591533661
0,0.33133551478385925
0,0.3293127715587616
0,0.2922159731388092
0,0.220303475856781
0,0.2125512957572937
0,0.2107984572649002
0,0.15812677145004272
0,0.10478831827640533
0,0.0929613783955574
0,0.12075912207365036
0,0.1743091642856598
0,0.22789424657821655
0,0.29709523916244507
0,0.36277201771736145
0,0.3711806535720825
0,0.37121936678886414
0,0.371097207069397
0,0.37112918496131897
0,0.3711562752723694
0,0.31708720326423645
0,0.24792437255382538
0,0.18188951909542084
0,0.1350933313369751
0,0.10770444571971893
0,0.11256004124879837
0,0.13265866041183472
0,0.17927460372447968
0,0.18627840280532837
0,0.1939474642276764
0,0.19790367782115936
0,0.25707387924194336
0,0.26507678627967834
0,0.36706453561782837
0,0.4308820962905884
0,0.4953806400299072
0,0.36248138546943665
0,0.2789240777492523
0,0.20590248703956604
0,0.12175093591213226
0,0.14773570001125336
0,0.22601206600666046
0,0.2997444272041321
0,0.3702462911605835
0,0.3706882894039154
0,0.3706822395324707
0,0.3705759048461914
0,0.37064364552497864
0,0.37066611647605896
0,0.3662899136543274
0,0.2904910147190094
0,0.20712271332740784
0,0.16222529113292694
0,0.18460367619991302
0,0.2592911422252655
0,0.33551135659217834
0,0.4650731682777405
0,0.5361149311065674
0,0.4018983244895935
0,0.2273256778717041
0,0.12504318356513977
0,0.06276299059391022
0,0.06777928024530411
0,0.11585292220115662
0,0.17866642773151398
0,0.21721109747886658
0,0.2500273287296295
0,0.23592223227024078
0,0.23601867258548737
0,0.23619301617145538
0,0.2489882856607437
0,0.2492685168981552
0,0.26228225231170654
0,0.2692130506038666
0,0.25296956300735474
0,0.26842212677001953
0,0.2694554924964905
0,0.2822580635547638
0,0.28177833557128906
0,0.28609639406204224
0,0.29500263929367065
0,0.3219320774078369
0,0.3313747048377991
0,0.3260113596916199
0,0.3282589614391327
0,0.29379647970199585
0,0.21614286303520203
0,0.15821996331214905
0,0.11393162608146667
0,0.1144564151763916
0,0.14391908049583435
0,0.214285209774971
0,0.31020116806030273
0,0.3342044949531555
0,0.33739084005355835
0,0.3315431773662567
0,0.34882479906082153
0,0.3404273986816406
0,0.3467111885547638
0,0.3524743914604187
0,0.3284967541694641
0,0.32664042711257935
0,0.33661845326423645
0,0.3408316373825073
0,0.35811254382133484
0,0.3883952498435974
0,0.380306601524353
0,0.3809923827648163
0,0.4005267322063446
0,0.3861812353134155
0,0.4043062627315521
0,0.4167150557041168
0,0.3870507478713989
0,0.3814133107662201
0,0.3501514196395874
0,0.35028836131095886
0,0.3422657549381256
0,0.34881508350372314
0,0.36379459500312805
0,0.3687363266944885
0,0.3560929298400879
0,0.3697145879268646
0,0.37066665291786194
0,0.39320889115333557
0,0.387553870677948
0,0.3764767646789551
0,0.36791327595710754
0,0.3709147870540619
0,0.35655513405799866
0,0.3528268039226532
0,0.34232649207115173
0,0.3228139281272888
0,0.32135242223739624
0,0.3265944719314575
0,0.3225269913673401
0,0.3268309235572815
0,0.3366152048110962
0,0.32782411575317383
0,0.3257555067539215
0,0.3266972601413727
0,0.35399845242500305
0,0.3646540641784668
0,0.364657461643219
0,0.35844886302948
0,0.3483141362667084
0,0.3544018864631653
0,0.3672076463699341
0,0.3670649528503418
0,0.3564792275428772
0,0.3551446795463562
0,0.36055365204811096
0,0.3965740203857422
0,0.3668611943721771
0,0.3790985643863678
0,0.3782627582550049
0,0.4056854248046875
0,0.38120532035827637
0,0.3572721779346466
0,0.36505261063575745
0,0.35313254594802856
0,0.37804439663887024
0,0.35519906878471375
0,0.36314985156059265
0,0.3507017493247986
0,0.33814001083374023
0,0.3626081049442291
0,0.3531179130077362
0,0.3616558611392975
0,0.34861651062965393
0,0.38857728242874146
0,0.40590837597846985
0,0.3986193537712097
0,0.401868999004364
0,0.37889939546585083
0,0.37947702407836914
0,0.3827057182788849
0,0.42411214113235474
0,0.3774181604385376
0,0.3603159785270691
0,0.3568868935108185
0,0.3735620677471161
0,0.39789265394210815
0,0.39466744661331177
0,0.41193658113479614
0,0.3672599494457245
0,0.38492849469184875
0,0.38809606432914734
0,0.40823012590408325
0,0.4173089861869812
0,0.40080729126930237
0,0.4035574793815613
0,0.4160691201686859
0,0.4330134987831116
0,0.43224331736564636
0,0.4323255717754364
0,0.3969001770019531
0,0.38111257553100586
0,0.4121990203857422
0,0.3933112621307373
0,0.3946687579154968
0,0.35702288150787354
0,0.27892163395881653
0,0.20965620875358582
0,0.16586153209209442
0,0.19707375764846802
0,0.19403401017189026
0,0.17710937559604645
0,0.17404907941818237
0,0.21455058455467224
0,0.27820339798927307
0,0.3461031913757324
0,0.4075227379798889
0,0.41463616490364075
0,0.4259701669216156
0,0.43757790327072144
0,0.445916086435318
0,0.4508651793003082
0,0.4459282159805298
0,0.4400327503681183
0,0.4104527235031128
1,0.37279579043388367
1,0.3203689157962799
1,0.29905736446380615
1,0.27433326840400696
1,0.2551514506340027
1,0.2395898699760437
1,0.24860982596874237
1,0.2378891110420227
1,0.2432052344083786
1,0.2419576346874237
1,0.23982994258403778
1,0.2516770362854004
1,0.2717490494251251
1,0.274384468793869
1,0.26392698287963867
1,0.274903804063797
1,0.2680440843105316
1,0.270649790763855
1,0.25819993019104004
1,0.25970378518104553
1,0.25526222586631775
1,0.27890893816947937
1,0.26128169894218445
1,0.2471950352191925
1,0.22547373175621033
1,0.22510437667369843
1,0.23292356729507446
1,0.24094031751155853
1,0.2444181740283966
1,0.25596100091934204
1,0.25875675678253174
1,0.25893810391426086
1,0.2621466815471649
1,0.26448944211006165
1,0.2671893835067749
1,0.2698308229446411
1,0.2723313570022583
1,0.2749558985233307
1,0.2773289382457733
1,0.2735251784324646
1,0.27030307054519653
1,0.2674410343170166
1,0.26476356387138367
1,0.2626021206378937
1,0.2607828378677368
1,0.2606108784675598
1,0.2621528208255768
1,0.26358816027641296
1,0.2657274603843689
1,0.2676631510257721
1,0.2697528302669525
1,0.2718772888183594
1,0.2737734019756317
1,0.271725058555603
1,0.26846763491630554
1,0.26578229665756226
1,0.2634947597980499
1,0.2616923451423645
1,0.26133275032043457
1,0.26412415504455566
1,0.26633068919181824
1,0.26863154768943787
1,0.2716517150402069
1,0.2744528651237488
1,0.27726078033447266
1,0.27967995405197144
1,0.27646514773368835
1,0.2727428376674652
1,0.26916781067848206
1,0.2662195861339569
1,0.263601690530777
1,0.2614361345767975
1,0.2607068121433258
1,0.2625742554664612
1,0.2645404040813446
1,0.2671979069709778
1,0.2700067460536957
1,0.2727024257183075
1,0.2755371332168579
1,0.2783561646938324
1,0.27771613001823425
1,0.2746683657169342
1,0.2714517116546631
1,0.26831892132759094
1,0.2658417522907257
1,0.26383185386657715
1,0.26189982891082764
1,0.260390967130661
1,0.2590959072113037
1,0.2603318989276886
1,0.2630670666694641
1,0.26198968291282654
1,0.2649208605289459
1,0.2675807476043701
1,0.2703765034675598
1,0.2728880047798157
1,0.27524232864379883
1,0.2712657153606415
1,0.29352641105651855
1,0.3305148184299469
1,0.3831484317779541
1,0.4864375591278076
1,0.6145167946815491
1,0.7134510278701782
1,0.8128268122673035
1,0.8758012652397156
1,0.8740513920783997
1,0.8978436589241028
1,0.8858954906463623
1,0.8760026097297668
1,0.8781977295875549
1,0.8996714353561401
1,0.9126227498054504
1,0.918114185333252
1,0.930355429649353
1,0.9301217198371887
1,0.9428982734680176
1,0.9267446994781494
1,0.9302220344543457
1,0.9294106960296631
1,0.9120445251464844
1,0.8975313305854797
1,0.8650267124176025
1,0.8739933371543884
1,0.8789071440696716
1,0.8822695016860962
1,0.8740900158882141
1,0.8780174255371094
1,0.8764364123344421
1,0.894926130771637
1,0.8703340291976929
1,0.8701717257499695
1,0.8753041625022888
1,0.8742973208427429
1,0.874472439289093
1,0.8639310002326965
1,0.8683134317398071
1,0.8946287631988525
1,0.905678927898407
1,0.8986434936523438
1,0.895417332649231
1,0.9004124402999878
1,0.9003678560256958
1,0.9051938652992249
1,0.9101485013961792
1,0.9102247357368469
1,0.8894906044006348
1,0.9050329327583313
1,0.9088878035545349
1,0.9316672682762146
1,0.9211370348930359
1,0.9151158332824707
1,0.9219695925712585
1,0.9464299082756042
1,0.9595377445220947
1,0.9353129267692566
1,0.9000635743141174
1,0.8809872269630432
1,0.8957342505455017
1,0.8807019591331482
1,0.846649169921875
1,0.8451440930366516
1,0.8302626013755798
1,0.8668248653411865
1,0.84427809715271
1,0.8386270999908447
1,0.8333319425582886
1,0.8572794198989868
1,0.8461833000183105
1,0.8502481579780579
1,0.848794162273407
1,0.865993857383728
1,0.8929414749145508
1,0.8676207065582275
1,0.8719268441200256
1,0.8888949751853943
1,0.9018028378486633
1,0.9065698981285095
1,0.8965469002723694
1,0.8885356783866882
1,0.9012824296951294
1,0.9364361763000488
1,0.9269117712974548
1,0.8810973167419434
1,0.8770288228988647
1,0.8691058158874512
1,0.8938929438591003
1,0.8845193982124329
1,0.8453235030174255
1,0.830138087272644
1,0.8511566519737244
1,0.8514844179153442
1,0.8346545696258545
1,0.7986729741096497
1,0.6627476811408997
1,0.6311973333358765
1,0.49582332372665405
1,0.3820710778236389
1,0.30887144804000854
1,0.27394479513168335
1,0.2507588565349579
1,0.24639710783958435
1,0.25392666459083557
1,0.23873057961463928
1,0.229659765958786
1,0.2326151430606842
1,0.241160586476326
1,0.24116230010986328
1,0.23398686945438385
1,0.24401596188545227
1,0.2695189118385315
1,0.26755809783935547
1,0.28451797366142273
1,0.26971039175987244
1,0.2688588798046112
1,0.2692638039588928
1,0.27141284942626953
1,0.26021677255630493
1,0.25686439871788025
1,0.2460353970527649
1,0.24822695553302765
1,0.2546060383319855
1,0.24791671335697174
1,0.24560797214508057
1,0.24496477842330933
1,0.2445097118616104
1,0.25110068917274475
1,0.24062372744083405
1,0.23106589913368225
1,0.2471276819705963
1,0.24163654446601868
1,0.23745396733283997
1,0.24949119985103607
1,0.25870174169540405
1,0.25502657890319824
1,0.28397127985954285
1,0.29836007952690125
1,0.3034396469593048
1,0.3110523521900177
1,0.3040844798088074
1,0.2996618449687958
1,0.2941548526287079
1,0.2946521043777466
1,0.2955530285835266
1,0.29230648279190063
1,0.29026466608047485
1,0.2840469479560852
1,0.28417691588401794
1,0.28462085127830505
1,0.2849418520927429
1,0.28617778420448303
1,0.2882934510707855
1,0.29012423753738403
1,0.290382981300354
1,0.2859353721141815
1,0.2869061827659607
1,0.2831209599971771
1,0.2814122438430786
1,0.2841252088546753
1,0.2859438955783844
1,0.28606513142585754
1,0.2891789376735687
1,0.2888320982456207
1,0.29273882508277893
1,0.30189189314842224
1,0.3021071255207062
1,0.2958475351333618
1,0.29395776987075806
1,0.2918398976325989
1,0.2949458956718445
1,0.2905328869819641
1,0.29331764578819275
1,0.29214558005332947
1,0.3023768961429596
1,0.29183533787727356
1,0.2900807857513428
1,0.28594881296157837
1,0.2828353941440582
1,0.28476768732070923
1,0.27808794379234314
1,0.2737083435058594
1,0.2771727740764618
1,0.2785820960998535
1,0.2731425166130066
1,0.27596718072891235
1,0.2751636505126953
1,0.2732638120651245
1,0.2819589376449585
1,0.28371721506118774
1,0.28231409192085266
1,0.28456181287765503
1,0.28738027811050415
1,0.29430922865867615
1,0.2960077226161957
1,0.28848814964294434
1,0.28448623418807983
1,0.2811101973056793
1,0.2814510762691498
1,0.2832922041416168
1,0.28989845514297485
1,0.2848609983921051
1,0.2864904999732971
1,0.2852555811405182
1,0.2847294509410858
1,0.28393062949180603
1,0.2824142575263977
1,0.2790878117084503
1,0.2796049416065216
1,0.2829004228115082
1,0.2820282280445099
1,0.282757431268692
1,0.2826753854751587
1,0.28115779161453247
1,0.28260597586631775
1,0.28373900055885315
1,0.28515055775642395
1,0.2796884775161743
1,0.27430444955825806
1,0.2702505588531494
1,0.27217212319374084
1,0.2789435088634491
1,0.2748553454875946
1,0.27008941769599915
1,0.27618467807769775
1,0.2913894057273865
1,0.2904055118560791
1,0.28709468245506287
1,0.28893154859542847
1,0.2961190938949585
1,0.2953965365886688
1,0.2976200580596924
1,0.28696781396865845
1,0.2866259515285492
1,0.2934916913509369
1,0.3012488782405853
1,0.29417774081230164
1,0.28341513872146606
1,0.2887972593307495
1,0.2929157316684723
1,0.2884898781776428
1,0.29678741097450256
1,0.29956668615341187
1,0.3113457262516022
1,0.3084062933921814
1,0.2998345196247101
1,0.2875392436981201
1,0.2866758406162262
1,0.28319287300109863
1,0.27823910117149353
1,0.2846235930919647
1,0.28213244676589966
1,0.28130900859832764
1,0.28422677516937256
1,0.29959800839424133
1,0.30704745650291443
1,0.2988641560077667
1,0.2976984977722168
1,0.2883188724517822
1,0.29120001196861267
1,0.2871386408805847
1,0.2886306047439575
1,0.29228946566581726
1,0.2955855429172516
1,0.29336950182914734
1,0.29462721943855286
1,0.2941714823246002
1,0.2919502556324005
1,0.2962837815284729
1,0.30482640862464905
1,0.29939359426498413
1,0.29762959480285645
1,0.29560261964797974
1,0.2930770516395569
1,0.29464027285575867
1,0.29344287514686584
1,0.28563785552978516
1,0.28501713275909424
1,0.2895398736000061
1,0.2925960123538971
1,0.2866494357585907
1,0.28549185395240784
1,0.28590914607048035
1,0.28363823890686035
1,0.29092732071876526
1,0.29088693857192993
1,0.2862340807914734
1,0.28821641206741333
1,0.2995264232158661
1,0.30256471037864685
1,0.3030397593975067
1,0.30360281467437744
1,0.2985166907310486
1,0.30561313033103943
1,0.3102591931819916
1,0.31196537613868713
1,0.30990344285964966
1,0.31185925006866455
1,0.3095734417438507
1,0.3111039996147156
1,0.30533185601234436
1,0.31396692991256714
1,0.2872343957424164
1,0.2813832461833954
1,0.27371490001678467
1,0.25707003474235535
1,0.22300231456756592
1,0.13773147761821747
0,0.08597580343484879
0,0.11113446950912476
0,0.13421514630317688
0,0.19026483595371246
0,0.20629042387008667
0,0.190250962972641
0,0.17079637944698334
0,0.11659463495016098
0,0.07725229114294052
0,0.13519467413425446
0,0.17946037650108337
0,0.2772482931613922
0,0.3093830347061157
0,0.3098183274269104
0,0.2589401602745056
0,0.2178521752357483
0,0.1441669911146164
0,0.11635679751634598
0,0.07492760568857193
0,0.08903544396162033
0,0.15387769043445587
0,0.22945746779441833
0,0.26006484031677246
0,0.19692324101924896
0,0.12230360507965088
0,0.11474081873893738
0,0.19338762760162354
0,0.32255154848098755
0,0.2876080572605133
0,0.29019683599472046
0,0.24831683933734894
0,0.16997739672660828
0,0.15289773046970367
0,0.21007370948791504
0,0.303183913230896
0,0.3708747625350952
0,0.37088969349861145
0,0.37095704674720764
0,0.37092384696006775
0,0.3710377812385559
0,0.3709336817264557
0,0.37083297967910767
0,0.3401143550872803
0,0.2618754506111145
0,0.19088099896907806
0,0.12514060735702515
0,0.11401745676994324
0,0.1487547904253006
0,0.25397682189941406
0,0.38420239090919495
0,0.4250680208206177
0,0.4026266038417816
0,0.4298236668109894
0,0.36275672912597656
0,0.38218992948532104
0,0.41134899854660034
0,0.4493311643600464
0,0.45198795199394226
0,0.4396180212497711
0,0.4565156400203705
0,0.4512680768966675
0,0.43786099553108215
0,0.45802605152130127
0,0.4409742057323456
0,0.4247215688228607
0,0.4377702474594116
0,0.41150209307670593
0,0.40314358472824097
0,0.3783359229564667
0,0.38516414165496826
0,0.37673309445381165
0,0.36597007513046265
0,0.35451963543891907
0,0.3567231297492981
0,0.3644900918006897
0,0.3562897741794586
0,0.3685739040374756
0,0.35064974427223206
0,0.3589600920677185
0,0.38717472553253174
0,0.3906652331352234
0,0.3863987624645233
0,0.3830331563949585
0,0.3824039399623871
0,0.3937271237373352
0,0.4436314105987549
0,0.41654711961746216
0,0.36903810501098633
0,0.3815079629421234
0,0.38352885842323303
0,0.38335031270980835
0,0.37569740414619446
0,0.379839688539505
0,0.387754887342453
0,0.4003569483757019
0,0.4286174476146698
0,0.4223395884037018
0,0.3957955837249756
0,0.3999682366847992
0,0.4393722712993622
0,0.4288250207901001
0,0.35905998945236206
0,0.36071306467056274
0,0.3534141182899475
0,0.3523420989513397
0,0.3669101893901825
0,0.3926386833190918
0,0.3850778341293335
0,0.38923266530036926
0,0.3934595584869385
0,0.38951376080513
0,0.3855510652065277
0,0.390280544757843
0,0.3667498230934143
0,0.3416444659233093
0,0.34848645329475403
0,0.35427311062812805
0,0.3556232452392578
0,0.3580641448497772
0,0.3618476092815399
0,0.37200361490249634
0,0.39172035455703735
0,0.37143221497535706
0,0.36725595593452454
0,0.37389370799064636
0,0.40458840131759644
0,0.4066527783870697
0,0.38006800413131714
0,0.37766730785369873
0,0.3986533582210541
0,0.40278011560440063
0,0.39104756712913513
0,0.38603124022483826
0,0.38219666481018066
0,0.35494211316108704
0,0.3745029866695404
0,0.3590026795864105
0,0.34725403785705566
0,0.351248174905777
0,0.33541014790534973
0,0.3352888226509094
0,0.32419586181640625
0,0.3405669927597046
0,0.34700024127960205
0,0.3402552604675293
0,0.3250710964202881
0,0.34250298142433167
0,0.3361778259277344
0,0.3134375810623169
0,0.3446919620037079
0,0.330784410238266
0,0.31570741534233093
0,0.33468806743621826
0,0.34949642419815063
0,0.3551441431045532
0,0.35093924403190613
0,0.37477242946624756
0,0.3738330006599426
0,0.41554832458496094
0,0.38438111543655396
0,0.3648999035358429
0,0.34393155574798584
0,0.33939889073371887
0,0.3612743318080902
0,0.3569332957267761
0,0.3574139177799225
0,0.38453102111816406
0,0.42743179202079773
0,0.42971426248550415
0,0.4537806808948517
0,0.4753980338573456
0,0.48696932196617126
1,0.426716685295105
1,0.38172224164009094
1,0.3457958996295929
1,0.31686538457870483
1,0.30082571506500244
1,0.2919420003890991
1,0.2669447660446167
1,0.25870347023010254
1,0.26102539896965027
1,0.26323652267456055
1,0.2660375237464905
1,0.26880407333374023
1,0.2714962661266327
1,0.27417340874671936
1,0.27657899260520935
1,0.2740434408187866
1,0.27055999636650085
1,0.26757359504699707
1,0.26453348994255066
1,0.26230624318122864
1,0.2603340148925781
1,0.2612697184085846
1,0.2640821635723114
1,0.2666395306587219
1,0.2696532905101776
1,0.2728881239891052
1,0.27612820267677307
1,0.2793923318386078
1,0.2826295495033264
1,0.27756747603416443
1,0.27471834421157837
1,0.2716863751411438
1,0.2686571180820465
1,0.26599058508872986
1,0.2636920213699341
1,0.2617122530937195
1,0.2600807249546051
1,0.26104941964149475
1,0.26296156644821167
1,0.2656187117099762
1,0.26837119460105896
1,0.27120518684387207
1,0.2739883363246918
1,0.2766481637954712
1,0.2785777449607849
1,0.2748487591743469
1,0.27134424448013306
1,0.26786231994628906
1,0.26488739252090454
1,0.2623860538005829
1,0.2613317370414734
1,0.26441553235054016
1,0.26635098457336426
1,0.2687860131263733
1,0.271758496761322
1,0.2747310400009155
1,0.2776283323764801
1,0.2805714011192322
1,0.2784143090248108
1,0.27385973930358887
1,0.2706186771392822
1,0.2676357626914978
1,0.2648586630821228
1,0.26264688372612
1,0.2609056532382965
1,0.26177850365638733
1,0.26383230090141296
1,0.26587986946105957
1,0.268794447183609
1,0.27180251479148865
1,0.2747255861759186
1,0.2776492238044739
1,0.2807783782482147
1,0.2660084664821625
1,0.24371641874313354
1,0.22746641933918
1,0.21885326504707336
1,0.21311092376708984
1,0.21781358122825623
1,0.23099277913570404
1,0.23981425166130066
1,0.23965677618980408
1,0.24145111441612244
1,0.2388913333415985
1,0.2431846708059311
1,0.2613488435745239
1,0.262163370847702
1,0.25266900658607483
1,0.25267747044563293
1,0.25902891159057617
1,0.2548636496067047
1,0.2497399002313614
1,0.23033569753170013
1,0.22870510816574097
1,0.21711057424545288
1,0.22603030502796173
1,0.2331538051366806
1,0.21941830217838287
1,0.22162581980228424
1,0.23318742215633392
1,0.2465628683567047
1,0.23886552453041077
1,0.2613294720649719
1,0.24721431732177734
1,0.2506842017173767
1,0.2628892660140991
1,0.2633185386657715
1,0.27361902594566345
1,0.2750377655029297
1,0.27557310461997986
1,0.26236793398857117
1,0.2674560248851776
1,0.28439992666244507
1,0.26417186856269836
1,0.277112752199173
1,0.25992634892463684
1,0.2531988322734833
1,0.2625952959060669
1,0.2743116021156311
1,0.26262375712394714
1,0.24884934723377228
1,0.23034553229808807
1,0.22615616023540497
1,0.22418110072612762
1,0.22317402064800262
1,0.22164593636989594
1,0.2285441905260086
1,0.24663884937763214
1,0.24437113106250763
1,0.2542378902435303
1,0.2433602511882782
1,0.24705973267555237
1,0.25136393308639526
1,0.2453257143497467
1,0.24365805089473724
1,0.2281629592180252
1,0.258270263671875
1,0.24672408401966095
1,0.2437046766281128
1,0.22257152199745178
1,0.22081822156906128
1,0.23065659403800964
1,0.25094908475875854
1,0.25318723917007446
1,0.2547432482242584
1,0.2777802348136902
1,0.286715030670166
1,0.27564460039138794
1,0.27804863452911377
1,0.2695543169975281
1,0.2695285379886627
1,0.2713724374771118
1,0.2515628933906555
1,0.2574494779109955
1,0.2841407358646393
1,0.28411436080932617
1,0.26693058013916016
1,0.25738516449928284
1,0.2458459436893463
1,0.2465916872024536
1,0.2601472735404968
1,0.2572424113750458
1,0.2554474472999573
1,0.24670608341693878
1,0.24384060502052307
1,0.25831201672554016
1,0.27329888939857483
1,0.27691835165023804
1,0.2731999158859253
1,0.2683674991130829
1,0.2651224434375763
1,0.2916058301925659
1,0.29178640246391296
1,0.29911765456199646
1,0.2943354845046997
1,0.29635849595069885
1,0.2943113446235657
1,0.2865838408470154
1,0.27935442328453064
1,0.2679878771305084
1,0.26924797892570496
1,0.2776589095592499
1,0.27670761942863464
1,0.26744192838668823
1,0.2562176585197449
1,0.2440567910671234
1,0.2740577757358551
1,0.2597780227661133
1,0.2526171803474426
1,0.23431068658828735
1,0.23450574278831482
1,0.23668886721134186
1,0.25347626209259033
1,0.25374019145965576
1,0.23518633842468262
1,0.23819461464881897
1,0.23730391263961792
1,0.24979321658611298
1,0.2465776652097702
1,0.24543030560016632
1,0.2453736662864685
1,0.25190261006355286
1,0.24870416522026062
1,0.2331562638282776
1,0.24689355492591858
1,0.24591679871082306
1,0.24765561521053314
1,0.24108700454235077
1,0.24698908627033234
1,0.2429727166891098
1,0.24055013060569763
1,0.2384462207555771
1,0.23823441565036774
1,0.2429145872592926
1,0.25420689582824707
1,0.24353553354740143
1,0.24516378343105316
1,0.2513777017593384
1,0.23374857008457184
1,0.24930442869663239
1,0.2524902820587158
1,0.27647075057029724
1,0.25677552819252014
1,0.26427698135375977
1,0.26614636182785034
1,0.2704794704914093
1,0.28896111249923706
1,0.2833646833896637
1,0.28435641527175903
1,0.2905735671520233
1,0.2877918481826782
1,0.2871149480342865
1,0.279813289642334
1,0.2817685604095459
1,0.28097599744796753
1,0.28617823123931885
1,0.2832906246185303
1,0.2854030728340149
1,0.2862362861633301
1,0.290406733751297
1,0.29597702622413635
1,0.29794231057167053
1,0.29425889253616333
1,0.2957141697406769
1,0.30025461316108704
1,0.30040302872657776
1,0.30733948945999146
1,0.3087013363838196
1,0.3094155490398407
1,0.30091238021850586
1,0.2996236979961395
1,0.30041176080703735
1,0.3075411915779114
1,0.29989469051361084
1,0.2919121980667114
1,0.29203981161117554
1,0.2906495928764343
1,0.2933686375617981
1,0.29338017106056213
1,0.28996792435646057
1,0.29230085015296936
1,0.2914919853210449
1,0.29556000232696533
1,0.3003804683685303
1,0.2981952726840973
1,0.30005931854248047
1,0.29659581184387207
1,0.3005527853965759
1,0.29594531655311584
1,0.2972073256969452
1,0.2999075651168823
1,0.29598766565322876
1,0.2974690794944763
1,0.2892112135887146
1,0.2862643301486969
1,0.28494715690612793
1,0.28730955719947815
1,0.28697964549064636
1,0.29249587655067444
1,0.3038143217563629
1,0.2921278178691864
1,0.29094457626342773
1,0.2921527326107025
1,0.300689160823822
1,0.3011752665042877
1,0.30050432682037354
1,0.2952725291252136
1,0.2944203019142151
1,0.3019106388092041
1,0.30497899651527405
1,0.3020782768726349
1,0.3001379668712616
1,0.2936960458755493
1,0.2915681302547455
1,0.29058101773262024
1,0.2904793620109558
1,0.292156457901001
1,0.2933308184146881
1,0.29460975527763367
1,0.29619133472442627
1,0.2993698716163635
1,0.2992767095565796
1,0.29342857003211975
1,0.29401320219039917
1,0.29908546805381775
1,0.29634836316108704
1,0.29600265622138977
1,0.3051724135875702
1,0.30275067687034607
1,0.31116726994514465
1,0.2980877757072449
1,0.2973178029060364
1,0.29336071014404297
1,0.2945200800895691
1,0.2988652288913727
1,0.294254869222641
1,0.29525768756866455
1,0.3030414879322052
1,0.30144867300987244
1,0.30044320225715637
1,0.3038274347782135
1,0.3073352575302124
1,0.3120276629924774
1,0.3072637617588043
1,0.30139410495758057
1,0.30165430903434753
1,0.2953592538833618
1,0.29324203729629517
1,0.2928030788898468
1,0.28939440846443176
1,0.28974688053131104
1,0.29382213950157166
1,0.287571519613266
1,0.2935384213924408
1,0.28851181268692017
1,0.2902976870536804
1,0.2937394678592682
1,0.29969117045402527
1,0.30115434527397156
1,0.2962581515312195
1,0.29534974694252014
1,0.2960960865020752
1,0.2965218126773834
1,0.297311007976532
1,0.2883397340774536
1,0.28917235136032104
1,0.29882127046585083
1,0.2902192771434784
1,0.2902127802371979
1,0.2973467707633972
1,0.29492270946502686
1,0.2996175289154053
1,0.30045416951179504
1,0.30028843879699707
1,0.30372121930122375
1,0.30816206336021423
1,0.31197482347488403
1,0.3001951277256012
1,0.29947739839553833
1,0.2967221438884735
1,0.2913743257522583
1,0.2997943162918091
1,0.29787522554397583
1,0.2865646481513977
1,0.28611767292022705
1,0.2871288061141968
1,0.29510849714279175
1,0.29743054509162903
1,0.2959272563457489
1,0.29606226086616516
1,0.2962920367717743
1,0.2960251569747925
1,0.2901833951473236
1,0.2910265624523163
1,0.2892772853374481
1,0.29551851749420166
1,0.2988296449184418
1,0.2926282584667206
1,0.2950643301010132
1,0.3106646239757538
1,0.30946528911590576
1,0.3079536557197571
1,0.2984635829925537
1,0.2980138957500458
1,0.29752907156944275
1,0.3086633086204529
1,0.30710914731025696
1,0.29862892627716064
1,0.3024229109287262
1,0.30552610754966736
1,0.3048520088195801
1,0.2899989187717438
1,0.2975383698940277
1,0.29602232575416565
1,0.27736401557922363
1,0.22365416586399078
1,0.16543787717819214
0,0.12754769623279572
0,0.14903858304023743
0,0.1562330275774002
0,0.20190469920635223
0,0.2705656886100769
0,0.3481213450431824
0,0.3713669776916504
0,0.371656209230423
0,0.371984601020813
0,0.3722294867038727
0,0.37219810485839844
0,0.37221792340278625
0,0.3722253739833832
0,0.37221792340278625
0,0.3722327649593353
0,0.3722427189350128
0,0.37223881483078003
0,0.3722221851348877
0,0.37220093607902527
0,0.3721266984939575
0,0.37198829650878906
0,0.3718849718570709
0,0.3717237412929535
0,0.3715800344944
0,0.37145644426345825
0,0.3714475631713867
0,0.32620128989219666
0,0.25269314646720886
0,0.18582375347614288
0,0.13012364506721497
0,0.09932999312877655
0,0.11205383390188217
0,0.16623075306415558
0,0.21521960198879242
0,0.22203870117664337
0,0.16585451364517212
0,0.11006295680999756
0,0.08642160892486572
0,0.07039318233728409
0,0.08594335615634918
0,0.12867946922779083
0,0.1075274720788002
0,0.14263920485973358
0,0.07672802358865738
0,0.041617780923843384
0,0.04662688076496124
0,0.10339370369911194
0,0.15636225044727325
0,0.22763311862945557
0,0.2692318558692932
0,0.3085213303565979
0,0.32975488901138306
0,0.3463107645511627
0,0.33202555775642395
0,0.3180896043777466
0,0.32876887917518616
0,0.3240809738636017
0,0.3126644492149353
0,0.3309903144836426
0,0.3313041925430298
0,0.33534103631973267
0,0.3271443247795105
0,0.3515855073928833
0,0.3539905548095703
0,0.39351677894592285
0,0.4319882392883301
0,0.44443362951278687
0,0.4155230224132538
0,0.4389979839324951
0,0.43187907338142395
0,0.42921870946884155
0,0.4229569137096405
0,0.42721685767173767
0,0.39380818605422974
0,0.37813568115234375
0,0.39332547783851624
0,0.3676101565361023
0,0.3585553765296936
0,0.3329569399356842
0,0.3202248811721802
0,0.3049336373806
0,0.3076089024543762
0,0.29722023010253906
0,0.3113445043563843
0,0.30981096625328064
0,0.3216027617454529
0,0.34234657883644104
0,0.3491166830062866
0,0.34193694591522217
0,0.3650151193141937
0,0.3723032474517822
0,0.36721399426460266
0,0.4176645278930664
0,0.3990572988986969
0,0.3549010157585144
0,0.38424205780029297
0,0.4389294683933258
0,0.4007628858089447
0,0.40510520339012146
0,0.3716079592704773
0,0.3658845126628876
0,0.39189502596855164
0,0.4131532907485962
0,0.37053635716438293
0,0.3600068986415863
0,0.3843252658843994
0,0.38511067628860474
0,0.3784359395503998
0,0.3916212320327759
0,0.3952038288116455
0,0.3593907058238983
0,0.3840959966182709
0,0.3679608404636383
0,0.3703013062477112
0,0.3836708962917328
0,0.3922690451145172
0,0.3715416193008423
0,0.3775176405906677
0,0.4121013581752777
0,0.37522757053375244
0,0.39475542306900024
0,0.39057907462120056
0,0.36891496181488037
0,0.3474437892436981
0,0.36138173937797546
0,0.3793606162071228
0,0.3555249273777008
0,0.365328848361969
0,0.377055823802948
0,0.36309346556663513
0,0.3577711582183838
0,0.37828829884529114
0,0.37576717138290405
0,0.3445031940937042
0,0.33749523758888245
0,0.3433496654033661
0,0.34244754910469055
0,0.36365893483161926
0,0.3441053330898285
0,0.314042866230011
0,0.31879952549934387
0,0.3501431941986084
0,0.37013059854507446
0,0.3421567380428314
0,0.34869977831840515
0,0.3685395419597626
0,0.4085754156112671
0,0.43132448196411133
0,0.43257179856300354
0,0.3995492160320282
0,0.41509541869163513
0,0.4510844349861145
0,0.42940258979797363
0,0.3713412880897522
0,0.38159486651420593
0,0.3670368194580078
0,0.34752070903778076
0,0.3903552293777466
0,0.3932400643825531
0,0.3588902950286865
0,0.3372405171394348
0,0.3666711449623108
0,0.36841726303100586
0,0.39428022503852844
0,0.39344459772109985
0,0.3521350920200348
0,0.3123619556427002
1,0.292277455329895
1,0.3023054003715515
1,0.27090758085250854
1,0.24794363975524902
1,0.22275066375732422
1,0.2339354306459427
1,0.2506308853626251
1,0.2725333869457245
1,0.2791719436645508
1,0.27532821893692017
1,0.2742403745651245
1,0.2696271240711212
1,0.2808661162853241
1,0.2775522768497467
1,0.2826087772846222
1,0.27378493547439575
1,0.28951817750930786
1,0.2912623882293701
1,0.2896853983402252
1,0.2722683250904083
1,0.26993808150291443
1,0.257594496011734
1,0.23604848980903625
1,0.21148720383644104
1,0.2031412273645401
1,0.20541301369667053
1,0.2192937433719635
1,0.22629430890083313
1,0.23145702481269836
1,0.24768877029418945
1,0.25872671604156494
1,0.2580239772796631
1,0.25780466198921204
1,0.25762903690338135
1,0.25728118419647217
1,0.246389701962471
1,0.24496132135391235
1,0.24491706490516663
1,0.24479813873767853
1,0.24475112557411194
1,0.24472689628601074
1,0.24472835659980774
1,0.2462843507528305
1,0.25698477029800415
1,0.2570914328098297
1,0.2572031021118164
1,0.2573196291923523
1,0.2574058175086975
1,0.25677749514579773
1,0.24660995602607727
1,0.2340552657842636
1,0.2201225906610489
1,0.21393035352230072
1,0.21331703662872314
1,0.220419242978096
1,0.2365858107805252
1,0.2520512044429779
1,0.27932724356651306
1,0.2863769829273224
1,0.2884858250617981
1,0.2976663112640381
1,0.30291739106178284
1,0.315201997756958
1,0.2955057621002197
1,0.29830822348594666
1,0.29204317927360535
1,0.29619506001472473
1,0.295175164937973
1,0.2896588444709778
1,0.29259732365608215
1,0.29470908641815186
1,0.29553842544555664
1,0.2952343225479126
1,0.29263460636138916
1,0.2938555181026459
1,0.288205623626709
1,0.2929842472076416
1,0.2908497750759125
1,0.291366308927536
1,0.2968631386756897
1,0.2933710217475891
1,0.28797900676727295
1,0.2895065248012543
1,0.2774971127510071
1,0.27916717529296875
1,0.27188625931739807
1,0.25978884100914
1,0.26742056012153625
1,0.2551319897174835
0,0.22783929109573364
0,0.23611333966255188
0,0.2832668125629425
0,0.3682887852191925
0,0.3498864769935608
0,0.23112910985946655
0,0.20502057671546936
0,0.14239516854286194
0,0.1371651589870453
0,0.14662089943885803
0,0.16109704971313477
0,0.18973740935325623
0,0.179120734333992
0,0.1744692325592041
0,0.17086581885814667
0,0.16429005563259125
0,0.15432624518871307
0,0.159394308924675
0,0.23870830237865448
0,0.28242209553718567
0,0.3272687494754791
0,0.3149583637714386
0,0.3220905363559723
0,0.32432493567466736
0,0.27199333906173706
0,0.19057810306549072
0,0.13196128606796265
0,0.1280895471572876
0,0.1362764984369278
0,0.1845981627702713
0,0.26296451687812805
0,0.32737332582473755
0,0.337558776140213
0,0.37648826837539673
0,0.3856392800807953
0,0.3802400827407837
0,0.3853561282157898
0,0.394523561000824
0,0.4000777006149292
0,0.4344174563884735
0,0.46401530504226685
0,0.46476760506629944
0,0.4572445750236511
0,0.4997321367263794
0,0.4968279004096985
0,0.4195818305015564
0,0.3345036804676056
0,0.29182910919189453
0,0.2544246017932892
0,0.19675469398498535
0,0.11665064096450806
0,0.08243387937545776
0,0.10516918450593948
0,0.12841923534870148
0,0.14351163804531097
0,0.2150266468524933
0,0.32105642557144165
0,0.37096649408340454
0,0.37090587615966797
0,0.3708561658859253
0,0.3703545928001404
0,0.37031781673431396
0,0.3703712224960327
0,0.370304137468338
0,0.3701649010181427
0,0.37006786465644836
0,0.3697599768638611
0,0.36978834867477417
0,0.3316580653190613
0,0.252765417098999
0,0.18344104290008545
0,0.1657082438468933
0,0.2574988603591919
0,0.39289748668670654
0,0.4971489906311035
0,0.5939445495605469
0,0.6750497221946716
0,0.6397260427474976
0,0.5980055332183838
0,0.5265054106712341
0,0.39847052097320557
0,0.275246262550354
0,0.2523467540740967
0,0.24328914284706116
0,0.2367209643125534
0,0.2690909504890442
0,0.2414194643497467
0,0.22433501482009888
0,0.1869581937789917
0,0.15012598037719727
0,0.12404721975326538
0,0.12877918779850006
0,0.11356521397829056
0,0.06510422378778458
0,0.08750610798597336
0,0.09601891785860062
0,0.13576757907867432
0,0.10323385149240494
0,0.05710606649518013
0,0.041657861322164536
0,0.05026395991444588
0,0.07313427329063416
0,0.10039281100034714
0,0.1365322768688202
0,0.1790686845779419
0,0.14881175756454468
0,0.12800857424736023
0,0.11640539765357971
0,0.1347784847021103
0,0.1904430240392685
0,0.23809480667114258
0,0.26557841897010803
0,0.2752324938774109
0,0.2534433603286743
0,0.2455926537513733
0,0.23104794323444366
0,0.22948966920375824
0,0.17085936665534973
0,0.13442659378051758
0,0.17545105516910553
0,0.11628933995962143
0,0.0805075466632843
0,0.07209809124469757
0,0.02680787816643715
0,0.059362079948186874
0,0.0675940290093422
0,0.12682825326919556
0,0.1817721128463745
0,0.23593737185001373
0,0.2874666154384613
0,0.32728904485702515
0,0.3116699159145355
0,0.2668762803077698
0,0.23295582830905914
0,0.21363341808319092
0,0.2183014154434204
0,0.21716193854808807
0,0.28476276993751526
0,0.22049391269683838
0,0.16411253809928894
0,0.0845615565776825
0,0.07312934100627899
0,0.11804044991731644
0,0.14019834995269775
0,0.14958205819129944
0,0.15704306960105896
0,0.11208535730838776
0,0.11626970767974854
0,0.12162619084119797
0,0.12456347048282623
0,0.21659928560256958
0,0.13523784279823303
0,0.10633035004138947
0,0.09379728883504868
0,0.12758883833885193
0,0.20093072950839996
0,0.23453548550605774
0,0.23849673569202423
0,0.29909560084342957
0,0.2897203266620636
0,0.2940785586833954
0,0.24281136691570282
0,0.1995377242565155
0,0.19779756665229797
0,0.16049137711524963
0,0.113472580909729
0,0.09289321303367615
0,0.06564183533191681
0,0.0404144786298275
0,0.04487576335668564
0,0.06429793685674667
0,0.11846418678760529
0,0.18890394270420074
0,0.2346329540014267
0,0.28773391246795654
0,0.31735843420028687
0,0.35127291083335876
0,0.35965195298194885
0,0.3039618134498596
0,0.27090078592300415
0,0.2895307242870331
0,0.3784511685371399
0,0.4714203476905823
0,0.48060595989227295
0,0.534896969795227
0,0.40886181592941284
0,0.2647152841091156
0,0.18012438714504242
0,0.12063439190387726
0,0.15734805166721344
0,0.24123579263687134
0,0.3086737394332886
0,0.37014031410217285
0,0.3703044652938843
0,0.37061813473701477
0,0.370638906955719
0,0.3705842196941376
0,0.3701411187648773
0,0.3702560365200043
0,0.37035608291625977
0,0.37050768733024597
0,0.3706885278224945
0,0.3707481026649475
0,0.3056822121143341
0,0.22397491335868835
0,0.16743439435958862
0,0.14977015554904938
0,0.23029762506484985
0,0.3143289089202881
0,0.4260985255241394
0,0.5136473178863525
0,0.47536152601242065
0,0.4397258162498474
0,0.3317679762840271
0,0.21145981550216675
0,0.08851685374975204
0,0.03873978927731514
0,0.055533766746520996
0,0.12011992931365967
0,0.1962365359067917
0,0.28118452429771423
0,0.32572972774505615
0,0.29504942893981934
0,0.24994820356369019
0,0.20059657096862793
0,0.18588343262672424
0,0.18944315612316132
0,0.22011148929595947
0,0.26032575964927673
0,0.281578928232193
0,0.2517716586589813
0,0.27223971486091614
0,0.20696872472763062
0,0.16123145818710327
0,0.11292042583227158
0,0.08260278403759003
0,0.054849687963724136
0,0.06177213042974472
0,0.10835540294647217
0,0.08320450782775879
0,0.0734054297208786
0,0.13527843356132507
0,0.14791543781757355
0,0.13212287425994873
0,0.08409563452005386
0,0.08335139602422714
0,0.11516492068767548
0,0.08255476504564285
0,0.09868088364601135
0,0.151495561003685
0,0.15704019367694855
0,0.19893202185630798
0,0.22996404767036438
0,0.2042938619852066
0,0.16653409600257874
0,0.13105103373527527
0,0.11135485768318176
0,0.13138540089130402
0,0.16396819055080414
0,0.16129599511623383
0,0.16865578293800354
0,0.184116393327713
0,0.16725564002990723
0,0.19100946187973022
0,0.25352004170417786
0,0.24921709299087524
0,0.23138481378555298
0,0.12931442260742188
0,0.11741430312395096
0,0.17680908739566803
0,0.19105811417102814
0,0.18658559024333954
0,0.19567148387432098
0,0.13288317620754242
0,0.08666826039552689
0,0.0800027921795845
0,0.16439533233642578
0,0.20066504180431366
0,0.1958005726337433
0,0.11952494829893112
0,0.08715358376502991
0,0.052270740270614624
0,0.09048143774271011
0,0.13350015878677368
0,0.2186574637889862
0,0.24739596247673035
0,0.28591352701187134
0,0.24108654260635376
0,0.20438456535339355
0,0.16490383446216583
0,0.17328724265098572
0,0.19843202829360962
0,0.24283349514007568
0,0.28401294350624084
0,0.34860339760780334
0,0.387142539024353
0,0.35132065415382385
0,0.3314190208911896
0,0.3236471116542816
0,0.2300100028514862
0,0.1488730013370514
0,0.08739732205867767
0,0.0829787403345108
0,0.12998352944850922
0,0.20524713397026062
0,0.2943008840084076
0,0.37087470293045044
0,0.3707924783229828
0,0.37081098556518555
0,0.37075358629226685
0,0.3421323597431183
0,0.2605035603046417
0,0.19027739763259888
0,0.14485470950603485
0,0.11483890563249588
0,0.11343473941087723
0,0.16484063863754272
0,0.20239251852035522
0,0.169110506772995
0,0.08908866345882416
0,0.0610261969268322
0,0.08381234109401703
0,0.1340532898902893
0,0.20444577932357788
0,0.2628647983074188
0,0.30569279193878174
0,0.30285149812698364
0,0.3200688064098358
0,0.3333212733268738
0,0.33242788910865784
0,0.33284276723861694
0,0.3331701159477234
0,0.31953248381614685
0,0.32932183146476746
0,0.24781617522239685
0,0.20490886270999908
0,0.20637719333171844
0,0.22055910527706146
0,0.2241901457309723
0,0.2389158457517624
0,0.23888318240642548
0,0.24228373169898987
0,0.3493656814098358
0,0.3709156811237335
0,0.33236679434776306
0,0.2475101351737976
0,0.16762687265872955
0,0.11782844364643097
0,0.10133924335241318
0,0.0778329074382782
0,0.09513884782791138
0,0.18755760788917542
0,0.28291797637939453
0,0.25425833463668823
0,0.22565887868404388
0,0.26772934198379517
0,0.2814946174621582
0,0.2170451283454895
0,0.12507930397987366
0,0.07030685245990753
0,0.11458344757556915
0,0.19148150086402893
0,0.2682875096797943
0,0.33578214049339294
0,0.37031620740890503
0,0.37086451053619385
0,0.371043860912323
0,0.37096190452575684
0,0.37091296911239624
0,0.3707963526248932
0,0.3705346882343292
0,0.37048110365867615
0,0.37064579129219055
0,0.3707265257835388
0,0.3708111643791199
0,0.37071335315704346
0,0.3707406520843506
0,0.3709825575351715
0,0.3109346032142639
0,0.22939564287662506
0,0.17568257451057434
0,0.18638797104358673
0,0.2846686840057373
0,0.4134479761123657
0,0.5482484102249146
0,0.5912961363792419
0,0.5192157030105591
0,0.39319732785224915
0,0.31437918543815613
0,0.3138710558414459
0,0.310381680727005
0,0.3110065460205078
0,0.34163832664489746
0,0.3044956922531128
0,0.23654279112815857
0,0.18498608469963074
0,0.17118683457374573
0,0.13976112008094788
0,0.13608919084072113
0,0.1505318582057953
0,0.16526441276073456
0,0.19832532107830048
0,0.25379467010498047
0,0.27870166301727295
0,0.3072030544281006
0,0.3472304940223694
0,0.2970651686191559
0,0.25299808382987976
0,0.18732807040214539
0,0.13470380008220673
0,0.09524998813867569
0,0.08519021421670914
0,0.07489819824695587
0,0.05820503458380699
0,0.09098023921251297
0,0.10138250142335892
0,0.09824913740158081
0,0.10120910406112671
0,0.11858370900154114
0,0.1946723461151123
0,0.210500568151474
0,0.18773527443408966
0,0.1233692541718483
0,0.09878864139318466
0,0.08255939930677414
0,0.10674839466810226
0,0.14983604848384857
0,0.19119474291801453
0,0.23868459463119507
0,0.26463237404823303
0,0.24691569805145264
0,0.1935814768075943
0,0.1668243110179901
0,0.10773567110300064
0,0.062069736421108246
0,0.03856099024415016
0,0.05471603572368622
0,0.061357349157333374
0,0.0660082995891571
0,0.062293924391269684
0,0.09098999947309494
0,0.112839475274086
0,0.13909253478050232
0,0.19419072568416595
0,0.16388410329818726
0,0.15379834175109863
0,0.15544918179512024
0,0.13236916065216064
0,0.16159258782863617
0,0.11853926628828049
0,0.09617843478918076
0,0.12243784964084625
0,0.10180571675300598
0,0.08391375839710236
0,0.1085929423570633
0,0.058726634830236435
0,0.13536269962787628
0,0.14374741911888123
0,0.13201755285263062
0,0.12340967357158661
0,0.15639932453632355
0,0.2038739025592804
0,0.2732135057449341
0,0.22307650744915009
0,0.15177074074745178
0,0.13911359012126923
0,0.13665026426315308
0,0.14536623656749725
0,0.1549597680568695
0,0.16950249671936035
0,0.18818481266498566
0,0.26503774523735046
0,0.3529861569404602
0,0.37089696526527405
0,0.370530903339386
0,0.31814831495285034
0,0.2260129749774933
0,0.17858581244945526
0,0.21026688814163208
0,0.23900753259658813
0,0.22030553221702576
0,0.25301915407180786
0,0.281955748796463
0,0.22844892740249634
0,0.12835702300071716
0,0.08845837414264679
0,0.09007395803928375
0,0.0762782171368599
0,0.06840632855892181
0,0.09792319685220718
0,0.06846734881401062
0,0.08177462965250015
0,0.061069734394550323
0,0.06920360028743744
0,0.12094215303659439
0,0.09664129465818405
0,0.10119286924600601
0,0.1357220709323883
0,0.17730610072612762
0,0.26071470975875854
0,0.32301756739616394
0,0.30753645300865173
0,0.33385607600212097
0,0.333971232175827
0,0.2986776828765869
0,0.293314129114151
0,0.3837929964065552
0,0.5058939456939697
0,0.5728327035903931
0,0.5462279319763184
0,0.47598254680633545
0,0.4459744691848755
0,0.46762293577194214
0,0.429371178150177
0,0.33311277627944946
0,0.15336394309997559
0,0.10203051567077637
0,0.09431678056716919
0,0.11759697645902634
0,0.16812999546527863
0,0.23506152629852295
0,0.30945709347724915
0,0.36938363313674927
0,0.36946433782577515
0,0.3680625557899475
0,0.3644552528858185
0,0.36211511492729187
0,0.36204031109809875
0,0.36217615008354187
0,0.36236992478370667
0,0.3630545735359192
0,0.3631491959095001
0,0.36447563767433167
0,0.36910897493362427
0,0.3702106177806854
0,0.3701150417327881
0,0.370063841342926
0,0.3701353073120117
0,0.3683934211730957
0,0.3662548065185547
0,0.3657369315624237
0,0.3660312294960022
0,0.3658411502838135
0,0.365977942943573
0,0.36597558856010437
0,0.36601585149765015
0,0.36981505155563354
0,0.3315272629261017
0,0.25834184885025024
0,0.19219717383384705
0,0.13800081610679626
0,0.10902858525514603
0,0.14045938849449158
0,0.23713742196559906
0,0.36084455251693726
0,0.353567510843277
0,0.33887648582458496
0,0.3808584213256836
0,0.4567515552043915
0,0.5139958262443542
0,0.5446070432662964
0,0.5261576175689697
0,0.5712648034095764
0,0.5409796833992004
0,0.593404233455658
0,0.595832347869873
0,0.5714610815048218
0,0.4908985495567322
0,0.4782588481903076
0,0.4494909346103668
0,0.46335190534591675
0,0.5032709836959839
0,0.4181344509124756
0,0.425073504447937
0,0.36211156845092773
0,0.35714954137802124
0,0.34402239322662354
0,0.31128430366516113
0,0.2676353454589844
0,0.2607155740261078
0,0.26067790389060974
0,0.2216271460056305
0,0.2138013243675232
0,0.13534921407699585
0,0.0811249241232872
0,0.060199182480573654
0,0.0787251815199852
0,0.13032110035419464
0,0.16761256754398346
0,0.23483256995677948
0,0.3007524013519287
0,0.3237118422985077
0,0.3164534866809845
0,0.3154638111591339
0,0.3057800531387329
0,0.31590932607650757
0,0.3142905533313751
0,0.3076910674571991
0,0.30937498807907104
0,0.3137352764606476
0,0.2998088300228119
0,0.28873440623283386
0,0.24148757755756378
0,0.21580283343791962
0,0.2247854769229889
0,0.2391911894083023
0,0.284100204706192
0,0.35312819480895996
0,0.42435750365257263
0,0.47355520725250244
0,0.48705023527145386
0,0.47359395027160645
0,0.464439332485199
0,0.4206213355064392
0,0.40567684173583984
0,0.38091638684272766
0,0.3271850645542145
0,0.29902932047843933
0,0.2790454030036926
0,0.27623623609542847
0,0.28069669008255005
0,0.2169058620929718
0,0.14899682998657227
0,0.09405335038900375
0,0.09232828766107559
0,0.15064702928066254
0,0.1928662806749344
0,0.21365724503993988
0,0.21372705698013306
0,0.14310961961746216
0,0.09893258661031723
0,0.09866669774055481
0,0.1498253494501114
0,0.22259889543056488
0,0.2765556871891022
0,0.24397629499435425
0,0.16798149049282074
0,0.07891272753477097
0,0.03200283646583557
0,0.048131320625543594
0,0.06947602331638336
0,0.09157773107290268
0,0.09588318318128586
0,0.11978381872177124
0,0.148151695728302
0,0.20516334474086761
0,0.26492828130722046
0,0.31902483105659485
0,0.27758848667144775
0,0.2592998743057251
0,0.3112642765045166
0,0.31488800048828125
0,0.31028902530670166
0,0.3175307512283325
0,0.2977152168750763
0,0.25352346897125244
0,0.25283145904541016
0,0.2033911645412445
0,0.13407260179519653
0,0.14337646961212158
0,0.2124730944633484
0,0.28807884454727173
0,0.3203999102115631
0,0.336747944355011
0,0.3598163425922394
0,0.3164397180080414
0,0.30177971720695496
0,0.23928581178188324
0,0.14284822344779968
0,0.08017216622829437
0,0.07937096804380417
0,0.11857281625270844
0,0.1686943769454956
0,0.1342877894639969
0,0.13318637013435364
0,0.0939803197979927
0,0.10637026280164719
0,0.16850480437278748
0,0.25836417078971863
0,0.3243273198604584
0,0.3691505193710327
0,0.36910903453826904
0,0.3693304657936096
0,0.36955228447914124
0,0.36956581473350525
0,0.369581401348114
0,0.3695053160190582
0,0.37094298005104065
0,0.37097489833831787
0,0.37096109986305237
0,0.3150465786457062
0,0.23382526636123657
0,0.16303931176662445
0,0.1104801595211029
0,0.09981810301542282
0,0.12911851704120636
0,0.1953693926334381
0,0.331337034702301
0,0.3139508068561554
0,0.3728218376636505
0,0.3920276165008545
0,0.38819587230682373
0,0.37990421056747437
0,0.3996583819389343
0,0.36761823296546936
0,0.3408389985561371
0,0.3701670467853546
0,0.2732641100883484
0,0.2529411315917969
0,0.24310991168022156
0,0.23105131089687347
0,0.23699788749217987
0,0.2418603152036667
0,0.26295536756515503
0,0.2907203137874603
0,0.26814404129981995
0,0.24638095498085022
0,0.2008408010005951
0,0.14417806267738342
0,0.09942515194416046
0,0.07018793374300003
0,0.04890687018632889
0,0.08390073478221893
0,0.09755685180425644
0,0.15032288432121277
0,0.19209745526313782
0,0.18562006950378418
0,0.14001251757144928
0,0.1270788013935089
0,0.10513746738433838
0,0.07176673412322998
0,0.0722009688615799
0,0.12546809017658234
0,0.1930380016565323
0,0.22898882627487183
0,0.24981346726417542
0,0.3163969814777374
0,0.33535242080688477
0,0.3292001485824585
0,0.30338895320892334
0,0.2387741059064865
0,0.1837436854839325
0,0.15009073913097382
0,0.13496042788028717
0,0.13896654546260834
0,0.13237088918685913
0,0.16840827465057373
0,0.21171662211418152
0,0.20171426236629486
0,0.15605078637599945
0,0.09473001211881638
0,0.051213350147008896
0,0.10287248343229294
0,0.1177218034863472
0,0.09365174174308777
0,0.10131476074457169
0,0.11528535187244415
0,0.11483155190944672
0,0.13896715641021729
0,0.16715885698795319
0,0.1894163340330124
0,0.19810783863067627
0,0.23873649537563324
0,0.22236834466457367
0,0.2397720217704773
0,0.19314701855182648
0,0.14041768014431
0,0.12711386382579803
0,0.16082675755023956
0,0.21593324840068817
0,0.2798551619052887
0,0.3214729428291321
0,0.32183486223220825
0,0.2581087052822113
0,0.17025341093540192
0,0.11454696208238602
0,0.1652226448059082
0,0.25932252407073975
0,0.4322187602519989
0,0.6173454523086548
0,0.604008674621582
0,0.5454418659210205
0,0.37453553080558777
0,0.22280563414096832
0,0.14643259346485138
0,0.1731896996498108
0,0.25284823775291443
0,0.35681477189064026
0,0.37097665667533875
0,0.37089788913726807
0,0.3709549903869629
0,0.3709620535373688
0,0.37100374698638916
0,0.37107720971107483
0,0.3379786014556885
0,0.25900691747665405
0,0.1885988712310791
0,0.139833465218544
0,0.13337330520153046
0,0.2231910228729248
0,0.31309640407562256
0,0.35085201263427734
0,0.3441038131713867
0,0.27229973673820496
0,0.23734864592552185
0,0.21929536759853363
0,0.17552229762077332
0,0.12692300975322723
0,0.10742909461259842
0,0.061998527497053146
0,0.04812750592827797
0,0.0852908343076706
0,0.14262688159942627
0,0.16387517750263214
0,0.1262979507446289
0,0.11254776269197464
0,0.09086830168962479
0,0.04916292801499367
0,0.08609223365783691
0,0.12212098389863968
0,0.11741293966770172
0,0.09368540346622467
0,0.0711757093667984
0,0.11501485109329224
0,0.1818346381187439
0,0.2010866105556488
0,0.20888671278953552
0,0.17514392733573914
0,0.12635226547718048
0,0.1078258827328682
0,0.1246664747595787
0,0.12740327417850494
0,0.12899085879325867
0,0.11656031012535095
0,0.10137315839529037
0,0.07963497191667557
0,0.06431618332862854
0,0.06069370359182358
0,0.04922926053404808
0,0.06580651551485062
0,0.06593392044305801
0,0.059279751032590866
0,0.059946611523628235
0,0.07189992815256119
0,0.07836756110191345
0,0.061227671802043915
0,0.0532674677670002
0,0.053289011120796204
0,0.06042813882231712
0,0.05115116760134697
0,0.061761967837810516
0,0.05950726196169853
0,0.08903681486845016
0,0.0938093513250351
0,0.10686863213777542
0,0.13107027113437653
0,0.13922221958637238
0,0.12791796028614044
0,0.12890714406967163
0,0.13046018779277802
0,0.10055315494537354
0,0.1346655935049057
0,0.25454550981521606
0,0.16952745616436005
0,0.11258499324321747
0,0.14252911508083344
0,0.14261625707149506
0,0.14957281947135925
0,0.18475095927715302
0,0.2664548456668854
0,0.299523264169693
0,0.218537375330925
0,0.17900049686431885
0,0.18854956328868866
0,0.2989000380039215
0,0.4808657467365265
0,0.6440251469612122
0,0.6759185791015625
0,0.5201971530914307
0,0.37736189365386963
0,0.2287033200263977
0,0.16718024015426636
0,0.17568731307983398
0,0.25073108077049255
0,0.3422273099422455
0,0.3671286106109619
0,0.36587533354759216
0,0.3632298409938812
0,0.3618820905685425
0,0.3614371716976166
0,0.35934823751449585
0,0.3589487075805664
0,0.3595012426376343
0,0.36264243721961975
0,0.3636445105075836
0,0.3665556311607361
0,0.3678152859210968
0,0.3684080243110657
0,0.37115734815597534
0,0.37105676531791687
0,0.3423912227153778
0,0.24762225151062012
0,0.18153269588947296
0,0.19327107071876526
0,0.2806277871131897
0,0.3873283565044403
0,0.476550817489624
0,0.5746903419494629
0,0.6558583974838257
0,0.4373486638069153
0,0.27048200368881226
0,0.1540973037481308
0,0.05978848785161972
0,0.07089454680681229
0,0.11442312598228455
0,0.1742524951696396
0,0.251057893037796
0,0.26796725392341614
0,0.26564744114875793
0,0.26835134625434875
0,0.2556200921535492
0,0.26063981652259827
0,0.26217249035835266
0,0.2584868371486664
0,0.23966799676418304
0,0.23488788306713104
0,0.22841516137123108
0,0.20919321477413177
0,0.14545588195323944
0,0.10132944583892822
0,0.10194414854049683
0,0.1384003609418869
0,0.1902862787246704
0,0.1939445436000824
0,0.19587501883506775
0,0.20673391222953796
0,0.14168764650821686
0,0.0957757905125618
0,0.06741323322057724
0,0.08795976638793945
0,0.0707864984869957
0,0.07211599498987198
0,0.07175872474908829
0,0.0765228420495987
0,0.11143454909324646
0,0.1807679682970047
0,0.22956514358520508
0,0.21108879148960114
0,0.1821465790271759
0,0.13868597149848938
0,0.14690333604812622
0,0.14264094829559326
0,0.13498331606388092
0,0.138663187623024
0,0.12031597644090652
0,0.06112714484333992
0,0.09174543619155884
0,0.15203168988227844
0,0.21611391007900238
0,0.24841570854187012
0,0.20440594851970673
0,0.14103612303733826
0,0.12510979175567627
0,0.12295041233301163
0,0.16237768530845642
0,0.13515685498714447
0,0.12284387648105621
0,0.14694492518901825
0,0.11702324450016022
0,0.1378229260444641
0,0.23357130587100983
0,0.30205219984054565
0,0.36951321363449097
0,0.369746595621109
0,0.3707740008831024
0,0.3707001805305481
0,0.3705301880836487
0,0.37016645073890686
0,0.36939898133277893
0,0.3690219223499298
0,0.3688723146915436
0,0.3458913266658783
0,0.2601071894168854
0,0.18964114785194397
0,0.1608077585697174
0,0.15287019312381744
0,0.2599581480026245
0,0.32525020837783813
0,0.41318178176879883
0,0.4735914468765259
0,0.41343340277671814
0,0.30426231026649475
0,0.23487481474876404
0,0.23245203495025635
0,0.2319239377975464
0,0.2540682256221771
0,0.2771470844745636
0,0.31750476360321045
0,0.3633681833744049
0,0.44609305262565613
0,0.45738378167152405
0,0.4284774661064148
0,0.36063045263290405
0,0.3276573121547699
0,0.3310335576534271
0,0.25199708342552185
0,0.1687340885400772
0,0.11097914725542068
0,0.08560352027416229
0,0.07269371300935745
0,0.05121283978223801
0,0.07811950147151947
0,0.1585814505815506
0,0.1771642118692398
0,0.1785660833120346
0,0.19099950790405273
0,0.1852448433637619
0,0.17015193402767181
0,0.14376139640808105
0,0.11499728262424469
0,0.11508052796125412
0,0.1151202917098999
0,0.10750999301671982
0,0.12430539727210999
0,0.18687820434570312
0,0.256788045167923
0,0.331513375043869
0,0.3237626552581787
0,0.2656418979167938
0,0.1773219108581543
0,0.10853266716003418
0,0.09624458104372025
0,0.10398513078689575
0,0.10662364959716797
0,0.11358238756656647
0,0.1387111246585846
0,0.1985495537519455
0,0.28612807393074036
0,0.3365965187549591
0,0.2628016769886017
0,0.19150395691394806
0,0.1341373324394226
0,0.13233467936515808
0,0.23457172513008118
0,0.2596017122268677
0,0.3351077437400818
0,0.36514806747436523
0,0.3464970886707306
0,0.33546894788742065
0,0.34135720133781433
0,0.33117198944091797
0,0.3447555899620056
0,0.3466534912586212
0,0.3402877748012543
0,0.30988895893096924
0,0.3242497742176056
0,0.30164477229118347
0,0.27645018696784973
0,0.21784766018390656
0,0.16231060028076172
0,0.11315015703439713
0,0.09497620165348053
0,0.14151844382286072
0,0.21306629478931427
0,0.2967734932899475
0,0.3649563491344452
0,0.35015904903411865
0,0.2766680121421814
0,0.2060832381248474
0,0.1569945216178894
0,0.1577562689781189
0,0.21500219404697418
0,0.2199605107307434
0,0.24317513406276703
0,0.21019230782985687
0,0.14641082286834717
0,0.08333560079336166
0,0.10239064693450928
0,0.11884648352861404
0,0.176143616437912
0,0.18978597223758698
0,0.22579121589660645
0,0.18764854967594147
0,0.19251756370067596
0,0.1704999953508377
0,0.18904833495616913
0,0.16380096971988678
0,0.14170823991298676
0,0.14923237264156342
0,0.14958488941192627
0,0.1428285837173462
0,0.13224996626377106
0,0.14202305674552917
0,0.1719178557395935
0,0.14391104876995087
0,0.11417319625616074
0,0.1142607033252716
0,0.13419656455516815
0,0.18750150501728058
0,0.17217321693897247
0,0.19056223332881927
0,0.1967083066701889
0,0.1456906497478485
0,0.10481434315443039
0,0.07868911325931549
0,0.05075289309024811
0,0.09219788759946823
0,0.08971851319074631
0,0.12573859095573425
0,0.21435339748859406
0,0.3339557349681854
0,0.2861041724681854
0,0.2238347828388214
0,0.2237473875284195
0,0.2396554946899414
0,0.1487213671207428
0,0.14494185149669647
0,0.22680217027664185
0,0.3219011723995209
0,0.37087225914001465
0,0.3584167957305908
0,0.2682324945926666
0,0.19310849905014038
0,0.155832901597023
0,0.16962122917175293
0,0.21050706505775452
0,0.18735170364379883
0,0.18157508969306946
0,0.16203591227531433
0,0.1082436814904213
0,0.12734942138195038
0,0.19602954387664795
0,0.27141833305358887
0,0.3519177734851837
0,0.36491501331329346
0,0.36315062642097473
0,0.3606014549732208
0,0.3445861339569092
0,0.29593273997306824
0,0.24132312834262848
0,0.2390657365322113
0,0.23901721835136414
0,0.2198365330696106
0,0.14566023647785187
0,0.10630688816308975
0,0.13730069994926453
0,0.1087154671549797
0,0.10027319937944412
0,0.10043655335903168
0,0.07237371057271957
0,0.07870356738567352
0,0.06895829737186432
0,0.11126603186130524
0,0.1606893390417099
0,0.16592922806739807
0,0.14293287694454193
0,0.15766455233097076
0,0.15247759222984314
0,0.09534663707017899
0,0.06269354373216629
0,0.06464536488056183
0,0.05975149944424629
0,0.07222012430429459
0,0.0747758224606514
0,0.06613869220018387
0,0.08354173600673676
0,0.08388634026050568
0,0.09923640638589859
0,0.13680878281593323
0,0.1777907907962799
0,0.17986853420734406
0,0.13557541370391846
0,0.12505820393562317
0,0.12154240906238556
0,0.13046078383922577
0,0.14815162122249603
0,0.2001189887523651
0,0.24988466501235962
0,0.24424581229686737
0,0.18899312615394592
0,0.12175516784191132
0,0.08159930258989334
0,0.07602192461490631
0,0.06281675398349762
0,0.06296958029270172
0,0.07433860003948212
0,0.10329470038414001
0,0.16685572266578674
0,0.2577431797981262
0,0.323464959859848
0,0.3703092336654663
0,0.3374023735523224
0,0.26225700974464417
0,0.19561108946800232
0,0.14754605293273926
0,0.13996633887290955
0,0.144843190908432
0,0.14367949962615967
0,0.22095954418182373
0,0.2484467625617981
0,0.2615969777107239
0,0.2632143795490265
0,0.28022634983062744
0,0.269880473613739
0,0.25616520643234253
0,0.19782522320747375
0,0.14030243456363678
0,0.10249760746955872
0,0.10608743131160736
0,0.1209816113114357
0,0.09812057018280029
0,0.09586814045906067
0,0.1101929098367691
0,0.09893961250782013
0,0.07904823869466782
0,0.0788680911064148
0,0.07665161043405533
0,0.07565228641033173
0,0.06620674580335617
0,0.09515081346035004
0,0.157165989279747
0,0.12772755324840546
0,0.08892198652029037
0,0.061203453689813614
0,0.10201969742774963
0,0.09120219945907593
0,0.06013437360525131
0,0.05717117711901665
0,0.08072521537542343
0,0.07713772356510162
0,0.07854162156581879
0,0.06266756355762482
0,0.025580499321222305
0,0.04414738714694977
0,0.040713708847761154
0,0.05419235676527023
0,0.13317954540252686
0,0.1420835703611374
0,0.1020270586013794
0,0.06461405754089355
0,0.08158692717552185
0,0.12560515105724335
0,0.17952542006969452
0,0.2508544325828552
0,0.26722660660743713
0,0.1945156455039978
0,0.1598377823829651
0,0.14823171496391296
0,0.163500115275383
0,0.15880164504051208
0,0.22353079915046692
0,0.312387615442276
0,0.27783340215682983
0,0.2514374256134033
0,0.1479026973247528
0,0.1964312195777893
0,0.27087244391441345
0,0.42667391896247864
0,0.45209839940071106
0,0.4851260781288147
0,0.4591366648674011
0,0.3303021192550659
0,0.2985804080963135
0,0.18604737520217896
0,0.11386236548423767
0,0.11564900726079941
0,0.1783897578716278
0,0.22545276582241058
0,0.2798996865749359
0,0.2897258400917053
0,0.26411497592926025
0,0.1891975700855255
0,0.13390251994132996
0,0.09090510755777359
0,0.07423322647809982
0,0.0870695635676384
0,0.14750871062278748
0,0.21750307083129883
0,0.26953452825546265
0,0.25197380781173706
0,0.23927676677703857
0,0.19470039010047913
0,0.19064314663410187
0,0.17798498272895813
0,0.19966734945774078
0,0.19213895499706268
0,0.1885206401348114
0,0.17517000436782837
0,0.11888962239027023
0,0.09454946219921112
0,0.09194526076316833
0,0.14781028032302856
0,0.22927212715148926
0,0.23188649117946625
0,0.12932263314723969
0,0.0670681819319725
0,0.031144138425588608
0,0.0174320787191391
0,0.03744487836956978
0,0.10337335616350174
0,0.1541086733341217
0,0.19482432305812836
0,0.2094424068927765
0,0.22048310935497284
0,0.22115468978881836
0,0.21057765185832977
0,0.17564429342746735
0,0.1314060389995575
0,0.11060608923435211
0,0.09694065153598785
0,0.11354700475931168
0,0.11912160366773605
0,0.11941342055797577
0,0.11920861899852753
0,0.11372865736484528
0,0.10041213035583496
0,0.11858736723661423
0,0.08812935650348663
0,0.08108611404895782
0,0.08672282099723816
0,0.15444961190223694
0,0.2746118903160095
0,0.40603917837142944
0,0.474267840385437
0,0.523910403251648
0,0.5737391710281372
0,0.5822678804397583
0,0.4631179869174957
0,0.33884283900260925
0,0.21844890713691711
0,0.14182721078395844
0,0.11308000981807709
0,0.1368364840745926
0,0.20020513236522675
0,0.2291676551103592
0,0.19202099740505219
0,0.16656027734279633
0,0.14777743816375732
0,0.17772185802459717
0,0.17308814823627472
0,0.20193403959274292
0,0.2515902817249298
0,0.27688175439834595
0,0.2924436032772064
0,0.26784273982048035
0,0.2004518061876297
0,0.16385385394096375
0,0.1039939895272255
0,0.0812935084104538
0,0.15320450067520142
0,0.2431260198354721
0,0.3106594979763031
0,0.37052708864212036
0,0.3704524338245392
0,0.3703930974006653
0,0.3702622056007385
0,0.3703244626522064
0,0.3616996109485626
0,0.2865382134914398
0,0.2153858244419098
0,0.1569269746541977
0,0.16861945390701294
0,0.18471969664096832
0,0.3038511276245117
0,0.4547218680381775
0,0.5606960654258728
0,0.5108382701873779
0,0.5029156804084778
0,0.4238540530204773
0,0.47797316312789917
0,0.4922800660133362
0,0.43267565965652466
0,0.27247312664985657
0,0.19533129036426544
0,0.13724589347839355
0,0.09067776054143906
0,0.09451255947351456
0,0.16316327452659607
0,0.23451900482177734
0,0.29144856333732605
0,0.3074553608894348
0,0.3046167492866516
0,0.30516794323921204
0,0.3023150563240051
0,0.28276100754737854
0,0.18238571286201477
0,0.1471949964761734
0,0.15644629299640656
0,0.16261599957942963
0,0.11258161813020706
0,0.07774756848812103
0,0.18160395324230194
0,0.2763567864894867
0,0.12502515316009521
0,0.10840194672346115
0,0.1079542487859726
0,0.12024614214897156
0,0.11404649168252945
0,0.1582757830619812
0,0.26004740595817566
0,0.3301582634449005
0,0.37109461426734924
0,0.3710135817527771
0,0.3541233539581299
0,0.2626732885837555
0,0.1921190768480301
0,0.1596612185239792
0,0.20415560901165009
0,0.2670440673828125
0,0.3598572611808777
0,0.4328867197036743
0,0.45640137791633606
0,0.334566593170166
0,0.3020511269569397
0,0.2695494294166565
0,0.26261764764785767
0,0.30991801619529724
0,0.3481500446796417
0,0.35934579372406006
0,0.30621227622032166
0,0.25660863518714905
0,0.22566474974155426
0,0.22151240706443787
0,0.2222583144903183
0,0.19496139883995056
0,0.2315635234117508
0,0.29281172156333923
0,0.4257211983203888
0,0.49770647287368774
0,0.5617266893386841
0,0.5613831877708435
0,0.4720105230808258
0,0.3779434859752655
0,0.256780207157135
0,0.2059205174446106
0,0.12759588658809662
0,0.10408951342105865
0,0.08732950687408447
0,0.11901409924030304
0,0.19099925458431244
0,0.2575620412826538
0,0.2905445396900177
0,0.31787940859794617
0,0.35296961665153503
0,0.30375218391418457
0,0.2850799858570099
0,0.19964762032032013
0,0.10329391062259674
0,0.07694416493177414
0,0.1617739200592041
0,0.16926850378513336
0,0.2037542313337326
0,0.24240948259830475
0,0.19253899157047272
0,0.19206975400447845
0,0.20136487483978271
0,0.12498994916677475
0,0.12271515280008316
0,0.2019302248954773
0,0.2605980634689331
0,0.3500421941280365
0,0.37081947922706604
0,0.37071382999420166
0,0.34431588649749756
0,0.2807178795337677
0,0.2240379899740219
0,0.14186953008174896
0,0.08432598412036896
0,0.07726328074932098
0,0.1463623344898224
0,0.24513378739356995
0,0.22834879159927368
0,0.17087525129318237
0,0.13395601511001587
0,0.07069554179906845
0,0.10450010001659393
0,0.1724875569343567
0,0.2518520951271057
0,0.32585614919662476
0,0.35727208852767944
0,0.3586266338825226
0,0.3588765561580658
0,0.3543810546398163
0,0.2839616537094116
0,0.22344844043254852
0,0.17005513608455658
0,0.12919874489307404
0,0.11725964397192001
0,0.10129169374704361
0,0.10168743133544922
0,0.10789363831281662
0,0.13417132198810577
0,0.12372983992099762
0,0.12129928171634674
0,0.07843650132417679
0,0.06692519783973694
0,0.05428721755743027
0,0.1257510930299759
0,0.19712167978286743
0,0.22620849311351776
0,0.2485143393278122
0,0.2852967381477356
0,0.33050963282585144
0,0.33991897106170654
0,0.30550915002822876
0,0.23120243847370148
0,0.21088603138923645
0,0.22768095135688782
0,0.1960284411907196
0,0.12039700895547867
0,0.09147128462791443
0,0.07679106295108795
0,0.06650801002979279
0,0.1018030196428299
0,0.11851757764816284
0,0.07460815459489822
0,0.11489277333021164
0,0.22652366757392883
0,0.30195263028144836
0,0.4329579472541809
0,0.496237576007843
0,0.5244753360748291
0,0.5669102072715759
0,0.4398293197154999
0,0.33270740509033203
0,0.2550981044769287
0,0.18554586172103882
0,0.12977100908756256
0,0.10763661563396454
0,0.11921794712543488
0,0.15363770723342896
0,0.1882791966199875
0,0.23654308915138245
0,0.28017866611480713
0,0.2773388624191284
0,0.2423958033323288
0,0.2147427499294281
0,0.1691368818283081
0,0.1333012729883194
0,0.09933121502399445
0,0.052775390446186066
0,0.06396760046482086
0,0.09080056101083755
0,0.08236470818519592
0,0.05080031231045723
0,0.026753276586532593
0,0.0403459370136261
0,0.06417026370763779
0,0.0656355619430542
0,0.06654561311006546
0,0.0766802504658699
0,0.11244307458400726
0,0.1666748821735382
0,0.24494421482086182
0,0.2851107716560364
0,0.2567794620990753
0,0.18307475745677948
0,0.15126030147075653
0,0.1323729157447815
0,0.13620205223560333
0,0.171376034617424
0,0.23852135241031647
0,0.28571194410324097
0,0.3147296905517578
0,0.314972460269928
0,0.3380420506000519
0,0.34768280386924744
0,0.3626417815685272
0,0.4075186848640442
0,0.4169621169567108
0,0.30370500683784485
0,0.26231861114501953
0,0.21829503774642944
0,0.143540620803833
0,0.15391628444194794
0,0.22476810216903687
0,0.3180592358112335
0,0.3703424334526062
0,0.3701708912849426
0,0.36973485350608826
0,0.3517600893974304
0,0.26145803928375244
0,0.19423775374889374
0,0.1780463010072708
0,0.2620345652103424
0,0.4125298857688904
0,0.5324699282646179
0,0.666222870349884
0,0.7351056337356567
0,0.7046194076538086
0,0.7221402525901794
0,0.5466631650924683
0,0.34862202405929565
0,0.20485274493694305
0,0.1906597912311554
0,0.1418089121580124
0,0.14692087471485138
0,0.09527906030416489
0,0.11655130237340927
0,0.21182966232299805
0,0.32444292306900024
0,0.4398447275161743
0,0.5057883262634277
0,0.5531293749809265
0,0.5792238712310791
0,0.4847114086151123
0,0.35056227445602417
0,0.2194882184267044
0,0.12265993654727936
0,0.09000246971845627
0,0.13533519208431244
0,0.21787762641906738
0,0.3092877268791199
0,0.3063180446624756
0,0.25763699412345886
0,0.25117844343185425
0,0.19652651250362396
0,0.13315817713737488
0,0.13993526995182037
0,0.09839845448732376
0,0.09773102402687073
0,0.07901987433433533
0,0.075229711830616
0,0.039767369627952576
0,0.0846966877579689
0,0.13519451022148132
0,0.15627287328243256
0,0.1666271686553955
0,0.2079973965883255
0,0.27904507517814636
0,0.21029211580753326
0,0.13928093016147614
0,0.09124630689620972
0,0.09445656836032867
0,0.11453583091497421
0,0.1725061535835266
0,0.2615019977092743
0,0.30878734588623047
0,0.24970117211341858
0,0.17178861796855927
0,0.15155912935733795
0,0.17557473480701447
0,0.23471474647521973
0,0.3019973635673523
0,0.28702494502067566
0,0.2935187518596649
0,0.25493207573890686
0,0.11643356084823608
0,0.03215587139129639
0,0.048234131187200546
0,0.10722289979457855
0,0.14491388201713562
0,0.10656340420246124
0,0.10448852926492691
0,0.15760767459869385
0,0.18057481944561005
0,0.19569164514541626
0,0.23630067706108093
0,0.3011220693588257
0,0.36812591552734375
0,0.39913392066955566
0,0.3917739689350128
0,0.37843525409698486
0,0.3183850049972534
0,0.28107014298439026
0,0.23260106146335602
0,0.21477913856506348
0,0.23958022892475128
0,0.23994264006614685
0,0.1696690022945404
0,0.13091309368610382
0,0.13443168997764587
0,0.11898530274629593
0,0.13797135651111603
0,0.21245494484901428
0,0.30843672156333923
0,0.37087586522102356
0,0.37090325355529785
0,0.3708176612854004
0,0.37097087502479553
0,0.3709956705570221
0,0.3709631860256195
0,0.3581294119358063
0,0.3075920045375824
0,0.23056411743164062
0,0.16360245645046234
0,0.10763443261384964
0,0.08547618985176086
0,0.15349406003952026
0,0.25678831338882446
0,0.3520570993423462
0,0.2715087831020355
0,0.20974138379096985
0,0.1836106777191162
0,0.16524720191955566
0,0.13086751103401184
0,0.1293123960494995
0,0.12924301624298096
0,0.11366420239210129
0,0.13376927375793457
0,0.221305713057518
0,0.30113086104393005
0,0.3588568866252899
0,0.3989337980747223
0,0.4353828430175781
0,0.46330857276916504
0,0.41632047295570374
0,0.35883113741874695
0,0.22897717356681824
0,0.14649967849254608
0,0.12867851555347443
0,0.16349908709526062
0,0.24742205440998077
0,0.3433608412742615
0,0.3500927984714508
0,0.2981111705303192
0,0.25735461711883545
0,0.24248206615447998
0,0.24108192324638367
0,0.22330613434314728
0,0.1511903554201126
0,0.07389907538890839
0,0.056195229291915894
0,0.07865707576274872
0,0.13523302972316742
0,0.201760932803154
0,0.28313466906547546
0,0.3637610673904419
0,0.3576420247554779
0,0.3675682842731476
0,0.35435935854911804
0,0.3400415778160095
0,0.3083818256855011
0,0.2757718563079834
0,0.24774672091007233
0,0.2595805823802948
0,0.24549447000026703
0,0.1918220818042755
0,0.173041433095932
0,0.09754937887191772
0,0.09554117172956467
0,0.06615278124809265
0,0.03723898530006409
0,0.05516039952635765
0,0.038117218762636185
0,0.05727532133460045
0,0.09491518139839172
0,0.1327323317527771
0,0.12269698828458786
0,0.12478446215391159
0,0.1388344019651413
0,0.125888392329216
0,0.1089201495051384
0,0.06747101992368698
0,0.06658150255680084
0,0.09134484082460403
0,0.11797887831926346
0,0.11866122484207153
0,0.11973676085472107
0,0.12395315617322922
0,0.09634889662265778
0,0.08329886198043823
0,0.08637771010398865
0,0.0901046171784401
0,0.07774187624454498
0,0.08379939943552017
0,0.08023626357316971
0,0.08062197268009186
0,0.08341935276985168
0,0.07689519226551056
0,0.07760637998580933
0,0.10917245596647263
0,0.06833665072917938
0,0.11499384045600891
0,0.1095045804977417
0,0.10463438183069229
0,0.12566769123077393
0,0.13173969089984894
0,0.12778504192829132
0,0.09599973261356354
0,0.1238357350230217
0,0.07844997197389603
0,0.08515620976686478
0,0.11008407920598984
0,0.10652489215135574
0,0.08932764083147049
0,0.11669918894767761
0,0.13117386400699615
0,0.12441882491111755
0,0.11403634399175644
0,0.12825968861579895
0,0.12074457108974457
0,0.16124457120895386
0,0.14887668192386627
0,0.14491204917430878
0,0.14622436463832855
0,0.155865877866745
0,0.1761210858821869
0,0.22115881741046906
0,0.28968533873558044
0,0.356180876493454
0,0.35046547651290894
0,0.32542362809181213
0,0.3036764860153198
0,0.2342989295721054
0,0.16931244730949402
0,0.12267106771469116
0,0.12046338617801666
0,0.12388052046298981
0,0.1356029063463211
0,0.1595231145620346
0,0.17343522608280182
0,0.23900096118450165
0,0.30633750557899475
0,0.3582881689071655
0,0.33340367674827576
0,0.2747650146484375
0,0.27266207337379456
0,0.2727953791618347
0,0.2729867696762085
0,0.2729853093624115
0,0.2759089469909668
0,0.2763668894767761
0,0.29868412017822266
0,0.2945392429828644
0,0.22136777639389038
0,0.17877154052257538
0,0.14749068021774292
0,0.1303291767835617
0,0.130212664604187
0,0.14094221591949463
0,0.13440650701522827
0,0.20036323368549347
0,0.27435633540153503
0,0.24457821249961853
0,0.21991832554340363
0,0.18448755145072937
0,0.14001062512397766
0,0.11353995651006699
0,0.1064305305480957
0,0.10910512506961823
0,0.1265508085489273
0,0.11356104910373688
0,0.0896281898021698
0,0.06602633744478226
0,0.05294003337621689
0,0.07043508440256119
0,0.07510284334421158
0,0.09009125083684921
0,0.12365651875734329
0,0.18909747898578644
0,0.2134074717760086
0,0.2283022254705429
0,0.1975506842136383
0,0.19294168055057526
0,0.18698936700820923
0,0.14028382301330566
0,0.08866119384765625
0,0.07988608628511429
0,0.05618903040885925
0,0.06987298280000687
0,0.0730166956782341
0,0.06220896914601326
0,0.05149894580245018
0,0.06769049167633057
0,0.08076494932174683
0,0.06656219065189362
0,0.09358377754688263
0,0.08905627578496933
0,0.05068759247660637
0,0.08582966029644012
0,0.1320679783821106
0,0.07626401633024216
0,0.05537889897823334
0,0.054798297584056854
0,0.05263359099626541
0,0.0680057555437088
0,0.07084166258573532
0,0.0895984023809433
0,0.07993124425411224
0,0.044110141694545746
0,0.048330146819353104
0,0.054965246468782425
0,0.03538602963089943
0,0.0343172512948513
0,0.04002553969621658
0,0.06940934807062149
0,0.07683691382408142
0,0.07492786645889282
0,0.08060909062623978
0,0.08551093935966492
0,0.07490218430757523
0,0.11992081254720688
0,0.12027444690465927
0,0.1300758421421051
0,0.1310446411371231
0,0.1309863030910492
0,0.09297198057174683
0,0.1090618297457695
0,0.12060248106718063
0,0.12087132781744003
0,0.14479772746562958
0,0.14477652311325073
0,0.13677002489566803
0,0.13928666710853577
0,0.15783914923667908
0,0.1480880081653595
0,0.15856802463531494
0,0.12828640639781952
0,0.10261505097150803
0,0.1076274886727333
0,0.10683687031269073
0,0.10673262178897858
0,0.12095017731189728
0,0.15919086337089539
0,0.1346571445465088
0,0.13650313019752502
0,0.13350407779216766
0,0.12499777972698212
0,0.10917647182941437
0,0.06863000243902206
0,0.05364736169576645
0,0.061427485197782516
0,0.06840147823095322
0,0.05006152763962746
0,0.05867498368024826
0,0.05889124050736427
0,0.04152628034353256
0,0.06854186952114105
0,0.120026133954525
0,0.12163546681404114
0,0.1092529147863388
0,0.15262466669082642
0,0.15072937309741974
0,0.1510336995124817
0,0.1321464478969574
0,0.11207638680934906
0,0.0697249174118042
0,0.04709653556346893
0,0.03851449862122536
0,0.03414131700992584
0,0.055677227675914764
0,0.05593995004892349
0,0.03816809132695198
0,0.048167310655117035
0,0.055941689759492874
0,0.06080305576324463
0,0.027087265625596046
0,0.020522139966487885
0,0.04186517372727394
0,0.050309114158153534
0,0.053004439920186996
0,0.051518380641937256
0,0.04081185162067413
0,0.04300706461071968
0,0.06827690452337265
0,0.07462803274393082
0,0.07358906418085098
0,0.07532220333814621
0,0.0720541924238205
0,0.08030379563570023
0,0.07848165184259415
0,0.08354036509990692
0,0.07471491396427155
0,0.06366206705570221
0,0.07443656027317047
0,0.10424844175577164
0,0.11947779357433319
0,0.14977853000164032
0,0.14576582610607147
0,0.13772045075893402
0,0.14740172028541565
0,0.1509556770324707
0,0.10466351360082626
0,0.03191239386796951
0,0.06262679398059845
0,0.0733882486820221
0,0.11208102107048035
0,0.08416873216629028
0,0.10306690633296967
0,0.12312577664852142
0,0.15813887119293213
0,0.18983644247055054
0,0.15556500852108002
0,0.10130347311496735
0,0.09334181994199753
0,0.10889872163534164
0,0.12142438441514969
0,0.12165391445159912
0,0.13199281692504883
0,0.1663944125175476
0,0.2122868448495865
0,0.21381589770317078
0,0.20314089953899384
0,0.1563042849302292
0,0.1307491809129715
0,0.12196464836597443
0,0.12198307365179062
0,0.12191629409790039
0,0.14105069637298584
0,0.19523108005523682
0,0.24286241829395294
0,0.2924582362174988
0,0.31935909390449524
0,0.3186209201812744
0,0.3185977041721344
0,0.2745935916900635
0,0.21869972348213196
0,0.15053527057170868
0,0.1644570678472519
0,0.1349884420633316
0,0.08512572199106216
0,0.08656543493270874
0,0.11511470377445221
0,0.15406054258346558
0,0.16995547711849213
0,0.1704297512769699
0,0.1973688155412674
0,0.20125755667686462
0,0.1970280408859253
0,0.19002148509025574
0,0.20480512082576752
0,0.14123673737049103
0,0.10017342865467072
0,0.11891316622495651
0,0.13407495617866516
0,0.10557267814874649
0,0.10202054679393768
0,0.0871339961886406
0,0.08164307475090027
0,0.08065207302570343
0,0.06877612322568893
0,0.06333887577056885
0,0.06782909482717514
0,0.06594196707010269
0,0.07748568058013916
0,0.0718393325805664
0,0.08499494940042496
0,0.09521543234586716
0,0.09018491208553314
0,0.09153158217668533
0,0.07022900879383087
0,0.06438480317592621
0,0.057894088327884674
0,0.06774549186229706
0,0.05740944668650627
0,0.08750085532665253
0,0.03665715828537941
0,0.07160821557044983
0,0.08839400857686996
0,0.054851967841386795
0,0.05214932933449745
0,0.09127219021320343
0,0.11925899982452393
0,0.13294678926467896
0,0.16483479738235474
0,0.16478773951530457
0,0.1398010551929474
0,0.18833932280540466
0,0.2554951012134552
0,0.28443068265914917
0,0.2320680022239685
0,0.1868753582239151
0,0.14543510973453522
0,0.11326762288808823
0,0.11172832548618317
0,0.09877029806375504
0,0.11619797348976135
0,0.09480463713407516
0,0.1220746785402298
0,0.06387755274772644
0,0.07075367122888565
0,0.1085486188530922
0,0.12319803237915039
0,0.10338710248470306
0,0.11381395161151886
0,0.11066436022520065
0,0.1337878704071045
0,0.12449300289154053
0,0.10415323078632355
0,0.07020962983369827
0,0.07319754362106323
0,0.069492407143116
0,0.09327682107686996
0,0.12711670994758606
0,0.10856055468320847
0,0.09234654158353806
0,0.06426077336072922
0,0.06867183744907379
0,0.07819665968418121
0,0.04995226860046387
0,0.032844796776771545
0,0.034418344497680664
0,0.06204840913414955
0,0.06699394434690475
0,0.08238019049167633
0,0.0881815180182457
0,0.11675599217414856
0,0.14521092176437378
0,0.12824827432632446
0,0.10464470833539963
0,0.1112486943602562
0,0.15185412764549255
0,0.13390137255191803
0,0.1299973577260971
0,0.1177278384566307
0,0.09485514461994171
0,0.0779392272233963
0,0.07763446122407913
0,0.059047065675258636
0,0.06740071624517441
0,0.09008580446243286
0,0.09275701642036438
0,0.08804357051849365
0,0.07528796046972275
0,0.07514119148254395
0,0.06526252627372742
0,0.044498249888420105
0,0.07225096225738525
0,0.051528334617614746
0,0.0561826154589653
0,0.05859127640724182
0,0.06822668015956879
0,0.07011961936950684
0,0.06941207498311996
0,0.07867799699306488
0,0.06789189577102661
0,0.05122509226202965
0,0.035113610327243805
0,0.045163702219724655
0,0.08396904170513153
0,0.08086224645376205
0,0.06746736913919449
0,0.0655444860458374
0,0.1100083664059639
0,0.12870830297470093
0,0.10525061935186386
0,0.11514896154403687
0,0.11383488774299622
0,0.14539872109889984
0,0.1932533234357834
0,0.2492603361606598
0,0.2763347923755646
0,0.2010371834039688
0,0.15825137495994568
0,0.15626119077205658
0,0.14471830427646637
0,0.14255212247371674
0,0.13360726833343506
0,0.1269744485616684
0,0.18837547302246094
0,0.23993650078773499
0,0.2235499769449234
0,0.16394221782684326
0,0.1603858321905136
0,0.12359791249036789
0,0.06414392590522766
0,0.07741127908229828
0,0.11948908865451813
0,0.11378683894872665
0,0.10400199145078659
0,0.11375720053911209
0,0.10638225078582764
0,0.1353968232870102
0,0.14642435312271118
0,0.16055454313755035
0,0.16494300961494446
0,0.1757926046848297
0,0.16205239295959473
0,0.14775212109088898
0,0.10273516923189163
0,0.07710699737071991
0,0.10082285106182098
0,0.09238462895154953
0,0.07909869402647018
0,0.047529783099889755
0,0.07282073050737381
0,0.0811266079545021
0,0.09202584624290466
0,0.08681435137987137
0,0.07317271828651428
0,0.07655847817659378
0,0.05714135617017746
0,0.06573387235403061
0,0.05802999064326286
0,0.07807406038045883
0,0.05418036878108978
0,0.06564829498529434
0,0.06480628252029419
0,0.031645145267248154
0,0.010892641730606556
0,0.033509112894535065
0,0.05787501484155655
0,0.04616257920861244
0,0.10287877917289734
0,0.11627312749624252
0,0.11028260737657547
0,0.08135329931974411
0,0.045623570680618286
0,0.05257908254861832
0,0.031568191945552826
0,0.058714184910058975
0,0.07114175707101822
0,0.06268274784088135
0,0.03804880008101463
0,0.07228903472423553
0,0.0735015943646431
0,0.06545738130807877
0,0.10254348069429398
0,0.09818339347839355
0,0.0660240426659584
0,0.09976733475923538
0,0.07248882204294205
0,0.06464410573244095
0,0.13158473372459412
0,0.15312559902668
0,0.12769217789173126
0,0.13613834977149963
0,0.13200052082538605
0,0.13933955132961273
0,0.1735193282365799
0,0.21333202719688416
0,0.2898789644241333
0,0.3072757422924042
0,0.2281150221824646
0,0.16052155196666718
0,0.14303570985794067
0,0.1519545018672943
0,0.13602811098098755
0,0.129041388630867
0,0.10804662853479385
0,0.10802362114191055
0,0.09501631557941437
0,0.1272374391555786
0,0.09293898940086365
0,0.08776985853910446
0,0.1048615425825119
0,0.15275788307189941
0,0.13980399072170258
0,0.1265368014574051
0,0.12077705562114716
0,0.10053230077028275
0,0.09850343316793442
0,0.10515490919351578
0,0.13856062293052673
0,0.1502188891172409
0,0.19349057972431183
0,0.2502034306526184
0,0.21729227900505066
0,0.2041865587234497
0,0.18066897988319397
0,0.16802847385406494
0,0.1638166308403015
0,0.17476460337638855
0,0.1525154709815979
0,0.15641987323760986
0,0.1995844542980194
0,0.21805985271930695
0,0.23806610703468323
0,0.23705019056797028
0,0.21141421794891357
0,0.17296674847602844
0,0.18468955159187317
0,0.18867678940296173
0,0.19508863985538483
0,0.18355299532413483
0,0.15707093477249146
0,0.13095496594905853
0,0.10662500560283661
0,0.11094087362289429
0,0.09408371150493622
0,0.05794191360473633
0,0.05608588829636574
0,0.05077457055449486
0,0.07237979024648666
0,0.08687594532966614
0,0.10649098455905914
0,0.09762918204069138
0,0.14267157018184662
0,0.179416224360466
0,0.18268832564353943
0,0.1074400544166565
0,0.040392953902482986
0,0.014204781502485275
0,0.011358978226780891
0,0.018321003764867783
0,0.06143324822187424
0,0.10731840133666992
0,0.10322359204292297
0,0.08114898949861526
0,0.09788665920495987
0,0.09105212241411209
0,0.0988820269703865
0,0.11091355979442596
0,0.050612203776836395
0,0.08456699550151825
0,0.07305966317653656
0,0.06360594928264618
0,0.0645824447274208
0,0.07875357568264008
0,0.10161934047937393
0,0.074760802090168
0,0.09326224029064178
0,0.10227402299642563
0,0.1291266232728958
0,0.12950178980827332
0,0.11493425816297531
0,0.11098264902830124
0,0.11214061081409454
0,0.13869212567806244
0,0.18340958654880524
0,0.22110463678836823
0,0.2674776017665863
0,0.28540170192718506
0,0.27209576964378357
0,0.20940908789634705
0,0.1324394941329956
0,0.07823105156421661
0,0.0624350868165493
0,0.04580914229154587
0,0.03742807358503342
0,0.025715231895446777
0,0.01949920505285263
0,0.04347769916057587
0,0.06416422873735428
0,0.07096461206674576
0,0.051943257451057434
0,0.08891673386096954
0,0.0618564635515213
0,0.06502201408147812
0,0.06132742017507553
0,0.08330551534891129
0,0.08297957479953766
0,0.11794262379407883
0,0.11695966124534607
0,0.10830768942832947
0,0.11243197321891785
0,0.1147298738360405
0,0.15208524465560913
0,0.13357305526733398
0,0.15549978613853455
0,0.1818217933177948
0,0.17483362555503845
0,0.10563190281391144
0,0.04910776764154434
0,0.039953652769327164
0,0.05020516365766525
0,0.08717046678066254
0,0.11843855679035187
0,0.10488547384738922
0,0.12338672578334808
0,0.11737316101789474
0,0.1000606045126915
0,0.07613546401262283
0,0.06112517789006233
0,0.05808992683887482
0,0.05591815710067749
0,0.10980129987001419
0,0.15700529515743256
0,0.18921037018299103
0,0.21380527317523956
0,0.20796231925487518
0,0.1743675172328949
0,0.15684856474399567
0,0.16193163394927979
0,0.13511794805526733
0,0.08045513182878494
0,0.04500802978873253
0,0.010027188807725906
0,0.04950317367911339
0,0.03478238359093666
0,0.05902102589607239
0,0.09564773738384247
0,0.0921902135014534
0,0.1251859962940216
0,0.09437114745378494
0,0.06779784709215164
0,0.040263254195451736
0,0.056024521589279175
0,0.06184111535549164
0,0.07673002034425735
0,0.06526805460453033
0,0.07068942487239838
0,0.07313508540391922
0,0.06096871942281723
0,0.02510644868016243
0,0.04617141932249069
0,0.07423309981822968
0,0.09029941260814667
0,0.07410245388746262
0,0.09566084295511246
0,0.08413562923669815
0,0.13455283641815186
0,0.17364200949668884
0,0.12145411223173141
0,0.11591746658086777
0,0.14956311881542206
0,0.16676950454711914
0,0.13659268617630005
0,0.14136365056037903
0,0.15892691910266876
0,0.1604727804660797
0,0.16488410532474518
0,0.20872724056243896
0,0.1598127782344818
0,0.12100186944007874
0,0.1336589902639389
0,0.1337241381406784
0,0.12758807837963104
0,0.1283845752477646
0,0.13565751910209656
0,0.122763991355896
0,0.13399344682693481
0,0.14717525243759155
0,0.20493733882904053
0,0.25096479058265686
0,0.24427880346775055
0,0.17446014285087585
0,0.17742052674293518
0,0.15446123480796814
0,0.1565164029598236
0,0.15421541035175323
0,0.12516972422599792
0,0.08103121072053909
0,0.06486862152814865
0,0.0879618301987648
0,0.07167275249958038
0,0.08853529393672943
0,0.10409500449895859
0,0.13229914009571075
0,0.12397340685129166
0,0.0772450640797615
0,0.0579279363155365
0,0.06534332036972046
0,0.06367659568786621
0,0.042025405913591385
0,0.022668469697237015
0,0.05560053139925003
0,0.08262619376182556
0,0.08375243842601776
0,0.10001523047685623
0,0.07674356549978256
0,0.060876477509737015
0,0.07847366482019424
0,0.1558738797903061
0,0.17686140537261963
0,0.18494762480258942
0,0.2042844146490097
0,0.21195386350154877
0,0.19513800740242004
0,0.14205972850322723
0,0.07042640447616577
0,0.03608746826648712
0,0.03840603306889534
0,0.0849205031991005
0,0.08268076926469803
0,0.0801561176776886
0,0.07386858761310577
0,0.05367080122232437
0,0.08724787831306458
0,0.09151939302682877
0,0.1281624287366867
0,0.16986162960529327
0,0.2066827118396759
0,0.20721931755542755
0,0.196970596909523
0,0.15034322440624237
0,0.10510022193193436
0,0.07086627185344696
0,0.05471339449286461
0,0.044412385672330856
0,0.05873127281665802
0,0.03178878128528595
0,0.08800935000181198
0,0.06091029569506645
0,0.03315797075629234
0,0.0774303525686264
0,0.0670187920331955
0,0.07960507273674011
0,0.06330423802137375
0,0.059849776327610016
0,0.07724347710609436
0,0.10094566643238068
0,0.14773441851139069
0,0.17273418605327606
0,0.15438514947891235
0,0.10699357092380524
0,0.13765783607959747
0,0.18920160830020905
0,0.20202355086803436
0,0.19311819970607758
0,0.1426447629928589
0,0.09213117510080338
0,0.10863073170185089
0,0.1365865021944046
0,0.12800529599189758
0,0.1139623373746872
0,0.06786341965198517
0,0.07648126780986786
0,0.11312214285135269
0,0.119060218334198
0,0.12268735468387604
0,0.1282477229833603
0,0.12010443955659866
0,0.11569035053253174
0,0.12053214013576508
0,0.1138610690832138
0,0.12253757566213608
0,0.12399696558713913
0,0.12169239670038223
0,0.09425760060548782
0,0.08962060511112213
0,0.1046525090932846
0,0.08333227038383484
0,0.13130120933055878
0,0.11697390675544739
0,0.12041652947664261
0,0.10540717095136642
0,0.07447293400764465
0,0.029918940737843513
0,0.04004113748669624
0,0.05214864760637283
0,0.08854470402002335
0,0.0890207290649414
0,0.0943438783288002
0,0.08644145727157593
0,0.07141169160604477
0,0.03851434960961342
0,0.040290746837854385
0,0.036415766924619675
0,0.03984003886580467
0,0.012131592258810997
0,0.048326823860406876
0,0.04685220867395401
0,0.0320633128285408
0,0.047992825508117676
0,0.05263389274477959
0,0.06086115166544914
0,0.030616499483585358
0,0.04969777539372444
0,0.04544346407055855
0,0.03534286469221115
0,0.08084146678447723
0,0.12405875325202942
0,0.18705593049526215
0,0.2110133320093155
0,0.21300287544727325
0,0.2225511223077774
0,0.2281707227230072
0,0.22999298572540283
0,0.18167605996131897
0,0.1702997088432312
0,0.1673043668270111
0,0.1694568395614624
0,0.21222281455993652
0,0.230478897690773
0,0.2325524538755417
0,0.19924825429916382
0,0.19321008026599884
0,0.18165116012096405
0,0.13730596005916595
0,0.09624569118022919
0,0.03634636849164963
0,0.02270202338695526
0,0.02611665427684784
0,0.06648773699998856
0,0.04992430657148361
0,0.05675652623176575
0,0.07990049570798874
0,0.11466775089502335
0,0.12670227885246277
0,0.1508781909942627
0,0.15701442956924438
0,0.15568017959594727
0,0.15861739218235016
0,0.17398977279663086
0,0.1676366627216339
0,0.11807547509670258
0,0.12433329969644547
0,0.16416308283805847
0,0.16262587904930115
0,0.1008157953619957
0,0.11402921378612518
0,0.12678852677345276
0,0.12161670625209808
0,0.09889664500951767
0,0.07713183760643005
0,0.07862663269042969
0,0.08896201848983765
0,0.09001237154006958
0,0.11104986071586609
0,0.07295893877744675
0,0.04818178713321686
0,0.07921034842729568
0,0.07055985182523727
0,0.06686211377382278
0,0.05593995749950409
0,0.050238531082868576
0,0.0602758452296257
0,0.0794316977262497
0,0.05958051607012749
0,0.0545039176940918
0,0.029672980308532715
0,0.0430438257753849
0,0.050603896379470825
0,0.05034524202346802
0,0.05332311615347862
0,0.06024597957730293
0,0.04477251321077347
0,0.07395421713590622
0,0.07492215186357498
0,0.11021938174962997
0,0.11006301641464233
0,0.10295472294092178
0,0.08935622125864029
0,0.09625246375799179
0,0.13494916260242462
0,0.14663276076316833
0,0.22259311378002167
0,0.2185007929801941
0,0.15419423580169678
0,0.13202331960201263
0,0.1419893205165863
0,0.10953885316848755
0,0.06641920655965805
0,0.04168184846639633
0,0.04849490523338318
0,0.03940781578421593
0,0.10524806380271912
0,0.11858117580413818
0,0.08537912368774414
0,0.06073828041553497
0,0.06606075167655945
0,0.0771513357758522
0,0.0555964820086956
0,0.06472048163414001
0,0.11443406343460083
0,0.14641232788562775
0,0.16324739158153534
0,0.1874254047870636
0,0.19388961791992188
0,0.2512493133544922
0,0.2669966220855713
0,0.2753116190433502
0,0.28454190492630005
0,0.21581509709358215
0,0.1558864265680313
0,0.1286950409412384
0,0.09750062972307205
0,0.0622909851372242
0,0.030793169513344765
0,0.06708786636590958
0,0.14838284254074097
0,0.1976332813501358
0,0.14381816983222961
0,0.14729316532611847
0,0.14694400131702423
0,0.15917249023914337
0,0.1339048594236374
0,0.11853756010532379
0,0.1397692710161209
0,0.18025870621204376
0,0.14861591160297394
0,0.10982531309127808
0,0.10952721536159515
0,0.09870951622724533
0,0.09233248233795166
0,0.11039900779724121
0,0.10070139169692993
0,0.11085938662290573
0,0.10974736511707306
0,0.14389635622501373
0,0.13571292161941528
0,0.136233851313591
0,0.1350582242012024
0,0.14629432559013367
0,0.1313275545835495
0,0.1256425976753235
0,0.09036583453416824
0,0.11264945566654205
0,0.13422393798828125
0,0.10848848521709442
0,0.07322373986244202
0,0.0859374850988388
0,0.08180398494005203
0,0.05023925006389618
0,0.045070040971040726
0,0.02710730768740177
0,0.04411594569683075
0,0.052169546484947205
0,0.060027509927749634
0,0.05755385756492615
0,0.07746525853872299
0,0.06346799433231354
0,0.05808814615011215
0,0.059740759432315826
0,0.045034538954496384
0,0.020887041464447975
0,0.03342856839299202
0,0.05285356938838959
0,0.02295493707060814
0,0.04169044643640518
0,0.05253605172038078
0,0.058639753609895706
0,0.030360843986272812
0,0.034627765417099
0,0.08047463744878769
0,0.06031779199838638
0,0.061663515865802765
0,0.06804624944925308
0,0.08104224503040314
0,0.16136692464351654
0,0.25942814350128174
0,0.20043107867240906
0,0.12701544165611267
0,0.1273517906665802
0,0.14389096200466156
0,0.13296617567539215
0,0.1351640671491623
0,0.18225236237049103
0,0.2265191525220871
0,0.17999696731567383
0,0.12682487070560455
0,0.09890025109052658
0,0.13782507181167603
0,0.11736773699522018
0,0.11751925945281982
0,0.136771097779274
0,0.12795504927635193
0,0.11292800307273865
0,0.12769673764705658
0,0.17443899810314178
0,0.2581419050693512
0,0.26384982466697693
0,0.26230278611183167
0,0.26042497158050537
0,0.2977820634841919
0,0.2981441617012024
0,0.3108961880207062
0,0.27822259068489075
0,0.19313651323318481
0,0.13229896128177643
0,0.10578824579715729
0,0.07940411567687988
0,0.06089261174201965
0,0.05692782998085022
0,0.04062961786985397
0,0.029945602640509605
0,0.03895941749215126
0,0.041394613683223724
0,0.07995030283927917
0,0.10507342219352722
0,0.12877236306667328
0,0.11861743032932281
0,0.12830345332622528
0,0.13276340067386627
0,0.09541944414377213
0,0.10086129605770111
0,0.08717498928308487
0,0.11324482411146164
0,0.14347493648529053
0,0.11805262416601181
0,0.10564370453357697
0,0.09762279689311981
0,0.0943610891699791
0,0.059491146355867386
0,0.08717004209756851
0,0.14289307594299316
0,0.22367864847183228
0,0.1892915964126587
0,0.13728903234004974
0,0.0981924757361412
0,0.09803016483783722
0,0.08618922531604767
0,0.1309002786874771
0,0.18145647644996643
0,0.23028530180454254
0,0.28365373611450195
0,0.22902821004390717
0,0.19169552624225616
0,0.18629057705402374
0,0.19065861403942108
0,0.16266191005706787
0,0.14383473992347717
0,0.13192118704319
0,0.1052083894610405
0,0.11541149765253067
0,0.10794269293546677
0,0.10449002683162689
0,0.09511242061853409
0,0.0758049488067627
0,0.08576356619596481
0,0.08907383680343628
0,0.11878719180822372
0,0.15578638017177582
0,0.09122364223003387
0,0.054641492664813995
0,0.07917957752943039
0,0.0422060564160347
0,0.05364236980676651
0,0.05749095603823662
0,0.09509764611721039
0,0.12184198945760727
0,0.11176779121160507
0,0.07737763971090317
0,0.10227473825216293
0,0.10735103487968445
0,0.13263416290283203
0,0.1484120637178421
0,0.09095701575279236
0,0.06002780795097351
0,0.09178857505321503
0,0.10581734776496887
0,0.09059914201498032
0,0.09925366938114166
0,0.08336786180734634
0,0.05678396299481392
0,0.061774395406246185
0,0.0625329315662384
0,0.06877067685127258
0,0.10161270201206207
0,0.13653920590877533
0,0.1374214142560959
0,0.09868600219488144
0,0.12013620883226395
0,0.0870441198348999
0,0.04578658565878868
0,0.07945229858160019
0,0.09278065711259842
0,0.06735368072986603
0,0.06501493602991104
0,0.06667780131101608
0,0.05070659890770912
0,0.0683056190609932
0,0.07477039843797684
0,0.05180630087852478
0,0.03396853804588318
0,0.06963740289211273
0,0.05174259468913078
0,0.033525146543979645
0,0.02943914756178856
0,0.041204337030649185
0,0.039830371737480164
0,0.03435647115111351
0,0.030271761119365692
0,0.056097302585840225
0,0.06790933012962341
0,0.06993935257196426
0,0.05416899919509888
0,0.031037254258990288
0,0.0680030882358551
0,0.06621480733156204
0,0.05150531232357025
0,0.04776562750339508
0,0.04234485700726509
0,0.05762005224823952
0,0.06259673833847046
0,0.05476907268166542
0,0.050513774156570435
0,0.06624691933393478
0,0.07711663842201233
0,0.039659202098846436
0,0.049447495490312576
0,0.04387723281979561
0,0.04256715625524521
0,0.0772160217165947
0,0.05491911992430687
0,0.06530572474002838
0,0.04925403371453285
0,0.07706724852323532
0,0.05898987129330635
0,0.04868486896157265
0,0.04698906093835831
0,0.0497194267809391
0,0.037658605724573135
0,0.05868300795555115
0,0.07895224541425705
0,0.04566241800785065
0,0.05102894827723503
0,0.041742969304323196
0,0.041459403932094574
0,0.024151034653186798
0,0.027539031580090523
0,0.041856590658426285
0,0.05128602683544159
0,0.05581784248352051
0,0.059749167412519455
0,0.05199400708079338
0,0.023169660940766335
0,0.032681502401828766
0,0.040360014885663986
0,0.03631272166967392
0,0.03398801013827324
0,0.05379091203212738
0,0.023361995816230774
0,0.034447893500328064
0,0.04116468504071236
0,0.052140939980745316
0,0.046384405344724655
0,0.029135653749108315
0,0.034924134612083435
0,0.042224884033203125
0,0.03299156203866005
0,0.04289475083351135
0,0.04518873989582062
0,0.029859894886612892
0,0.046445898711681366
0,0.0709669217467308
0,0.02911234274506569
0,0.056578703224658966
0,0.07645419985055923
0,0.07770685106515884
0,0.07762586325407028
0,0.04061758518218994
0,0.07831078767776489
0,0.1113714948296547
0,0.0807950496673584
0,0.08377468585968018
0,0.07485701888799667
0,0.035383936017751694
0,0.0821196660399437
0,0.12010101228952408
0,0.13302358984947205
0,0.13895538449287415
0,0.1406993567943573
0,0.14223521947860718
0,0.14449170231819153
0,0.13334590196609497
0,0.11477784067392349
0,0.10001300275325775
0,0.0999896228313446
0,0.10623553395271301
0,0.09446895122528076
0,0.07145041227340698
0,0.04676022380590439
0,0.015044712461531162
0,0.009204214438796043
0,0.04319274425506592
0,0.06032736971974373
0,0.05812130495905876
0,0.024861494079232216
0,0.03745320439338684
0,0.09996065497398376
0,0.1145809143781662
0,0.0914464071393013
0,0.08789592981338501
0,0.08234834671020508
0,0.10630682855844498
0,0.0971435159444809
0,0.1001238226890564
0,0.1186075508594513
0,0.08579769730567932
0,0.0760582834482193
0,0.050276074558496475
0,0.04352531582117081
0,0.08061623573303223
0,0.0687038004398346
0,0.08726739138364792
0,0.07472490519285202
0,0.07931309193372726
0,0.07522577047348022
0,0.09731737524271011
0,0.10143303126096725
0,0.07348142564296722
0,0.08140802383422852
0,0.05031090974807739
0,0.050757043063640594
0,0.0620432086288929
0,0.045864444226026535
0,0.01938135176897049
0,0.02586187608540058
0,0.014330319128930569
0,0.03914393484592438
0,0.05422054976224899
0,0.051369305700063705
0,0.07617121934890747
0,0.05469725653529167
0,0.017098739743232727
0,0.048386380076408386
0,0.051801834255456924
0,0.07108335942029953
0,0.08484981954097748
0,0.07960214465856552
0,0.0918562263250351
0,0.07029459625482559
0,0.045916128903627396
0,0.030548542737960815
0,0.0391869843006134
0,0.03920549154281616
0,0.03173167258501053
0,0.04279022663831711
0,0.031689681112766266
0,0.01620214246213436
0,0.01809326373040676
0,0.030172429978847504
0,0.02096392959356308
0,0.027787839993834496
0,0.039839617908000946
0,0.055749353021383286
0,0.07196418941020966
0,0.05805787071585655
0,0.043027233332395554
0,0.048049114644527435
0,0.03684571012854576
0,0.03152433782815933
0,0.02476784959435463
0,0.05440012365579605
0,0.054629068821668625
0,0.05836431682109833
0,0.043092992156744
0,0.054993607103824615
0,0.03220810741186142
0,0.02318044751882553
0,0.014176281169056892
0,0.033477991819381714
0,0.06980159878730774
0,0.050508543848991394
0,0.04002024605870247
0,0.08105436712503433
0,0.07337968051433563
0,0.05938728153705597
0,0.08779987692832947
0,0.0704582929611206
0,0.09466052055358887
0,0.15722304582595825
0,0.15471380949020386
0,0.18088704347610474
0,0.18667355179786682
0,0.1750531643629074
0,0.13532079756259918
0,0.12289711087942123
0,0.12100506573915482
0,0.152926504611969
0,0.21252083778381348
0,0.23816436529159546
0,0.19144359230995178
0,0.167705699801445
0,0.15782365202903748
0,0.16128741204738617
0,0.149259552359581
0,0.14714913070201874
0,0.14129193127155304
0,0.14909160137176514
0,0.1202503964304924
0,0.12294299900531769
0,0.10918550193309784
0,0.1015736386179924
0,0.0918586254119873
0,0.11113900691270828
0,0.10278529673814774
0,0.12712375819683075
0,0.1460440754890442
0,0.08736025542020798
0,0.05411412939429283
0,0.07125300914049149
0,0.06795704364776611
0,0.057002171874046326
0,0.03286607936024666
0,0.016118422150611877
0,0.05199107527732849
0,0.059616997838020325
0,0.05852565914392471
0,0.10815254598855972
0,0.10249481350183487
0,0.09445428848266602
0,0.10003919154405594
0,0.0710446760058403
0,0.058313798159360886
0,0.042894378304481506
0,0.03961146995425224
0,0.05408941209316254
0,0.047427013516426086
0,0.05604002624750137
0,0.05238678306341171
0,0.08363417536020279
0,0.12117087841033936
0,0.11990683525800705
0,0.0919557437300682
0,0.07177650928497314
0,0.07540874928236008
0,0.10554154962301254
0,0.11992537975311279
0,0.07040102779865265
0,0.0376460961997509
0,0.06224292144179344
0,0.1113663837313652
0,0.11077220737934113
0,0.10872805118560791
0,0.10478304326534271
0,0.08763109892606735
0,0.13495588302612305
0,0.17046807706356049
0,0.16399043798446655
0,0.16010113060474396
0,0.1704355627298355
0,0.17331856489181519
0,0.14667584002017975
0,0.13568180799484253
0,0.13732756674289703
0,0.12826259434223175
0,0.13221879303455353
0,0.1414671540260315
0,0.13415184617042542
0,0.17252323031425476
0,0.16853965818881989
0,0.18288925290107727
0,0.17901042103767395
0,0.18000350892543793
0,0.1539880335330963
0,0.15375973284244537
0,0.13496612012386322
0,0.13025474548339844
0,0.13551810383796692
0,0.13596037030220032
0,0.14053402841091156
0,0.14174561202526093
0,0.17325274646282196
0,0.19045817852020264
0,0.15501150488853455
0,0.13139155507087708
0,0.12505242228507996
0,0.12556007504463196
0,0.12240548431873322
0,0.12327414751052856
0,0.0938277617096901
0,0.06957849115133286
0,0.0634608045220375
0,0.06698108464479446
0,0.08296307921409607
0,0.08971447497606277
0,0.055226463824510574
0,0.05991406366229057
0,0.06416744738817215
0,0.06106211990118027
0,0.06784610450267792
0,0.0452248752117157
0,0.023352140560746193
0,0.05808994919061661
0,0.06533613801002502
0,0.06481371819972992
0,0.09065241366624832
0,0.13153822720050812
0,0.14931848645210266
0,0.15017366409301758
0,0.15597130358219147
0,0.14056296646595
0,0.1499086618423462
0,0.15660181641578674
0,0.14383600652217865
0,0.09519511461257935
0,0.07923809438943863
0,0.06956004351377487
0,0.06340484321117401
0,0.054722294211387634
0,0.04520423710346222
0,0.047561708837747574
0,0.06053309142589569
0,0.09190133213996887
0,0.11352061480283737
0,0.09194104373455048
0,0.11495272815227509
0,0.10500317811965942
0,0.08275336027145386
0,0.059778522700071335
0,0.060948602855205536
0,0.07802031189203262
0,0.047157809138298035
0,0.046315815299749374
0,0.04560936987400055
0,0.037815991789102554
0,0.07338351011276245
0,0.07035474479198456
0,0.05984367057681084
0,0.04467812180519104
0,0.06602112203836441
0,0.08027811348438263
0,0.08333929628133774
0,0.12095416337251663
0,0.14561787247657776
0,0.17294353246688843
0,0.14354939758777618
0,0.0971720740199089
0,0.05448320135474205
0,0.04480218514800072
0,0.048147618770599365
0,0.04976975545287132
0,0.0447998121380806
0,0.05547720193862915
0,0.09782775491476059
0,0.14936089515686035
0,0.21889126300811768
0,0.19249531626701355
0,0.13068817555904388
0,0.07740671187639236
0,0.03730463609099388
0,0.027505509555339813
0,0.03465411812067032
0,0.05347675085067749
0,0.07977909594774246
0,0.10812939703464508
0,0.10133577138185501
0,0.11013057082891464
0,0.1361461579799652
0,0.17502617835998535
0,0.1987314522266388
0,0.20825813710689545
0,0.1821739822626114
0,0.13582631945610046
0,0.09586072713136673
0,0.05319385603070259
0,0.021126072853803635
0,0.023265665397047997
0,0.015594178810715675
0,0.02984211966395378
0,0.05197237432003021
0,0.09163335710763931
0,0.1009041890501976
0,0.09511786699295044
0,0.09259998798370361
0,0.05490150675177574
0,0.05808497592806816
0,0.055683232843875885
0,0.05974315106868744
0,0.05705186352133751
0,0.05149958282709122
0,0.04404660686850548
0,0.05814681947231293
0,0.09163158386945724
0,0.09999745339155197
0,0.06551510095596313
0,0.05799465999007225
0,0.08093352615833282
0,0.10887372493743896
0,0.10914278030395508
0,0.06730510294437408
0,0.07594054937362671
0,0.09064387530088425
0,0.1011662632226944
0,0.07054747641086578
0,0.06710514426231384
0,0.0607636496424675
0,0.03345002233982086
0,0.02760426700115204
0,0.032484643161296844
0,0.051751356571912766
0,0.030277937650680542
0,0.024322211742401123
0,0.043213311582803726
0,0.05050206184387207
0,0.04886700212955475
0,0.03457389771938324
0,0.020449092611670494
0,0.023967664688825607
0,0.03800806403160095
0,0.04358087107539177
0,0.04244743287563324
0,0.056069184094667435
0,0.09671768546104431
0,0.0885847881436348
0,0.12319736927747726
0,0.18157033622264862
0,0.24924221634864807
0,0.20558641850948334
0,0.14229042828083038
0,0.09258342534303665
0,0.10045350342988968
0,0.09783872961997986
0,0.07020457088947296
0,0.06586150079965591
0,0.050581783056259155
0,0.0482037290930748
0,0.06114041432738304
0,0.05439542233943939
0,0.034023962914943695
0,0.04539314657449722
0,0.059109751135110855
0,0.10985469818115234
0,0.13191528618335724
0,0.13327394425868988
0,0.15175440907478333
0,0.17592376470565796
0,0.18719805777072906
0,0.20245760679244995
0,0.21535098552703857
0,0.17119769752025604
0,0.1538177877664566
0,0.18560343980789185
0,0.19332276284694672
0,0.16328902542591095
0,0.16288398206233978
0,0.14987297356128693
0,0.14309214055538177
0,0.11378563940525055
0,0.12625563144683838
0,0.09824322909116745
0,0.0617859773337841
0,0.10828692466020584
0,0.11014170944690704
0,0.09900505840778351
0,0.08259721100330353
0,0.09369256347417831
0,0.05786261335015297
0,0.06067103520035744
0,0.06855648756027222
0,0.1033550351858139
0,0.09783224016427994
0,0.07344889640808105
0,0.10418715327978134
0,0.07197405397891998
0,0.0711478665471077
0,0.05930492281913757
0,0.09482750296592712
0,0.11561055481433868
0,0.14672712981700897
0,0.17812621593475342
0,0.19154395163059235
0,0.20890864729881287
0,0.17476056516170502
0,0.15901677310466766
0,0.14341917634010315
0,0.11492031812667847
0,0.1334967017173767
0,0.1378294825553894
0,0.14434035122394562
0,0.18097810447216034
0,0.22618281841278076
0,0.2307518571615219
0,0.24970269203186035
0,0.25996845960617065
0,0.2034652978181839
0,0.19082123041152954
0,0.20367591083049774
0,0.2124081403017044
0,0.20106801390647888
0,0.1800910383462906
0,0.15924668312072754
0,0.1506638526916504
0,0.13100284337997437
0,0.09753455966711044
0,0.05212169140577316
0,0.06502315402030945
0,0.06367755681276321
0,0.06529463827610016
0,0.09139186888933182
0,0.10967743396759033
0,0.08066529035568237
0,0.04877975583076477
0,0.0843873843550682
0,0.077728770673275
0,0.08700908720493317
0,0.08111760020256042
0,0.09448627382516861
0,0.08065031468868256
0,0.06168640777468681
0,0.07050448656082153
0,0.07173845916986465
0,0.07130034267902374
0,0.05096840858459473
0,0.0493396520614624
0,0.04934437945485115
0,0.07608668506145477
0,0.08610845357179642
0,0.09716860204935074
0,0.04868358001112938
0,0.08387915045022964
0,0.10173222422599792
0,0.10344667732715607
0,0.14689673483371735
0,0.14080816507339478
0,0.09407314658164978
0,0.07112279534339905
0,0.08481352031230927
0,0.09024648368358612
0,0.11678502708673477
0,0.07053405046463013
0,0.034190598875284195
0,0.06074880063533783
0,0.04199690371751785
0,0.041405897587537766
0,0.044461045414209366
0,0.06639973819255829
0,0.042904116213321686
0,0.058503393083810806
0,0.0815630853176117
0,0.08730915933847427
0,0.0921720415353775
0,0.10112399607896805
0,0.13529850542545319
0,0.19182538986206055
0,0.23653379082679749
0,0.2742169499397278
0,0.2593340575695038
0,0.248956099152565
0,0.24598225951194763
0,0.2393520027399063
0,0.21450001001358032
0,0.19317010045051575
0,0.1910770684480667
0,0.18963836133480072
0,0.21914905309677124
0,0.20256207883358002
0,0.19659234583377838
0,0.19150742888450623
0,0.15034016966819763
0,0.16003748774528503
0,0.14757303893566132
0,0.09850896894931793
0,0.06174439191818237
0,0.05018022656440735
0,0.06807653605937958
0,0.10293346643447876
0,0.1326712667942047
0,0.14375394582748413
0,0.1280093789100647
0,0.08463376015424728
0,0.08368267118930817
0,0.10048853605985641
0,0.10386466979980469
0,0.10023826360702515
0,0.10558350384235382
0,0.10092650353908539
0,0.11388688534498215
0,0.08965758979320526
0,0.0791868045926094
0,0.09150797873735428
0,0.1348300576210022
0,0.10943075269460678
0,0.09368768334388733
0,0.06272542476654053
0,0.061968833208084106
0,0.05735494941473007
0,0.08396787941455841
0,0.0938207283616066
0,0.14037761092185974
0,0.10843246430158615
0,0.07632456719875336
0,0.07546276599168777
0,0.08064489811658859
0,0.08937536925077438
0,0.09414137154817581
0,0.07080414891242981
0,0.05047508701682091
0,0.04392561689019203
0,0.08854713290929794
0,0.09746609628200531
0,0.06507467478513718
0,0.03972487524151802
0,0.059222254902124405
0,0.08545506000518799
0,0.1111496090888977
0,0.14375610649585724
0,0.18452876806259155
0,0.23421625792980194
0,0.2909463942050934
0,0.2855256497859955
0,0.2602531611919403
0,0.2180453985929489
0,0.18235933780670166
0,0.18663522601127625
0,0.18294870853424072
0,0.12262766808271408
0,0.0666034147143364
0,0.04912855103611946
0,0.04254462942481041
0,0.03915274143218994
0,0.03194975480437279
0,0.07026851922273636
0,0.047126270830631256
0,0.027240032330155373
0,0.053630899637937546
0,0.07306301593780518
0,0.08669969439506531
0,0.0478937067091465
0,0.06306293606758118
0,0.07326661050319672
0,0.06142279878258705
0,0.04341353103518486
0,0.08022542297840118
0,0.06393549591302872
0,0.03529847785830498
0,0.038082707673311234
0,0.04742469638586044
0,0.04410860687494278
0,0.02441081590950489
0,0.0824141800403595
0,0.029291264712810516
0,0.03646262735128403
0,0.08890436589717865
0,0.13752961158752441
0,0.1279294192790985
0,0.11157440394163132
0,0.09664907306432724
0,0.08699815720319748
0,0.09086743742227554
0,0.12402494251728058
0,0.09549855440855026
0,0.05649317800998688
0,0.018616076558828354
0,0.04095558077096939
0,0.04146013408899307
0,0.05259934812784195
0,0.08002495020627975
0,0.0904085785150528
0,0.1015709638595581
0,0.1207972913980484
0,0.12243662029504776
0,0.16911086440086365
0,0.19951561093330383
0,0.16815252602100372
0,0.09982092678546906
0,0.07659309357404709
0,0.07409020513296127
0,0.06112830340862274
0,0.07651105523109436
0,0.06340742111206055
0,0.05707154422998428
0,0.0664624571800232
0,0.06374377757310867
0,0.06611555814743042
0,0.06924506276845932
0,0.0909324586391449
0,0.08307500183582306
0,0.0834350511431694
0,0.10818788409233093
0,0.0970214456319809
0,0.15764670073986053
0,0.11093045026063919
0,0.07467005401849747
0,0.06887330114841461
0,0.09098267555236816
0,0.0789351537823677
0,0.07903821021318436
0,0.0806809589266777
0,0.06934183090925217
0,0.09302375465631485
0,0.10567531734704971
0,0.0993364155292511
0,0.08579114824533463
0,0.09629371017217636
0,0.11167076230049133
0,0.1384062021970749
0,0.19194097816944122
0,0.1726408749818802
0,0.1760415881872177
0,0.19643397629261017
0,0.1418900042772293
0,0.09794333577156067
0,0.05460508540272713
0,0.04067961126565933
0,0.050043173134326935
0,0.057022854685783386
0,0.0933448001742363
0,0.08660978078842163
0,0.06765691936016083
0,0.10250531136989594
0,0.1242983341217041
0,0.17631298303604126
0,0.18777033686637878
0,0.13529956340789795
0,0.11041948944330215
0,0.174747034907341
0,0.15122613310813904
0,0.1133609488606453
0,0.0890011265873909
0,0.08221679925918579
0,0.11994276940822601
0,0.1143888458609581
0,0.11410842090845108
0,0.08867545425891876
0,0.0675576776266098
0,0.07433593273162842
0,0.09062056243419647
0,0.12745849788188934
0,0.1341809779405594
0,0.10614266246557236
0,0.11613037437200546
0,0.18416833877563477
0,0.19562581181526184
0,0.18618455529212952
0,0.1266574263572693
0,0.1126098707318306
0,0.12197248637676239
0,0.15729838609695435
0,0.19023863971233368
0,0.1768491566181183
0,0.14311768114566803
0,0.09506339579820633
0,0.10864518582820892
0,0.11192775517702103
0,0.09845840185880661
0,0.10778986662626266
0,0.15348803997039795
0,0.18013431131839752
0,0.11951474845409393
0,0.0804995447397232
0,0.0642443522810936
0,0.0904211774468422
0,0.13514159619808197
0,0.14097215235233307
0,0.17930030822753906
0,0.16649650037288666
0,0.1137247234582901
0,0.11398018151521683
0,0.11029154062271118
0,0.11702895909547806
0,0.08143536746501923
0,0.14418832957744598
0,0.138666033744812
0,0.1080346331000328
0,0.09829787909984589
0,0.04483318328857422
0,0.04967138543725014
0,0.03219442814588547
0,0.05224396288394928
0,0.09966198354959488
0,0.07568012923002243
0,0.04659022390842438
0,0.03742498531937599
0,0.06670721620321274
0,0.05098029226064682
0,0.0669880360364914
0,0.1285245567560196
0,0.18778246641159058
0,0.1847003847360611
0,0.19634562730789185
0,0.21250174939632416
0,0.18746058642864227
0,0.17197751998901367
0,0.1627235859632492
0,0.14614982903003693
0,0.16039152443408966
0,0.17303404211997986
0,0.18138131499290466
0,0.22894187271595
0,0.2122814655303955
0,0.20520271360874176
0,0.1962614506483078
0,0.1537773609161377
0,0.10142865777015686
0,0.07988850027322769
0,0.07721874117851257
0,0.052795134484767914
0,0.027277633547782898
0,0.03786737471818924
0,0.057570137083530426
0,0.04880015179514885
0,0.06242414191365242
0,0.07926750928163528
0,0.06021985039114952
0,0.09269015491008759
0,0.11104656010866165
0,0.12618803977966309
0,0.1527884304523468
0,0.18007610738277435
0,0.13923102617263794
0,0.09496001899242401
0,0.1498856097459793
0,0.14966273307800293
0,0.14061971008777618
0,0.10673223435878754
0,0.1020994558930397
0,0.09575510770082474
0,0.12275185436010361
0,0.15160703659057617
0,0.11741535365581512
0,0.08824767917394638
0,0.058302782475948334
0,0.06675585359334946
0,0.09300451725721359
0,0.06192059814929962
0,0.04968269169330597
0,0.04868079721927643
0,0.04404881224036217
0,0.09275197982788086
0,0.06333405524492264
0,0.043104518204927444
0,0.0479053296148777
0,0.05450358986854553
0,0.06706350296735764
0,0.07885677367448807
0,0.08740195631980896
0,0.08154591917991638
0,0.07026146352291107
0,0.07212874293327332
0,0.056247297674417496
0,0.06829989701509476
0,0.07973359525203705
0,0.076448455452919
0,0.09120867401361465
0,0.11306000500917435
0,0.15590162575244904
0,0.18823005259037018
0,0.16168099641799927
0,0.1860741823911667
0,0.18498355150222778
0,0.17579224705696106
0,0.16252310574054718
0,0.15360036492347717
0,0.14699146151542664
0,0.11690351366996765
0,0.15339113771915436
0,0.10975172370672226
0,0.08120057731866837
0,0.10258755087852478
0,0.13058693706989288
0,0.15294085443019867
0,0.16149167716503143
0,0.16773702204227448
0,0.19129599630832672
0,0.17537212371826172
0,0.1526487022638321
0,0.14664031565189362
0,0.17673395574092865
0,0.2006746083498001
0,0.19177159667015076
0,0.20420663058757782
0,0.16840876638889313
0,0.13039319217205048
0,0.12999951839447021
0,0.09454090148210526
0,0.08177999407052994
0,0.07676982134580612
0,0.10221196711063385
0,0.11819446831941605
0,0.12543880939483643
0,0.1465047001838684
0,0.16752956807613373
0,0.16587956249713898
0,0.15297162532806396
0,0.13479703664779663
0,0.10843326896429062
0,0.10917968302965164
0,0.09262318164110184
0,0.08145925402641296
0,0.09769275784492493
0,0.10508742183446884
0,0.0850546732544899
0,0.08414851129055023
0,0.1287880539894104
0,0.12031242996454239
0,0.11488591134548187
0,0.13726018369197845
0,0.11911144107580185
0,0.14853982627391815
0,0.18419210612773895
0,0.15355227887630463
0,0.14485430717468262
0,0.1865396499633789
0,0.16792643070220947
0,0.1726251095533371
0,0.14099673926830292
0,0.10941709578037262
0,0.0893828496336937
0,0.10949216783046722
0,0.12297040969133377
0,0.09473223984241486
0,0.10822725296020508
0,0.10168253630399704
0,0.11725346744060516
0,0.14411863684654236
0,0.11704601347446442
0,0.09951865673065186
0,0.1021772101521492
0,0.12383377552032471
0,0.10924243927001953
0,0.11883266270160675
0,0.10788893699645996
0,0.09023332595825195
0,0.13380157947540283
0,0.15795256197452545
0,0.1435289978981018
0,0.14320829510688782
0,0.13246990740299225
0,0.12652325630187988
0,0.1384648233652115
0,0.09978729486465454
0,0.08254120498895645
0,0.0827672928571701
0,0.0666813850402832
0,0.06233798339962959
0,0.06478128582239151
0,0.06250140070915222
0,0.07455476373434067
0,0.08056993782520294
0,0.08014161139726639
0,0.07169581949710846
0,0.09832565486431122
0,0.14116017520427704
0,0.11325892060995102
0,0.13068902492523193
0,0.15679053962230682
0,0.17870384454727173
0,0.1434379369020462
0,0.15985490381717682
0,0.11257458478212357
0,0.10830581188201904
0,0.10008008033037186
0,0.054734017699956894
0,0.061082690954208374
0,0.06646071374416351
0,0.0692121759057045
0,0.07936883717775345
0,0.08431684970855713
0,0.0881928950548172
0,0.11539289355278015
0,0.11695057153701782
0,0.13559632003307343
0,0.1551632583141327
0,0.1627843677997589
0,0.14583051204681396
0,0.1484452188014984
0,0.09903115034103394
0,0.0453227236866951
0,0.0673382356762886
0,0.06845156103372574
0,0.07982660084962845
0,0.10543558746576309
0,0.09791482985019684
0,0.08591101318597794
0,0.10919259488582611
0,0.16176384687423706
0,0.1844826340675354
0,0.17420318722724915
0,0.17853669822216034
0,0.1257188320159912
0,0.13451747596263885
0,0.1646822839975357
0,0.18796883523464203
0,0.1261834055185318
0,0.07711406797170639
0,0.08365798741579056
0,0.10058925300836563
0,0.08760639280080795
0,0.09454059600830078
0,0.09867601841688156
0,0.12474165856838226
0,0.15126435458660126
0,0.1429486721754074
0,0.21743495762348175
0,0.24215906858444214
0,0.2102300524711609
0,0.16654355823993683
0,0.1052442193031311
0,0.09407094866037369
0,0.11331651359796524
0,0.1377030313014984
0,0.07060185819864273
0,0.07909510284662247
0,0.06385891884565353
0,0.07083362340927124
0,0.12036038935184479
0,0.07825794070959091
0,0.09768594056367874
0,0.10715220123529434
0,0.10865121334791183
0,0.08673666417598724
0,0.06485939025878906
0,0.053124602884054184
0,0.04847227409482002
0,0.05592186003923416
0,0.09667779505252838
0,0.0835479274392128
0,0.07193686813116074
0,0.0535258948802948
0,0.09599827229976654
0,0.1437016874551773
0,0.17499984800815582
0,0.12622053921222687
0,0.08157408237457275
0,0.0915369838476181
0,0.08445564657449722
0,0.11230479180812836
0,0.10631190240383148
0,0.1354236751794815
0,0.15943031013011932
0,0.12521755695343018
0,0.10389856994152069
0,0.09917410463094711
0,0.1138702929019928
0,0.08174972981214523
0,0.10859914869070053
0,0.057963185012340546
0,0.03655925765633583
0,0.0472203828394413
0,0.04691106453537941
0,0.09026928246021271
0,0.11931274831295013
0,0.104195736348629
0,0.12192843854427338
0,0.08975127339363098
0,0.09724442660808563
0,0.11091200262308121
0,0.10701122134923935
0,0.14049939811229706
0,0.08892890810966492
0,0.06425872445106506
0,0.09041636437177658
0,0.08672641962766647
0,0.0917331725358963
0,0.06199690327048302
0,0.0631565973162651
0,0.05711442977190018
0,0.07016029208898544
0,0.07446638494729996
0,0.06740707159042358
0,0.03359834477305412
0,0.04283053055405617
0,0.02894384227693081
0,0.06525251269340515
0,0.0824253112077713
0,0.06174442544579506
0,0.055864639580249786
0,0.06996358186006546
0,0.09494936466217041
0,0.10920161008834839
0,0.15711823105812073
0,0.2040441632270813
0,0.20412759482860565
0,0.21422623097896576
0,0.19575920701026917
0,0.15307006239891052
0,0.14791284501552582
0,0.15785270929336548
0,0.16957616806030273
0,0.15449604392051697
0,0.17049364745616913
0,0.13506869971752167
0,0.09772143512964249
0,0.11375919729471207
0,0.08925178647041321
0,0.08625946193933487
0,0.08023256808519363
0,0.0755048468708992
0,0.059159133583307266
0,0.057308096438646317
0,0.09500128030776978
0,0.09925200045108795
0,0.1148650273680687
0,0.08015894144773483
0,0.055423133075237274
0,0.08068130910396576
0,0.10466127842664719
0,0.07303883880376816
0,0.08922650665044785
0,0.053526993840932846
0,0.0574861615896225
0,0.08747989684343338
0,0.13465024530887604
0,0.1333651840686798
0,0.20926500856876373
0,0.20882156491279602
0,0.18330201506614685
0,0.2080787718296051
0,0.16261769831180573
0,0.1020570695400238
0,0.06033989042043686
0,0.04650424048304558
0,0.019460519775748253
0,0.030810894444584846
0,0.021244321018457413
0,0.03204457089304924
0,0.06012095510959625
0,0.0701926127076149
0,0.08125597983598709
0,0.09394605457782745
0,0.1134258285164833
0,0.07799550145864487
0,0.0908820852637291
0,0.1280975192785263
0,0.15253140032291412
0,0.11593230068683624
0,0.09638993442058563
0,0.10606269538402557
0,0.14664267003536224
0,0.14862309396266937
0,0.165174663066864
0,0.17820101976394653
0,0.1707562357187271
0,0.12104969471693039
0,0.12262915074825287
0,0.07197496294975281
0,0.026067141443490982
0,0.022021597251296043
0,0.03576890379190445
0,0.055379968136548996
0,0.08822262287139893
0,0.12427746504545212
0,0.14067740738391876
0,0.11779536306858063
0,0.09100659936666489
0,0.06028788909316063
0,0.09463657438755035
0,0.12409847229719162
0,0.0921902135014534
0,0.07747404277324677
0,0.11373075842857361
0,0.17381645739078522
0,0.2106385976076126
0,0.20534738898277283
0,0.22133390605449677
0,0.27196118235588074
0,0.2570623755455017
0,0.21063551306724548
0,0.12301862984895706
0,0.09887810796499252
0,0.10136812925338745
0,0.11368892341852188
0,0.0848422646522522
0,0.0669560581445694
0,0.078573077917099
0,0.07390274852514267
0,0.08538126200437546
0,0.08964759111404419
0,0.11905932426452637
0,0.16701558232307434
0,0.19714538753032684
0,0.2096322774887085
0,0.18355034291744232
0,0.13210907578468323
0,0.13677693903446198
0,0.13694457709789276
0,0.10594387352466583
0,0.07100500911474228
0,0.08942106366157532
0,0.07797980308532715
0,0.11306633800268173
0,0.0949617475271225
0,0.05965261161327362
0,0.10782703757286072
0,0.12571439146995544
0,0.10798860341310501
0,0.11189142614603043
0,0.12074970453977585
0,0.12430203706026077
0,0.16846734285354614
0,0.22695551812648773
0,0.27157264947891235
0,0.240962415933609
0,0.17468024790287018
0,0.16742388904094696
0,0.16737043857574463
0,0.1782618761062622
0,0.15831908583641052
0,0.12107592821121216
0,0.09915486723184586
0,0.1064436286687851
0,0.11530988663434982
0,0.09317661076784134
0,0.08625233173370361
0,0.0817720890045166
0,0.09959248453378677
0,0.138522669672966
0,0.16184782981872559
0,0.15547528862953186
0,0.19007229804992676
0,0.19995221495628357
0,0.18544326722621918
0,0.17505379021167755
0,0.1368442177772522
0,0.12008316069841385
0,0.12252732366323471
0,0.1418427973985672
0,0.1178567036986351
0,0.09073927253484726
0,0.08834268897771835
0,0.08777685463428497
0,0.07620642334222794
0,0.07284602522850037
0,0.06644240766763687
0,0.06263746321201324
0,0.05004207044839859
0,0.05752003192901611
0,0.04914672300219536
0,0.07499732822179794
0,0.10509556531906128
0,0.1243290826678276
0,0.1318834125995636
0,0.11616276204586029
0,0.054252274334430695
0,0.016258155927062035
0,0.041184283792972565
0,0.052414774894714355
0,0.02982335537672043
0,0.04922938719391823
0,0.04243012145161629
0,0.032963596284389496
0,0.05664723739027977
0,0.09570615738630295
0,0.12057734280824661
0,0.10743925720453262
0,0.10255548357963562
0,0.0919521152973175
0,0.09073857963085175
0,0.0854949876666069
0,0.05340119078755379
0,0.041377242654561996
0,0.06600330770015717
0,0.07857780903577805
0,0.060905419290065765
0,0.057811081409454346
0,0.06617056578397751
0,0.04565365985035896
0,0.033721841871738434
0,0.0424245223402977
0,0.021822039037942886
0,0.012576838955283165
0,0.01763678342103958
0,0.020601581782102585
0,0.015540728345513344
0,0.038056645542383194
0,0.05841619521379471
0,0.06132303178310394
0,0.04410206153988838
0,0.08306169509887695
0,0.06704403460025787
0,0.08250076323747635
0,0.056886326521635056
0,0.06285738199949265
0,0.0789080262184143
0,0.0860152542591095
0,0.1387825608253479
0,0.1402866691350937
0,0.1150621622800827
0,0.1346191018819809
0,0.1258760243654251
0,0.138000950217247
0,0.10538534075021744
0,0.07958585023880005
0,0.053281188011169434
0,0.03182600438594818
0,0.0461963526904583
0,0.04482140764594078
0,0.05586106702685356
0,0.1083364486694336
0,0.07912159711122513
0,0.09300286322832108
0,0.11113428324460983
0,0.09651024639606476
0,0.11683878302574158
0,0.11984089016914368
0,0.14231833815574646
0,0.14202389121055603
0,0.1575036644935608
0,0.15531377494335175
0,0.12583310902118683
0,0.12211044877767563
0,0.12283755838871002
0,0.11548960208892822
0,0.11217746883630753
0,0.06787214428186417
0,0.0654401108622551
0,0.06425410509109497
0,0.11873763054609299
0,0.11437907814979553
0,0.08939340710639954
0,0.0666976198554039
0,0.06288336962461472
0,0.04181848093867302
0,0.09177760034799576
0,0.09199231117963791
0,0.05298542231321335
0,0.046187493950128555
0,0.0481729730963707
0,0.02205572836101055
0,0.03182685375213623
0,0.023317528888583183
0,0.02373143658041954
0,0.030926425009965897
0,0.04414753615856171
0,0.05882105231285095
0,0.08071617782115936
0,0.08427383750677109
0,0.06062543764710426
0,0.07154478132724762
0,0.08923687785863876
0,0.13948026299476624
0,0.12594890594482422
0,0.09507088363170624
0,0.07417123019695282
0,0.07560225576162338
0,0.088104747235775
0,0.09695535898208618
0,0.08767069876194
0,0.09240979701280594
0,0.0993788093328476
0,0.09384433180093765
0,0.1025409996509552
0,0.13458220660686493
0,0.1377762407064438
0,0.07061223685741425
0,0.0778401717543602
0,0.07755106687545776
0,0.0751805230975151
0,0.06496665626764297
0,0.07741893827915192
0,0.03629142418503761
0,0.047478366643190384
0,0.07819469273090363
0,0.10864320397377014
0,0.09242763370275497
0,0.049987420439720154
0,0.06089045852422714
0,0.0531805083155632
0,0.039562124758958817
0,0.03771539777517319
0,0.05192892625927925
0,0.10236871987581253
0,0.13405285775661469
0,0.11809924244880676
0,0.09969651699066162
0,0.10715501010417938
0,0.08520980179309845
0,0.062190402299165726
0,0.06214376538991928
0,0.05025221407413483
0,0.05333913490176201
0,0.05569062754511833
0,0.06147222965955734
0,0.08286914974451065
0,0.07487516105175018
0,0.0837477520108223
0,0.11222139000892639
0,0.13662602007389069
1,0.11023306101560593
1,0.09800680726766586
1,0.10418064892292023
1,0.14810387790203094
1,0.07634121924638748
1,0.058357253670692444
0,0.06672537326812744
0,0.10151608288288116
0,0.10318449884653091
0,0.0816635712981224
0,0.08711180835962296
0,0.12349183857440948
0,0.1116035059094429
0,0.10583716630935669
0,0.10829450935125351
0,0.11118332296609879
0,0.08301902562379837
0,0.037303365767002106
0,0.032955411821603775
0,0.06745447963476181
0,0.054633401334285736
0,0.024706974625587463
0,0.048743534833192825
0,0.06943674385547638
0,0.07810278981924057
0,0.06307406723499298
0,0.06584137678146362
0,0.0761861577630043
0,0.07444021105766296
0,0.0810612216591835
0,0.0688229352235794
0,0.03769471496343613
0,0.054200831800699234
0,0.080652616918087
0,0.08186221122741699
0,0.11762246489524841
0,0.1339171677827835
0,0.13389727473258972
0,0.1388835906982422
0,0.14298270642757416
0,0.18691128492355347
0,0.24558819830417633
0,0.23667789995670319
0,0.23598654568195343
0,0.1862809807062149
0,0.10857300460338593
0,0.06796404719352722
0,0.10129652917385101
0,0.09051194787025452
0,0.10557284951210022
0,0.0997057855129242
0,0.09098736196756363
0,0.06070550158619881
0,0.040715642273426056
0,0.05557730421423912
0,0.07871698588132858
0,0.15127460658550262
0,0.12432640790939331
0,0.10750991106033325
0,0.1052764430642128
0,0.08898279070854187
0,0.1145048588514328
0,0.11502621322870255
0,0.10522057116031647
0,0.07498351484537125
0,0.06834258884191513
0,0.044180963188409805
0,0.04703734442591667
0,0.04437771439552307
0,0.041057538241147995
0,0.060183946043252945
0,0.1129646748304367
0,0.14052850008010864
0,0.17808718979358673
0,0.2225969433784485
0,0.2554866075515747
0,0.2163400799036026
0,0.22239089012145996
0,0.2587451636791229
0,0.21700768172740936
0,0.22772924602031708
0,0.22609467804431915
0,0.1843305230140686
0,0.16016025841236115
0,0.16702823340892792
0,0.09783687442541122
0,0.09609650075435638
0,0.058949146419763565
0,0.038492050021886826
0,0.06443772464990616
0,0.10528717935085297
0,0.12569832801818848
0,0.15625877678394318
0,0.14196579158306122
0,0.09006655216217041
0,0.09945303946733475
0,0.092290498316288
0,0.09701509028673172
0,0.09345074743032455
0,0.0944506898522377
0,0.10255681723356247
0,0.15649884939193726
0,0.202585831284523
0,0.2687574028968811
0,0.27732792496681213
0,0.25081026554107666
0,0.21189746260643005
0,0.20135104656219482
0,0.1285310834646225
0,0.13450518250465393
0,0.1439218521118164
0,0.15145635604858398
0,0.13350974023342133
0,0.08935592323541641
0,0.11667021363973618
0,0.11097542196512222
0,0.1642470806837082
0,0.13483406603336334
0,0.06767774373292923
0,0.08044465631246567
0,0.08615876734256744
0,0.10551473498344421
0,0.060140062123537064
0,0.037985850125551224
0,0.07315188646316528
0,0.08785218000411987
0,0.13048981130123138
0,0.1595413237810135
0,0.17380379140377045
0,0.18548014760017395
0,0.1981997787952423
0,0.19586141407489777
0,0.17273887991905212
0,0.14767470955848694
1,0.11206750571727753
1,0.10366154462099075
1,0.08551173657178879
1,0.03752938285470009
0,0.025144578889012337
0,0.06179921701550484
0,0.07184666395187378
0,0.10935426503419876
0,0.13863332569599152
0,0.15460047125816345
0,0.17104782164096832
0,0.16015197336673737
0,0.1435633897781372
0,0.1369742751121521
0,0.13938990235328674
0,0.09159296751022339
0,0.09236521273851395
0,0.11558384448289871
0,0.09742120653390884
0,0.08306298404932022
0,0.06494051218032837
0,0.06166413798928261
0,0.09844090044498444
0,0.09638112038373947
0,0.11877951771020889
0,0.0619262233376503
0,0.06911647319793701
0,0.09157495200634003
0,0.11442363262176514
0,0.15814326703548431
0,0.13221116364002228
0,0.10730522871017456
0,0.12540870904922485
0,0.1305212676525116
0,0.14786359667778015
0,0.14309242367744446
0,0.13279041647911072
0,0.13144704699516296
0,0.14054039120674133
0,0.12486309558153152
0,0.16009223461151123
0,0.19609752297401428
0,0.19572606682777405
0,0.16013984382152557
0,0.10066075623035431
0,0.07927664369344711
0,0.08704826980829239
0,0.10449370741844177
0,0.12328967452049255
0,0.10805491358041763
0,0.10133840143680573
0,0.13399286568164825
0,0.11683957278728485
0,0.11181379854679108
0,0.13975150883197784
0,0.11306741833686829
0,0.11116144806146622
0,0.10563436150550842
0,0.10466565191745758
0,0.17109575867652893
0,0.18757666647434235
0,0.1374157816171646
0,0.12335503846406937
0,0.12146122753620148
0,0.12159424275159836
0,0.0933668464422226
0,0.1043761596083641
0,0.12056093662977219
0,0.1296682059764862
0,0.14527687430381775
1,0.15801426768302917
1,0.14584551751613617
1,0.10151487588882446
1,0.07900296151638031
1,0.07872330397367477
1,0.035615116357803345
1,0.028316574171185493
1,0.045170918107032776
0,0.048725031316280365
0,0.05872960016131401
0,0.057738982141017914
0,0.04972474277019501
0,0.052214957773685455
0,0.06921318918466568
0,0.07232813537120819
0,0.08640451729297638
1,0.08771449327468872
1,0.08687789738178253
1,0.10926705598831177
1,0.1372886449098587
1,0.05322355031967163
1,0.05007896572351456
0,0.052716221660375595
0,0.07384898513555527
0,0.08988922834396362
0,0.10229593515396118
0,0.11087629944086075
0,0.13808846473693848
0,0.09130555391311646
0,0.07215026766061783
0,0.06797374784946442
0,0.07768864184617996
0,0.07438179850578308
0,0.04277586564421654
0,0.039604101330041885
0,0.0505002997815609
0,0.07118281722068787
0,0.06947596371173859
0,0.06871965527534485
0,0.09491515904664993
0,0.09927020967006683
0,0.07856690138578415
0,0.09113619476556778
0,0.08200494945049286
0,0.059413593262434006
0,0.07752985507249832
0,0.09854703396558762
0,0.06330607086420059
0,0.04572251811623573
0,0.06132587790489197
0,0.08511901646852493
0,0.07278675585985184
0,0.0635979026556015
0,0.10502833127975464
0,0.1285356730222702
0,0.14110656082630157
0,0.17714062333106995
0,0.15029536187648773
0,0.13749323785305023
0,0.15400025248527527
0,0.11726133525371552
0,0.08423072099685669
0,0.06465469300746918
0,0.028715018182992935
0,0.054514817893505096
0,0.06843703240156174
0,0.04130540415644646
0,0.03394569084048271
0,0.05887433513998985
0,0.12215221673250198
0,0.12597455084323883
0,0.16013552248477936
0,0.17662616074085236
0,0.18171173334121704
0,0.18541571497917175
0,0.14245879650115967
0,0.10006339102983475
0,0.07571902126073837
0,0.04800979793071747
0,0.023441169410943985
0,0.02485722489655018
0,0.04286426678299904
0,0.03556203097105026
0,0.016698572784662247
0,0.04468335956335068
0,0.06481671333312988
0,0.07286559045314789
0,0.078297920525074
0,0.1016681119799614
0,0.10934925079345703
0,0.09394165873527527
0,0.11656830459833145
0,0.11754690110683441
0,0.1228465661406517
0,0.17342984676361084
0,0.16725333034992218
0,0.13600359857082367
0,0.12807421386241913
0,0.11047758162021637
0,0.11021831631660461
0,0.11690691113471985
0,0.10231536626815796
0,0.10201514512300491
0,0.09786272794008255
0,0.10478320717811584
0,0.12199320644140244
0,0.08471384644508362
0,0.07283161580562592
0,0.020973797887563705
0,0.022518174722790718
0,0.03380740433931351
0,0.033541299402713776
0,0.017498305067420006
0,0.042208001017570496
0,0.05087190493941307
0,0.05903692916035652
0,0.08877554535865784
0,0.0989135205745697
0,0.058554161339998245
0,0.05849551409482956
0,0.09780409932136536
0,0.08518271893262863
0,0.08402388542890549
0,0.1096561998128891
0,0.12466038763523102
0,0.11626773327589035
0,0.07208532094955444
0,0.050954610109329224
0,0.07035807520151138
0,0.09643679857254028
0,0.06571470946073532
0,0.05947723239660263
0,0.037405576556921005
0,0.051873356103897095
0,0.08994574844837189
0,0.10414852946996689
0,0.13830873370170593
0,0.1335795372724533
0,0.14648033678531647
0,0.1400926411151886
0,0.14905528724193573
0,0.15784981846809387
0,0.16613730788230896
0,0.17503459751605988
0,0.2178134173154831
0,0.298990935087204
0,0.33645716309547424
0,0.3100678622722626
0,0.254723459482193
0,0.24916814267635345
0,0.24226708710193634
0,0.26910796761512756
0,0.26939013600349426
0,0.2501481771469116
0,0.18179814517498016
0,0.16307015717029572
0,0.21020250022411346
0,0.21452517807483673
0,0.15084095299243927
0,0.1550406515598297
0,0.12747205793857574
0,0.09432362765073776
0,0.10174424201250076
0,0.14283281564712524
0,0.11685547232627869
0,0.10080607235431671
0,0.09846193343400955
0,0.0740729421377182
0,0.0900396853685379
0,0.07607334852218628
0,0.03634459525346756
0,0.06143079698085785
0,0.03889346495270729
0,0.05196239426732063
0,0.07074111700057983
0,0.11264050751924515
0,0.0978148952126503
0,0.10619351267814636
0,0.14747153222560883
0,0.0969790369272232
0,0.091529481112957
0,0.12177020311355591
0,0.12211087346076965
0,0.10410729795694351
0,0.10662771016359329
0,0.10219046473503113
0,0.09401136636734009
0,0.11966973543167114
0,0.1787574589252472
0,0.20170250535011292
0,0.20338012278079987
0,0.1507846564054489
0,0.10831577330827713
0,0.10246896743774414
0,0.11233220249414444
0,0.0978076383471489
0,0.07499373704195023
0,0.08741696923971176
0,0.11848712712526321
0,0.1736677885055542
0,0.18330492079257965
0,0.12367647141218185
0,0.059617556631565094
0,0.0737459659576416
0,0.08796043694019318
0,0.09829574823379517
0,0.1118275374174118
0,0.11999866366386414
0,0.08458612859249115
0,0.09379879385232925
0,0.13441258668899536
0,0.1322343647480011
0,0.16544872522354126
0,0.17595766484737396
0,0.17878395318984985
0,0.17756034433841705
0,0.1196122020483017
0,0.06800887733697891
0,0.05880897119641304
0,0.04243069887161255
0,0.06305593252182007
0,0.06786701828241348
0,0.08245722949504852
0,0.0987686738371849
0,0.09396275877952576
0,0.06848420202732086
0,0.07999429106712341
0,0.05421649292111397
0,0.05026349797844887
0,0.05704411119222641
0,0.06675712019205093
0,0.08538208901882172
0,0.1021239310503006
0,0.14505505561828613
0,0.12691493332386017
0,0.13342416286468506
0,0.12585397064685822
0,0.11883342266082764
0,0.07544012367725372
0,0.06335479766130447
0,0.07618674635887146
0,0.10309708118438721
0,0.16112473607063293
0,0.2288338541984558
0,0.2161288559436798
0,0.14517603814601898
0,0.1785103976726532
0,0.18629053235054016
0,0.2073213905096054
0,0.20988373458385468
0,0.21001508831977844
0,0.20236100256443024
0,0.2077999711036682
0,0.25623607635498047
0,0.21821661293506622
0,0.1542404294013977
0,0.1285727471113205
0,0.11399974673986435
0,0.09758076071739197
0,0.09102803468704224
0,0.09718941897153854
0,0.10258118063211441
0,0.07970168441534042
0,0.07177113741636276
0,0.09861377626657486
0,0.1088365986943245
0,0.09234447777271271
0,0.09076486527919769
0,0.07928489148616791
0,0.06623249500989914
0,0.058493293821811676
0,0.04126709699630737
0,0.06449568271636963
0,0.07592465728521347
0,0.08116628229618073
0,0.0899168998003006
0,0.106489397585392
0,0.10918451100587845
0,0.12743401527404785
0,0.15877000987529755
0,0.2084883749485016
0,0.27443498373031616
0,0.3178422451019287
0,0.3133469223976135
0,0.3116888701915741
0,0.27041324973106384
0,0.20106495916843414
0,0.13763168454170227
0,0.11339331418275833
0,0.08759748190641403
0,0.08275925368070602
0,0.08827781677246094
0,0.09489933401346207
0,0.11690665036439896
0,0.10726551711559296
0,0.12338094413280487
0,0.13957346975803375
0,0.13467831909656525
0,0.13018126785755157
0,0.12902618944644928
0,0.12639333307743073
0,0.12813863158226013
0,0.16560354828834534
0,0.18584293127059937
0,0.1711566299200058
0,0.15522533655166626
0,0.14095889031887054
0,0.13493037223815918
0,0.14581841230392456
0,0.17617851495742798
0,0.18109352886676788
0,0.1737092137336731
0,0.1759624183177948
0,0.17288744449615479
0,0.21549838781356812
0,0.19133277237415314
0,0.15057189762592316
0,0.10752210021018982
0,0.07589579373598099
0,0.06722555309534073
0,0.05878855288028717
0,0.04788648337125778
0,0.044319093227386475
0,0.04306395724415779
0,0.060335561633110046
0,0.05425272136926651
0,0.04705611616373062
0,0.046028390526771545
0,0.06330176442861557
0,0.055790144950151443
0,0.08229188621044159
0,0.05652869865298271
0,0.07627609372138977
0,0.041045594960451126
0,0.05819244682788849
0,0.04848001152276993
0,0.07186491042375565
0,0.07834915816783905
0,0.07563498616218567
0,0.07421503216028214
0,0.12763641774654388
0,0.17583128809928894
0,0.1708213835954666
0,0.13985829055309296
0,0.14257633686065674
0,0.13904929161071777
0,0.10138946771621704
0,0.14112263917922974
0,0.17912256717681885
0,0.14981012046337128
0,0.1292993128299713
0,0.13311198353767395
0,0.14108964800834656
0,0.14052273333072662
0,0.1261913776397705
0,0.102752685546875
0,0.12395378947257996
0,0.17282426357269287
0,0.17124566435813904
0,0.10751467943191528
0,0.08888731896877289
0,0.08957205712795258
0,0.1374046802520752
0,0.15143424272537231
0,0.08337432891130447
0,0.06669698655605316
0,0.09731768816709518
0,0.09632032364606857
0,0.10232654213905334
0,0.10027572512626648
0,0.108624666929245
0,0.13210952281951904
0,0.17360781133174896
0,0.23177006840705872
0,0.2724539637565613
0,0.21174728870391846
0,0.16071070730686188
0,0.11821265518665314
0,0.12064223736524582
0,0.12614600360393524
0,0.13204050064086914
0,0.11777549982070923
0,0.14160466194152832
0,0.16191187500953674
0,0.16394877433776855
0,0.14579249918460846
0,0.10996837168931961
0,0.10383924841880798
0,0.14343863725662231
0,0.20373430848121643
0,0.24910372495651245
0,0.2349235564470291
0,0.22951270639896393
0,0.17037919163703918
0,0.18522946536540985
0,0.15125618875026703
0,0.13790765404701233
0,0.15923857688903809
0,0.12900154292583466
0,0.12406974285840988
0,0.12164396047592163
0,0.16185535490512848
0,0.13192425668239594
0,0.11121094226837158
0,0.11963892728090286
0,0.13595159351825714
0,0.1351955384016037
0,0.13872769474983215
0,0.11157745122909546
0,0.09285472333431244
0,0.1074124202132225
0,0.12131098657846451
0,0.1618138551712036
0,0.13256677985191345
0,0.1123557761311531
0,0.11705241352319717
0,0.12634406983852386
0,0.14098389446735382
0,0.11268200725317001
0,0.1420506089925766
0,0.14075307548046112
0,0.11708617955446243
0,0.12797856330871582
0,0.15684115886688232
0,0.1140720546245575
0,0.10806030035018921
0,0.10814181715250015
0,0.0783795490860939
0,0.09534221142530441
0,0.10412269085645676
0,0.08376610279083252
0,0.09728182852268219
0,0.10341376811265945
0,0.10996056348085403
0,0.11975543200969696
0,0.1429443657398224
0,0.12829671800136566
0,0.0864221528172493
0,0.1384594589471817
0,0.1594976931810379
0,0.14656761288642883
0,0.1611286997795105
0,0.16007483005523682
0,0.16184258460998535
0,0.22285954654216766
0,0.2407180666923523
0,0.1980094164609909
0,0.2189609259366989
0,0.17786787450313568
0,0.16330622136592865
0,0.13517247140407562
0,0.10187485069036484
0,0.03940120339393616
0,0.06600344926118851
0,0.06485236436128616
0,0.052837178111076355
0,0.05487395077943802
0,0.07152474671602249
0,0.08257441967725754
0,0.13423000276088715
0,0.11309416592121124
0,0.110166035592556
0,0.11885656416416168
0,0.11697960644960403
0,0.13659733533859253
0,0.13190460205078125
0,0.10893053561449051
0,0.09938270598649979
0,0.11470954865217209
0,0.13963927328586578
0,0.1228373795747757
0,0.07961773127317429
0,0.08735695481300354
0,0.10444119572639465
0,0.06754892319440842
0,0.03839637339115143
0,0.051484305411577225
0,0.08221873641014099
0,0.07505947351455688
0,0.07850275188684464
0,0.08895521610975266
0,0.1054929792881012
0,0.15473942458629608
0,0.20724909007549286
0,0.2256501019001007
0,0.2241893708705902
0,0.15663504600524902
0,0.10954074561595917
0,0.10023196786642075
0,0.06624805927276611
0,0.0469459667801857
0,0.05172974243760109
0,0.06537293642759323
0,0.06797914206981659
0,0.10049564391374588
0,0.08056928217411041
0,0.08904420584440231
0,0.08855871111154556
0,0.08120593428611755
0,0.07870416343212128
0,0.09532241523265839
0,0.10387937724590302
0,0.0989491194486618
0,0.13203565776348114
0,0.10110846906900406
0,0.0662560760974884
0,0.10477406531572342
0,0.09774252772331238
0,0.0999302864074707
0,0.0773557499051094
0,0.11016401648521423
0,0.13862855732440948
0,0.1476018875837326
0,0.16765646636486053
0,0.18006381392478943
0,0.186817929148674
0,0.18220454454421997
0,0.19530412554740906
0,0.1182723119854927
0,0.1083468347787857
0,0.09810230135917664
0,0.1177138090133667
0,0.14965511858463287
0,0.10728523880243301
0,0.13422958552837372
0,0.14154741168022156
0,0.15536506474018097
0,0.1474638730287552
0,0.12685029208660126
0,0.12525346875190735
0,0.11880399286746979
0,0.17500784993171692
0,0.20036736130714417
0,0.14211036264896393
0,0.12472005188465118
0,0.10205569863319397
0,0.0981629341840744
0,0.0999961793422699
0,0.09173177182674408
0,0.0896400660276413
0,0.08915848284959793
0,0.11743984371423721
0,0.1596887856721878
0,0.20719461143016815
0,0.2978941798210144
0,0.31775155663490295
0,0.3147551715373993
0,0.29808807373046875
0,0.22948992252349854
0,0.16492466628551483
0,0.1623615324497223
0,0.16166985034942627
0,0.16534078121185303
0,0.13153749704360962
0,0.0794818177819252
0,0.07193789631128311
0,0.07970020174980164
0,0.0953725203871727
0,0.08861038088798523
0,0.08722030371427536
0,0.06915084272623062
0,0.0644606277346611
0,0.10387330502271652
0,0.12573693692684174
0,0.14995664358139038
0,0.08594664186239243
0,0.08483783900737762
0,0.06984110176563263
0,0.058425452560186386
0,0.06269235163927078
0,0.05370531976222992
0,0.06265290081501007
0,0.0817565992474556
0,0.09438065439462662
0,0.10177527368068695
0,0.08489397913217545
0,0.11475145071744919
0,0.1451762318611145
0,0.15466861426830292
0,0.13416782021522522
0,0.15469412505626678
0,0.20999211072921753
0,0.2354651689529419
0,0.243184894323349
0,0.18393757939338684
0,0.13688001036643982
0,0.13330179452896118
0,0.14149534702301025
0,0.11831679940223694
0,0.1339525431394577
0,0.12994855642318726
0,0.12577790021896362
0,0.09484149515628815
0,0.10408297181129456
0,0.10481183975934982
0,0.07941330969333649
0,0.09476477652788162
0,0.09866244345903397
0,0.09301310032606125
0,0.1223955899477005
0,0.1289907842874527
0,0.14508852362632751
0,0.1251610368490219
0,0.11141598224639893
0,0.10129138082265854
0,0.09920014441013336
0,0.09158835560083389
0,0.05862335115671158
0,0.07936279475688934
0,0.07237710058689117
0,0.04692269116640091
0,0.05848761647939682
0,0.030561763793230057
0,0.04554661363363266
0,0.0462476871907711
0,0.07678873836994171
0,0.07301416993141174
0,0.08976025879383087
0,0.09731162339448929
0,0.04757393151521683
0,0.10477741807699203
0,0.0717242956161499
0,0.08121585845947266
0,0.07360167801380157
0,0.09500675648450851
0,0.12076837569475174
0,0.1308661550283432
0,0.11699659377336502
0,0.09450995922088623
0,0.10166073590517044
0,0.0705188736319542
0,0.060431137681007385
0,0.056288931518793106
0,0.0643324926495552
0,0.061517342925071716
0,0.07654571533203125
0,0.1231459230184555
0,0.1526811569929123
0,0.17825153470039368
0,0.24209725856781006
0,0.2629575729370117
0,0.26293209195137024
0,0.25995755195617676
0,0.18809011578559875
0,0.16497379541397095
0,0.14216957986354828
0,0.1324595957994461
0,0.11498081684112549
0,0.09545829147100449
0,0.12139125168323517
0,0.10602602362632751
0,0.10850796103477478
0,0.1709582507610321
0,0.15236996114253998
0,0.1320609599351883
0,0.14702972769737244
0,0.1493818759918213
0,0.19483527541160583
0,0.21004262566566467
0,0.17871665954589844
0,0.18217965960502625
0,0.2532701790332794
0,0.25353193283081055
0,0.23660778999328613
0,0.16723322868347168
0,0.1648602932691574
0,0.1880963146686554
0,0.13859370350837708
0,0.09589225053787231
0,0.08871428668498993
0,0.10542313754558563
0,0.11908869445323944
0,0.1265316903591156
0,0.15886454284191132
0,0.16050106287002563
0,0.10469292849302292
0,0.04230770841240883
0,0.07090004533529282
0,0.09904199838638306
0,0.099196657538414
0,0.04559804126620293
0,0.08319039642810822
0,0.11938312649726868
0,0.13452160358428955
0,0.16343747079372406
0,0.14010284841060638
0,0.12307102978229523
0,0.11599740386009216
0,0.13584494590759277
0,0.13494472205638885
0,0.09215269982814789
0,0.08701151609420776
0,0.09772778302431107
0,0.09670718759298325
0,0.08264155685901642
0,0.09460988640785217
0,0.12389553338289261
0,0.18266454339027405
0,0.25084930658340454
0,0.3331291377544403
0,0.33703282475471497
0,0.33902621269226074
0,0.35421356558799744
0,0.30127567052841187
0,0.22540931403636932
0,0.16299742460250854
0,0.12668411433696747
0,0.15066152811050415
0,0.14695407450199127
0,0.14537633955478668
0,0.15277992188930511
0,0.15245264768600464
0,0.1607791781425476
0,0.1971433311700821
0,0.2505640685558319
0,0.34028634428977966
0,0.34330207109451294
0,0.3448105454444885
0,0.3371608853340149
0,0.33003586530685425
0,0.3307375907897949
0,0.33243393898010254
0,0.27289849519729614
0,0.2045416384935379
0,0.1417597532272339
0,0.10506896674633026
0,0.10623382031917572
0,0.10019761323928833
0,0.09923361986875534
0,0.10169264674186707
0,0.1092635989189148
0,0.15046758949756622
0,0.18791434168815613
0,0.2345859408378601
0,0.26178520917892456
0,0.20503953099250793
0,0.1289474070072174
0,0.07454479485750198
0,0.0361442007124424
0,0.03982599452137947
0,0.05055220425128937
0,0.05148191750049591
0,0.04665527492761612
0,0.0502123162150383
0,0.06572269648313522
0,0.060253921896219254
0,0.07439783215522766
0,0.031689632683992386
0,0.023188848048448563
0,0.023268170654773712
0,0.04271050915122032
0,0.046212662011384964
0,0.061067864298820496
0,0.0896478146314621
0,0.09732228517532349
0,0.11141542345285416
0,0.07766424119472504
0,0.03317461535334587
0,0.03696177154779434
0,0.049482159316539764
0,0.08157871663570404
0,0.07968657463788986
0,0.0648161768913269
0,0.061197053641080856
0,0.05604478344321251
0,0.048761866986751556
0,0.05165890231728554
0,0.04834470525383949
0,0.06881741434335709
0,0.05620620772242546
0,0.05834268406033516
0,0.04988708347082138
0,0.06959880888462067
0,0.1183580756187439
0,0.15666264295578003
0,0.19062276184558868
0,0.203749880194664
0,0.19864146411418915
0,0.1941983699798584
0,0.14912532269954681
0,0.10842332988977432
0,0.07060658186674118
1,0.03679743409156799
1,0.033493828028440475
1,0.04040554538369179
1,0.05571044236421585
1,0.04692821949720383
1,0.0489208810031414
1,0.06642147153615952
1,0.06456390768289566
1,0.05795331299304962
1,0.09339689463376999
0,0.06143113970756531
0,0.07561388611793518
0,0.08870981633663177
0,0.08905210345983505
0,0.10483650863170624
0,0.09001530706882477
0,0.09767922759056091
0,0.1144876480102539
0,0.08233985304832458
0,0.08426271378993988
0,0.06887727975845337
0,0.0829434022307396
0,0.13782282173633575
0,0.16344112157821655
0,0.1946009248495102
0,0.21091453731060028
0,0.15065261721611023
0,0.15591394901275635
0,0.1440080851316452
0,0.16578689217567444
0,0.19463768601417542
0,0.24592314660549164
0,0.30482280254364014
0,0.291576623916626
0,0.31447625160217285
0,0.3091754913330078
0,0.3050256073474884
0,0.31888025999069214
0,0.24634359776973724
0,0.16513438522815704
0,0.11451191455125809
0,0.07177115976810455
0,0.04606872797012329
0,0.044397082179784775
0,0.0693662241101265
0,0.11280748248100281
0,0.09733381867408752
0,0.07755225896835327
0,0.07199417054653168
0,0.11526727676391602
0,0.13707643747329712
0,0.19181481003761292
0,0.14277970790863037
0,0.11630364507436752
0,0.10111475735902786
0,0.10283086448907852
0,0.08357015252113342
0,0.03634199500083923
0,0.0387083999812603
0,0.044916871935129166
0,0.04573741555213928
0,0.06805910170078278
0,0.08017991483211517
0,0.09998948127031326
0,0.0934375673532486
0,0.10779398679733276
0,0.10037723928689957
0,0.1093171089887619
0,0.13608083128929138
0,0.16510078310966492
0,0.19665956497192383
1,0.15831658244132996
1,0.1106344610452652
1,0.09245354682207108
1,0.08011921495199203
1,0.09684564918279648
1,0.10737011581659317
1,0.08539117872714996
1,0.09805930405855179
1,0.1155419871211052
1,0.13811169564723969
0,0.15723414719104767
0,0.19160690903663635
0,0.16796085238456726
0,0.11080432683229446
0,0.09914754331111908
0,0.0650496855378151
0,0.04670020192861557
0,0.05667577683925629
0,0.017412371933460236
0,0.05763642117381096
0,0.09230218082666397
0,0.11023494601249695
0,0.13301683962345123
0,0.11539760231971741
0,0.09939374029636383
0,0.13454411923885345
0,0.15440969169139862
0,0.12810543179512024
0,0.08491943776607513
0,0.03908359631896019
0,0.027471890673041344
0,0.03715476766228676
0,0.020660771057009697
0,0.027188625186681747
0,0.04893553629517555
0,0.06116147339344025
0,0.09039875119924545
0,0.10402809828519821
0,0.10490885376930237
0,0.10494959354400635
0,0.09330470114946365
0,0.12191164493560791
0,0.09592966735363007
0,0.07927816361188889
0,0.07441779226064682
0,0.04197273775935173
0,0.025708308443427086
0,0.029630063101649284
0,0.04431106895208359
0,0.014271596446633339
0,0.04343457520008087
0,0.09992534667253494
0,0.09548388421535492
0,0.0768771544098854
0,0.05624998360872269
0,0.07917972654104233
0,0.08987139910459518
0,0.09588633477687836
0,0.11906709522008896
0,0.19231748580932617
0,0.16156473755836487
0,0.09937082231044769
0,0.0847131758928299
0,0.09899397939443588
0,0.12159740924835205
0,0.17247320711612701
0,0.1539819985628128
0,0.11279279738664627
0,0.10977977514266968
0,0.15700794756412506
0,0.15498413145542145
0,0.1353318691253662
0,0.09765474498271942
0,0.10952124744653702
0,0.1406327188014984
0,0.1126362532377243
0,0.1256895512342453
0,0.12217754870653152
0,0.14275749027729034
0,0.1294967234134674
0,0.13774752616882324
0,0.15271157026290894
0,0.17715749144554138
0,0.09734341502189636
0,0.06993121653795242
0,0.08001796156167984
0,0.07907332479953766
0,0.09962087124586105
0,0.1412733644247055
0,0.15918795764446259
0,0.1630776822566986
0,0.17948654294013977
0,0.1863989382982254
0,0.15997527539730072
0,0.15865018963813782
0,0.17352159321308136
0,0.171149343252182
0,0.16753293573856354
0,0.14357727766036987
0,0.14811831712722778
0,0.13265684247016907
0,0.10458888858556747
0,0.11676152795553207
0,0.15305858850479126
0,0.1995968371629715
0,0.215315043926239
0,0.1711292564868927
0,0.10817515105009079
0,0.08481042087078094
0,0.05316063016653061
0,0.0157708041369915
0,0.04366437345743179
0,0.08151815831661224
0,0.101920485496521
0,0.06315460801124573
0,0.06784091889858246
0,0.04189494624733925
0,0.06684209406375885
0,0.07538214325904846
0,0.05583908408880234
0,0.046547677367925644
0,0.0460347905755043
0,0.052944548428058624
0,0.07670880854129791
0,0.13901793956756592
0,0.14423775672912598
0,0.15014779567718506
0,0.1871873140335083
0,0.2263862043619156
0,0.26626643538475037
0,0.26474517583847046
0,0.23639099299907684
0,0.17350995540618896
0,0.16172589361667633
0,0.11793138086795807
0,0.14974342286586761
0,0.15327832102775574
0,0.17238925397396088
0,0.21486012637615204
0,0.1702405959367752
0,0.15256105363368988
0,0.11741012334823608
0,0.13122864067554474
0,0.1229301244020462
0,0.08852101862430573
0,0.07379025220870972
0,0.05222054198384285
0,0.04519818723201752
0,0.06230607256293297
0,0.09179264307022095
0,0.03922382369637489
0,0.08030711114406586
0,0.0883946344256401
0,0.08266045153141022
0,0.07014890760183334
0,0.12434910982847214
0,0.12104479968547821
0,0.11452914774417877
0,0.16602276265621185
0,0.15510708093643188
0,0.09074726700782776
0,0.06931088864803314
0,0.07778792083263397
0,0.0830693244934082
0,0.07077010720968246
0,0.05704363435506821
0,0.06260424852371216
0,0.0671633780002594
0,0.0664801150560379
0,0.05748052895069122
0,0.09745371341705322
0,0.09275177866220474
0,0.12364830076694489
0,0.11271470040082932
0,0.13379423320293427
0,0.13160079717636108
0,0.12115512788295746
0,0.15517011284828186
0,0.14647600054740906
0,0.1221153661608696
0,0.11766442656517029
0,0.1070263534784317
0,0.08168648183345795
0,0.07130178809165955
0,0.06719275563955307
0,0.0741184800863266
0,0.07845975458621979
0,0.09779042750597
0,0.11294154077768326
0,0.11907419562339783
0,0.11797772347927094
0,0.10638483613729477
0,0.08873403072357178
0,0.057132381945848465
0,0.08002502471208572
0,0.10448095947504044
0,0.11852928251028061
0,0.11359555274248123
0,0.10863287001848221
0,0.11743146926164627
0,0.13062594830989838
0,0.1334223598241806
0,0.148375004529953
0,0.14419132471084595
0,0.14409850537776947
0,0.13071252405643463
0,0.1627308428287506
0,0.20786969363689423
0,0.21064725518226624
0,0.2059679925441742
0,0.13884299993515015
0,0.0889904573559761
0,0.07864249497652054
0,0.08104369789361954
0,0.06086920201778412
0,0.05154573172330856
0,0.08579327166080475
0,0.08789017051458359
0,0.08688176423311234
0,0.12725219130516052
0,0.11325101554393768
0,0.12902504205703735
0,0.08537779003381729
0,0.09974482655525208
0,0.14409101009368896
0,0.14202237129211426
0,0.08651787042617798
0,0.05263447016477585
0,0.021470746025443077
0,0.049875278025865555
0,0.03399663418531418
0,0.05354316532611847
0,0.06502898782491684
0,0.08347062766551971
0,0.0984250158071518
0,0.09184125065803528
0,0.06578292697668076
0,0.06248124688863754
0,0.06266643851995468
0,0.06818410009145737
0,0.10160786658525467
0,0.1287926286458969
0,0.1057836040854454
0,0.10951859503984451
0,0.137297585606575
0,0.12578336894512177
0,0.09578962624073029
0,0.057644668966531754
0,0.10678992420434952
0,0.14139555394649506
0,0.09525500982999802
0,0.07478156685829163
0,0.058270350098609924
0,0.09031527489423752
0,0.12245349586009979
0,0.1345195472240448
0,0.11103294789791107
0,0.10092168301343918
0,0.10483366250991821
0,0.14174211025238037
0,0.09913140535354614
0,0.05850768834352493
0,0.09342177212238312
0,0.05656776577234268
0,0.05592876672744751
0,0.09959240257740021
0,0.06292376667261124
0,0.03238240256905556
0,0.046178147196769714
0,0.025947073474526405
0,0.09808589518070221
0,0.13977313041687012
0,0.08503852784633636
0,0.04685452580451965
0,0.05633510276675224
0,0.07350998371839523
0,0.08937928080558777
0,0.12176129966974258
0,0.17148713767528534
0,0.22837799787521362
0,0.20805911719799042
0,0.13448208570480347
0,0.0689379870891571
0,0.04660625383257866
0,0.03955254331231117
0,0.032358989119529724
0,0.04401202127337456
0,0.11980342119932175
0,0.08087873458862305
0,0.057334158569574356
0,0.05264412611722946
0,0.05129115283489227
0,0.047378864139318466
0,0.04577263444662094
0,0.053194016218185425
0,0.043635763227939606
0,0.030043641105294228
0,0.03589173033833504
0,0.05399886891245842
0,0.09332778304815292
0,0.11055530607700348
0,0.10032518208026886
0,0.10440206527709961
0,0.09783188998699188
0,0.049215808510780334
0,0.04378046840429306
0,0.1016559898853302
0,0.17614321410655975
0,0.18869589269161224
0,0.17331460118293762
0,0.12743046879768372
0,0.13144898414611816
0,0.08792167901992798
0,0.07077944278717041
0,0.058586686849594116
0,0.06494387984275818
0,0.046872928738594055
0,0.03448297455906868
0,0.05892323702573776
0,0.08386345952749252
0,0.08863028883934021
0,0.10435844212770462
0,0.08136900514364243
0,0.056597836315631866
0,0.044646210968494415
0,0.05707080289721489
0,0.08200547844171524
0,0.075562484562397
0,0.0771116092801094
0,0.10306409746408463
0,0.12732496857643127
0,0.16494572162628174
0,0.1666964739561081
0,0.1448989361524582
0,0.1464417725801468
0,0.14957544207572937
0,0.16994130611419678
0,0.1446688175201416
0,0.1221577450633049
0,0.10191875696182251
0,0.0762156993150711
0,0.060853227972984314
0,0.08541978895664215
0,0.052428681403398514
0,0.11303292959928513
0,0.10561759024858475
0,0.10727791488170624
0,0.10219361633062363
0,0.11082389950752258
0,0.10970620065927505
0,0.12547385692596436
0,0.16937221586704254
0,0.17000314593315125
0,0.1752243936061859
0,0.1973607838153839
0,0.2640794515609741
0,0.2589944005012512
0,0.2903337776660919
0,0.3008599579334259
0,0.2960869371891022
0,0.30759909749031067
0,0.2420470267534256
0,0.23923836648464203
0,0.25178998708724976
0,0.22643911838531494
0,0.17108894884586334
0,0.1401456594467163
0,0.10755407810211182
0,0.10441932827234268
0,0.11445499956607819
0,0.07284567505121231
0,0.06702401489019394
0,0.05556289106607437
0,0.06546849757432938
0,0.06942711770534515
0,0.07724855840206146
0,0.12255866080522537
0,0.13364733755588531
0,0.12841454148292542
0,0.11459896713495255
0,0.08990161865949631
0,0.05446760356426239
0,0.03394119441509247
0,0.040605977177619934
0,0.06249396502971649
0,0.05775117501616478
0,0.052232805639505386
0,0.04086210951209068
0,0.06088964268565178
0,0.07302102446556091
0,0.0976024940609932
0,0.0819554254412651
0,0.11903993040323257
0,0.10729195922613144
0,0.12963570654392242
0,0.159733846783638
0,0.1733216643333435
0,0.16965502500534058
0,0.1209511011838913
0,0.09209577739238739
0,0.07252904027700424
0,0.06364569813013077
0,0.09974430501461029
0,0.14160704612731934
0,0.1376083791255951
0,0.12658756971359253
0,0.10070601105690002
0,0.0957021564245224
0,0.09770572930574417
0,0.1055627092719078
0,0.12624171376228333
0,0.16967430710792542
0,0.13422632217407227
0,0.11457327008247375
0,0.09563061594963074
0,0.1127244308590889
0,0.16933761537075043
0,0.1858188807964325
0,0.18090246617794037
0,0.13663031160831451
0,0.1447986364364624
0,0.1376272588968277
0,0.13507026433944702
0,0.09069020301103592
0,0.057283107191324234
0,0.06412162631750107
0,0.0654941275715828
0,0.05964832380414009
0,0.03639010712504387
0,0.04460061714053154
0,0.029281197115778923
0,0.05117876082658768
0,0.05021992325782776
0,0.023725729435682297
0,0.04257245734333992
0,0.05530145391821861
0,0.06234138086438179
0,0.06783471256494522
0,0.059112418442964554
0,0.0456935316324234
0,0.05117840692400932
0,0.03882160782814026
0,0.05927566811442375
0,0.07788186520338058
0,0.10774082690477371
0,0.11027251929044724
0,0.1192859560251236
0,0.09635499864816666
0,0.08528897166252136
0,0.07344373315572739
0,0.07804886251688004
0,0.07712174952030182
0,0.09544111788272858
0,0.07632949948310852
0,0.06422514468431473
0,0.055503468960523605
0,0.06272786110639572
0,0.06753184646368027
0,0.07494445890188217
0,0.1043015867471695
0,0.047079190611839294
0,0.04871269315481186
0,0.05269184336066246
0,0.043676018714904785
0,0.07384470850229263
0,0.06729461252689362
0,0.0761120542883873
0,0.09289456158876419
0,0.09459799528121948
0,0.10276345163583755
0,0.13243573904037476
0,0.148087739944458
0,0.17906902730464935
0,0.1869177222251892
0,0.18893063068389893
0,0.1385783553123474
0,0.13284045457839966
0,0.14063864946365356
0,0.1559470295906067
0,0.16049253940582275
0,0.16128072142601013
0,0.16888460516929626
0,0.18121735751628876
0,0.15911036729812622
0,0.1436086744070053
0,0.16353148221969604
0,0.24611693620681763
0,0.27241250872612
0,0.3014824688434601
0,0.2886354327201843
0,0.23040640354156494
0,0.15969321131706238
0,0.13720887899398804
0,0.13421553373336792
0,0.11719927936792374
0,0.08756893128156662
0,0.10374835878610611
0,0.12075135111808777
0,0.10734260827302933
0,0.10173942148685455
0,0.09409333765506744
0,0.06464135646820068
0,0.03473398834466934
0,0.05259419232606888
0,0.0376909002661705
0,0.046098168939352036
0,0.07872401177883148
0,0.06950968503952026
0,0.06170112267136574
0,0.05983508378267288
0,0.07872284203767776
0,0.10935477912425995
0,0.12376907467842102
0,0.06431940943002701
0,0.0901942104101181
0,0.061597052961587906
0,0.08772803843021393
0,0.06059914827346802
0,0.04199725389480591
0,0.05899503454566002
0,0.054578058421611786
0,0.025509271770715714
0,0.048053380101919174
0,0.04811147227883339
0,0.05322161316871643
0,0.07815343141555786
0,0.11577214300632477
0,0.13278043270111084
0,0.16809694468975067
0,0.19350674748420715
0,0.24465902149677277
0,0.23960305750370026
0,0.17545771598815918
0,0.15928837656974792
0,0.12269513309001923
0,0.07145722955465317
0,0.06747573614120483
0,0.08416414260864258
0,0.09286671876907349
0,0.07368706166744232
0,0.09416574239730835
0,0.047977056354284286
0,0.025933118537068367
0,0.04562202841043472
0,0.046627748757600784
0,0.04959213733673096
0,0.05390165001153946
0,0.05831440910696983
0,0.08084461092948914
0,0.11334069073200226
0,0.1400141716003418
0,0.15020979940891266
0,0.14374639093875885
0,0.1515212208032608
0,0.1651119440793991
0,0.18924373388290405
0,0.15290863811969757
0,0.13211911916732788
0,0.1691482663154602
0,0.231607586145401
0,0.2052886039018631
0,0.13828831911087036
0,0.0996641293168068
0,0.10767540335655212
0,0.14647334814071655
0,0.17667582631111145
0,0.17688244581222534
0,0.19623950123786926
0,0.2043013870716095
0,0.23580268025398254
0,0.21949449181556702
0,0.15186725556850433
0,0.15591122210025787
0,0.15625645220279694
0,0.14620529115200043
0,0.149709552526474
0,0.1556856483221054
0,0.1423412412405014
0,0.18114276230335236
0,0.23529580235481262
0,0.1610044687986374
0,0.1072373166680336
0,0.11371315270662308
0,0.1058616042137146
0,0.09422527253627777
0,0.10754808783531189
0,0.07480691373348236
0,0.0694156363606453
0,0.11113425344228745
0,0.14695267379283905
0,0.12125315517187119
0,0.09320195764303207
0,0.08810818940401077
0,0.1283259242773056
0,0.19665949046611786
0,0.1653958112001419
0,0.0930476188659668
0,0.030454110354185104
0,0.05989890918135643
0,0.10720999538898468
0,0.11287999898195267
0,0.1171272024512291
0,0.1133217066526413
0,0.1237853467464447
0,0.13479255139827728
0,0.1529828906059265
0,0.19735248386859894
0,0.26868078112602234
0,0.26768192648887634
0,0.2606284022331238
0,0.2317727953195572
0,0.1745084673166275
0,0.18687854707241058
0,0.1982620656490326
0,0.1971517950296402
0,0.17495286464691162
0,0.10910903662443161
0,0.07916104048490524
0,0.09717419743537903
0,0.11714963614940643
0,0.1086263507604599
0,0.10851430892944336
0,0.09281964600086212
0,0.08346329629421234
0,0.08639238029718399
0,0.09280204772949219
0,0.07899171113967896
0,0.09387895464897156
0,0.08641593903303146
0,0.07864802330732346
0,0.09083613753318787
0,0.11736088991165161
0,0.11702484637498856
0,0.12838925421237946
0,0.09656313061714172
0,0.09440182894468307
0,0.09419122338294983
0,0.09695903211832047
0,0.0979526937007904
0,0.11853277683258057
0,0.1050582304596901
0,0.07973210513591766
0,0.07255911827087402
0,0.07792120426893234
0,0.08857865631580353
0,0.08977047353982925
0,0.09065060317516327
0,0.06363601982593536
0,0.06883193552494049
0,0.08303679525852203
0,0.06923127919435501
0,0.05871310085058212
0,0.08088686317205429
0,0.11224856972694397
0,0.12147080153226852
0,0.15324752032756805
0,0.1901092827320099
0,0.23786358535289764
0,0.25987735390663147
0,0.3014139235019684
0,0.3275083005428314
0,0.3311929702758789
0,0.3476162850856781
0,0.38024449348449707
0,0.3640280067920685
0,0.32272517681121826
0,0.28804096579551697
0,0.24581483006477356
0,0.21336527168750763
0,0.18388235569000244
0,0.13490945100784302
0,0.10126227140426636
0,0.07473646849393845
0,0.09982290118932724
0,0.06539728492498398
0,0.049807436764240265
0,0.052635107189416885
0,0.008110078983008862
0,0.03793179988861084
0,0.020153820514678955
0,0.007653567939996719
0,0.029449377208948135
0,0.08012659847736359
0,0.056649234145879745
0,0.05826703831553459
0,0.04171808809041977
0,0.02653804048895836
0,0.023002032190561295
0,0.026818277314305305
0,0.08760532736778259
0,0.11437565833330154
0,0.09156309068202972
0,0.08135417103767395
0,0.043291524052619934
0,0.08220693469047546
0,0.10529300570487976
0,0.14297860860824585
0,0.09907500445842743
0,0.06090836599469185
0,0.06711574643850327
0,0.07256792485713959
0,0.06772574037313461
0,0.03406098857522011
0,0.03486980125308037
0,0.05450651794672012
0,0.05262234807014465
0,0.07437201589345932
0,0.06514496356248856
0,0.066325843334198
0,0.04981641471385956
0,0.04771396145224571
0,0.03374968841671944
0,0.07819044589996338
0,0.05974039062857628
0,0.06789732724428177
0,0.07520429790019989
0,0.0763530507683754
0,0.0682338997721672
0,0.04851500317454338
0,0.07890994101762772
0,0.10398570448160172
0,0.06685914099216461
0,0.056024160236120224
0,0.09228599071502686
0,0.09198826551437378
0,0.08207361400127411
0,0.08237750828266144
0,0.12258952111005783
0,0.12799450755119324
0,0.08936553448438644
0,0.050630487501621246
0,0.07417093217372894
0,0.06438200175762177
0,0.03809148445725441
0,0.05046115815639496
0,0.05992584675550461
0,0.06282252073287964
0,0.07227712124586105
0,0.10076992958784103
0,0.07884685695171356
0,0.07533150166273117
0,0.10012775659561157
0,0.14160765707492828
0,0.14280731976032257
0,0.08622249215841293
0,0.04990193247795105
0,0.10586915165185928
0,0.16192232072353363
0,0.11267594993114471
0,0.0914909616112709
0,0.09366689622402191
0,0.1005794107913971
0,0.11301237344741821
0,0.15110574662685394
0,0.2046118974685669
0,0.2878243625164032
0,0.25840091705322266
0,0.2083277553319931
0,0.1354701668024063
0,0.10119366645812988
0,0.111625537276268
0,0.14118264615535736
0,0.1508549600839615
0,0.16045203804969788
0,0.1412370502948761
0,0.13003845512866974
0,0.1382637619972229
0,0.17791950702667236
0,0.24161545932292938
0,0.2757759690284729
0,0.20949983596801758
0,0.15185892581939697
0,0.108120858669281
0,0.08389784395694733
0,0.07142601907253265
0,0.06601514667272568
0,0.07372984290122986
0,0.08369632065296173
0,0.11154241859912872
0,0.1377585083246231
0,0.1629394143819809
0,0.20721273124217987
0,0.2065461128950119
0,0.19907182455062866
0,0.16884268820285797
0,0.1651693731546402
0,0.17079706490039825
0,0.18090534210205078
0,0.19915008544921875
0,0.21943393349647522
0,0.1976483017206192
0,0.20886650681495667
0,0.21084336936473846
0,0.24413032829761505
0,0.2364986538887024
0,0.23283669352531433
0,0.20784033834934235
0,0.2010735422372818
0,0.19704215228557587
0,0.15791074931621552
0,0.1448376327753067
0,0.13523265719413757
0,0.1404539942741394
0,0.1755618304014206
0,0.17678764462471008
0,0.18130159378051758
0,0.16985046863555908
0,0.16828769445419312
0,0.1534692794084549
0,0.11533012986183167
0,0.09108585119247437
0,0.09603644907474518
0,0.07612644881010056
0,0.080863818526268
0,0.08615070581436157
0,0.05232737958431244
0,0.0418371744453907
0,0.039775170385837555
0,0.07051263004541397
0,0.08228760957717896
0,0.07533636689186096
0,0.06955095380544662
0,0.055414699018001556
0,0.07727538794279099
0,0.061446286737918854
0,0.0375775471329689
0,0.04681464657187462
0,0.05781320855021477
0,0.06168012693524361
0,0.06998378783464432
0,0.11377351731061935
0,0.08337664604187012
0,0.11445295065641403
0,0.10403379052877426
0,0.11949465423822403
0,0.10013596713542938
0,0.0680052638053894
0,0.09235887974500656
0,0.09553880989551544
0,0.08220374584197998
0,0.10125293582677841
0,0.0676155611872673
0,0.05936257168650627
0,0.08559412509202957
0,0.1119755208492279
0,0.12280638515949249
0,0.10196996480226517
0,0.12229759991168976
0,0.10724996030330658
0,0.14820101857185364
0,0.14135542511940002
0,0.11003333330154419
0,0.10941824316978455
0,0.07844046503305435
0,0.0685524195432663
0,0.03461332991719246
0,0.023289117962121964
0,0.06151764839887619
0,0.06365615874528885
0,0.05867236480116844
0,0.06236483156681061
0,0.08326748758554459
0,0.1451553851366043
0,0.19994297623634338
0,0.2725387215614319
0,0.27344799041748047
0,0.20706593990325928
0,0.19915495812892914
0,0.16965964436531067
0,0.11663594096899033
0,0.05541694536805153
0,0.06607241928577423
0,0.06793659925460815
0,0.07421526312828064
0,0.08238858729600906
0,0.071659155189991
0,0.036706067621707916
0,0.05604896321892738
0,0.10869938880205154
0,0.11373320966959
0,0.1011093482375145
0,0.1475326269865036
0,0.22861585021018982
0,0.2506709098815918
0,0.25481992959976196
0,0.28710684180259705
0,0.34006550908088684
0,0.3388204574584961
0,0.3046601116657257
0,0.22883445024490356
0,0.15354889631271362
0,0.13299036026000977
0,0.11316902190446854
0,0.10162412375211716
0,0.09114494174718857
0,0.08537069708108902
0,0.052389249205589294
0,0.03723042458295822
0,0.029923297464847565
0,0.043229106813669205
0,0.10551552474498749
0,0.08747432380914688
0,0.07341544330120087
0,0.10253603011369705
0,0.14479023218154907
0,0.16737844049930573
0,0.22513829171657562
0,0.2880639433860779
0,0.2957630157470703
0,0.24757160246372223
0,0.2444545030593872
0,0.22291330993175507
0,0.2034924477338791
0,0.2000482976436615
0,0.1495256870985031
0,0.09819899499416351
0,0.12109891325235367
0,0.1481485813856125
0,0.1513432115316391
0,0.1416459083557129
0,0.11140788346529007
0,0.11404082924127579
0,0.13169170916080475
0,0.1577320247888565
0,0.14774900674819946
0,0.1337539404630661
0,0.1338633894920349
0,0.1502908617258072
0,0.16488949954509735
0,0.19535589218139648
0,0.1397545337677002
0,0.11181272566318512
0,0.09418512880802155
0,0.08696269989013672
0,0.03998928517103195
0,0.04414471611380577
0,0.041462112218141556
0,0.030210047960281372
0,0.025729428976774216
0,0.027280684560537338
0,0.028066830709576607
0,0.0454878993332386
0,0.06441821157932281
0,0.037100449204444885
0,0.05290351063013077
0,0.06313196569681168
0,0.06844980269670486
0,0.08880812674760818
0,0.11796204000711441
0,0.11286164820194244
0,0.16685892641544342
0,0.20105990767478943
0,0.15423141419887543
0,0.1146935373544693
0,0.13302354514598846
0,0.09453020989894867
0,0.07955677062273026
0,0.07868649810552597
0,0.12972302734851837
0,0.1747933179140091
0,0.17709246277809143
0,0.16226133704185486
0,0.15712584555149078
0,0.1285656988620758
0,0.10390305519104004
0,0.08069220930337906
0,0.07383018732070923
0,0.07541023939847946
0,0.08045002073049545
0,0.08815847337245941
0,0.10758954286575317
0,0.13629327714443207
0,0.15579360723495483
0,0.1823292076587677
0,0.1901276856660843
0,0.17875325679779053
0,0.14144067466259003
0,0.1822528839111328
0,0.15816856920719147
0,0.19872534275054932
0,0.21653786301612854
0,0.24526521563529968
0,0.23667174577713013
0,0.23932884633541107
0,0.24163779616355896
0,0.2128545641899109
0,0.21664784848690033
0,0.18203233182430267
0,0.1519661545753479
0,0.13887323439121246
0,0.12674079835414886
0,0.11041317880153656
0,0.12550552189350128
0,0.11862843483686447
0,0.10830894112586975
0,0.11299094557762146
0,0.09619680792093277
0,0.06818193942308426
0,0.08644729852676392
0,0.06541389971971512
0,0.05591856315732002
0,0.04427696019411087
0,0.056131698191165924
0,0.06631166487932205
0,0.035469911992549896
0,0.053347498178482056
0,0.11766701936721802
0,0.12495729327201843
0,0.12547948956489563
0,0.12275240570306778
0,0.1243821233510971
0,0.13246282935142517
0,0.17151443660259247
0,0.2300863116979599
0,0.31050801277160645
0,0.2576635777950287
0,0.25663042068481445
0,0.24450720846652985
0,0.18303373456001282
0,0.18309472501277924
0,0.18312709033489227
0,0.1730756163597107
0,0.1332259476184845
0,0.13063283264636993
0,0.1142030730843544
0,0.11464500427246094
0,0.12174507975578308
0,0.1165800616145134
0,0.10436476022005081
0,0.10022411495447159
0,0.13306961953639984
0,0.15630780160427094
0,0.19246996939182281
0,0.18059034645557404
0,0.14121796190738678
0,0.10947128385305405
0,0.07422741502523422
0,0.08656848967075348
0,0.09219884127378464
0,0.13543501496315002
0,0.12305140495300293
0,0.10615123808383942
0,0.09697425365447998
0,0.1058344617486
0,0.08254072815179825
0,0.04524475336074829
0,0.03889746963977814
0,0.03975045680999756
0,0.020429233089089394
0,0.043082110583782196
0,0.029656266793608665
0,0.03697242960333824
0,0.061614640057086945
0,0.07405176013708115
0,0.06050296500325203
0,0.056920573115348816
0,0.07644769549369812
0,0.05365099012851715
0,0.05285986512899399
0,0.055265795439481735
0,0.0892842635512352
0,0.0902780294418335
0,0.08174947649240494
0,0.09362272173166275
0,0.04740250110626221
0,0.061985328793525696
0,0.0439632274210453
0,0.05591661110520363
0,0.0984753891825676
0,0.08496816456317902
0,0.08269789069890976
0,0.12089880555868149
0,0.156385600566864
0,0.16900528967380524
0,0.1362909972667694
0,0.12457767874002457
0,0.12971599400043488
0,0.132465660572052
0,0.15691478550434113
0,0.18591338396072388
0,0.2049279808998108
0,0.265557199716568
0,0.28382959961891174
0,0.23781311511993408
0,0.22963769733905792
0,0.23750746250152588
0,0.23399047553539276
0,0.17644613981246948
0,0.13397563993930817
0,0.12063168734312057
0,0.13894692063331604
0,0.16118524968624115
0,0.16449083387851715
0,0.164012148976326
0,0.12861578166484833
0,0.15829874575138092
0,0.2238863706588745
0,0.2329162359237671
0,0.18971122801303864
0,0.1740088313817978
0,0.12507249414920807
0,0.09467467665672302
0,0.14586174488067627
0,0.08762140572071075
0,0.04455658048391342
0,0.06976117193698883
0,0.06511043012142181
0,0.08311951905488968
0,0.10235865414142609
0,0.07875139266252518
0,0.05829505994915962
0,0.0711359903216362
0,0.07340263575315475
0,0.07681752741336823
0,0.10429773479700089
0,0.16389304399490356
0,0.18507219851016998
0,0.13273043930530548
0,0.10024368017911911
0,0.07151734828948975
0,0.04978423938155174
0,0.04543224349617958
0,0.04792216792702675
0,0.11365429311990738
0,0.11525513231754303
0,0.1069912388920784
0,0.1042683869600296
0,0.07926914840936661
0,0.06144503504037857
0,0.08091827481985092
0,0.07955455780029297
0,0.08675690740346909
0,0.05807536840438843
0,0.03761207312345505
0,0.04716737940907478
0,0.06457735598087311
0,0.09793625771999359
0,0.12081076204776764
0,0.08882725983858109
0,0.05125724896788597
0,0.08429325371980667
0,0.1628655642271042
0,0.1369444727897644
0,0.09834965318441391
0,0.0975886806845665
0,0.1044011116027832
0,0.11815168708562851
0,0.15940429270267487
0,0.21108627319335938
0,0.28763851523399353
0,0.28771159052848816
0,0.3038410246372223
0,0.2500201463699341
0,0.1743323802947998
0,0.11427778005599976
0,0.09471502900123596
0,0.09688502550125122
0,0.11770330369472504
0,0.12339877337217331
0,0.12348858267068863
0,0.1435314267873764
0,0.14904820919036865
0,0.18903152644634247
0,0.1422567218542099
0,0.11267170310020447
0,0.12130660563707352
0,0.1325863152742386
0,0.14118491113185883
0,0.14601939916610718
0,0.13486501574516296
0,0.1212964653968811
0,0.09143652021884918
0,0.09292381256818771
0,0.08509562909603119
0,0.06540878862142563
0,0.0717051550745964
0,0.06472820788621902
0,0.034486427903175354
0,0.0683266669511795
0,0.05033095180988312
0,0.09152031689882278
0,0.1353275328874588
0,0.1498039960861206
0,0.14873144030570984
0,0.1395454704761505
0,0.10413238406181335
0,0.09978657215833664
0,0.1172371506690979
0,0.1070440486073494
0,0.11654110252857208
0,0.1122455820441246
0,0.10481792688369751
0,0.10024888068437576
0,0.13484641909599304
0,0.1609766036272049
0,0.19039753079414368
0,0.1743716597557068
0,0.11768736690282822
0,0.13706839084625244
0,0.12152277678251266
0,0.08831239491701126
0,0.08910717070102692
0,0.05948542058467865
0,0.05884397029876709
0,0.030625810846686363
0,0.052332811057567596
0,0.05956109240651131
0,0.07391548901796341
0,0.08630552142858505
0,0.07163140177726746
0,0.07457298040390015
0,0.08716307580471039
0,0.08984585851430893
0,0.09748565405607224
0,0.07401899248361588
0,0.0647064670920372
0,0.06489375233650208
0,0.0638161152601242
0,0.11292952299118042
0,0.13541683554649353
0,0.1448540985584259
0,0.14209672808647156
0,0.15146566927433014
0,0.14150235056877136
0,0.11319658905267715
0,0.08176800608634949
0,0.06728913635015488
0,0.08351937681436539
0,0.11071773618459702
0,0.09770387411117554
0,0.07682643830776215
0,0.08120502531528473
0,0.09476061165332794
0,0.1199413537979126
0,0.1540156453847885
0,0.21512633562088013
0,0.2572416365146637
0,0.2645582854747772
0,0.23712901771068573
0,0.20332182943820953
0,0.1692465841770172
0,0.14707671105861664
0,0.13079631328582764
0,0.12269850075244904
0,0.15835298597812653
0,0.22093455493450165
0,0.25297680497169495
0,0.2678486406803131
0,0.25630974769592285
0,0.23471376299858093
0,0.22188130021095276
0,0.19785818457603455
0,0.16619044542312622
0,0.11962547898292542
0,0.11308187246322632
0,0.12474127113819122
0,0.11091774702072144
0,0.09725389629602432
0,0.10824745148420334
0,0.1356274038553238
0,0.17850013077259064
0,0.22678954899311066
0,0.26772013306617737
0,0.22429074347019196
0,0.22729657590389252
0,0.2489054650068283
0,0.19558817148208618
0,0.15340246260166168
0,0.10671212524175644
0,0.07067955285310745
0,0.06115807592868805
0,0.05424262583255768
0,0.06715796887874603
0,0.0747043564915657
0,0.0769377201795578
0,0.05957571044564247
0,0.05228498950600624
0,0.06515650451183319
0,0.10040196776390076
0,0.11153481155633926
0,0.10309403389692307
0,0.19975395500659943
0,0.23045854270458221
0,0.20554113388061523
0,0.18833349645137787
0,0.15454721450805664
0,0.14794626832008362
0,0.15298135578632355
0,0.1867552101612091
0,0.22714099287986755
0,0.19269277155399323
0,0.1668546050786972
0,0.13695749640464783
0,0.07645916938781738
0,0.020224137231707573
0,0.0409582257270813
0,0.05282225459814072
0,0.04209095239639282
0,0.03810298070311546
0,0.03147244080901146
0,0.11196491867303848
0,0.0832110345363617
0,0.04608071222901344
0,0.0438966378569603
0,0.04372197017073631
0,0.07053589075803757
0,0.06394925713539124
0,0.12357486039400101
0,0.17574016749858856
0,0.18961648643016815
0,0.12292612344026566
0,0.06837371736764908
0,0.0702839270234108
0,0.05490950122475624
0,0.07410009950399399
0,0.08990903198719025
0,0.11956516653299332
0,0.15126562118530273
0,0.14688585698604584
0,0.15139198303222656
0,0.14749661087989807
0,0.12570126354694366
0,0.07366789132356644
0,0.035072945058345795
0,0.09864449501037598
0,0.11971808224916458
0,0.13890519738197327
0,0.1429121047258377
0,0.14901509881019592
0,0.11313755810260773
0,0.08390495181083679
0,0.09586334973573685
0,0.09777184575796127
0,0.10121682286262512
0,0.10129912197589874
0,0.10133790969848633
0,0.10968410223722458
0,0.1267237514257431
0,0.16121189296245575
0,0.2078845202922821
0,0.22490490972995758
0,0.17358152568340302
0,0.10736654698848724
0,0.08147799968719482
0,0.10175342857837677
0,0.15159179270267487
0,0.18145304918289185
0,0.22878150641918182
0,0.2999245524406433
0,0.28895634412765503
0,0.24814850091934204
0,0.2423216700553894
0,0.19652293622493744
0,0.15402689576148987
0,0.11784495413303375
0,0.08709290623664856
0,0.08054998517036438
0,0.08436374366283417
0,0.08496313542127609
0,0.08188500255346298
0,0.05684777349233627
0,0.08546612411737442
0,0.08776751905679703
0,0.08974846452474594
0,0.09280756115913391
0,0.08138076961040497
0,0.049721501767635345
0,0.10291947424411774
0,0.13996808230876923
0,0.1386687159538269
0,0.11520152539014816
0,0.1158471554517746
0,0.13737700879573822
0,0.1437244415283203
0,0.16710053384304047
0,0.2099861204624176
0,0.20984186232089996
0,0.20265540480613708
0,0.2388557493686676
0,0.3058488965034485
0,0.2814929485321045
0,0.26174619793891907
0,0.2617412805557251
0,0.2348143458366394
0,0.16795499622821808
0,0.14469106495380402
0,0.15455906093120575
0,0.16314154863357544
0,0.20691439509391785
0,0.15265783667564392
0,0.1166100725531578
0,0.12912790477275848
0,0.16675983369350433
0,0.1902063637971878
0,0.17195191979408264
0,0.11336556077003479
0,0.11854836344718933
0,0.1233997642993927
0,0.1426255702972412
0,0.14057287573814392
0,0.12304164469242096
0,0.10664325207471848
0,0.1254974901676178
0,0.13520213961601257
0,0.08360535651445389
0,0.08329243212938309
0,0.09951197355985641
0,0.08268502354621887
0,0.07896853983402252
0,0.07639514654874802
0,0.08751920610666275
0,0.06857115775346756
0,0.062252309173345566
0,0.04639929533004761
0,0.055551543831825256
0,0.10338722914457321
0,0.12819039821624756
0,0.156906396150589
0,0.15778926014900208
0,0.1579260230064392
0,0.09429842978715897
0,0.07493510097265244
0,0.04784712567925453
0,0.01996920257806778
0,0.05217336118221283
0,0.03560131788253784
0,0.02877810224890709
0,0.055465348064899445
0,0.07470306009054184
0,0.08251224458217621
0,0.06571703404188156
0,0.11493637412786484
0,0.1324407458305359
0,0.10865338891744614
0,0.0649903267621994
0,0.07092661410570145
0,0.07710735499858856
0,0.07363726943731308
0,0.03753478452563286
0,0.06337892264127731
0,0.09537072479724884
0,0.08961769193410873
0,0.09043902158737183
0,0.11697475612163544
0,0.08358530700206757
0,0.06963206082582474
0,0.08541683107614517
0,0.07808930426836014
0,0.08049864321947098
0,0.09617780894041061
0,0.09995278716087341
0,0.09655807167291641
0,0.12853370606899261
0,0.16379892826080322
0,0.16170284152030945
0,0.16566741466522217
0,0.157879039645195
0,0.12371451407670975
0,0.12877558171749115
0,0.1305205374956131
0,0.10091565549373627
0,0.08773071318864822
0,0.14483638107776642
0,0.14265015721321106
0,0.1028309091925621
0,0.10289760679006577
0,0.09977789968252182
0,0.11754932999610901
0,0.14079105854034424
0,0.18743103742599487
0,0.16841763257980347
0,0.15001146495342255
0,0.15280534327030182
0,0.13139960169792175
0,0.12189370393753052
0,0.08609303086996078
0,0.09661010652780533
0,0.0820121243596077
0,0.13333775103092194
0,0.12973333895206451
0,0.08168213069438934
0,0.05397217348217964
0,0.0622820183634758
0,0.07188471406698227
0,0.07078450173139572
0,0.06834928691387177
0,0.08636196702718735
0,0.1236933171749115
0,0.11950523406267166
0,0.13608263432979584
0,0.08714910596609116
0,0.054898034781217575
0,0.07111261785030365
0,0.11994533240795135
0,0.2026791125535965
0,0.24261988699436188
0,0.24024999141693115
0,0.21888351440429688
0,0.1963140368461609
0,0.22458869218826294
0,0.2211502641439438
0,0.1869753748178482
0,0.17423219978809357
0,0.1910478174686432
0,0.1788294017314911
0,0.2071387767791748
0,0.19614768028259277
0,0.20812134444713593
0,0.2053285837173462
0,0.13190406560897827
0,0.10101161152124405
0,0.07980217039585114
0,0.06284216046333313
0,0.04623297229409218
0,0.05906223505735397
0,0.09377645701169968
0,0.08444955199956894
0,0.07159382104873657
0,0.06917358189821243
0,0.05617538094520569
0,0.07144223153591156
0,0.06946773082017899
0,0.07351674139499664
0,0.056148961186409
0,0.07467876374721527
0,0.09328543394804001
0,0.08319153636693954
0,0.0987328439950943
0,0.08218791335821152
0,0.07500904053449631
0,0.09855695813894272
0,0.10691459476947784
0,0.10191205888986588
0,0.13168473541736603
0,0.12752144038677216
0,0.10510699450969696
0,0.1106720119714737
0,0.14535576105117798
0,0.17324165999889374
0,0.19486312568187714
0,0.24035388231277466
0,0.26994574069976807
0,0.24255001544952393
0,0.2242608517408371
0,0.18317705392837524
0,0.12468211352825165
0,0.0940256342291832
0,0.07696189731359482
0,0.08393202722072601
0,0.07386904209852219
0,0.056261468678712845
0,0.06215057522058487
0,0.06564249843358994
0,0.08712976425886154
0,0.07476547360420227
0,0.047848351299762726
0,0.042512767016887665
0,0.04811176285147667
0,0.04314909875392914
0,0.02166936919093132
0,0.044105272740125656
0,0.06976747512817383
0,0.08316383510828018
0,0.08611086010932922
0,0.10267627984285355
0,0.1024559885263443
0,0.12018376588821411
0,0.11286743730306625
0,0.11719328165054321
0,0.10924816131591797
0,0.08840592205524445
0,0.08390149474143982
0,0.08124134689569473
0,0.08347958326339722
0,0.07627304643392563
0,0.07861776649951935
0,0.043425220996141434
0,0.053256191313266754
0,0.05357643589377403
0,0.06739025563001633
0,0.08668652176856995
0,0.07457464188337326
0,0.08370523899793625
0,0.05538162216544151
0,0.05424412712454796
0,0.08660988509654999
0,0.09385671466588974
0,0.06250779330730438
0,0.03370020538568497
0,0.06503504514694214
0,0.0982181504368782
0,0.14498205482959747
0,0.1820843666791916
0,0.18578524887561798
0,0.2023671418428421
0,0.2300468534231186
0,0.2511034905910492
0,0.24199582636356354
0,0.23143447935581207
0,0.2321692407131195
0,0.23033149540424347
0,0.2252846658229828
0,0.2298525869846344
0,0.20574244856834412
0,0.1759205013513565
0,0.16685813665390015
0,0.1662760078907013
0,0.14767085015773773
0,0.15135371685028076
0,0.15430594980716705
0,0.1691455841064453
0,0.20228542387485504
0,0.20404689013957977
0,0.20685769617557526
0,0.2152443677186966
0,0.2015254944562912
0,0.16823701560497284
0,0.17921166121959686
0,0.1714632660150528
0,0.1480811983346939
0,0.1303853541612625
0,0.12726089358329773
0,0.12205822765827179
0,0.14955146610736847
0,0.18705348670482635
0,0.21390806138515472
0,0.18037253618240356
0,0.15986740589141846
0,0.130144864320755
0,0.08444418013095856
0,0.07864593714475632
0,0.07110336422920227
0,0.06913254410028458
0,0.07659229636192322
0,0.08406208455562592
0,0.06674663722515106
0,0.06738683581352234
0,0.08736798912286758
0,0.11297331750392914
0,0.12717629969120026
0,0.1338580846786499
0,0.16818411648273468
0,0.15528027713298798
0,0.14193496108055115
0,0.11706492304801941
0,0.09370753914117813
0,0.070375956594944
0,0.05247214064002037
0,0.03474625200033188
0,0.0694798156619072
0,0.0708870068192482
0,0.0763372853398323
0,0.09408579021692276
0,0.1138022243976593
0,0.09694203734397888
0,0.12233828753232956
0,0.16118352115154266
0,0.17417609691619873
0,0.11580754816532135
0,0.11705133318901062
0,0.11701719462871552
0,0.10540435463190079
0,0.13503843545913696
0,0.10461601614952087
0,0.09640650451183319
0,0.12281516939401627
0,0.17090508341789246
0,0.16231441497802734
0,0.12016719579696655
0,0.08505600690841675
0,0.08452355861663818
0,0.11039576679468155
0,0.15332555770874023
0,0.12427341192960739
0,0.07644357532262802
0,0.04734310507774353
0,0.06417128443717957
0,0.11686574667692184
0,0.129433736205101
0,0.09898407012224197
0,0.06812050193548203
0,0.0522308424115181
0,0.0710555911064148
0,0.11497892439365387
0,0.10706143826246262
0,0.06966709345579147
0,0.05439897999167442
0,0.0826549082994461
0,0.07900646328926086
0,0.09568841755390167
0,0.06711907684803009
0,0.029588233679533005
0,0.037814315408468246
0,0.032748494297266006
0,0.037065424025058746
0,0.0625801756978035
0,0.067036934196949
0,0.07548164576292038
0,0.08796583861112595
0,0.09455964714288712
0,0.09632597118616104
0,0.08353009074926376
0,0.05509968474507332
0,0.05023917928338051
0,0.04599683731794357
0,0.0193342175334692
0,0.061102245002985
0,0.09092572331428528
0,0.10253946483135223
0,0.10630277544260025
0,0.10181363672018051
0,0.1108102947473526
0,0.1292915791273117
0,0.1524806171655655
0,0.17556343972682953
0,0.1463295817375183
0,0.13861171901226044
0,0.13312064111232758
0,0.12521269917488098
0,0.13887791335582733
0,0.0954137071967125
0,0.06378142535686493
0,0.08791091293096542
0,0.12834838032722473
0,0.07252678275108337
0,0.08823328465223312
0,0.055471327155828476
0,0.056723129004240036
0,0.045548249036073685
0,0.06123771145939827
0,0.06100071221590042
0,0.06560534983873367
0,0.052154067903757095
0,0.07342636585235596
0,0.07012037187814713
0,0.08689232170581818
0,0.09933944046497345
0,0.06019614636898041
0,0.05664943531155586
0,0.09709308296442032
0,0.1386752724647522
0,0.15422071516513824
0,0.18332451581954956
0,0.12596248090267181
0,0.14403100311756134
0,0.1467198133468628
0,0.12791220843791962
0,0.08872026205062866
0,0.0709603950381279
0,0.07088015228509903
0,0.07146814465522766
0,0.06741104274988174
0,0.07062230259180069
0,0.07643695920705795
0,0.06241901218891144
0,0.057130590081214905
0,0.08226591348648071
0,0.08903253823518753
0,0.11500799655914307
0,0.1286250501871109
0,0.12644797563552856
0,0.12707538902759552
0,0.12642574310302734
0,0.1762576401233673
0,0.2087741494178772
0,0.21156778931617737
0,0.24838899075984955
0,0.23207248747348785
0,0.2315903902053833
0,0.25337061285972595
0,0.2596023678779602
0,0.25911131501197815
0,0.27962204813957214
0,0.25904619693756104
0,0.24896669387817383
0,0.17544476687908173
0,0.16634409129619598
0,0.15970733761787415
0,0.16003431379795074
0,0.16039028763771057
0,0.1504293978214264
0,0.19085800647735596
0,0.27122658491134644
0,0.32284241914749146
0,0.2776789963245392
0,0.2519950866699219
0,0.24426060914993286
0,0.22786255180835724
0,0.2372211515903473
0,0.22387732565402985
0,0.18149572610855103
0,0.136342391371727
0,0.1409108191728592
0,0.1368977427482605
0,0.14089623093605042
0,0.14171257615089417
0,0.12091570347547531
0,0.07020418345928192
0,0.058663249015808105
0,0.07914494723081589
0,0.12509651482105255
0,0.13597847521305084
0,0.11156667023897171
0,0.056268565356731415
0,0.05231182277202606
0,0.07163390517234802
0,0.11726117879152298
0,0.1518041342496872
0,0.14051245152950287
0,0.12945501506328583
0,0.14648674428462982
0,0.14117290079593658
0,0.14454351365566254
0,0.14848220348358154
0,0.1150696724653244
0,0.10696562379598618
0,0.04850633814930916
0,0.07184851914644241
0,0.06594341993331909
0,0.06804788112640381
0,0.08711175620555878
0,0.07865866273641586
0,0.09447178244590759
0,0.09450915455818176
0,0.12646843492984772
0,0.09835728257894516
0,0.06441409885883331
0,0.07969661056995392
0,0.09228914231061935
0,0.06991934031248093
0,0.07127749919891357
0,0.07399363815784454
0,0.11172403395175934
0,0.11120742559432983
0,0.10183683782815933
0,0.08594800531864166
0,0.06282321363687515
0,0.07357368618249893
0,0.09365711361169815
0,0.09038574993610382
0,0.05317044258117676
0,0.045074205845594406
0,0.07803434133529663
0,0.07969672232866287
0,0.08402300626039505
0,0.107156902551651
0,0.0943758636713028
0,0.12669384479522705
0,0.17554700374603271
0,0.21162547171115875
0,0.17907635867595673
0,0.17240077257156372
0,0.1808478832244873
0,0.1562153548002243
0,0.18502958118915558
0,0.1866654008626938
0,0.14580538868904114
0,0.11559529602527618
0,0.1548130363225937
0,0.13126608729362488
0,0.07875102758407593
0,0.08176949620246887
0,0.07569200545549393
0,0.07468301802873611
0,0.06807072460651398
0,0.06941405683755875
0,0.05319449305534363
0,0.035398878157138824
0,0.043536171317100525
0,0.08103589713573456
0,0.0846017524600029
0,0.09244794398546219
0,0.13215331733226776
0,0.17653407156467438
0,0.2073821723461151
0,0.26085853576660156
0,0.3164046108722687
0,0.33931833505630493
0,0.3327445983886719
0,0.30285415053367615
0,0.22726279497146606
0,0.1563979983329773
0,0.14386294782161713
0,0.13786965608596802
0,0.09023556113243103
0,0.06720316410064697
0,0.06677781790494919
0,0.055881988257169724
0,0.04174795746803284
0,0.06797805428504944
0,0.029599670320749283
0,0.02675219625234604
0,0.03702506422996521
0,0.02466072514653206
0,0.03825274854898453
0,0.07813111692667007
0,0.11132288724184036
0,0.11308912187814713
0,0.07152408361434937
0,0.06391927599906921
0,0.05482390522956848
0,0.03484858572483063
0,0.05228039249777794
0,0.034028131514787674
0,0.047321926802396774
0,0.036581024527549744
0,0.02491837367415428
0,0.04646897688508034
0,0.08563762158155441
0,0.07044532150030136
0,0.03734628111124039
0,0.07312270998954773
0,0.07592418789863586
0,0.0729692205786705
0,0.07998400926589966
0,0.06447538733482361
0,0.028117962181568146
0,0.06409374624490738
0,0.074444979429245
0,0.060710955411195755
0,0.024510212242603302
0,0.03848890960216522
0,0.04258672147989273
0,0.04208137094974518
0,0.03336662799119949
0,0.03906901553273201
0,0.03823687136173248
0,0.06194503232836723
0,0.034007783979177475
0,0.027474552392959595
0,0.07280820608139038
0,0.11980858445167542
0,0.16671958565711975
0,0.2057703584432602
0,0.23997138440608978
0,0.2701666057109833
0,0.2869417667388916
0,0.22107791900634766
0,0.17449060082435608
0,0.12792426347732544
0,0.09753531217575073
0,0.07530403137207031
0,0.05668555945158005
0,0.060519181191921234
0,0.08104526251554489
0,0.0746178925037384
0,0.08064432442188263
0,0.11475820094347
0,0.1307184398174286
0,0.1617107093334198
0,0.17868709564208984
0,0.17688912153244019
0,0.1559234857559204
1,0.19993294775485992
1,0.2781854271888733
1,0.3209846019744873
1,0.3561205267906189
1,0.4504677951335907
1,0.5720120072364807
1,0.6429287195205688
1,0.6525967717170715
1,0.6503434181213379
1,0.6524001955986023
1,0.64621502161026
1,0.663925051689148
1,0.6643797159194946
1,0.6334267258644104
1,0.6410956382751465
1,0.6377018094062805
1,0.6372923851013184
1,0.6396852731704712
1,0.6379529237747192
1,0.6370773315429688
1,0.6389118432998657
1,0.6585697531700134
1,0.6541051268577576
1,0.6576281189918518
1,0.6561387777328491
1,0.6565727591514587
1,0.6577860116958618
1,0.6612639427185059
1,0.663650631904602
1,0.661002516746521
1,0.6648389101028442
1,0.6634536981582642
1,0.6583870649337769
1,0.6601328253746033
1,0.6566411852836609
1,0.6546323895454407
1,0.655027449131012
1,0.6546699404716492
1,0.6448038220405579
1,0.6503811478614807
1,0.6382721066474915
1,0.6392612457275391
1,0.638557493686676
1,0.6402873992919922
1,0.626953125
1,0.6305338144302368
1,0.640089213848114
1,0.6370075345039368
1,0.6509221792221069
1,0.6505891680717468
1,0.6493224501609802
1,0.6495599150657654
1,0.6585332155227661
1,0.6558563113212585
1,0.6454699635505676
1,0.6431434154510498
1,0.6438401341438293
1,0.6472505331039429
1,0.6474208831787109
1,0.6473215818405151
1,0.6486682891845703
1,0.645119309425354
1,0.657862663269043
1,0.6573177576065063
1,0.6559308171272278
1,0.6540167331695557
1,0.6595045328140259
1,0.6567010879516602
1,0.6608039140701294
1,0.650816798210144
1,0.6543571352958679
1,0.6549655199050903
1,0.6549400687217712
1,0.649000346660614
1,0.6523689031600952
1,0.6513314247131348
1,0.6519443988800049
1,0.6575161218643188
1,0.6565585136413574
1,0.6565732359886169
1,0.6562447547912598
1,0.6574220061302185
1,0.6550029516220093
1,0.6557952165603638
1,0.6591694355010986
1,0.6576310992240906
1,0.6628516316413879
1,0.6619342565536499
1,0.6630253791809082
1,0.6613973379135132
1,0.6593607664108276
1,0.6608074903488159
1,0.6583340764045715
1,0.6553036570549011
1,0.6588709354400635
1,0.65610271692276
1,0.649252712726593
1,0.6488474607467651
1,0.6472796201705933
1,0.649747371673584
1,0.649872899055481
1,0.650177538394928
1,0.6480022072792053
1,0.6462079286575317
1,0.6564624309539795
1,0.6574796438217163
1,0.6552894115447998
1,0.656494677066803
1,0.6584423184394836
1,0.6591020822525024
1,0.6604721546173096
1,0.6610614061355591
1,0.657410740852356
1,0.6559798717498779
1,0.6569007635116577
1,0.6594098210334778
1,0.6568654775619507
1,0.6594384908676147
1,0.6589434146881104
1,0.660820722579956
1,0.6592416763305664
1,0.6512487530708313
1,0.651972770690918
1,0.6580895185470581
1,0.4724932312965393
1,0.47848939895629883
1,0.48741060495376587
1,0.4889785647392273
1,0.4824419915676117
1,0.4923224449157715
1,0.48979783058166504
1,0.529843270778656
1,0.6610648036003113
1,0.653922975063324
1,0.6490864157676697
1,0.6484875082969666
1,0.6497718691825867
1,0.6527389287948608
1,0.6547362208366394
1,0.6566739082336426
1,0.648905873298645
1,0.6539570093154907
1,0.6592456102371216
1,0.6481698155403137
1,0.649298906326294
1,0.6504538059234619
1,0.6488021612167358
1,0.6515960693359375
1,0.6507109999656677
1,0.6503288745880127
1,0.6497505903244019
1,0.6644726991653442
1,0.663616418838501
1,0.6629267334938049
1,0.6617683172225952
1,0.6605932712554932
1,0.6613543629646301
1,0.6590052843093872
1,0.6566020250320435
1,0.6603612899780273
1,0.653632640838623
1,0.6525627374649048
1,0.651606559753418
1,0.6514971256256104
1,0.6542401313781738
1,0.6550443172454834
1,0.6530672907829285
1,0.6496522426605225
1,0.6626384258270264
1,0.6584184169769287
1,0.6589305996894836
1,0.6581972241401672
1,0.6619552373886108
1,0.6620762348175049
1,0.6614384651184082
1,0.6624859571456909
1,0.6553462743759155
1,0.6626121997833252
1,0.6626957058906555
1,0.6590037941932678
1,0.6555325984954834
1,0.6391698718070984
1,0.6315010190010071
1,0.6386674046516418
1,0.6260862350463867
1,0.6278047561645508
1,0.6296745538711548
1,0.6328007578849792
1,0.6334784030914307
1,0.6405940651893616
1,0.650741457939148
1,0.651334822177887
1,0.6626397967338562
1,0.6556521654129028
1,0.6600959300994873
1,0.6606597900390625
1,0.6546427607536316
1,0.6459636092185974
1,0.6430428624153137
1,0.6463945508003235
1,0.6490378975868225
1,0.6461260318756104
1,0.649479866027832
1,0.6510801315307617
1,0.647949755191803
1,0.6652000546455383
1,0.6603673696517944
1,0.6596964597702026
1,0.6576274037361145
1,0.6590033173561096
1,0.6555746793746948
1,0.6547759771347046
1,0.6577184200286865
1,0.6616316437721252
1,0.6660144329071045
1,0.6692737936973572
1,0.6712303161621094
1,0.6702649593353271
1,0.6694839000701904
1,0.667404055595398
1,0.6622402667999268
1,0.6587599515914917
1,0.6564139127731323
1,0.6550292372703552
1,0.6567522287368774
1,0.6536429524421692
1,0.6564832329750061
1,0.6560935974121094
1,0.6584208607673645
1,0.6574430465698242
1,0.6582809686660767
1,0.658512532711029
1,0.658829927444458
1,0.6585555672645569
1,0.658814013004303
1,0.657106339931488
1,0.658560574054718
1,0.6469681262969971
1,0.6482955813407898
1,0.6458415985107422
1,0.6481353044509888
1,0.644914984703064
1,0.6473696827888489
1,0.64781254529953
1,0.6467465162277222
1,0.6587305665016174
1,0.6573286056518555
1,0.655699610710144
1,0.6565288305282593
1,0.6578091979026794
1,0.6561853289604187
1,0.6593447327613831
1,0.6570404171943665
1,0.6592734456062317
1,0.6582303047180176
1,0.6588205695152283
1,0.6592980623245239
1,0.6580439805984497
1,0.6555978059768677
1,0.6570332050323486
1,0.6576491594314575
1,0.6577643156051636
1,0.6576063632965088
1,0.6584785580635071
1,0.6587598323822021
1,0.6477416753768921
1,0.6492422819137573
1,0.6459944844245911
1,0.6489055752754211
1,0.647939920425415
1,0.6461013555526733
1,0.645024299621582
1,0.6452864408493042
1,0.6517357230186462
1,0.6404877305030823
1,0.6418819427490234
1,0.6423108577728271
1,0.6452875733375549
1,0.6496542096138
1,0.6487138271331787
1,0.6515143513679504
1,0.6503191590309143
1,0.6623194813728333
1,0.6646769046783447
1,0.6669108867645264
1,0.6639597415924072
1,0.6652785539627075
1,0.6659190058708191
1,0.6672819256782532
1,0.6641808748245239
1,0.6665251851081848
1,0.6616620421409607
1,0.6650967001914978
1,0.660884439945221
1,0.6599088907241821
1,0.6573331952095032
1,0.6421082615852356
1,0.6413406729698181
1,0.6460686922073364
1,0.6441333293914795
1,0.6450596451759338
1,0.6456862688064575
1,0.6472791433334351
1,0.6410362720489502
1,0.6592437028884888
1,0.6561231017112732
1,0.6587805151939392
1,0.6579292416572571
1,0.6559674143791199
1,0.6592451333999634
1,0.6576828956604004
1,0.6348997354507446
1,0.642784833908081
1,0.6434844136238098
1,0.6427923440933228
1,0.6418576240539551
1,0.6400411128997803
1,0.6425029635429382
1,0.6395536065101624
1,0.6580102443695068
1,0.6577240228652954
1,0.6564202904701233
1,0.6561709642410278
1,0.6561657190322876
1,0.6572720408439636
1,0.6580467820167542
1,0.6601271629333496
1,0.6588792204856873
1,0.6605850458145142
1,0.6610383987426758
1,0.6638412475585938
1,0.6621670722961426
1,0.6602646112442017
1,0.661188006401062
1,0.6598415374755859
1,0.654878556728363
1,0.6587340235710144
1,0.6538242101669312
1,0.6608748435974121
1,0.657813310623169
1,0.6562015414237976
1,0.6593665480613708
1,0.6602326035499573
1,0.6575667262077332
1,0.6592639088630676
1,0.6557193398475647
1,0.6588290929794312
1,0.655485987663269
1,0.6603148579597473
1,0.6549892425537109
1,0.6555399894714355
1,0.655382513999939
1,0.6611682176589966
1,0.6581292748451233
1,0.6505944728851318
1,0.6532492637634277
1,0.6527016758918762
1,0.655526340007782
1,0.6426423788070679
1,0.6418470740318298
1,0.6308234930038452
1,0.6339583396911621
1,0.6396738290786743
1,0.6418458819389343
1,0.6393266320228577
1,0.6422027945518494
1,0.6509343981742859
1,0.6505245566368103
1,0.6605859398841858
1,0.6609741449356079
1,0.6582872867584229
1,0.6603379845619202
1,0.6486300230026245
1,0.6537110209465027
1,0.6527974605560303
1,0.651678204536438
1,0.654060959815979
1,0.6535016894340515
1,0.6525874137878418
1,0.6522517204284668
1,0.6590200662612915
1,0.6569331288337708
1,0.6544748544692993
1,0.6532090902328491
1,0.6534799337387085
1,0.6560208201408386
1,0.6553428173065186
1,0.6546911597251892
1,0.6579614281654358
1,0.658156156539917
1,0.658117413520813
1,0.6568629145622253
1,0.6579827666282654
1,0.6573513746261597
1,0.6591812968254089
1,0.6591070890426636
1,0.6575796604156494
1,0.6579084992408752
1,0.6586014628410339
1,0.6560813188552856
1,0.6565138697624207
1,0.6536924839019775
1,0.6539731025695801
1,0.6540892720222473
1,0.6550095677375793
1,0.6564972400665283
1,0.6576298475265503
1,0.6585964560508728
1,0.6597276926040649
1,0.6628339290618896
1,0.663239598274231
1,0.6637221574783325
1,0.6592490673065186
1,0.6604474186897278
1,0.6566580533981323
1,0.6602610349655151
1,0.6544166803359985
1,0.6585202813148499
1,0.6629667282104492
1,0.6631709337234497
1,0.6644881963729858
1,0.6648381948471069
1,0.6611006855964661
1,0.6613684296607971
1,0.6588426828384399
1,0.6585227847099304
1,0.6592516303062439
1,0.6579533219337463
1,0.6596435904502869
1,0.662044882774353
1,0.660186231136322
1,0.6599640846252441
1,0.6593462824821472
1,0.6577107906341553
1,0.6463038921356201
1,0.648669421672821
1,0.6528266668319702
1,0.6529361009597778
1,0.6533181071281433
1,0.6525053381919861
1,0.6510622501373291
1,0.6515960693359375
1,0.6609127521514893
1,0.6609535217285156
1,0.6585054993629456
1,0.6576502919197083
1,0.6583747863769531
1,0.6566789746284485
1,0.6570498943328857
1,0.6554839611053467
1,0.6595005989074707
1,0.6600841283798218
1,0.646716833114624
1,0.6529807448387146
1,0.6531029939651489
1,0.6474888324737549
1,0.6489413976669312
1,0.6459016799926758
1,0.6458842754364014
1,0.6473261713981628
1,0.657728374004364
1,0.6546713709831238
1,0.6560028791427612
1,0.6557538509368896
1,0.65687096118927
1,0.6469743251800537
1,0.6450501084327698
1,0.6463562846183777
1,0.6481271982192993
1,0.6387414932250977
1,0.6344192028045654
1,0.6341284513473511
1,0.6356302499771118
1,0.6435632705688477
1,0.641509473323822
1,0.6435561180114746
1,0.6410800814628601
1,0.6452210545539856
1,0.6591463088989258
1,0.6597959995269775
1,0.6589109897613525
1,0.6599993705749512
1,0.659515380859375
1,0.6596198081970215
1,0.6595413684844971
1,0.659177303314209
1,0.6468400359153748
1,0.6524845957756042
1,0.6422954797744751
1,0.6473590731620789
1,0.6493136286735535
1,0.648833155632019
1,0.6475861072540283
1,0.6453523635864258
1,0.6539731025695801
1,0.6471651792526245
1,0.6557101011276245
1,0.6617211103439331
1,0.6636017560958862
1,0.6618747711181641
1,0.6609145402908325
1,0.6641014814376831
1,0.6662748456001282
1,0.663224458694458
1,0.6628642082214355
1,0.6617106795310974
1,0.6630893349647522
1,0.6601912975311279
1,0.6592334508895874
1,0.6573135256767273
1,0.6592230796813965
1,0.658929169178009
1,0.6609882116317749
1,0.6581626534461975
1,0.6596930623054504
1,0.6605458855628967
1,0.6592741012573242
1,0.6517038345336914
1,0.6537088751792908
1,0.6506737470626831
1,0.6516467332839966
1,0.6518212556838989
1,0.6499501466751099
1,0.6482174396514893
1,0.6461853981018066
1,0.6604952812194824
1,0.6593548059463501
1,0.6596286296844482
1,0.6552619338035583
1,0.6444104313850403
1,0.6518418788909912
1,0.6357719302177429
1,0.6392652988433838
1,0.6438270807266235
1,0.6422556042671204
1,0.6413477063179016
1,0.6365435123443604
1,0.6492487788200378
1,0.649745762348175
1,0.6572656035423279
1,0.6566795706748962
1,0.6484811902046204
1,0.6492674946784973
1,0.6471723914146423
1,0.6307646036148071
1,0.6379689574241638
1,0.6382734179496765
1,0.6380126476287842
1,0.6358130574226379
1,0.6449040770530701
1,0.6472757458686829
1,0.6474307179450989
1,0.6515837907791138
1,0.6590641736984253
1,0.6586206555366516
1,0.6589523553848267
1,0.6555359363555908
1,0.6497148275375366
1,0.6446347236633301
1,0.6486548781394958
1,0.6322580575942993
1,0.6412192583084106
1,0.6407855153083801
1,0.6407349109649658
1,0.6402102708816528
1,0.6532751321792603
1,0.6542401313781738
1,0.649715781211853
1,0.6590686440467834
1,0.6586732268333435
1,0.655194103717804
1,0.6526250839233398
1,0.6552512645721436
1,0.6525834798812866
1,0.6578222513198853
1,0.6578599810600281
1,0.6580034494400024
1,0.6605589389801025
1,0.6611185669898987
1,0.6550685167312622
1,0.6589148640632629
1,0.6550940275192261
1,0.6595196723937988
1,0.6549999117851257
1,0.656501054763794
1,0.6589927077293396
1,0.6589387655258179
1,0.6574332118034363
1,0.6577081084251404
1,0.6591440439224243
1,0.6599647402763367
1,0.6573487520217896
1,0.6590847969055176
1,0.6606455445289612
1,0.6609224081039429
1,0.6624259352684021
1,0.6607674956321716
1,0.6605844497680664
1,0.6599040627479553
1,0.6593407392501831
1,0.6430618166923523
1,0.6475955247879028
1,0.6466691493988037
1,0.6434706449508667
1,0.6463650465011597
1,0.6477150917053223
1,0.649539053440094
1,0.6487181186676025
1,0.6584492325782776
1,0.6507346034049988
1,0.6495152711868286
1,0.6514907479286194
1,0.6536229252815247
1,0.6388989686965942
1,0.6451636552810669
1,0.6451248526573181
1,0.6430262327194214
1,0.6542597413063049
1,0.6508310437202454
1,0.6487441658973694
1,0.640640914440155
1,0.6503691077232361
1,0.6517559289932251
1,0.6112160682678223
1,0.6082230806350708
1,0.6141917705535889
1,0.6118272542953491
1,0.6094274520874023
1,0.6200077533721924
1,0.6218680143356323
1,0.6277720928192139
1,0.6497989296913147
1,0.6551858186721802
1,0.6598069071769714
1,0.6467373371124268
1,0.644357442855835
1,0.6494268774986267
1,0.6461886763572693
1,0.6489552855491638
1,0.652693510055542
1,0.648344874382019
1,0.649754524230957
1,0.6627846956253052
1,0.6590791940689087
1,0.6610131859779358
1,0.6640112400054932
1,0.6633376479148865
1,0.6645783185958862
1,0.6625722050666809
1,0.664226770401001
1,0.6657837629318237
1,0.6641075611114502
1,0.6605371832847595
1,0.6648402214050293
1,0.660609245300293
1,0.6625498533248901
1,0.6596494317054749
1,0.651194155216217
1,0.6523582935333252
1,0.6488610506057739
1,0.6517552137374878
1,0.6525827050209045
1,0.6519610285758972
1,0.6499106884002686
1,0.6496814489364624
1,0.659939169883728
1,0.6595589518547058
1,0.653693675994873
1,0.657113254070282
1,0.6544819474220276
1,0.6549692153930664
1,0.6564626693725586
1,0.6585507988929749
1,0.6576189994812012
1,0.6469612121582031
1,0.6491280794143677
1,0.6506540179252625
1,0.651862382888794
1,0.6506387591362
1,0.6483475565910339
1,0.6487114429473877
1,0.6447782516479492
1,0.6559718251228333
1,0.6544389724731445
1,0.6532607674598694
1,0.6543154120445251
1,0.6562081575393677
1,0.6548070907592773
1,0.6559105515480042
1,0.6562410593032837
1,0.6554393768310547
1,0.6562452912330627
1,0.6525187492370605
1,0.6556359529495239
1,0.6553470492362976
1,0.6528525352478027
1,0.6555315256118774
1,0.6558132171630859
1,0.6547772884368896
1,0.657882809638977
1,0.6544041037559509
1,0.6592071056365967
1,0.6584902405738831
1,0.6612803339958191
1,0.6605557799339294
1,0.6447700262069702
1,0.6511353254318237
1,0.6530950665473938
1,0.6519374251365662
1,0.640966534614563
1,0.6436353921890259
1,0.6417820453643799
1,0.6334315538406372
1,0.6463311910629272
1,0.6477106809616089
1,0.6401983499526978
1,0.642724871635437
1,0.651157557964325
1,0.6518093347549438
1,0.647424578666687
1,0.6432369947433472
1,0.6401026844978333
1,0.6434611082077026
1,0.6422405242919922
1,0.6467005610466003
1,0.6489079594612122
1,0.6500547528266907
1,0.6458048820495605
1,0.659398078918457
1,0.661407470703125
1,0.6405721306800842
1,0.6515014171600342
1,0.6507934331893921
1,0.6529190540313721
1,0.6522513628005981
1,0.6513776779174805
1,0.6493897438049316
1,0.6491653919219971
1,0.6586488485336304
1,0.6582114696502686
1,0.6556268334388733
1,0.6561057567596436
1,0.6588315367698669
1,0.6575551629066467
1,0.6590491533279419
1,0.6603646278381348
1,0.6593770980834961
1,0.6530624628067017
1,0.6532219052314758
1,0.6528390645980835
1,0.6550489664077759
1,0.6565703749656677
1,0.6551752090454102
1,0.6566163301467896
1,0.651502251625061
1,0.6631825566291809
1,0.6618666052818298
1,0.6577162146568298
1,0.6580661535263062
1,0.6601306200027466
1,0.6611008644104004
1,0.66293865442276
1,0.6602709293365479
1,0.6623249053955078
1,0.6588608026504517
1,0.665320873260498
1,0.6646533608436584
1,0.6621960401535034
1,0.6343361139297485
1,0.6382176876068115
1,0.6352787613868713
1,0.6371011137962341
1,0.6263816952705383
1,0.6179839372634888
1,0.6161970496177673
1,0.6257469058036804
1,0.6409385800361633
1,0.6363592743873596
1,0.6406357884407043
1,0.6367582082748413
1,0.6476229429244995
1,0.6573587656021118
1,0.6609346270561218
1,0.6592632532119751
1,0.6593410968780518
1,0.6585750579833984
1,0.6619971394538879
1,0.6570883989334106
1,0.6581824421882629
1,0.6542049050331116
1,0.6565497517585754
1,0.6558477878570557
1,0.6541375517845154
1,0.6536973118782043
1,0.6545836925506592
1,0.6572005152702332
1,0.6571800112724304
1,0.6289660334587097
1,0.6331707835197449
1,0.6354835033416748
1,0.625700831413269
1,0.6264221668243408
1,0.6276352405548096
1,0.6264563798904419
1,0.6239900588989258
1,0.6500069499015808
1,0.6485593318939209
1,0.6443605422973633
1,0.6577264666557312
1,0.6562932729721069
1,0.6578935384750366
1,0.6579411029815674
1,0.6546686887741089
1,0.6574152708053589
1,0.6568271517753601
1,0.6461095809936523
1,0.6468383073806763
1,0.6489837169647217
1,0.6509062051773071
1,0.640846848487854
1,0.6417686939239502
1,0.6418871283531189
1,0.6390572190284729
1,0.6506423950195312
1,0.6473105549812317
1,0.6491140127182007
1,0.6455216407775879
1,0.6564271450042725
1,0.6588025093078613
1,0.6579326391220093
1,0.6586664319038391
1,0.6587569117546082
1,0.6616253852844238
1,0.6613302230834961
1,0.6597818732261658
1,0.660936176776886
1,0.6602002382278442
1,0.6481027603149414
1,0.6461950540542603
1,0.6455337405204773
1,0.6473316550254822
1,0.648735761642456
1,0.6456613540649414
1,0.6471315622329712
1,0.6457082033157349
1,0.6580229997634888
1,0.656888484954834
1,0.6575205326080322
1,0.6597253084182739
1,0.6582949161529541
1,0.6609615087509155
1,0.6616290807723999
1,0.661283552646637
1,0.6558091044425964
1,0.6643460988998413
1,0.6617503762245178
1,0.6490582227706909
1,0.6501654982566833
1,0.6468287706375122
1,0.6526181101799011
1,0.651050865650177
1,0.648779034614563
1,0.6499631404876709
1,0.6452664732933044
1,0.6563845872879028
1,0.6546231508255005
1,0.6542671322822571
1,0.6566318273544312
1,0.6552015542984009
1,0.6554777026176453
1,0.6552213430404663
1,0.6519472002983093
1,0.6594246625900269
1,0.6611388921737671
1,0.6552417278289795
1,0.6606690287590027
1,0.6602279543876648
1,0.6615074872970581
1,0.6584386825561523
1,0.6575908660888672
1,0.6574814319610596
1,0.6581487655639648
1,0.6601892709732056
1,0.6588701605796814
1,0.6575058698654175
1,0.6576181054115295
1,0.6598327159881592
1,0.6594703793525696
1,0.6555725336074829
1,0.6592344045639038
1,0.6587096452713013
1,0.6617752313613892
1,0.6604123711585999
1,0.6615079641342163
1,0.662050724029541
1,0.6606743335723877
1,0.6622685194015503
1,0.6570370197296143
1,0.6580238938331604
1,0.6551113128662109
1,0.6571274399757385
1,0.6572198271751404
1,0.6564368605613708
1,0.6551617383956909
1,0.6526142954826355
1,0.6554306745529175
1,0.6559295654296875
1,0.6526861190795898
1,0.6499183773994446
1,0.6551048755645752
1,0.6571714282035828
1,0.6551938056945801
1,0.657952070236206
1,0.6593108773231506
1,0.6622130870819092
1,0.6615548133850098
1,0.6628917455673218
1,0.661790668964386
1,0.6623318791389465
1,0.6627036333084106
1,0.6498752236366272
1,0.6523352861404419
1,0.6528553366661072
1,0.649443507194519
1,0.6514601111412048
1,0.651077389717102
1,0.6502608060836792
1,0.6469964385032654
1,0.6560570001602173
1,0.6564007997512817
1,0.656869113445282
1,0.6586462259292603
1,0.6582703590393066
1,0.6594316363334656
1,0.6568045616149902
1,0.6599554419517517
1,0.6453303694725037
1,0.6482068300247192
1,0.6432466506958008
1,0.6440214514732361
1,0.6460913419723511
1,0.6454342603683472
1,0.6437122821807861
1,0.6467411518096924
1,0.6565672159194946
1,0.6515610218048096
1,0.6628470420837402
1,0.6599624156951904
1,0.6600680947303772
1,0.6614377498626709
1,0.6591295003890991
1,0.6623387336730957
1,0.6593737006187439
1,0.656097412109375
1,0.6613343954086304
1,0.6572346687316895
1,0.6604284048080444
1,0.6506819128990173
1,0.6514073610305786
1,0.6528353691101074
1,0.6498348712921143
1,0.6497136950492859
1,0.6490629315376282
1,0.6502872705459595
1,0.6451175808906555
1,0.6593227386474609
1,0.6491512060165405
1,0.6504499316215515
1,0.6334875822067261
1,0.6401774883270264
1,0.6402575373649597
1,0.6374958157539368
1,0.6407162547111511
1,0.6384382247924805
1,0.6446029543876648
1,0.648371696472168
1,0.641350269317627
1,0.6498016119003296
1,0.6494246125221252
1,0.649030327796936
1,0.6487644910812378
1,0.6466007828712463
1,0.6467773914337158
1,0.6474533081054688
1,0.6564439535140991
1,0.655413031578064
1,0.653994083404541
1,0.6569827795028687
1,0.657762885093689
1,0.6568289995193481
1,0.6591057181358337
1,0.6588935852050781
1,0.6607905626296997
1,0.6603949069976807
1,0.6614556312561035
1,0.6595208644866943
1,0.6631708145141602
1,0.657984733581543
1,0.660171389579773
1,0.6581161022186279
1,0.6610514521598816
1,0.6568746566772461
1,0.6588268280029297
1,0.6603677868843079
1,0.6608346104621887
1,0.6598960161209106
1,0.6603771448135376
1,0.6603273153305054
1,0.6591565608978271
1,0.6591665744781494
1,0.6564343571662903
1,0.6582611203193665
1,0.6578183174133301
1,0.6578834056854248
1,0.6550393104553223
1,0.6579908728599548
1,0.6609315276145935
1,0.6598973274230957
1,0.6600031852722168
1,0.6604923605918884
1,0.6597651839256287
1,0.6590607762336731
1,0.6613512635231018
1,0.6591622829437256
1,0.6617372035980225
1,0.6607900261878967
1,0.6597549915313721
1,0.6590301990509033
1,0.6591732501983643
1,0.6510183215141296
1,0.6525486707687378
1,0.6501740217208862
1,0.6525685787200928
1,0.6523866057395935
1,0.6541584730148315
1,0.6531304717063904
1,0.6510545611381531
1,0.6602663397789001
1,0.6602410674095154
1,0.6504745483398438
1,0.651470422744751
1,0.6502082943916321
1,0.6506097316741943
1,0.652630090713501
1,0.6499385833740234
1,0.647505521774292
1,0.6430068016052246
1,0.6559145450592041
1,0.6564645767211914
1,0.6611995100975037
1,0.6612450480461121
1,0.659475564956665
1,0.6587105989456177
1,0.6604501605033875
1,0.6574457883834839
1,0.6574099063873291
1,0.6536040902137756
1,0.6538839936256409
1,0.6524236798286438
1,0.6541987657546997
1,0.6425396800041199
1,0.6504865884780884
1,0.6485183238983154
1,0.649776816368103
1,0.6514749526977539
1,0.6338640451431274
1,0.6402540802955627
1,0.6423282623291016
1,0.6512287855148315
1,0.6524156332015991
1,0.6526125073432922
1,0.6418567895889282
1,0.6440925002098083
1,0.6521134376525879
1,0.6518306732177734
1,0.6546857953071594
1,0.6525990962982178
1,0.6497849225997925
1,0.6490784287452698
1,0.6464276909828186
1,0.6510201692581177
1,0.6487800478935242
1,0.647487461566925
1,0.6475713849067688
1,0.6507012248039246
1,0.6504380702972412
1,0.6493420600891113
1,0.6575797200202942
1,0.657721757888794
1,0.6545470356941223
1,0.6528900861740112
1,0.6536815166473389
1,0.6551925539970398
1,0.6591305136680603
1,0.6597257256507874
1,0.6620679497718811
1,0.6635295152664185
1,0.6578869223594666
1,0.6582070589065552
1,0.6596906781196594
1,0.6538091897964478
1,0.657454252243042
1,0.6561993956565857
1,0.6548964381217957
1,0.6444571614265442
1,0.6387828588485718
1,0.6350613832473755
1,0.6375793218612671
1,0.6383231282234192
1,0.6388390064239502
1,0.6375806927680969
1,0.6375765800476074
1,0.6435964107513428
1,0.6470479369163513
1,0.6489774584770203
1,0.6475010514259338
1,0.6450445055961609
1,0.6506099104881287
1,0.6496498584747314
1,0.6499404311180115
1,0.6337239742279053
1,0.6495866775512695
1,0.6509119272232056
1,0.6426184177398682
1,0.6379460096359253
1,0.6353472471237183
1,0.6349011063575745
1,0.6363811492919922
1,0.6508026123046875
1,0.6471028327941895
1,0.6471585035324097
1,0.6581058502197266
1,0.6612722277641296
1,0.6612699031829834
1,0.6631242036819458
1,0.662555456161499
1,0.6635820269584656
1,0.6652594208717346
1,0.6628051996231079
1,0.6624622344970703
1,0.6644057631492615
1,0.6613686084747314
1,0.6625880002975464
1,0.6605224609375
1,0.6644928455352783
1,0.6634665727615356
1,0.6588122844696045
1,0.6607563495635986
1,0.6600888967514038
1,0.6564979553222656
1,0.6572912335395813
1,0.6493198871612549
1,0.6470058560371399
1,0.6488412618637085
1,0.6490752100944519
1,0.6480305194854736
1,0.6508739590644836
1,0.6522183418273926
1,0.6380767822265625
1,0.6538836359977722
1,0.647803008556366
1,0.65298992395401
1,0.6493321657180786
1,0.6469520926475525
1,0.6477539539337158
1,0.6442029476165771
1,0.6533739566802979
1,0.6549282073974609
1,0.6464350819587708
1,0.6459589600563049
1,0.6451040506362915
1,0.6480628848075867
1,0.6477729082107544
1,0.6500968933105469
1,0.647970974445343
1,0.6463265419006348
1,0.6602667570114136
1,0.66010582447052
1,0.6402717232704163
1,0.642759382724762
1,0.6466894745826721
1,0.6454944014549255
1,0.6449956893920898
1,0.6334880590438843
1,0.5677905082702637
1,0.570530354976654
1,0.5839877724647522
1,0.5778391361236572
1,0.5879352688789368
1,0.5856177806854248
1,0.5862215161323547
1,0.6011422276496887
1,0.6565556526184082
1,0.6590031385421753
1,0.6584624648094177
1,0.6586365699768066
1,0.6610069870948792
1,0.6527099013328552
1,0.6367460489273071
1,0.6289471387863159
1,0.6360073089599609
1,0.6370774507522583
1,0.6372840404510498
1,0.6326150894165039
1,0.6346145272254944
1,0.6412010192871094
1,0.6553382873535156
1,0.6639817357063293
1,0.662111759185791
1,0.6508997678756714
1,0.6603599786758423
1,0.6608826518058777
1,0.6572257280349731
1,0.6599264144897461
1,0.6563408374786377
1,0.659099817276001
1,0.6597242951393127
1,0.6570608615875244
1,0.6555891036987305
1,0.6580405831336975
1,0.6597671508789062
1,0.6440804600715637
1,0.6514945030212402
1,0.6533095836639404
1,0.6521071791648865
1,0.6499701738357544
1,0.6502871513366699
1,0.6438491940498352
1,0.6519962549209595
1,0.6560139060020447
1,0.6471391916275024
1,0.6502010226249695
1,0.6487202048301697
1,0.6473382711410522
1,0.6510607600212097
1,0.6514403820037842
1,0.6484465003013611
1,0.639006495475769
1,0.6459269523620605
1,0.6497786045074463
1,0.6466535925865173
1,0.6488306522369385
1,0.6396109461784363
1,0.6318457126617432
1,0.6297129988670349
1,0.6405995488166809
1,0.6400514841079712
1,0.5795988440513611
1,0.5864030122756958
1,0.5747441649436951
1,0.5856180191040039
1,0.5971628427505493
1,0.5932125449180603
1,0.5974382162094116
1,0.6101219058036804
1,0.6544200778007507
1,0.6497847437858582
1,0.6603258848190308
1,0.6584619283676147
1,0.6490147113800049
1,0.6488937139511108
1,0.6438705921173096
1,0.6447815895080566
1,0.6434565782546997
1,0.647020697593689
1,0.6460367441177368
1,0.6453220844268799
1,0.6573183536529541
1,0.6584099531173706
1,0.6579355001449585
1,0.6599032878875732
1,0.660374641418457
1,0.661689043045044
1,0.6535484790802002
1,0.6620438694953918
1,0.6581344604492188
1,0.6573051810264587
1,0.6574835777282715
1,0.6583797931671143
1,0.6592863202095032
1,0.6580166816711426
1,0.6577644348144531
1,0.6570420861244202
1,0.656831681728363
1,0.6600698232650757
1,0.6605887413024902
1,0.6570715308189392
1,0.6582324504852295
1,0.6604503393173218
1,0.6592175960540771
1,0.6598106622695923
1,0.6574981808662415
1,0.6558911800384521
1,0.6557389497756958
1,0.6564721465110779
1,0.6442240476608276
1,0.6456142067909241
1,0.6478727459907532
1,0.6488114595413208
1,0.6480222940444946
1,0.650792121887207
1,0.6521701216697693
1,0.6496108174324036
1,0.6604613065719604
1,0.6599732637405396
1,0.6582145094871521
1,0.6568889021873474
1,0.6573731899261475
1,0.6578624844551086
1,0.6021443009376526
1,0.5812475681304932
1,0.5865734219551086
1,0.5884549617767334
1,0.5849106907844543
1,0.5846811532974243
1,0.5831462740898132
1,0.5828135013580322
1,0.6374030709266663
1,0.6574810743331909
1,0.6582903265953064
1,0.6607030630111694
1,0.6606875658035278
1,0.664053201675415
1,0.658771276473999
1,0.6606057286262512
1,0.662650465965271
1,0.6597868204116821
1,0.6570955514907837
1,0.6615027785301208
1,0.6582976579666138
1,0.6566756963729858
1,0.6602437496185303
1,0.6618512272834778
1,0.6642873287200928
1,0.6641589403152466
1,0.6617304086685181
1,0.6589324474334717
1,0.6607054471969604
1,0.6628623008728027
1,0.6606462001800537
1,0.651393473148346
1,0.6546628475189209
1,0.6493309736251831
1,0.6517945528030396
1,0.652201235294342
1,0.6531177163124084
1,0.6530048847198486
1,0.6493922472000122
1,0.6479899287223816
1,0.6493182182312012
1,0.6503965258598328
1,0.6461086273193359
1,0.6458359956741333
1,0.6466857194900513
1,0.6464163064956665
1,0.6431647539138794
1,0.6577932834625244
1,0.6601595282554626
1,0.6598237156867981
1,0.662305474281311
1,0.6595924496650696
1,0.6603295803070068
1,0.6603412628173828
1,0.656831681728363
1,0.655128002166748
1,0.6561785340309143
1,0.6578508019447327
1,0.6591964960098267
1,0.6599544882774353
1,0.6613128185272217
1,0.6511318683624268
1,0.6520853042602539
1,0.6287939548492432
1,0.6184267997741699
1,0.6294146180152893
1,0.6262483596801758
1,0.6257216930389404
1,0.6236217021942139
1,0.6334319114685059
1,0.6185460090637207
1,0.6425913572311401
1,0.6503662467002869
1,0.6556810140609741
1,0.6552562713623047
1,0.6535055041313171
1,0.6548919677734375
1,0.6545000672340393
1,0.6605736017227173
1,0.6618560552597046
1,0.6567205190658569
1,0.6569709777832031
1,0.6443453431129456
1,0.6261686682701111
1,0.6365007162094116
1,0.6314667463302612
1,0.6343361139297485
1,0.634434700012207
1,0.6344567537307739
1,0.63106769323349
1,0.6391607522964478
1,0.6426441073417664
1,0.6461072564125061
1,0.6490838527679443
1,0.6361894607543945
1,0.6417214274406433
1,0.6416867971420288
1,0.6260969638824463
1,0.6304637789726257
1,0.6416419744491577
1,0.6415358185768127
1,0.640561580657959
1,0.6496224403381348
1,0.6498046517372131
1,0.648916482925415
1,0.6575652360916138
1,0.6600465178489685
1,0.659676194190979
1,0.6603366136550903
1,0.6595936417579651
1,0.6458147764205933
1,0.6500108242034912
1,0.6514526009559631
1,0.644570529460907
1,0.6472452878952026
1,0.6458641290664673
1,0.64760822057724
1,0.6493260860443115
1,0.6594943404197693
1,0.657126784324646
1,0.6578558087348938
1,0.6600441932678223
1,0.6592205762863159
1,0.6601459383964539
1,0.6585246920585632
1,0.6468884348869324
1,0.6285028457641602
1,0.6292983293533325
1,0.6306422352790833
1,0.6305033564567566
1,0.6294442415237427
1,0.6151334047317505
1,0.6143276691436768
1,0.6218953728675842
1,0.6318249702453613
1,0.6338133811950684
1,0.6334620118141174
1,0.6338420510292053
1,0.6371086239814758
1,0.6470049619674683
1,0.6544669270515442
1,0.657073438167572
1,0.6440628170967102
1,0.6335312724113464
1,0.6324613094329834
1,0.6270830631256104
1,0.619135856628418
1,0.6184256076812744
1,0.5975330471992493
1,0.6126126050949097
1,0.6301712393760681
1,0.6372756958007812
1,0.6390923261642456
1,0.6387826204299927
1,0.6466746926307678
1,0.6468495726585388
1,0.6544684171676636
1,0.6535596251487732
1,0.654291033744812
1,0.6540223956108093
1,0.6572420597076416
1,0.6578279137611389
1,0.6567304730415344
1,0.6564003229141235
1,0.6450390219688416
1,0.6470502018928528
1,0.6360564231872559
1,0.6361686587333679
1,0.6285452842712402
1,0.6311159133911133
1,0.6310142278671265
1,0.6279181838035583
1,0.6399706602096558
1,0.6280375719070435
1,0.6336857676506042
1,0.6296840906143188
1,0.6252343058586121
1,0.6281000375747681
1,0.6271137595176697
1,0.6292970776557922
1,0.6278877258300781
1,0.63503098487854
1,0.634544849395752
1,0.6389778852462769
1,0.651142954826355
1,0.648978054523468
1,0.6515539288520813
1,0.6519380807876587
1,0.6517461538314819
1,0.619624137878418
1,0.630695104598999
1,0.6289695501327515
1,0.6303218007087708
1,0.6288298964500427
1,0.6256283521652222
1,0.6245526671409607
1,0.6393035054206848
1,0.6544368267059326
1,0.6437445878982544
1,0.6463613510131836
1,0.6473878622055054
1,0.6296322345733643
1,0.6285090446472168
1,0.6350682973861694
1,0.6360663771629333
1,0.6332477927207947
1,0.6455148458480835
1,0.644196629524231
1,0.645788311958313
1,0.657243549823761
1,0.6566630601882935
1,0.6574141383171082
1,0.6584325432777405
1,0.659034788608551
1,0.6586666703224182
1,0.6579943299293518
1,0.6593456268310547
1,0.6584635376930237
1,0.6576386094093323
1,0.6529034972190857
1,0.6567174196243286
1,0.6449318528175354
1,0.6449795961380005
1,0.6449881792068481
1,0.6334100365638733
1,0.6277691721916199
1,0.6274092793464661
1,0.6274583339691162
1,0.6272932291030884
1,0.6396543383598328
1,0.6409797072410583
1,0.6431629657745361
1,0.6467121839523315
1,0.66129070520401
1,0.661712646484375
1,0.6609739065170288
1,0.6617310047149658
1,0.6570749878883362
1,0.6566265225410461
1,0.658624529838562
1,0.6622861623764038
1,0.6643122434616089
1,0.6635680794715881
1,0.6647963523864746
1,0.6634830832481384
1,0.6659654378890991
1,0.6598901152610779
1,0.6600292921066284
1,0.6592708826065063
1,0.6527714133262634
1,0.6395375728607178
1,0.6434142589569092
1,0.6429589986801147
1,0.6426751613616943
1,0.6410430669784546
1,0.6395388841629028
1,0.6415172815322876
1,0.6454557180404663
1,0.6579078435897827
1,0.6565365791320801
1,0.6603502631187439
1,0.6625241041183472
1,0.6640217304229736
1,0.661861777305603
1,0.6636650562286377
1,0.661332905292511
1,0.6589027643203735
1,0.6589741706848145
1,0.6554131507873535
1,0.6551620960235596
1,0.6533553600311279
1,0.652313768863678
1,0.6521495580673218
1,0.6514724493026733
1,0.6527140140533447
1,0.6562472581863403
1,0.6575312614440918
1,0.6577845811843872
1,0.6548300385475159
1,0.6576721668243408
1,0.653343915939331
1,0.6554606556892395
1,0.6553897857666016
1,0.6554718017578125
1,0.6527833342552185
1,0.6564185619354248
1,0.6557170152664185
1,0.6555103063583374
1,0.6567238569259644
1,0.6497578620910645
1,0.6503407955169678
1,0.6523388028144836
1,0.6493446230888367
1,0.6529648303985596
1,0.6526005864143372
1,0.6524752974510193
1,0.6494249701499939
1,0.660551905632019
1,0.6578134298324585
1,0.659680962562561
1,0.6430537104606628
1,0.6435759663581848
1,0.645325243473053
1,0.6426421403884888
1,0.6428012251853943
1,0.6346110105514526
1,0.6391918063163757
1,0.6360589265823364
1,0.6397104859352112
1,0.6529344320297241
1,0.6487460136413574
1,0.6516585946083069
1,0.6477082371711731
1,0.6108525991439819
1,0.5018205642700195
1,0.5202305912971497
1,0.5146949291229248
1,0.5219563245773315
1,0.5065972805023193
1,0.49745309352874756
1,0.4917927384376526
1,0.5462296605110168
1,0.6398676037788391
1,0.6400347948074341
1,0.6413504481315613
1,0.6386996507644653
1,0.6513011455535889
1,0.661795973777771
1,0.662960946559906
1,0.6629404425621033
1,0.6604602932929993
1,0.662218451499939
1,0.662442684173584
1,0.6590853929519653
1,0.6580244898796082
1,0.6593821048736572
1,0.6599863767623901
1,0.6446716785430908
1,0.6510406732559204
1,0.6492235064506531
1,0.649193286895752
1,0.6486532688140869
1,0.6510922908782959
1,0.6505632996559143
1,0.6474097371101379
1,0.6584863662719727
1,0.6502533555030823
1,0.650408148765564
1,0.6489646434783936
1,0.6436699628829956
1,0.646670401096344
1,0.645068883895874
1,0.6453336477279663
1,0.6452783346176147
1,0.6535862684249878
1,0.6541526913642883
1,0.6588972806930542
1,0.659684419631958
1,0.6613600850105286
1,0.6627508401870728
1,0.6621152758598328
1,0.6596661806106567
1,0.6494041681289673
1,0.6483980417251587
1,0.6376401782035828
1,0.6359413862228394
1,0.635613203048706
1,0.6381126642227173
1,0.6397958397865295
1,0.6390379071235657
1,0.6424950957298279
1,0.6367460489273071
1,0.649310290813446
1,0.6515332460403442
1,0.6509971618652344
1,0.6515620946884155
1,0.6483887434005737
1,0.6373843550682068
1,0.6476656198501587
1,0.6476887464523315
1,0.6481634378433228
1,0.6455481052398682
1,0.6472658514976501
1,0.6391271352767944
1,0.6406824588775635
1,0.6558530330657959
1,0.657623827457428
1,0.6573173999786377
1,0.6575108766555786
1,0.651580810546875
1,0.6560390591621399
1,0.6540871262550354
1,0.6565980911254883
1,0.6547967195510864
1,0.6572328209877014
1,0.6562577486038208
1,0.6544876098632812
1,0.6561076641082764
1,0.6577208638191223
1,0.657679557800293
1,0.6577029228210449
1,0.6589003205299377
1,0.6600562930107117
1,0.6601539850234985
1,0.6616508960723877
1,0.6585140228271484
1,0.6588031649589539
1,0.6590431928634644
1,0.6571241617202759
1,0.6568284630775452
1,0.6566776037216187
1,0.6530622243881226
1,0.64887535572052
1,0.6559156179428101
1,0.6569998860359192
1,0.6551823019981384
1,0.6569554209709167
1,0.656975507736206
1,0.6592456698417664
1,0.6594431400299072
1,0.6584824323654175
1,0.6581605672836304
1,0.6596991419792175
1,0.6612917184829712
1,0.6583892107009888
1,0.6595017313957214
1,0.6609700918197632
1,0.6609588861465454
1,0.6620951890945435
1,0.6629588603973389
1,0.6646672487258911
1,0.6645941138267517
1,0.6640708446502686
1,0.6493034958839417
1,0.6540265083312988
1,0.6517466306686401
1,0.6489201784133911
1,0.6469889283180237
1,0.6493745446205139
1,0.6047713756561279
1,0.5302162766456604
1,0.5535225868225098
1,0.5543602705001831
1,0.5491378307342529
1,0.554617702960968
1,0.5476479530334473
1,0.5493601560592651
1,0.5988701581954956
1,0.6537399291992188
1,0.6477439403533936
1,0.6540965437889099
1,0.6486557722091675
1,0.6400908827781677
1,0.6584394574165344
1,0.6456068158149719
1,0.6447362899780273
1,0.6510834693908691
1,0.6518454551696777
1,0.6518431305885315
1,0.6535576581954956
1,0.6455526947975159
1,0.6455885767936707
1,0.6423088908195496
1,0.6397680044174194
1,0.6374560594558716
1,0.643967866897583
1,0.6421762108802795
1,0.6395738124847412
1,0.638970136642456
1,0.6350927352905273
1,0.6601271629333496
1,0.6573678851127625
1,0.6613984704017639
1,0.6598087549209595
1,0.6615357398986816
1,0.6641084551811218
1,0.653300940990448
1,0.6555609703063965
1,0.6539520621299744
1,0.6537419557571411
1,0.6387222409248352
1,0.6377232670783997
1,0.631271481513977
1,0.6318628191947937
1,0.6457046270370483
1,0.6449844241142273
1,0.639970600605011
1,0.6443096399307251
1,0.6482565402984619
1,0.6455769538879395
1,0.6489626169204712
1,0.64801424741745
1,0.6499757170677185
1,0.648357629776001
1,0.6500285863876343
1,0.639769434928894
1,0.6425703763961792
1,0.6511834263801575
1,0.6535258293151855
1,0.6539573073387146
1,0.6555022597312927
1,0.6423019766807556
1,0.6404396295547485
1,0.6409301161766052
1,0.6114018559455872
1,0.6127737164497375
1,0.6139122247695923
1,0.6112702488899231
1,0.6081781387329102
1,0.6245968341827393
1,0.6239733695983887
1,0.6437152028083801
1,0.6584020853042603
1,0.6422407031059265
1,0.6456155776977539
1,0.6467822790145874
1,0.6466313600540161
1,0.6466101408004761
1,0.6428385376930237
1,0.6472219824790955
1,0.6449881792068481
1,0.6572619676589966
1,0.6576051712036133
1,0.6591172814369202
1,0.6578516364097595
1,0.6599085330963135
1,0.6571783423423767
1,0.6536048054695129
1,0.6566811800003052
1,0.6535649299621582
1,0.6582741737365723
1,0.6575340628623962
1,0.6579132080078125
1,0.6597458124160767
1,0.6601404547691345
1,0.6583375930786133
1,0.6613442301750183
1,0.6604956388473511
1,0.6603121757507324
1,0.6613593101501465
1,0.6619190573692322
1,0.6619147062301636
1,0.6616189479827881
1,0.659245491027832
1,0.6588876247406006
1,0.6596695184707642
1,0.6579020023345947
1,0.6582602858543396
1,0.6574321389198303
1,0.6596733331680298
1,0.660530686378479
1,0.6602808237075806
1,0.6604424118995667
1,0.6556729078292847
1,0.6595050096511841
1,0.6579902172088623
1,0.659954309463501
1,0.658218502998352
1,0.6597254276275635
1,0.6590211987495422
1,0.6599494814872742
1,0.6613413095474243
1,0.6607217788696289
1,0.6474347114562988
1,0.6526753902435303
1,0.65300053358078
1,0.6223963499069214
1,0.634768009185791
1,0.6237066984176636
1,0.6227763891220093
1,0.6245863437652588
1,0.6290529370307922
1,0.6319084167480469
1,0.6320176124572754
1,0.6513181328773499
1,0.6448038220405579
1,0.6597007513046265
1,0.6594625115394592
1,0.6594335436820984
1,0.6441090106964111
1,0.6502404808998108
1,0.6515346765518188
1,0.6441561579704285
1,0.6442738771438599
1,0.6427839398384094
1,0.6462546586990356
1,0.641962468624115
1,0.6530302166938782
1,0.6525771021842957
1,0.6519380211830139
1,0.663246750831604
1,0.6630370616912842
1,0.6641642451286316
1,0.6459560394287109
1,0.6534404754638672
1,0.6565026640892029
1,0.6543490886688232
1,0.6548436880111694
1,0.6533828973770142
1,0.6482844352722168
1,0.63808274269104
1,0.650769829750061
1,0.6470881700515747
1,0.6469962000846863
1,0.648656964302063
1,0.6493638157844543
1,0.6399881839752197
1,0.6434800624847412
1,0.6528946161270142
1,0.6530243158340454
1,0.6510368585586548
1,0.6499252319335938
1,0.6437906622886658
1,0.6423306465148926
1,0.6507291793823242
1,0.6486368179321289
1,0.6456357836723328
1,0.6458980441093445
1,0.6446080207824707
1,0.6457798480987549
1,0.6527184247970581
1,0.6559459567070007
1,0.656012773513794
1,0.6358330249786377
1,0.6475490927696228
1,0.6477910280227661
1,0.648152232170105
1,0.634326696395874
1,0.6381878852844238
1,0.639141857624054
1,0.642755925655365
1,0.6500142812728882
1,0.6521914005279541
1,0.6548166871070862
1,0.6537305116653442
1,0.6652849316596985
1,0.6671479344367981
1,0.663087010383606
1,0.6638217568397522
1,0.6633198261260986
1,0.6590976715087891
1,0.6600475907325745
1,0.6578920483589172
1,0.657040536403656
1,0.6583849787712097
1,0.6589243412017822
1,0.6568101644515991
1,0.6307997107505798
1,0.6469098329544067
1,0.6475318670272827
1,0.6447663307189941
1,0.6445032954216003
1,0.6408624649047852
1,0.6442127823829651
1,0.6450806856155396
1,0.6576480865478516
1,0.6598843336105347
1,0.658228874206543
1,0.6600692272186279
1,0.6597132682800293
1,0.6601014137268066
1,0.6570014953613281
1,0.661495566368103
1,0.6620924472808838
1,0.6604594588279724
1,0.6609420776367188
1,0.6550935506820679
1,0.6627219319343567
1,0.6633172631263733
1,0.6618791222572327
1,0.6610097289085388
1,0.66176837682724
1,0.6614834070205688
1,0.6572805047035217
1,0.6603573560714722
1,0.6603148579597473
1,0.6561543345451355
1,0.6585357189178467
1,0.6554804444313049
1,0.656882643699646
1,0.6574255228042603
1,0.6542484164237976
1,0.6569206714630127
1,0.6539018750190735
1,0.6569743752479553
1,0.6578460335731506
1,0.6581801772117615
1,0.6459463834762573
1,0.6500923037528992
1,0.6517718434333801
1,0.6419121026992798
1,0.6502781510353088
1,0.652212381362915
1,0.6504742503166199
1,0.6470738649368286
1,0.656772255897522
1,0.654130756855011
1,0.6422391533851624
1,0.6447057723999023
1,0.6447875499725342
1,0.6448057889938354
1,0.6451045870780945
1,0.6463954448699951
1,0.6430484652519226
1,0.6315813660621643
1,0.6496272087097168
1,0.6472854018211365
1,0.648033082485199
1,0.6465896964073181
1,0.6460399627685547
1,0.6428830027580261
1,0.6436858177185059
1,0.6317163705825806
1,0.6373341083526611
1,0.6370980739593506
1,0.635224461555481
1,0.6248036623001099
1,0.6327698826789856
1,0.6349318623542786
1,0.6324355006217957
1,0.6508673429489136
1,0.6278129816055298
1,0.6384389996528625
1,0.6345911026000977
1,0.6297149062156677
1,0.6361583471298218
1,0.637359619140625
1,0.6379889845848083
1,0.6408774852752686
1,0.651792585849762
1,0.6570025682449341
1,0.6524298191070557
1,0.6592397689819336
1,0.6605703830718994
1,0.6613763570785522
1,0.6617925763130188
1,0.6625378131866455
1,0.6634097099304199
1,0.664737343788147
1,0.6651918888092041
1,0.6551624536514282
1,0.656094491481781
1,0.6572538018226624
1,0.6587380766868591
1,0.6566303372383118
1,0.6546350121498108
1,0.6559098958969116
1,0.6530876755714417
1,0.6673544645309448
1,0.650767982006073
1,0.6530923247337341
1,0.6516790986061096
1,0.6545971632003784
1,0.650763750076294
1,0.652314305305481
1,0.6507329344749451
1,0.6506922841072083
1,0.6557919383049011
1,0.6585822105407715
1,0.6377324461936951
1,0.6473031640052795
1,0.6446645259857178
1,0.6476119160652161
1,0.6486331224441528
1,0.6463549733161926
1,0.6499930620193481
1,0.6495972871780396
1,0.6564664840698242
1,0.6577565670013428
1,0.6593090891838074
1,0.6595376133918762
1,0.6576825380325317
1,0.659260630607605
1,0.6600173711776733
1,0.6600202322006226
1,0.6586743593215942
1,0.6598357558250427
1,0.658829391002655
1,0.657835841178894
1,0.6581034660339355
1,0.6572486758232117
1,0.6585160493850708
1,0.6589704751968384
1,0.6599996089935303
1,0.6618587970733643
1,0.66107177734375
1,0.6593913435935974
1,0.6608791351318359
1,0.6587956547737122
1,0.6630275845527649
1,0.661758542060852
1,0.6614335179328918
1,0.6617050766944885
1,0.6406960487365723
1,0.6513970494270325
1,0.6542322635650635
1,0.6527031660079956
1,0.6534722447395325
1,0.6556665301322937
1,0.6548922061920166
1,0.6473512649536133
1,0.6526721715927124
1,0.6528648734092712
1,0.6536770462989807
1,0.6548389196395874
1,0.644113302230835
1,0.644569993019104
1,0.6449459791183472
1,0.6414467692375183
1,0.6507507562637329
1,0.6462324261665344
1,0.648116409778595
1,0.6496260762214661
1,0.6585655808448792
1,0.659652829170227
1,0.6156649589538574
1,0.6137767434120178
1,0.6155718564987183
1,0.6127294301986694
1,0.5994645953178406
1,0.6055566668510437
1,0.606969952583313
1,0.6046866178512573
1,0.6510068774223328
1,0.649442732334137
1,0.6533403396606445
1,0.6510591506958008
1,0.6612570285797119
1,0.6614896059036255
1,0.6583564281463623
1,0.6635347008705139
1,0.6466937065124512
1,0.6522243618965149
1,0.6411547064781189
1,0.6397690773010254
1,0.6427024602890015
1,0.6400210857391357
1,0.639593243598938
1,0.6373296976089478
1,0.6499829292297363
1,0.6490119099617004
1,0.6599270701408386
1,0.6579152345657349
1,0.6596062779426575
1,0.6604337096214294
1,0.6558769345283508
1,0.6559728384017944
1,0.6596352458000183
1,0.6602091789245605
1,0.6436983346939087
1,0.6471609473228455
1,0.646655261516571
1,0.6466813087463379
1,0.6451650857925415
1,0.6447387933731079
1,0.6441068649291992
1,0.6329461336135864
1,0.6434261202812195
1,0.6415820121765137
1,0.6402666568756104
1,0.6444039940834045
1,0.6434579491615295
1,0.6396133899688721
1,0.6341094374656677
1,0.6360946893692017
1,0.6366042494773865
1,0.6247894167900085
1,0.6131768822669983
1,0.6147539615631104
1,0.6085751056671143
1,0.6151766777038574
1,0.6099553108215332
1,0.6303556561470032
1,0.6317527294158936
1,0.643020749092102
1,0.6579353213310242
1,0.6309163570404053
1,0.6392055749893188
1,0.5847041606903076
1,0.5933449864387512
1,0.5924180746078491
1,0.5507818460464478
1,0.5583493113517761
1,0.5532904863357544
1,0.5644819140434265
1,0.5651975870132446
1,0.614643931388855
1,0.6106786131858826
1,0.6246530413627625
1,0.6498761773109436
1,0.6223719716072083
1,0.6215976476669312
1,0.6366642713546753
1,0.6321574449539185
1,0.6379769444465637
1,0.6394081711769104
1,0.6221238374710083
1,0.6264140605926514
1,0.6538479328155518
1,0.6545491218566895
1,0.6321905255317688
1,0.6326607465744019
1,0.6329039335250854
1,0.6141479015350342
1,0.6335715651512146
1,0.6307737827301025
1,0.6344527006149292
1,0.6299118399620056
1,0.651488184928894
1,0.6546499133110046
1,0.653237521648407
1,0.6462655067443848
1,0.6394144296646118
1,0.6381314992904663
1,0.6257384419441223
1,0.6245859861373901
1,0.6255673170089722
1,0.6225947141647339
1,0.6080455780029297
1,0.6249372959136963
1,0.6207114458084106
1,0.6210945844650269
1,0.6329795718193054
1,0.625127911567688
1,0.6270015239715576
1,0.6153549551963806
1,0.6254115104675293
1,0.6123261451721191
1,0.6145495176315308
1,0.6147428750991821
1,0.5797408223152161
1,0.6126325130462646
1,0.6116272211074829
1,0.6217482089996338
1,0.6097034215927124
1,0.6210542917251587
1,0.6352254152297974
1,0.6274480819702148
1,0.6385338306427002
1,0.6391633152961731
1,0.6393609046936035
1,0.6248321533203125
1,0.6512613296508789
1,0.6476229429244995
1,0.644301176071167
1,0.6573413610458374
1,0.6566872596740723
1,0.6563549637794495
1,0.6539772152900696
1,0.6545488834381104
1,0.6544194221496582
1,0.6532455682754517
1,0.6572661399841309
1,0.6603679656982422
1,0.6614877581596375
1,0.6614158153533936
1,0.6625293493270874
1,0.6613937616348267
1,0.660386323928833
1,0.6611079573631287
1,0.6576478481292725
1,0.659803032875061
1,0.6568883657455444
1,0.6574851274490356
1,0.6450755000114441
1,0.6491094827651978
1,0.648431658744812
1,0.648364782333374
1,0.6476432085037231
1,0.6501436233520508
1,0.6509541869163513
1,0.6485808491706848
1,0.6593577265739441
1,0.6601654291152954
1,0.6591099500656128
1,0.6609245538711548
1,0.6575184464454651
1,0.658177375793457
1,0.6612736582756042
1,0.6611480712890625
1,0.6564028859138489
1,0.6580156683921814
1,0.6558960676193237
1,0.6562926769256592
1,0.6565760374069214
1,0.6569297909736633
1,0.6560261845588684
1,0.6602734923362732
1,0.6626036167144775
1,0.6624284982681274
1,0.6639655232429504
1,0.6638094186782837
1,0.664284884929657
1,0.6642836332321167
1,0.6632770895957947
1,0.6636407375335693
1,0.6610538959503174
1,0.6612615585327148
1,0.6564065217971802
1,0.6607182621955872
1,0.6561083197593689
1,0.6600964069366455
1,0.6605002284049988
1,0.6541695594787598
1,0.5677005052566528
1,0.572462797164917
1,0.5712605714797974
1,0.5710626840591431
1,0.5666771531105042
1,0.5659246444702148
1,0.563249945640564
1,0.5985125303268433
1,0.6510360240936279
1,0.6571345329284668
1,0.6543068885803223
1,0.657619833946228
1,0.6554039120674133
1,0.6582162976264954
1,0.6566548347473145
1,0.6494629979133606
1,0.6435205340385437
1,0.6531546115875244
1,0.6545437574386597
1,0.6509755849838257
1,0.6509418487548828
1,0.6524277925491333
1,0.6344488859176636
1,0.6405216455459595
1,0.6449611186981201
1,0.6478726863861084
1,0.6398148536682129
1,0.6535685658454895
1,0.6536145210266113
1,0.6533325910568237
1,0.6638845205307007
1,0.6632957458496094
1,0.6626108288764954
1,0.6518474817276001
1,0.6519578695297241
1,0.6521872282028198
1,0.6512722373008728
1,0.6473891735076904
1,0.651915967464447
1,0.6476686000823975
1,0.644920825958252
1,0.6572846174240112
1,0.6587963104248047
1,0.6608202457427979
1,0.657985270023346
1,0.6618177890777588
1,0.661571204662323
1,0.6635878086090088
1,0.6640214920043945
1,0.65899258852005
1,0.6570395231246948
1,0.6602500081062317
1,0.6605342626571655
1,0.6525566577911377
1,0.6596234440803528
1,0.6622002720832825
1,0.66152024269104
1,0.6575216054916382
1,0.6602137088775635
1,0.6588269472122192
1,0.6564152240753174
1,0.6543987393379211
1,0.6549407839775085
1,0.6516696810722351
1,0.6411717534065247
1,0.6445358991622925
1,0.6499960422515869
1,0.6509194374084473
1,0.6496169567108154
1,0.653247594833374
1,0.6504042744636536
1,0.6530212163925171
1,0.6610434055328369
1,0.6518112421035767
1,0.6524627208709717
1,0.6531643271446228
1,0.6551275253295898
1,0.6548829674720764
1,0.6519907116889954
1,0.6515290141105652
1,0.6533870697021484
1,0.639102578163147
1,0.6405320167541504
1,0.6298661828041077
1,0.6321392059326172
1,0.6341482400894165
1,0.6348181366920471
1,0.6082364320755005
1,0.6087058186531067
1,0.6369472742080688
1,0.6350795030593872
1,0.6413435935974121
1,0.6414235830307007
1,0.6433109045028687
1,0.6384562849998474
1,0.6593462824821472
1,0.6571635007858276
1,0.6605157256126404
1,0.6601234674453735
1,0.6499605774879456
1,0.6518760323524475
1,0.6481034755706787
1,0.6437128186225891
1,0.6331061720848083
1,0.6326932907104492
1,0.6104241609573364
1,0.6149328947067261
1,0.6284059286117554
1,0.6285015344619751
1,0.6300928592681885
1,0.6299814581871033
1,0.6330336332321167
1,0.6375796794891357
1,0.6548364162445068
1,0.6514937877655029
1,0.6520096063613892
1,0.6548584699630737
1,0.6555044651031494
1,0.6577522158622742
1,0.6339147090911865
1,0.6469382047653198
1,0.6491338014602661
1,0.640625
1,0.6509510278701782
1,0.6511601209640503
1,0.6289712190628052
1,0.6044484972953796
1,0.6127293705940247
1,0.5917222499847412
1,0.5966387987136841
1,0.5941829681396484
1,0.5902619361877441
1,0.5908681750297546
1,0.6274898052215576
1,0.6443164348602295
1,0.6443253755569458
1,0.6590062975883484
1,0.6603562235832214
1,0.6600233316421509
1,0.6591169834136963
1,0.6549484729766846
1,0.655968189239502
1,0.6563218235969543
1,0.648719310760498
1,0.6494032740592957
1,0.6468526721000671
1,0.6377072334289551
1,0.6432597041130066
1,0.6435487270355225
1,0.6438117027282715
1,0.63997483253479
1,0.646864116191864
1,0.6361693143844604
1,0.6402997970581055
1,0.6494301557540894
1,0.6468709707260132
1,0.648171067237854
1,0.6496012806892395
1,0.6501959562301636
1,0.6473414897918701
1,0.6599196791648865
1,0.6588603258132935
1,0.6601811647415161
1,0.6585144996643066
1,0.6594482660293579
1,0.6508698463439941
1,0.6508829593658447
1,0.6516947150230408
1,0.649016261100769
1,0.6506967544555664
1,0.6513891816139221
1,0.6548090577125549
1,0.6490010619163513
1,0.6623332500457764
1,0.6645566821098328
1,0.6609784364700317
1,0.663440465927124
1,0.6615297794342041
1,0.660689651966095
1,0.6596447229385376
1,0.6598958969116211
1,0.6598348617553711
1,0.6583352088928223
1,0.6562543511390686
1,0.6532305479049683
1,0.6541392803192139
1,0.6548233032226562
1,0.656947672367096
1,0.6478968858718872
1,0.6574127674102783
1,0.6598848104476929
1,0.6616207957267761
1,0.6618815660476685
1,0.6605802774429321
1,0.6572383642196655
1,0.6595864295959473
1,0.6558606624603271
1,0.6606077551841736
1,0.6577166318893433
1,0.6583815813064575
1,0.6582883596420288
1,0.6622117757797241
1,0.662398636341095
1,0.6633604764938354
1,0.6587166786193848
1,0.6602237820625305
1,0.6613906621932983
1,0.6613914966583252
1,0.655001699924469
1,0.657720685005188
1,0.655572772026062
1,0.6313823461532593
1,0.643889307975769
1,0.643340528011322
1,0.64433753490448
1,0.6440764665603638
1,0.6422098875045776
1,0.6018825173377991
1,0.6178176999092102
1,0.6269591450691223
1,0.6302093267440796
1,0.6314544677734375
1,0.6343777775764465
1,0.6323071718215942
1,0.6293712854385376
1,0.6523091793060303
1,0.6227389574050903
1,0.6383113265037537
1,0.6317951679229736
1,0.630771279335022
1,0.6299097537994385
1,0.630243182182312
1,0.6341087222099304
1,0.6173067688941956
1,0.6462008953094482
1,0.644591212272644
1,0.6457882523536682
1,0.6445988416671753
1,0.6458848714828491
1,0.6392292976379395
1,0.6426090002059937
1,0.6455264091491699
1,0.6497056484222412
1,0.649666965007782
1,0.6496044397354126
1,0.6502887606620789
1,0.6519642472267151
1,0.6506965160369873
1,0.6487878561019897
1,0.6623898148536682
1,0.6247544288635254
1,0.6301924586296082
1,0.6281985640525818
1,0.6260223388671875
1,0.6289840936660767
1,0.6192063093185425
1,0.6177170872688293
1,0.6220646500587463
1,0.648169994354248
1,0.6471077799797058
1,0.6492397785186768
1,0.6488991975784302
1,0.6427509188652039
1,0.6583964228630066
1,0.6585801243782043
1,0.6574780941009521
1,0.6601037979125977
1,0.6542549133300781
1,0.6573814153671265
1,0.6589806079864502
1,0.6572732925415039
1,0.660392165184021
1,0.6584278345108032
1,0.6579671502113342
1,0.6582785248756409
1,0.6650134325027466
1,0.6640692949295044
1,0.6689626574516296
1,0.6661788821220398
1,0.6673330664634705
1,0.6634048223495483
1,0.6676345467567444
1,0.6618955135345459
1,0.6621348857879639
1,0.6566095948219299
1,0.6485291719436646
1,0.6501741409301758
1,0.6465591192245483
1,0.634647011756897
1,0.6407452821731567
1,0.6418569684028625
1,0.6431252956390381
1,0.6410363912582397
1,0.6499215364456177
1,0.6492331027984619
1,0.6468134522438049
1,0.6548776626586914
1,0.6578505635261536
1,0.646808385848999
1,0.6470152139663696
1,0.6484668850898743
1,0.6478404998779297
1,0.6449007391929626
1,0.643497109413147
1,0.6458319425582886
1,0.6416149735450745
1,0.6386966109275818
1,0.6480495929718018
1,0.6495409607887268
1,0.6489394903182983
1,0.649687647819519
1,0.6497319936752319
1,0.6514265537261963
1,0.6419618725776672
1,0.6436058282852173
1,0.644573450088501
1,0.6450563669204712
1,0.6468979120254517
1,0.6483420729637146
1,0.6497442722320557
1,0.643805742263794
1,0.6568634510040283
1,0.6571766138076782
1,0.6533889770507812
1,0.6534230709075928
1,0.6555648446083069
1,0.6552213430404663
1,0.6556072235107422
1,0.6571550965309143
1,0.6558434367179871
1,0.6581876277923584
1,0.6579332947731018
1,0.6608933210372925
1,0.6589519381523132
1,0.660293698310852
1,0.6605958342552185
1,0.6620725989341736
1,0.6611209511756897
1,0.6614735126495361
1,0.6575501561164856
1,0.6599634885787964
1,0.6611683964729309
1,0.6608812808990479
1,0.6602038145065308
1,0.657518208026886
1,0.6626157164573669
1,0.6604834198951721
1,0.6613523960113525
1,0.6607099771499634
1,0.6611073613166809
1,0.6618450880050659
1,0.6619914770126343
1,0.6599664092063904
1,0.6610878109931946
1,0.6611176133155823
1,0.6618596315383911
1,0.6621585488319397
1,0.6630080938339233
1,0.6621837615966797
1,0.6632538437843323
1,0.6586518287658691
1,0.6614894866943359
1,0.6593871116638184
1,0.6607709527015686
1,0.657918393611908
1,0.6589343547821045
1,0.6514896154403687
1,0.6552917957305908
1,0.6562256813049316
1,0.6547849178314209
1,0.6565019488334656
1,0.6585181951522827
1,0.6573362946510315
1,0.6585683226585388
1,0.6573476791381836
1,0.6552656888961792
1,0.6583483815193176
1,0.654011607170105
1,0.6530743837356567
1,0.6383745670318604
1,0.6424853801727295
1,0.6433833241462708
1,0.6432921886444092
1,0.6376384496688843
1,0.6417090892791748
1,0.6286196112632751
1,0.6359876990318298
1,0.6482654809951782
1,0.6495864391326904
1,0.6512575149536133
1,0.6534498333930969
1,0.6532378792762756
1,0.6507066488265991
1,0.6623144149780273
1,0.6620903015136719
1,0.6593277454376221
1,0.660405695438385
1,0.6559264063835144
1,0.6584873199462891
1,0.6595710515975952
1,0.6577869057655334
1,0.6593555808067322
1,0.6409223079681396
1,0.6404190063476562
1,0.6424340009689331
1,0.6414458155632019
1,0.641862154006958
1,0.6419548988342285
1,0.6409091949462891
1,0.6389375925064087
1,0.6625617742538452
1,0.6585574150085449
1,0.6605075001716614
1,0.6599619388580322
1,0.6579986810684204
1,0.6584459543228149
1,0.6563281416893005
1,0.6568324565887451
1,0.6555966138839722
1,0.6561897397041321
1,0.656661868095398
1,0.6576032638549805
1,0.6618764400482178
1,0.6507319808006287
1,0.6505827903747559
1,0.6533451676368713
1,0.6539243459701538
1,0.6402438282966614
1,0.6410255432128906
1,0.6310444474220276
1,0.6217120885848999
1,0.6282194256782532
1,0.6246328353881836
1,0.6274114847183228
1,0.5945620536804199
1,0.6238594055175781
1,0.6213226318359375
1,0.6317818760871887
1,0.6464880704879761
1,0.6437325477600098
1,0.6475556492805481
1,0.6469441652297974
1,0.6557520627975464
1,0.6498162746429443
1,0.6513010263442993
1,0.6527352929115295
1,0.6545472145080566
1,0.6501851081848145
1,0.6534386277198792
1,0.6392037868499756
1,0.649233341217041
1,0.6489425897598267
1,0.6477292776107788
1,0.6463212966918945
1,0.6438302993774414
1,0.6490451097488403
1,0.6443064212799072
1,0.6560206413269043
1,0.6568090915679932
1,0.655938982963562
1,0.6580241322517395
1,0.6591212153434753
1,0.6552845239639282
1,0.6612975597381592
1,0.6629763841629028
1,0.661631166934967
1,0.6634186506271362
1,0.6577115058898926
1,0.6626110672950745
1,0.6609426736831665
1,0.6555383205413818
1,0.6596112847328186
1,0.6588256359100342
1,0.6583791971206665
1,0.6575973629951477
1,0.6549354195594788
1,0.6585266590118408
1,0.659381091594696
1,0.6630393266677856
1,0.6625263690948486
1,0.659782886505127
1,0.6624095439910889
1,0.6627764701843262
1,0.6596245765686035
1,0.6626477241516113
1,0.6581067442893982
1,0.6590613126754761
1,0.6605421304702759
1,0.6566309928894043
1,0.6573772430419922
1,0.6553617119789124
1,0.6569246053695679
1,0.6550482511520386
1,0.6561640501022339
1,0.6377614736557007
1,0.6378229856491089
1,0.6367610692977905
1,0.6397022604942322
1,0.6369200348854065
1,0.6294122338294983
1,0.6369670629501343
1,0.6350371241569519
1,0.656500518321991
1,0.657615602016449
1,0.6577218770980835
1,0.6555862426757812
1,0.6474348306655884
1,0.6457366943359375
1,0.646845281124115
1,0.649715781211853
1,0.6503952741622925
1,0.6525217890739441
1,0.6526499390602112
1,0.6539653539657593
1,0.6596189737319946
1,0.6612529158592224
1,0.6532729268074036
1,0.657813549041748
1,0.6475965976715088
1,0.6475663185119629
1,0.6469339728355408
1,0.6500804424285889
1,0.6493657231330872
1,0.6346735954284668
1,0.643299400806427
1,0.6410109400749207
1,0.6507213711738586
1,0.6514037847518921
1,0.6417624950408936
1,0.6433040499687195
1,0.6426226496696472
1,0.6500140428543091
1,0.6510362029075623
1,0.6505833864212036
1,0.6472474932670593
1,0.6517345905303955
1,0.6592344045639038
1,0.652588963508606
1,0.6517711281776428
1,0.6521521806716919
1,0.6547651886940002
1,0.6557855010032654
1,0.6305037140846252
1,0.6449295282363892
1,0.6400535106658936
1,0.6488010883331299
1,0.6476001143455505
1,0.6463160514831543
1,0.6479370594024658
1,0.6476394534111023
1,0.6614978313446045
1,0.6628155708312988
1,0.6617307662963867
1,0.6564228534698486
1,0.6646943092346191
1,0.6630935072898865
1,0.6622710227966309
1,0.6595185995101929
1,0.6604855060577393
1,0.6589682698249817
1,0.6477019786834717
1,0.6459347009658813
1,0.5938217639923096
1,0.5942133069038391
1,0.5928755402565002
1,0.5930765271186829
1,0.5829814672470093
1,0.5764333009719849
1,0.5922837853431702
1,0.6111119985580444
1,0.6469089984893799
1,0.6491008400917053
1,0.6355468034744263
1,0.6355640292167664
1,0.6512918472290039
1,0.6509237885475159
1,0.6488559246063232
1,0.6515867710113525
1,0.6504679918289185
1,0.6491342782974243
1,0.651581346988678
1,0.6550265550613403
1,0.6562501788139343
1,0.6507629156112671
1,0.6569461226463318
1,0.6564940214157104
1,0.6528133153915405
1,0.6532074809074402
1,0.6598955988883972
1,0.6601458787918091
1,0.6620596647262573
1,0.6592082977294922
1,0.6584503650665283
1,0.6577397584915161
1,0.6580110788345337
1,0.6520997881889343
1,0.6530895829200745
1,0.649975061416626
1,0.6324554085731506
1,0.6465686559677124
1,0.6492020487785339
1,0.6494749784469604
1,0.650299608707428
1,0.6467621326446533
1,0.6417078971862793
1,0.6499247550964355
1,0.6608985662460327
1,0.6570625305175781
1,0.656665563583374
1,0.655213475227356
1,0.6590621471405029
1,0.6587198376655579
1,0.6586704254150391
1,0.6603021621704102
1,0.6604273319244385
1,0.6602565050125122
1,0.659461259841919
1,0.658889651298523
1,0.6506505608558655
1,0.6492987871170044
1,0.6455138325691223
1,0.6484793424606323
1,0.644074022769928
1,0.6498320698738098
1,0.6501102447509766
1,0.6481848359107971
1,0.6604114770889282
1,0.6629853248596191
1,0.6633334755897522
1,0.6651663780212402
1,0.6607455611228943
1,0.6631196737289429
1,0.6634113788604736
1,0.6586449146270752
1,0.6612976789474487
1,0.6618787050247192
1,0.6601047515869141
1,0.6607781648635864
1,0.6598445177078247
1,0.6605616807937622
1,0.6579967737197876
1,0.647956371307373
1,0.6508138179779053
1,0.6483265161514282
1,0.6465192437171936
1,0.6530508995056152
1,0.6541078090667725
1,0.6523991227149963
1,0.6518777012825012
1,0.6647087335586548
1,0.6626545190811157
1,0.6608626246452332
1,0.657530665397644
1,0.6541872620582581
1,0.6597712635993958
1,0.6547403931617737
1,0.6576138734817505
1,0.654037594795227
1,0.6572496891021729
1,0.6568829417228699
1,0.6539528965950012
1,0.6561810374259949
1,0.6560683250427246
1,0.6564184427261353
1,0.6566049456596375
1,0.6557196378707886
1,0.6557811498641968
1,0.656826376914978
1,0.6563752889633179
1,0.6559504270553589
1,0.6553879380226135
1,0.6568112373352051
1,0.653141438961029
1,0.6572182774543762
1,0.6553313732147217
1,0.6488674879074097
1,0.6514183282852173
1,0.6501980423927307
1,0.6488327383995056
1,0.6493695974349976
1,0.6531642079353333
1,0.6535093784332275
1,0.6527519822120667
1,0.6620378494262695
1,0.6638215184211731
1,0.664831280708313
1,0.6627922058105469
1,0.6585334539413452
1,0.6593918800354004
1,0.6572633981704712
1,0.6567990779876709
1,0.6576741337776184
1,0.6522095799446106
1,0.6513307690620422
1,0.6610938310623169
1,0.6540939807891846
1,0.6583242416381836
1,0.6578581929206848
1,0.6413165330886841
1,0.6480914950370789
1,0.6484686136245728
1,0.6473008990287781
1,0.6424011588096619
1,0.6439964771270752
1,0.6461969614028931
1,0.6458716988563538
1,0.6542333960533142
1,0.6560343503952026
1,0.6556688547134399
1,0.6554863452911377
1,0.6561648845672607
1,0.6547127962112427
1,0.658245325088501
1,0.6589041352272034
1,0.6604965329170227
1,0.6615809202194214
1,0.6619353890419006
1,0.6616976261138916
1,0.6609485149383545
1,0.6574546694755554
1,0.6575862765312195
1,0.6572952270507812
1,0.6589889526367188
1,0.6569474935531616
1,0.661323070526123
1,0.6539363265037537
1,0.651769757270813
1,0.6504552364349365
1,0.6397651433944702
1,0.6376833915710449
1,0.6404365301132202
1,0.6422734260559082
1,0.6411021947860718
1,0.6537691354751587
1,0.6550890803337097
1,0.6536645889282227
1,0.6652200222015381
1,0.6674448251724243
1,0.6604553461074829
1,0.6539413928985596
1,0.6384059190750122
1,0.6455286145210266
1,0.6439205408096313
1,0.6463804244995117
1,0.6415741443634033
1,0.64347243309021
1,0.6385412216186523
1,0.6478966474533081
1,0.65726637840271
1,0.6555429697036743
1,0.6522880792617798
1,0.6564099788665771
1,0.6558935046195984
1,0.6565260887145996
1,0.6589826345443726
1,0.6572800278663635
1,0.6569162607192993
1,0.6572509407997131
1,0.6619457602500916
1,0.6619969606399536
1,0.6621614694595337
1,0.6579955816268921
1,0.6577066779136658
1,0.6579242944717407
1,0.657896101474762
1,0.6550602316856384
1,0.6551662683486938
1,0.6573792099952698
1,0.6600178480148315
1,0.6595464944839478
1,0.6575582027435303
1,0.6592769026756287
1,0.6572566032409668
1,0.653489351272583
1,0.6577574610710144
1,0.6572977304458618
1,0.6479803323745728
1,0.6482319831848145
1,0.6362413763999939
1,0.6373982429504395
1,0.6399007439613342
1,0.6389504075050354
1,0.6412672400474548
1,0.6388825178146362
1,0.6512216329574585
1,0.6443977952003479
1,0.6556673645973206
1,0.6566643118858337
1,0.6551694869995117
1,0.6570817828178406
1,0.6569494009017944
1,0.6575182676315308
1,0.6574894189834595
1,0.6577411890029907
1,0.6475523114204407
1,0.6499175429344177
1,0.6498005390167236
1,0.6472049951553345
1,0.6483224630355835
1,0.6414726376533508
1,0.6396760940551758
1,0.6382492780685425
1,0.6491732001304626
1,0.6503897905349731
1,0.6505613327026367
1,0.6524292230606079
1,0.6486369371414185
1,0.6593829393386841
1,0.6566073298454285
1,0.6569721102714539
1,0.6487809419631958
1,0.6495525240898132
1,0.6391280889511108
1,0.6396040916442871
1,0.6436080932617188
1,0.6446030139923096
1,0.643667995929718
1,0.6408421993255615
1,0.6467342376708984
1,0.6543607711791992
1,0.6617630124092102
1,0.6593057513237
1,0.6598367691040039
1,0.6587628126144409
1,0.661400318145752
1,0.6607774496078491
1,0.6593387722969055
1,0.6584363579750061
1,0.6559194326400757
1,0.6578918695449829
1,0.6558979749679565
1,0.6559301018714905
1,0.658597469329834
1,0.656220018863678
1,0.6561739444732666
1,0.6575056314468384
1,0.655563473701477
1,0.6585037112236023
1,0.6583875417709351
1,0.6578801870346069
1,0.6590316891670227
1,0.6574039459228516
1,0.6569434404373169
1,0.6577832102775574
1,0.642299473285675
1,0.6496087312698364
1,0.6499251127243042
1,0.6486337780952454
1,0.6486268043518066
1,0.6473184823989868
1,0.6467507481575012
1,0.6437057852745056
1,0.6549637317657471
1,0.6568832993507385
1,0.6589445471763611
1,0.6592016220092773
1,0.6594253778457642
1,0.6589874625205994
1,0.660354733467102
1,0.6601799726486206
1,0.6539232730865479
1,0.6524820923805237
1,0.6542221307754517
1,0.6576636433601379
1,0.6574893593788147
1,0.658829927444458
1,0.6582403779029846
1,0.6600236296653748
1,0.6604701280593872
1,0.6607475876808167
1,0.6593133807182312
1,0.6623839139938354
1,0.6621860861778259
1,0.6633490920066833
1,0.6648432612419128
1,0.6643788814544678
1,0.6646531224250793
1,0.6640034317970276
1,0.6670621633529663
1,0.665678858757019
1,0.6660693287849426
1,0.661389946937561
1,0.661855936050415
1,0.6601150035858154
1,0.6602301597595215
1,0.6571948528289795
1,0.658358097076416
1,0.6600112915039062
1,0.6599064469337463
1,0.6546686887741089
1,0.6571077704429626
1,0.6557811498641968
1,0.658735454082489
1,0.6572378277778625
1,0.6576025485992432
1,0.6591489911079407
1,0.6615561246871948
1,0.6624082326889038
1,0.6616695523262024
1,0.6628484725952148
1,0.6611080169677734
1,0.6638524532318115
1,0.6592737436294556
1,0.6561444401741028
1,0.6422248482704163
1,0.6493370532989502
1,0.6463618874549866
1,0.6255869269371033
1,0.6283068060874939
1,0.6301629543304443
1,0.6295875906944275
1,0.6290879845619202
1,0.6401949524879456
1,0.6412752866744995
1,0.6389963030815125
1,0.659784197807312
1,0.6597195267677307
1,0.6597521305084229
1,0.6577638983726501
1,0.6580109596252441
1,0.6556651592254639
1,0.6518807411193848
1,0.6539357304573059
1,0.6551222205162048
1,0.643156886100769
1,0.6463534832000732
1,0.6491596102714539
1,0.6487181186676025
1,0.6491051316261292
1,0.6492227911949158
1,0.6512430310249329
1,0.652711033821106
1,0.6630631685256958
1,0.6583051085472107
1,0.6612746119499207
1,0.6113092303276062
1,0.6172127723693848
1,0.6201570630073547
1,0.6203410625457764
1,0.6194334030151367
1,0.6208608746528625
1,0.6170934438705444
1,0.6263301372528076
1,0.6580265760421753
1,0.6560307741165161
1,0.6602858304977417
1,0.6603188514709473
1,0.6607211828231812
1,0.6595304012298584
1,0.6621178388595581
1,0.6628682613372803
1,0.6638842225074768
1,0.6584860682487488
1,0.6611847281455994
1,0.6594163179397583
1,0.6573864221572876
1,0.6540738344192505
1,0.6546379923820496
1,0.6575015783309937
1,0.6467176675796509
1,0.6596761345863342
1,0.6566341519355774
1,0.6585378646850586
1,0.6590173840522766
1,0.6569661498069763
1,0.6561952233314514
1,0.6573886275291443
1,0.6536986231803894
1,0.6528006196022034
1,0.6469953656196594
1,0.656403660774231
1,0.6583781242370605
1,0.6598554849624634
1,0.6624322533607483
1,0.6631485223770142
1,0.6643807888031006
1,0.655541718006134
1,0.6544696092605591
1,0.6546018719673157
1,0.6508596539497375
1,0.6479637622833252
1,0.6500357985496521
1,0.6487829089164734
1,0.648667573928833
1,0.6566230058670044
1,0.6589990854263306
1,0.6610617637634277
1,0.662114143371582
1,0.6608977913856506
1,0.6625456213951111
1,0.6618906855583191
1,0.660243034362793
1,0.6611993312835693
1,0.6588374376296997
1,0.658348560333252
1,0.66019606590271
1,0.6573033928871155
1,0.6602377891540527
1,0.6143419742584229
1,0.6141217947006226
1,0.6113101840019226
1,0.6122954487800598
1,0.5989804267883301
1,0.5973601341247559
1,0.5964545607566833
1,0.616799533367157
1,0.6421290636062622
1,0.6403177380561829
1,0.6451299786567688
1,0.6395784616470337
1,0.6388355493545532
1,0.6508611440658569
1,0.6518835425376892
1,0.6450189352035522
1,0.6456394195556641
1,0.643573522567749
1,0.6446289420127869
1,0.6491294503211975
1,0.6530004739761353
1,0.6452992558479309
1,0.6412366628646851
1,0.650272011756897
1,0.6191513538360596
1,0.6243404150009155
1,0.6233962774276733
1,0.6258516311645508
1,0.6216678619384766
1,0.6343356370925903
1,0.6351816654205322
1,0.6378986239433289
1,0.6495273113250732
1,0.6583423614501953
1,0.6463762521743774
1,0.6394075155258179
1,0.6362859606742859
1,0.6344603300094604
1,0.6378688812255859
1,0.6368738412857056
1,0.625324010848999
1,0.6302560567855835
1,0.6358426213264465
1,0.6496146321296692
1,0.6514622569084167
1,0.6483423113822937
1,0.653515636920929
1,0.649470329284668
1,0.6554543375968933
1,0.6552125215530396
1,0.6558050513267517
1,0.6578341722488403
1,0.6587395668029785
1,0.6560798287391663
1,0.6595273017883301
1,0.644694983959198
1,0.6585918664932251
1,0.6545325517654419
1,0.6527549028396606
1,0.6590155363082886
1,0.6579461097717285
1,0.6561352014541626
1,0.6532538533210754
1,0.5332880020141602
1,0.4778392016887665
1,0.4778919816017151
1,0.47093498706817627
1,0.47858726978302
1,0.4818205237388611
1,0.4739961624145508
1,0.5220255255699158
1,0.5821550488471985
1,0.6653429865837097
1,0.6594988107681274
1,0.6612902879714966
1,0.6611901521682739
1,0.6564955711364746
1,0.6602203249931335
1,0.6572022438049316
1,0.6595661640167236
1,0.6592985391616821
1,0.6554723978042603
1,0.6565256118774414
1,0.6581823825836182
1,0.6454977989196777
1,0.6475363969802856
1,0.6477177143096924
1,0.6483848094940186
1,0.6499305367469788
1,0.6508957147598267
1,0.6494129300117493
1,0.6440083980560303
1,0.6540020704269409
1,0.6598522067070007
1,0.653689980506897
1,0.6487438082695007
1,0.660661518573761
1,0.6628913879394531
1,0.6615939140319824
1,0.6517029404640198
1,0.6615573763847351
1,0.6474143862724304
1,0.6483575701713562
1,0.6459925770759583
1,0.644607663154602
1,0.6463120579719543
1,0.6344960927963257
1,0.6459398865699768
1,0.6470099687576294
1,0.6483157277107239
1,0.6514736413955688
1,0.6512624025344849
1,0.6481372117996216
1,0.6505451798439026
1,0.6504135131835938
1,0.6518265604972839
1,0.651299774646759
1,0.6518134474754333
1,0.6618490219116211
1,0.6616398096084595
1,0.6627892255783081
1,0.6641798615455627
1,0.6613720655441284
1,0.6625359654426575
1,0.6651984453201294
1,0.6619033217430115
1,0.666838526725769
1,0.6452672481536865
1,0.6316167116165161
1,0.5732772350311279
1,0.5677441358566284
1,0.5575069785118103
1,0.5603688955307007
1,0.5545445084571838
1,0.5365341901779175
1,0.5782082080841064
1,0.5959504842758179
1,0.6309325098991394
1,0.6345612406730652
1,0.6315430998802185
1,0.6429405212402344
1,0.642767608165741
1,0.6454174518585205
1,0.6434849500656128
1,0.6481053233146667
1,0.6615608334541321
1,0.6598142385482788
1,0.660756528377533
1,0.6612455248832703
1,0.6615690588951111
1,0.6459276080131531
1,0.6455556154251099
1,0.6467634439468384
1,0.6442725658416748
1,0.643864095211029
1,0.6265254020690918
1,0.6265414953231812
1,0.62764573097229
1,0.6350774765014648
1,0.6362645626068115
1,0.6374289989471436
1,0.6359223127365112
1,0.6224740743637085
1,0.6419775485992432
1,0.6502723693847656
1,0.6491976380348206
1,0.6534685492515564
1,0.6564285159111023
1,0.6566247344017029
1,0.6557390689849854
1,0.6589879989624023
1,0.6634030938148499
1,0.6643177270889282
1,0.6611217260360718
1,0.6634628176689148
1,0.6644912958145142
1,0.6607797741889954
1,0.6638396382331848
1,0.6542977094650269
1,0.6511435508728027
1,0.6528763175010681
1,0.6493108868598938
1,0.6450115442276001
1,0.6435333490371704
1,0.6322826147079468
1,0.6366719603538513
1,0.6448350548744202
1,0.6443603038787842
1,0.6410475969314575
1,0.6478480696678162
1,0.6542543172836304
1,0.6340529918670654
1,0.5808783173561096
1,0.439001202583313
1,0.4518117308616638
1,0.44213542342185974
1,0.44343724846839905
1,0.4406925439834595
1,0.44181159138679504
1,0.4701513648033142
1,0.5409067869186401
1,0.6388288140296936
1,0.6407263278961182
1,0.6505759954452515
1,0.6511964797973633
1,0.6559535264968872
1,0.6358014345169067
1,0.6512469053268433
1,0.6519075632095337
1,0.6498743295669556
1,0.6394239664077759
1,0.6516234874725342
1,0.6482506394386292
1,0.6523126363754272
1,0.6610167622566223
1,0.6557461023330688
1,0.6524227857589722
1,0.6401129364967346
1,0.6408019065856934
1,0.6432291269302368
1,0.6285982131958008
1,0.6173505783081055
1,0.6153061389923096
1,0.6096200942993164
1,0.6121739745140076
1,0.6253358125686646
1,0.6298818588256836
1,0.6154654622077942
1,0.6255745887756348
1,0.6468791365623474
1,0.6442272663116455
1,0.6453204154968262
1,0.6473245024681091
1,0.6460984349250793
1,0.6426185369491577
1,0.6608327627182007
1,0.6590794324874878
1,0.65729159116745
1,0.6590836048126221
1,0.6585838198661804
1,0.6596686840057373
1,0.658073902130127
1,0.6547755002975464
1,0.6573745608329773
1,0.6388472318649292
1,0.642659604549408
1,0.64414381980896
1,0.6434237360954285
1,0.6449174284934998
1,0.6342635750770569
1,0.6386588215827942
1,0.6213546395301819
1,0.6448513269424438
1,0.6450099349021912
1,0.6457211375236511
1,0.6446103453636169
1,0.6176558136940002
1,0.6165393590927124
1,0.4520428776741028
1,0.4825874865055084
1,0.47114241123199463
1,0.4703064262866974
1,0.4775462746620178
1,0.47148001194000244
1,0.5072723031044006
1,0.5326254963874817
1,0.6554265022277832
1,0.6535859107971191
1,0.6641985774040222
1,0.6536180377006531
1,0.665616512298584
1,0.6569938659667969
1,0.6629307866096497
1,0.6630722880363464
1,0.6632501482963562
1,0.6499974727630615
1,0.6530460119247437
1,0.654220461845398
1,0.6538950800895691
1,0.6433805823326111
1,0.6540821194648743
1,0.6496289372444153
1,0.6526221036911011
1,0.661171555519104
1,0.6624647378921509
1,0.659888505935669
1,0.6573196649551392
1,0.6610074043273926
1,0.6583887338638306
1,0.6628769040107727
1,0.6624319553375244
1,0.6630106568336487
1,0.6601781845092773
1,0.6495550870895386
1,0.638818621635437
1,0.6404935717582703
1,0.6393101215362549
1,0.6356261968612671
1,0.6207898855209351
1,0.6228222846984863
1,0.6253949403762817
1,0.6321591138839722
1,0.6406787037849426
1,0.6411861181259155
1,0.6313139200210571
1,0.6338542699813843
1,0.6463789939880371
1,0.6455173492431641
1,0.6478756666183472
1,0.6475235223770142
1,0.6429969072341919
1,0.6423803567886353
1,0.6363062262535095
1,0.6589856147766113
1,0.6397844552993774
1,0.6392596364021301
1,0.651131808757782
1,0.6499045491218567
1,0.6510369777679443
1,0.6487010717391968
1,0.6481542587280273
1,0.6446590423583984
1,0.6531358957290649
1,0.48032963275909424
1,0.3913733959197998
1,0.30929499864578247
1,0.1976863592863083
1,0.20170503854751587
1,0.20098698139190674
1,0.1996230185031891
1,0.23785531520843506
1,0.357687771320343
1,0.4461669921875
1,0.5401127338409424
1,0.6573948860168457
1,0.658012330532074
1,0.6515129804611206
1,0.6525413990020752
1,0.6546919345855713
1,0.6355782747268677
1,0.6436824798583984
1,0.6432469487190247
1,0.6409426927566528
1,0.6435577869415283
1,0.6517062783241272
1,0.6456010341644287
1,0.6517836451530457
1,0.6576068997383118
1,0.6582463383674622
1,0.6603032946586609
1,0.6604149341583252
1,0.6597908139228821
1,0.6489182114601135
1,0.6488243937492371
1,0.6496249437332153
1,0.6415730118751526
1,0.6510891318321228
1,0.6495006680488586
1,0.6466231346130371
1,0.6461541652679443
1,0.6583237648010254
1,0.6474463939666748
1,0.6557086110115051
1,0.6552315354347229
1,0.6522133350372314
1,0.6530150175094604
1,0.6541100740432739
1,0.6549926400184631
1,0.6518896222114563
1,0.6609200835227966
1,0.6613994836807251
1,0.6541875600814819
1,0.6613097190856934
1,0.6621553301811218
1,0.6550835371017456
1,0.6665792465209961
1,0.6671079993247986
1,0.6620023250579834
1,0.6660864353179932
1,0.6648651361465454
1,0.6594623327255249
1,0.6626355648040771
1,0.6501970291137695
1,0.6374919414520264
1,0.6493902206420898
1,0.6526750326156616
1,0.6437805891036987
1,0.6508462429046631
1,0.6516555547714233
1,0.6524233222007751
1,0.566143810749054
1,0.4418790638446808
1,0.3787660002708435
1,0.23055127263069153
1,0.14934030175209045
1,0.08644045889377594
0,0.05229931324720383
0,0.0646309182047844
0,0.07430679351091385
0,0.039305947721004486
0,0.08647098392248154
0,0.08460843563079834
0,0.05331234633922577
0,0.03756750747561455
0,0.07006330788135529
0,0.07413356751203537
0,0.07074708491563797
0,0.10922509431838989
0,0.08670912683010101
0,0.09454001486301422
0,0.0980273187160492
0,0.13227103650569916
0,0.14334022998809814
0,0.1666586548089981
0,0.18441271781921387
0,0.18683582544326782
0,0.15374816954135895
0,0.11632668972015381
0,0.08693121373653412
0,0.10809186100959778
0,0.07656703889369965
0,0.04677630588412285
0,0.10300192981958389
0,0.08065468072891235
0,0.09248358011245728
0,0.09830376505851746
0,0.11269760131835938
0,0.09364204853773117
0,0.12551568448543549
0,0.10121884942054749
0,0.07897624373435974
0,0.09515124559402466
0,0.08127115666866302
0,0.04396119341254234
0,0.07620349526405334
0,0.10133131593465805
0,0.08167633414268494
0,0.09579236060380936
0,0.13777101039886475
0,0.12431967258453369
0,0.12433742731809616
0,0.14326375722885132
0,0.09338612109422684
1,0.06920496374368668
1,0.08492399007081985
1,0.11947406828403473
1,0.19329914450645447
1,0.2893831133842468
1,0.3743847608566284
1,0.5167255997657776
1,0.5335782170295715
1,0.5306898951530457
1,0.5340885519981384
1,0.5242406725883484
1,0.531523585319519
1,0.5295765399932861
1,0.5237035751342773
1,0.5260750651359558
1,0.5268946886062622
1,0.5285351276397705
1,0.5325576066970825
1,0.5269632935523987
1,0.5294336676597595
1,0.5409620404243469
1,0.5398812294006348
1,0.5420697927474976
1,0.5388041734695435
1,0.5409071445465088
1,0.5423554182052612
1,0.5382614135742188
1,0.5357825756072998
1,0.5352903604507446
1,0.5304602384567261
1,0.5479608774185181
1,0.5428277254104614
1,0.535449743270874
1,0.5382971167564392
1,0.5401328802108765
1,0.5392870903015137
1,0.5427167415618896
1,0.5300869345664978
1,0.527995228767395
1,0.520574688911438
1,0.5247635245323181
1,0.532436192035675
1,0.5339662432670593
1,0.5299658179283142
1,0.5268914103507996
1,0.5265650749206543
1,0.5303582549095154
1,0.5404708385467529
1,0.5353741645812988
1,0.5305431485176086
1,0.5356549620628357
1,0.5367469787597656
1,0.5342949032783508
1,0.5398950576782227
1,0.5394539833068848
1,0.5340965986251831
1,0.534714937210083
1,0.5315430760383606
1,0.5344380140304565
1,0.5372443795204163
1,0.5342276096343994
1,0.436181902885437
1,0.41330721974372864
1,0.3140803575515747
1,0.3172049820423126
1,0.3171001970767975
1,0.315491259098053
1,0.3154592514038086
1,0.3180544674396515
1,0.3766593933105469
1,0.43105876445770264
1,0.516206681728363
1,0.5190608501434326
1,0.5217609405517578
1,0.511274516582489
1,0.514680027961731
1,0.5132777094841003
1,0.5204652547836304
1,0.5210054516792297
1,0.523587167263031
1,0.5165092945098877
1,0.510172963142395
1,0.5203690528869629
1,0.5331998467445374
1,0.5250342488288879
1,0.5308822989463806
1,0.5196665525436401
1,0.5324638485908508
1,0.5243213772773743
1,0.531527042388916
1,0.531800389289856
1,0.5272203087806702
1,0.5320549011230469
1,0.5356906652450562
1,0.527949869632721
1,0.5265692472457886
1,0.5295906662940979
1,0.5161716341972351
1,0.5261449813842773
1,0.5214102268218994
1,0.5210760235786438
1,0.5281906127929688
1,0.5239954590797424
1,0.5254901647567749
1,0.5195316672325134
1,0.5316442251205444
1,0.5338781476020813
1,0.5324637293815613
1,0.5298962593078613
1,0.5366531014442444
1,0.5300636291503906
1,0.5294315814971924
1,0.5485538244247437
1,0.5376991629600525
1,0.5451558828353882
1,0.5465840101242065
1,0.5364022254943848
1,0.5354583263397217
1,0.5390875339508057
1,0.5399766564369202
1,0.5250897407531738
1,0.5203786492347717
1,0.5236613154411316
1,0.5267157554626465
1,0.5282958745956421
1,0.5263890624046326
1,0.5250386595726013
1,0.43336284160614014
1,0.46801966428756714
1,0.42868900299072266
1,0.3137006163597107
1,0.2275656759738922
1,0.19110524654388428
1,0.19200649857521057
1,0.19428054988384247
1,0.24372394382953644
1,0.2432856559753418
1,0.27490395307540894
1,0.38966676592826843
1,0.48297393321990967
1,0.5426355600357056
1,0.5172052383422852
1,0.5097087621688843
1,0.5234869718551636
1,0.5234071612358093
1,0.5194425582885742
1,0.5136154890060425
1,0.5105637311935425
1,0.5012713670730591
1,0.510629415512085
1,0.5181163549423218
1,0.5139318108558655
1,0.4876026511192322
1,0.5104854106903076
1,0.49650484323501587
1,0.5113473534584045
1,0.49479228258132935
1,0.5158342123031616
1,0.5180304050445557
1,0.519894003868103
1,0.526646077632904
1,0.524927020072937
1,0.5396435260772705
1,0.5356817245483398
1,0.5373883247375488
1,0.540494441986084
1,0.5428127646446228
1,0.5272668600082397
1,0.5385967493057251
1,0.5285218358039856
1,0.530511200428009
1,0.5338588953018188
1,0.5376914143562317
1,0.5350089073181152
1,0.5249326825141907
1,0.5298572778701782
1,0.529708981513977
1,0.5175480246543884
1,0.5194470882415771
1,0.5351932048797607
1,0.52042555809021
1,0.5265167951583862
1,0.5362575054168701
1,0.5452289581298828
1,0.5400223135948181
1,0.5476590394973755
1,0.5401662588119507
1,0.544964075088501
1,0.5455313920974731
1,0.5404578447341919
1,0.5321658849716187
1,0.5235071778297424
1,0.5285657644271851
1,0.5049725770950317
1,0.5174647569656372
1,0.5133008360862732
1,0.5151474475860596
1,0.4652169942855835
1,0.48188281059265137
1,0.3852255344390869
1,0.25981807708740234
1,0.18669453263282776
1,0.11075574159622192
0,0.05515332520008087
0,0.0675697922706604
0,0.06372841447591782
1,0.05731452628970146
1,0.07900423556566238
1,0.1235099583864212
1,0.2007651925086975
1,0.29605430364608765
1,0.3942398428916931
1,0.5055545568466187
1,0.5211235880851746
1,0.5212634205818176
1,0.5296971201896667
1,0.5179047584533691
1,0.5297679901123047
1,0.5299421548843384
1,0.528562068939209
1,0.5229890942573547
1,0.5386268496513367
1,0.5266128778457642
1,0.5362420678138733
1,0.5389037132263184
1,0.538157045841217
1,0.5402847528457642
1,0.5409778952598572
1,0.5326432585716248
1,0.5206871032714844
1,0.5317075848579407
1,0.5221041440963745
1,0.530146598815918
1,0.5230349898338318
1,0.5337333083152771
1,0.5335937738418579
1,0.5332396030426025
1,0.5356951951980591
1,0.5329821109771729
1,0.5374422073364258
1,0.5320820212364197
1,0.5284262895584106
1,0.5277100205421448
1,0.5313377976417542
1,0.5305766463279724
1,0.5335814952850342
1,0.5299616456031799
1,0.5309380292892456
1,0.5293811559677124
1,0.5289584994316101
1,0.5322316884994507
1,0.5237283706665039
1,0.5242952704429626
1,0.5163908004760742
1,0.5032497644424438
1,0.5141676068305969
1,0.5138708353042603
1,0.5013969540596008
1,0.5110451579093933
1,0.513054370880127
1,0.5088120102882385
1,0.5252670049667358
1,0.5268911123275757
1,0.5329347252845764
1,0.5294287204742432
1,0.5362229347229004
1,0.534740149974823
1,0.5318540334701538
1,0.5293955206871033
1,0.5427903532981873
1,0.541533887386322
1,0.5351160168647766
1,0.5398549437522888
1,0.5340428352355957
1,0.5354852080345154
1,0.5236552953720093
1,0.5288381576538086
1,0.5248874425888062
1,0.5293208360671997
1,0.5270946025848389
1,0.5311371684074402
1,0.5318340063095093
1,0.5347315669059753
1,0.5341782569885254
1,0.5234278440475464
1,0.5295559763908386
1,0.5202633738517761
1,0.5204640030860901
1,0.522315263748169
1,0.520722508430481
1,0.523430347442627
1,0.5225017070770264
1,0.5276564955711365
1,0.5279722213745117
1,0.5300877094268799
1,0.534064769744873
1,0.5304361581802368
1,0.5270242691040039
1,0.5225347876548767
1,0.5246207118034363
1,0.5247212648391724
1,0.5266665816307068
1,0.5231033563613892
1,0.5221827030181885
1,0.5286118984222412
1,0.5317299962043762
1,0.5329170823097229
1,0.5342413187026978
1,0.5288727879524231
1,0.5351571440696716
1,0.5357003211975098
1,0.5341684818267822
1,0.5336043834686279
1,0.5300188660621643
1,0.5363697409629822
1,0.5385328531265259
1,0.5373530387878418
1,0.5359088778495789
1,0.5378037691116333
1,0.5288514494895935
1,0.5369492769241333
1,0.5347330570220947
1,0.5295050740242004
1,0.5331517457962036
1,0.5318241715431213
1,0.5334380865097046
1,0.5350983142852783
1,0.5342475175857544
1,0.5350109338760376
1,0.5380002856254578
1,0.49508947134017944
1,0.4039881229400635
1,0.40766867995262146
1,0.40305089950561523
1,0.40491560101509094
1,0.4006139039993286
1,0.3972046971321106
1,0.3871718943119049
1,0.4238889217376709
1,0.48223772644996643
1,0.49579983949661255
1,0.4966896176338196
1,0.505370557308197
1,0.5093844532966614
1,0.5078897476196289
1,0.5141114592552185
1,0.5161065459251404
1,0.5394206047058105
1,0.5373018383979797
1,0.536074697971344
1,0.5387696623802185
1,0.5398920774459839
1,0.5381349921226501
1,0.5397833585739136
1,0.5352590680122375
1,0.5348241329193115
1,0.5309941172599792
1,0.5215892195701599
1,0.523779034614563
1,0.522404670715332
1,0.5227266550064087
1,0.5183393955230713
1,0.5281283259391785
1,0.5233393907546997
1,0.5210768580436707
1,0.5246401429176331
1,0.5231608152389526
1,0.5277025699615479
1,0.5254850387573242
1,0.5316362380981445
1,0.5253476500511169
1,0.5442755222320557
1,0.541631817817688
1,0.548452615737915
1,0.5427850484848022
1,0.5501894950866699
1,0.5472927093505859
1,0.5444924235343933
1,0.5361521244049072
1,0.5450422167778015
1,0.5459488034248352
1,0.540648341178894
1,0.5316992402076721
1,0.5311737060546875
1,0.5319965481758118
1,0.5262932777404785
1,0.5147058367729187
1,0.5182958245277405
1,0.5229973196983337
1,0.5280157327651978
1,0.5300328135490417
1,0.5244105458259583
1,0.5276035070419312
1,0.5221818685531616
1,0.44963544607162476
1,0.4347948431968689
1,0.4311375021934509
1,0.4278380870819092
1,0.43268120288848877
1,0.4401400089263916
1,0.4375607967376709
1,0.43628787994384766
1,0.5003749132156372
1,0.5364718437194824
1,0.5359299182891846
1,0.5306445360183716
1,0.5263127088546753
1,0.5264533162117004
1,0.5316756963729858
1,0.5265730619430542
1,0.533822774887085
1,0.5335448384284973
1,0.528371274471283
1,0.5238182544708252
1,0.5257691144943237
1,0.5149039030075073
1,0.5204285383224487
1,0.5025326013565063
1,0.5164810419082642
1,0.5140120387077332
1,0.5297499895095825
1,0.529334545135498
1,0.5196722745895386
1,0.5322413444519043
1,0.5409270524978638
1,0.5439438223838806
1,0.5434256196022034
1,0.5217671990394592
1,0.5266557335853577
1,0.5229542255401611
1,0.5174705982208252
1,0.5115839242935181
1,0.5096355080604553
1,0.5084784030914307
1,0.5104371309280396
1,0.5183715224266052
1,0.5174232125282288
1,0.5268304944038391
1,0.5305345058441162
1,0.5286313891410828
1,0.5270348787307739
1,0.5280089974403381
1,0.5264387130737305
1,0.5243978500366211
1,0.524592399597168
1,0.5247711539268494
1,0.5312101244926453
1,0.5340924859046936
1,0.536189079284668
1,0.5253040194511414
1,0.5255919694900513
1,0.5225030779838562
1,0.5237969160079956
1,0.516299843788147
1,0.514576256275177
1,0.5117031335830688
1,0.515647292137146
1,0.49718648195266724
1,0.4611613154411316
1,0.4629840850830078
1,0.45971518754959106
1,0.4574509263038635
1,0.46004539728164673
1,0.4534111022949219
1,0.4546356797218323
1,0.4861607253551483
1,0.5161260962486267
1,0.5163462162017822
1,0.5182108283042908
1,0.509722113609314
1,0.5227827429771423
1,0.5110576152801514
1,0.5147019624710083
1,0.5148255825042725
1,0.5188745260238647
1,0.5197457075119019
1,0.5175051093101501
1,0.524762749671936
1,0.5251933932304382
1,0.5332643985748291
1,0.5328373312950134
1,0.495846152305603
1,0.5100542306900024
1,0.5083109736442566
1,0.5023153424263
1,0.5024924874305725
1,0.5009000301361084
1,0.5068051815032959
1,0.5098437666893005
1,0.5300630331039429
1,0.5293391942977905
1,0.5284696817398071
1,0.529429018497467
1,0.5271852016448975
1,0.5305017232894897
1,0.5325261354446411
1,0.5324286818504333
1,0.5188596248626709
1,0.5299992561340332
1,0.5276504755020142
1,0.5297309160232544
1,0.5228815674781799
1,0.524462103843689
1,0.52485191822052
1,0.5256532430648804
1,0.535637617111206
1,0.5345453023910522
1,0.5356916189193726
1,0.5343331098556519
1,0.5326815843582153
1,0.5415434241294861
1,0.5347129702568054
1,0.5281726717948914
1,0.533787727355957
1,0.534717857837677
1,0.532520055770874
1,0.5402520895004272
1,0.5376030802726746
1,0.5297810435295105
1,0.542428731918335
1,0.5143941640853882
1,0.5198350548744202
1,0.5207201242446899
1,0.5123482942581177
1,0.5092756152153015
1,0.5148595571517944
1,0.5177560448646545
1,0.5119338631629944
1,0.5326194167137146
1,0.5358762145042419
1,0.5419147610664368
1,0.5432369112968445
1,0.5296143293380737
1,0.5309320688247681
1,0.5212116241455078
1,0.5335758924484253
1,0.5216464996337891
1,0.5248334407806396
1,0.5251920223236084
1,0.5246037244796753
1,0.5130254626274109
1,0.5254243016242981
1,0.5199039578437805
1,0.52132648229599
1,0.5199759006500244
1,0.5212394595146179
1,0.5226825475692749
1,0.5042046904563904
1,0.5197817087173462
1,0.5225764513015747
1,0.5227867364883423
1,0.5270661115646362
1,0.5200211405754089
1,0.5229906439781189
1,0.5225202441215515
1,0.5291306376457214
1,0.5290254354476929
1,0.5294172763824463
1,0.5259413123130798
1,0.5258421897888184
1,0.5241155028343201
1,0.5229284167289734
1,0.5157730579376221
1,0.5232174396514893
1,0.5251469612121582
1,0.5282953381538391
1,0.533974289894104
1,0.532983124256134
1,0.5336017608642578
1,0.5324956178665161
1,0.5348145961761475
1,0.5326913595199585
1,0.5350282192230225
1,0.5288118124008179
1,0.5277239680290222
1,0.5390853881835938
1,0.5365023612976074
1,0.5369892716407776
1,0.5367180705070496
1,0.5352606773376465
1,0.5374482870101929
1,0.5202773213386536
1,0.5305923223495483
1,0.45361992716789246
1,0.4563801884651184
1,0.4610922336578369
1,0.46457669138908386
1,0.46402546763420105
1,0.4662784934043884
1,0.4590746760368347
1,0.453442245721817
1,0.5336436629295349
1,0.5396196246147156
1,0.5216389894485474
1,0.5335233211517334
1,0.5402740836143494
1,0.544899582862854
1,0.5419268608093262
1,0.5372090339660645
1,0.53373783826828
1,0.533307671546936
1,0.5309327244758606
1,0.5397282838821411
1,0.537157416343689
1,0.5330996513366699
1,0.535993754863739
1,0.5378538966178894
1,0.5395206212997437
1,0.5402213335037231
1,0.5277889966964722
1,0.526268720626831
1,0.532545268535614
1,0.5342700481414795
1,0.5347710251808167
1,0.5380275845527649
1,0.5368191599845886
1,0.538544774055481
1,0.5349504351615906
1,0.5264886021614075
1,0.5206891298294067
1,0.5055513381958008
1,0.5153793692588806
1,0.5013242363929749
1,0.5150265693664551
1,0.5183215737342834
1,0.5202417969703674
1,0.526992678642273
1,0.5268327593803406
1,0.5278102159500122
1,0.5294110178947449
1,0.5320525169372559
1,0.535358190536499
1,0.5381853580474854
1,0.5347833633422852
1,0.5370988845825195
1,0.537919819355011
1,0.536374032497406
1,0.5326414108276367
1,0.5310741662979126
1,0.5338491201400757
1,0.5324862599372864
1,0.5335808396339417
1,0.5307736992835999
1,0.5327969193458557
1,0.5286650657653809
1,0.5060154795646667
1,0.5054908990859985
1,0.5016913414001465
1,0.49683475494384766
1,0.49904176592826843
1,0.5016616582870483
1,0.5047520399093628
1,0.500870943069458
1,0.499355673789978
1,0.5112860798835754
1,0.5168896913528442
1,0.5231199264526367
1,0.5189987421035767
1,0.5216260552406311
1,0.5095523595809937
1,0.5204802751541138
1,0.5167851448059082
1,0.5189564228057861
1,0.5179945826530457
1,0.5209903717041016
1,0.5212814211845398
1,0.5222967267036438
1,0.5244362950325012
1,0.5189462900161743
1,0.5336716175079346
1,0.5301162600517273
1,0.524995744228363
1,0.5230309963226318
1,0.5267659425735474
1,0.5295596122741699
1,0.5256202220916748
1,0.520038366317749
1,0.5218977928161621
1,0.5242797136306763
1,0.5214095115661621
1,0.5270545482635498
1,0.5201143622398376
1,0.5214429497718811
1,0.521187424659729
1,0.5217730402946472
1,0.516294002532959
1,0.5329172611236572
1,0.5247870087623596
1,0.5431371927261353
1,0.5395180583000183
1,0.5386531949043274
1,0.5461466908454895
1,0.5515644550323486
1,0.551332414150238
1,0.5398043990135193
1,0.5399633049964905
1,0.544249951839447
1,0.5442281365394592
1,0.5361013412475586
1,0.5104953646659851
1,0.5212807059288025
1,0.5123074650764465
1,0.5267454385757446
1,0.5245859622955322
1,0.5307154655456543
1,0.5306559205055237
1,0.540267825126648
1,0.54902184009552
1,0.5465224981307983
1,0.5491453409194946
1,0.5462021827697754
1,0.5516842603683472
1,0.5516756772994995
1,0.5330062508583069
1,0.539899468421936
1,0.5370663404464722
1,0.5382171273231506
1,0.5454073548316956
1,0.5434748530387878
1,0.5409272909164429
1,0.5420882701873779
1,0.5424448251724243
1,0.5405108332633972
1,0.5336346626281738
1,0.5274839997291565
1,0.5279906988143921
1,0.5276668071746826
1,0.5310686230659485
1,0.5292302966117859
1,0.5325978994369507
1,0.5223580002784729
1,0.5317016839981079
1,0.5284388065338135
1,0.5302884578704834
1,0.5160861611366272
1,0.5284410715103149
1,0.530582845211029
1,0.534148097038269
1,0.5322977304458618
1,0.5349112749099731
1,0.53153395652771
1,0.5341519117355347
1,0.5241572856903076
1,0.5259395241737366
1,0.520187258720398
1,0.5195578336715698
1,0.5222936868667603
1,0.522789716720581
1,0.517798662185669
1,0.5207147002220154
1,0.5196718573570251
1,0.5257406830787659
1,0.5239173173904419
1,0.5228294730186462
1,0.522007167339325
1,0.5227288603782654
1,0.5221239328384399
1,0.5267029404640198
1,0.524716317653656
1,0.5280935764312744
1,0.5273310542106628
1,0.529817521572113
1,0.539250373840332
1,0.5403875112533569
1,0.5403672456741333
1,0.5453224182128906
1,0.5437520146369934
1,0.5368255376815796
1,0.5387465357780457
1,0.5314110517501831
1,0.5231831073760986
1,0.514194905757904
1,0.5101500153541565
1,0.5109825730323792
1,0.5134086608886719
1,0.5138812065124512
1,0.5189053416252136
1,0.5115009546279907
1,0.5258451700210571
1,0.5358114242553711
1,0.520628809928894
1,0.5259616374969482
1,0.5256194472312927
1,0.528124213218689
1,0.5233467817306519
1,0.5348969101905823
1,0.5339682102203369
1,0.5353605151176453
1,0.5422841310501099
1,0.5417530536651611
1,0.5347298383712769
1,0.5329847931861877
1,0.5271323323249817
1,0.5299042463302612
1,0.5286357998847961
1,0.5145950317382812
1,0.5282670259475708
1,0.5302172899246216
1,0.5273739099502563
1,0.526177704334259
1,0.5291767120361328
1,0.5179782509803772
1,0.5357962250709534
1,0.5340391993522644
1,0.5393159985542297
1,0.5424374938011169
1,0.5405851006507874
1,0.539709210395813
1,0.5399686694145203
1,0.534092903137207
1,0.5340934991836548
1,0.5314383506774902
1,0.5278432369232178
1,0.5260524749755859
1,0.5188218951225281
1,0.5211352109909058
1,0.5180702209472656
1,0.5204184055328369
1,0.5195997953414917
1,0.5256504416465759
1,0.5296887755393982
1,0.5270587801933289
1,0.5302648544311523
1,0.5320333242416382
1,0.534878134727478
1,0.5311061143875122
1,0.5239189267158508
1,0.5252218842506409
1,0.5223388671875
1,0.519070029258728
1,0.5157920718193054
1,0.5138169527053833
1,0.5143849849700928
1,0.401004821062088
1,0.3572360873222351
1,0.289697527885437
1,0.25072962045669556
1,0.2501141130924225
1,0.2510093152523041
1,0.25168776512145996
1,0.2530518174171448
1,0.33371543884277344
1,0.39730069041252136
1,0.47709590196609497
1,0.5244400501251221
1,0.5166811943054199
1,0.5275252461433411
1,0.5311152935028076
1,0.5291149616241455
1,0.5281678438186646
1,0.5276966094970703
1,0.5327234268188477
1,0.5337008833885193
1,0.532792866230011
1,0.528547465801239
1,0.5341737270355225
1,0.5350750684738159
1,0.5367803573608398
1,0.535048246383667
1,0.5332579612731934
1,0.5323382616043091
1,0.536536693572998
1,0.527797281742096
1,0.524070680141449
1,0.524354100227356
1,0.5220707058906555
1,0.5218906998634338
1,0.5222288966178894
1,0.5198833346366882
1,0.5232204794883728
1,0.5220679044723511
1,0.5166705250740051
1,0.5253435969352722
1,0.5346015691757202
1,0.5443921685218811
1,0.540656328201294
1,0.5437097549438477
1,0.5524970293045044
1,0.5507405996322632
1,0.5499468445777893
1,0.5393000841140747
1,0.5304509997367859
1,0.5333728790283203
1,0.5217647552490234
1,0.523425817489624
1,0.524803876876831
1,0.5276529788970947
1,0.5179524421691895
1,0.519315242767334
1,0.5055832862854004
1,0.5202977657318115
1,0.5190054178237915
1,0.5120018124580383
1,0.5184811353683472
1,0.5210431814193726
1,0.5177127718925476
1,0.5318092703819275
1,0.5252335071563721
1,0.5213530659675598
1,0.5216048955917358
1,0.4375603497028351
1,0.4424269497394562
1,0.4488717019557953
1,0.4531099200248718
1,0.440316379070282
1,0.43239375948905945
1,0.42407065629959106
1,0.4661718010902405
1,0.5071043968200684
1,0.5018168687820435
1,0.5123935341835022
1,0.5104584693908691
1,0.49515607953071594
1,0.5198962688446045
1,0.5372034311294556
1,0.5327431559562683
1,0.5321145057678223
1,0.5312197804450989
1,0.5308873057365417
1,0.5207191109657288
1,0.5334919691085815
1,0.5338423252105713
1,0.5260876417160034
1,0.5410068035125732
1,0.5382684469223022
1,0.5250344276428223
1,0.5318443179130554
1,0.5266103744506836
1,0.5160290002822876
1,0.5253576040267944
1,0.5245127081871033
1,0.5240353345870972
1,0.5269198417663574
1,0.5259187817573547
1,0.5154581665992737
1,0.5222851634025574
1,0.5266527533531189
1,0.5225613117218018
1,0.5209583044052124
1,0.519641637802124
1,0.5169907808303833
1,0.5147643089294434
1,0.5194685459136963
1,0.5220834016799927
1,0.5071496367454529
1,0.5114846229553223
1,0.530920147895813
1,0.5147820711135864
1,0.525759220123291
1,0.5217906832695007
1,0.5195943713188171
1,0.5100685358047485
1,0.5260080099105835
1,0.5248405337333679
1,0.5105029940605164
1,0.5204217433929443
1,0.5240037441253662
1,0.5251011252403259
1,0.4945213198661804
1,0.5196104049682617
1,0.5049659013748169
1,0.5140476226806641
1,0.516893744468689
1,0.5093023777008057
1,0.4868173897266388
1,0.4019978642463684
1,0.4128212630748749
1,0.3877440392971039
1,0.40706342458724976
1,0.398669958114624
1,0.4087952673435211
1,0.4433872699737549
1,0.4508266746997833
1,0.5352339744567871
1,0.5405166149139404
1,0.5422272682189941
1,0.5422787070274353
1,0.5394032597541809
1,0.5401312112808228
1,0.535788893699646
1,0.5405449867248535
1,0.5338972210884094
1,0.53782057762146
1,0.5271965861320496
1,0.5381776094436646
1,0.5327427983283997
1,0.5331093072891235
1,0.534680962562561
1,0.5294296741485596
1,0.5297428369522095
1,0.5319939851760864
1,0.5325348973274231
1,0.5321980118751526
1,0.5321261286735535
1,0.5283395051956177
1,0.5277713537216187
1,0.53034508228302
1,0.5330623388290405
1,0.5248753428459167
1,0.5317618250846863
1,0.5308670401573181
1,0.5414888262748718
1,0.5413107872009277
1,0.5319450497627258
1,0.5386463403701782
1,0.5409803986549377
1,0.5402795076370239
1,0.5423213839530945
1,0.5352274179458618
1,0.5351088047027588
1,0.5296201705932617
1,0.5182743072509766
1,0.5261274576187134
1,0.525488555431366
1,0.5271445512771606
1,0.5295856595039368
1,0.5306786298751831
1,0.5264941453933716
1,0.532853364944458
1,0.5340698957443237
1,0.507339358329773
1,0.5166755318641663
1,0.5189627408981323
1,0.5173056125640869
1,0.5209272503852844
1,0.5110353231430054
1,0.5048768520355225
1,0.5224327445030212
1,0.47194790840148926
1,0.46012258529663086
1,0.3363859951496124
1,0.2563822269439697
1,0.18354737758636475
1,0.17808151245117188
1,0.09734322130680084
1,0.08232037723064423
1,0.10821899771690369
1,0.1346903145313263
1,0.19782960414886475
1,0.26576465368270874
1,0.3343440294265747
1,0.3560597002506256
1,0.5043572783470154
1,0.49857115745544434
1,0.5074722170829773
1,0.5136794447898865
1,0.5124749541282654
1,0.5162560343742371
1,0.5306447744369507
1,0.533979058265686
1,0.5363266468048096
1,0.5356419682502747
1,0.5339406728744507
1,0.5331465005874634
1,0.5347131490707397
1,0.5335128307342529
1,0.53499835729599
1,0.5306084156036377
1,0.537274956703186
1,0.5338315963745117
1,0.5320379734039307
1,0.5367653965950012
1,0.533395528793335
1,0.5273960828781128
1,0.5194507837295532
1,0.5380111932754517
1,0.5432249307632446
1,0.5354284644126892
1,0.5316303968429565
1,0.5412527322769165
1,0.5425504446029663
1,0.5345543622970581
1,0.5309000015258789
1,0.5209900736808777
1,0.5271241068840027
1,0.5233555436134338
1,0.5246471166610718
1,0.5281314253807068
1,0.5300223231315613
1,0.5188418626785278
1,0.5372050404548645
1,0.5251089930534363
1,0.5373280048370361
1,0.5527591705322266
1,0.5483285188674927
1,0.5466582775115967
1,0.5493587255477905
1,0.5475464463233948
1,0.5448828935623169
1,0.538756251335144
1,0.5339009165763855
1,0.5382960438728333
1,0.534912109375
1,0.5307013988494873
1,0.5320693850517273
1,0.5345559120178223
1,0.5365703105926514
1,0.5307175517082214
1,0.5205156803131104
1,0.5249217748641968
1,0.5272239446640015
1,0.5207342505455017
1,0.5215341448783875
1,0.5063085556030273
1,0.516899824142456
1,0.514096736907959
1,0.5162037014961243
1,0.516787052154541
1,0.5232394933700562
1,0.5062978863716125
1,0.5177475214004517
1,0.5289518237113953
1,0.5309959650039673
1,0.5352821350097656
1,0.5350414514541626
1,0.5284125804901123
1,0.5375784039497375
1,0.5421953201293945
1,0.535243809223175
1,0.5336642861366272
1,0.5319370031356812
1,0.5262927412986755
1,0.5277774333953857
1,0.5222801566123962
1,0.5194605588912964
1,0.523005485534668
1,0.520538330078125
1,0.5051811933517456
1,0.5160120725631714
1,0.5130005478858948
1,0.5116758942604065
1,0.5100992918014526
1,0.5108717083930969
1,0.5049780011177063
1,0.5169668793678284
1,0.5248122811317444
1,0.5244300961494446
1,0.5294841527938843
1,0.538459062576294
1,0.5425701141357422
1,0.5463196039199829
1,0.5491543412208557
1,0.5445590615272522
1,0.547300398349762
1,0.5481584668159485
1,0.5456598997116089
1,0.5424290895462036
1,0.5410639643669128
1,0.5341644287109375
1,0.5320781469345093
1,0.5298097729682922
1,0.5289492011070251
1,0.5193418264389038
1,0.523780107498169
1,0.5204752683639526
1,0.5216460824012756
1,0.5242398977279663
1,0.5121491551399231
1,0.5237009525299072
1,0.5238308906555176
1,0.5199990272521973
1,0.5283574461936951
1,0.5327978134155273
1,0.5311146378517151
1,0.5252370834350586
1,0.5205799341201782
1,0.5202994346618652
1,0.5200393795967102
1,0.5061056017875671
1,0.5191409587860107
1,0.5070443749427795
1,0.5161726474761963
1,0.5251581072807312
1,0.5241049528121948
1,0.5241159200668335
1,0.5282235741615295
1,0.5258855819702148
1,0.5319428443908691
1,0.5314744710922241
1,0.5355135202407837
1,0.5345539450645447
1,0.5379340648651123
1,0.5378159284591675
1,0.5457735657691956
1,0.5440888404846191
1,0.5421241521835327
1,0.5284889340400696
1,0.5377866625785828
1,0.5384907722473145
1,0.5326352119445801
1,0.5278575420379639
1,0.5260233879089355
1,0.5249632596969604
1,0.5436373353004456
1,0.5397289395332336
1,0.5399309396743774
1,0.5368208885192871
1,0.5279152989387512
1,0.5369793176651001
1,0.5304967761039734
1,0.5222729444503784
1,0.5234533548355103
1,0.5069580674171448
1,0.5185118913650513
1,0.520172119140625
1,0.5200560092926025
1,0.5178006887435913
1,0.5242128372192383
1,0.5254803895950317
1,0.526910126209259
1,0.5333724021911621
1,0.5348735451698303
1,0.5286697745323181
1,0.5315890312194824
1,0.5198400616645813
1,0.518096387386322
1,0.5194555521011353
1,0.5214849710464478
1,0.5108038783073425
1,0.525321900844574
1,0.5242813229560852
1,0.5238264799118042
1,0.5371691584587097
1,0.4076266884803772
1,0.30191153287887573
1,0.21677741408348083
1,0.1740919053554535
1,0.17548437416553497
1,0.16639047861099243
1,0.15857568383216858
1,0.16225048899650574
1,0.24291427433490753
1,0.34792330861091614
1,0.46164053678512573
1,0.5168709754943848
1,0.5222456455230713
1,0.5295226573944092
1,0.526522696018219
1,0.5257352590560913
1,0.5288204550743103
1,0.5254630446434021
1,0.5234538316726685
1,0.5228573083877563
1,0.5190955996513367
1,0.5181409120559692
1,0.5160903334617615
1,0.5134264826774597
1,0.5260235071182251
1,0.5231127142906189
1,0.5160629749298096
1,0.5243529081344604
1,0.5239410400390625
1,0.5256872773170471
1,0.5277135372161865
1,0.5216532945632935
1,0.5236522555351257
1,0.5212775468826294
1,0.5286115407943726
1,0.5292993783950806
1,0.5299909710884094
1,0.5272690653800964
1,0.5360205173492432
1,0.5409002900123596
1,0.5404861569404602
1,0.5437430143356323
1,0.5447089076042175
1,0.5418482422828674
1,0.5489704012870789
1,0.5388962030410767
1,0.52857506275177
1,0.5278178453445435
1,0.5301288366317749
1,0.5262395143508911
1,0.5183952450752258
1,0.5189852714538574
1,0.5136348009109497
1,0.5176116824150085
1,0.5301820039749146
1,0.5304051637649536
1,0.5311203598976135
1,0.537932276725769
1,0.5389083623886108
1,0.53752601146698
1,0.5446890592575073
1,0.5535913109779358
1,0.5512940883636475
1,0.5507346391677856
1,0.5451971888542175
1,0.5176382064819336
1,0.5117809772491455
1,0.5243381261825562
1,0.5127664804458618
1,0.5100379586219788
1,0.5030763149261475
1,0.5060495138168335
1,0.5032994747161865
1,0.5041314363479614
1,0.5112595558166504
1,0.5089706182479858
1,0.5084202289581299
1,0.5106979012489319
1,0.5198343396186829
1,0.5240617394447327
1,0.5194825530052185
1,0.5374650359153748
1,0.5368813872337341
1,0.5385500192642212
1,0.5314633846282959
1,0.5267096161842346
1,0.5263962745666504
1,0.5334005355834961
1,0.5344675779342651
1,0.5362311601638794
1,0.5388635993003845
1,0.5402413010597229
1,0.5376709699630737
1,0.5326856374740601
1,0.5295315384864807
1,0.528340756893158
1,0.5211784243583679
1,0.522346556186676
1,0.5240851640701294
1,0.5188155174255371
1,0.5102258324623108
1,0.521809458732605
1,0.521551251411438
1,0.5243401527404785
1,0.5279368162155151
1,0.5173958539962769
1,0.5195460319519043
1,0.5272750854492188
1,0.5319236516952515
1,0.5262670516967773
1,0.5475969314575195
1,0.5405250787734985
1,0.5385633707046509
1,0.5445190668106079
1,0.5324129462242126
1,0.537702739238739
1,0.5308396816253662
1,0.5205070376396179
1,0.5242556929588318
1,0.5205729007720947
1,0.5259628295898438
1,0.5252867341041565
1,0.5415135025978088
1,0.5355895757675171
1,0.5474538803100586
1,0.5441930294036865
1,0.5362899303436279
1,0.5370010137557983
1,0.49233508110046387
1,0.49480563402175903
1,0.4949225187301636
1,0.4958929717540741
1,0.4980555772781372
1,0.5008750557899475
1,0.49766021966934204
1,0.4887273907661438
1,0.5239216089248657
1,0.5193150639533997
1,0.5167794227600098
1,0.5154531598091125
1,0.5139452815055847
1,0.5122648477554321
1,0.5174230337142944
1,0.5182029604911804
1,0.5207030177116394
1,0.5357869863510132
1,0.5145243406295776
1,0.5251259207725525
1,0.5283489227294922
1,0.5237833261489868
1,0.5256213545799255
1,0.524732768535614
1,0.5176029205322266
1,0.5167900919914246
1,0.5313296914100647
1,0.5323720574378967
1,0.5285261273384094
1,0.5287705659866333
1,0.5252705812454224
1,0.5247038006782532
1,0.5245542526245117
1,0.5215672850608826
1,0.521287202835083
1,0.5255213379859924
1,0.5246008634567261
1,0.527864396572113
1,0.530472993850708
1,0.5287956595420837
1,0.5325527191162109
1,0.5276398062705994
1,0.5266680717468262
1,0.529635488986969
1,0.5296993851661682
1,0.5348844528198242
1,0.5304524898529053
1,0.5294466614723206
1,0.533552348613739
1,0.5375140905380249
1,0.5394666194915771
1,0.5354899764060974
1,0.5211032629013062
1,0.5309091210365295
1,0.5286372900009155
1,0.5340290665626526
1,0.5318381190299988
1,0.5272319912910461
1,0.5318300127983093
1,0.5256830453872681
1,0.533565878868103
1,0.5238174796104431
1,0.5308975577354431
1,0.4478151500225067
1,0.44616296887397766
1,0.43706679344177246
1,0.43784886598587036
1,0.44010013341903687
1,0.4399571120738983
1,0.4405577778816223
1,0.4548526406288147
1,0.5281453728675842
1,0.529388427734375
1,0.54013991355896
1,0.5266045331954956
1,0.5428467392921448
1,0.539461612701416
1,0.5362948179244995
1,0.539991021156311
1,0.5399274826049805
1,0.5315340161323547
1,0.5270354151725769
1,0.527305006980896
1,0.5228098630905151
1,0.5227605104446411
1,0.5212460160255432
1,0.5165508985519409
1,0.5187321901321411
1,0.5181313157081604
1,0.5205121636390686
1,0.5251482725143433
1,0.5272068381309509
1,0.530369222164154
1,0.5304452776908875
1,0.528826892375946
1,0.5329684019088745
1,0.5393558144569397
1,0.5319277048110962
1,0.5328527092933655
1,0.5306733846664429
1,0.53388911485672
1,0.5297200679779053
1,0.5285497307777405
1,0.523700475692749
1,0.5216867923736572
1,0.510587751865387
1,0.5258738398551941
1,0.5257156491279602
1,0.5261324048042297
1,0.525445282459259
1,0.5240004658699036
1,0.5259782075881958
1,0.5319101214408875
1,0.5277639031410217
1,0.5271305441856384
1,0.5255697965621948
1,0.5194166302680969
1,0.5290239453315735
1,0.5249831676483154
1,0.5171239376068115
1,0.5275540351867676
1,0.5267775058746338
1,0.5272341966629028
1,0.5396139025688171
1,0.5393555164337158
1,0.5412194728851318
1,0.5434139966964722
1,0.531207799911499
1,0.5349891185760498
1,0.5321649312973022
1,0.5262518525123596
1,0.5262107253074646
1,0.5249286890029907
1,0.5205841660499573
1,0.5253453254699707
1,0.5279155969619751
1,0.5151836276054382
1,0.5284894704818726
1,0.5193980932235718
1,0.5307796001434326
1,0.5271887183189392
1,0.5297175645828247
1,0.525910496711731
1,0.5280685424804688
1,0.5289354920387268
1,0.5277232527732849
1,0.5303447246551514
1,0.5280652046203613
1,0.5273445844650269
1,0.5315275192260742
1,0.5397354960441589
1,0.5379359126091003
1,0.5405914187431335
1,0.5395487546920776
1,0.5259416103363037
1,0.5347341895103455
1,0.5295993685722351
1,0.5103045701980591
1,0.5175794363021851
1,0.5149915814399719
1,0.5154212117195129
1,0.5083003044128418
1,0.5184857845306396
1,0.5157426595687866
1,0.5058451294898987
1,0.5222265720367432
1,0.5248805284500122
1,0.5210967063903809
1,0.5149375200271606
1,0.5289533734321594
1,0.5314331650733948
1,0.5328368544578552
1,0.530063807964325
1,0.5296735763549805
1,0.5301552414894104
1,0.5358321070671082
1,0.5316023826599121
1,0.5227795839309692
1,0.5289813280105591
1,0.5291763544082642
1,0.5363006591796875
1,0.5403147339820862
1,0.5320029258728027
1,0.5370083451271057
1,0.5368407964706421
1,0.5374947190284729
1,0.5350014567375183
1,0.49847567081451416
1,0.5076382160186768
1,0.5097583532333374
1,0.5061736702919006
1,0.5002846121788025
1,0.5014055967330933
1,0.5071713924407959
1,0.49906808137893677
1,0.5222071409225464
1,0.5089821219444275
1,0.5200596451759338
1,0.5208276510238647
1,0.5216491222381592
1,0.5147533416748047
1,0.5192351341247559
1,0.521263599395752
1,0.5298941135406494
1,0.5323072671890259
1,0.5384914875030518
1,0.5250298380851746
1,0.5348160266876221
1,0.5347260236740112
1,0.5349547863006592
1,0.5316976308822632
1,0.5273596048355103
1,0.5244357585906982
1,0.5262587666511536
1,0.5310562252998352
1,0.5276534557342529
1,0.5250875353813171
1,0.5204626321792603
1,0.5213188529014587
1,0.5206689238548279
1,0.5241098999977112
1,0.5273171067237854
1,0.5343735218048096
1,0.532148003578186
1,0.5367226004600525
1,0.5404238104820251
1,0.5356819033622742
1,0.5436919927597046
1,0.5404618978500366
1,0.5340304970741272
1,0.5390037298202515
1,0.5364202260971069
1,0.535949170589447
1,0.5387144684791565
1,0.5270016193389893
1,0.531964898109436
1,0.532970666885376
1,0.5318859815597534
1,0.5291827917098999
1,0.5301743745803833
1,0.5275722742080688
1,0.5232184529304504
1,0.5309005975723267
1,0.526974618434906
1,0.5168981552124023
1,0.5378004908561707
1,0.5443038940429688
1,0.5378686785697937
1,0.5367668271064758
1,0.5228550434112549
1,0.532614529132843
1,0.5313122868537903
1,0.5261437296867371
1,0.5217540264129639
1,0.5216023921966553
1,0.5214318037033081
1,0.5195876955986023
1,0.5328425168991089
1,0.5224303007125854
1,0.5249255299568176
1,0.5303893089294434
1,0.5302661061286926
1,0.526780903339386
1,0.5308817028999329
1,0.5291063189506531
1,0.5276285409927368
1,0.5309049487113953
1,0.527337908744812
1,0.5210270881652832
1,0.5362770557403564
1,0.533528208732605
1,0.531603991985321
1,0.5346925854682922
1,0.5352066159248352
1,0.5350288152694702
1,0.5309586524963379
1,0.5273268222808838
1,0.5244655013084412
1,0.524375855922699
1,0.5170276761054993
1,0.5215336680412292
1,0.5258695483207703
1,0.5245339274406433
1,0.5259068012237549
1,0.5292297601699829
1,0.5311918258666992
1,0.5319077372550964
1,0.5261964201927185
1,0.5264537334442139
1,0.5224879384040833
1,0.5223121643066406
1,0.5197265148162842
1,0.5185050368309021
1,0.5180526971817017
1,0.518463134765625
1,0.5216583013534546
1,0.5179248452186584
1,0.5301527380943298
1,0.5313529968261719
1,0.5341662168502808
1,0.536785364151001
1,0.5365420579910278
1,0.5291022062301636
1,0.5287899374961853
1,0.5309087634086609
1,0.5251477360725403
1,0.5221652388572693
1,0.5210170745849609
1,0.5239848494529724
1,0.5251820683479309
1,0.5245746970176697
1,0.5155397653579712
1,0.5267915725708008
1,0.528149425983429
1,0.5319225788116455
1,0.5239680409431458
1,0.5321274995803833
1,0.5363931655883789
1,0.5360745787620544
1,0.530319333076477
1,0.53065425157547
1,0.5299989581108093
1,0.5254254937171936
1,0.525687038898468
1,0.5230655074119568
1,0.5198414325714111
1,0.5145806074142456
1,0.5247513055801392
1,0.5237425565719604
1,0.5274191498756409
1,0.5322218537330627
1,0.5304969549179077
1,0.5305392146110535
1,0.5341269373893738
1,0.5296950340270996
1,0.531665563583374
1,0.5300651788711548
1,0.5279635190963745
1,0.5285959243774414
1,0.533354640007019
1,0.5309312343597412
1,0.5331334471702576
1,0.5346494913101196
1,0.5226225256919861
1,0.5400638580322266
1,0.5375618934631348
1,0.5358846783638
1,0.5383938550949097
1,0.5349671840667725
1,0.5303462743759155
1,0.5312176942825317
1,0.5266815423965454
1,0.5275692939758301
1,0.5310338735580444
1,0.5218117833137512
1,0.5200851559638977
1,0.5259866118431091
1,0.521241307258606
1,0.5212141275405884
1,0.5184277296066284
1,0.5175408124923706
1,0.5176161527633667
1,0.5157228112220764
1,0.516768753528595
1,0.5189398527145386
1,0.5125818252563477
1,0.5260651111602783
1,0.5320159196853638
1,0.5345760583877563
1,0.5492213368415833
1,0.5471608638763428
1,0.5471683740615845
1,0.5471659898757935
1,0.5429044961929321
1,0.5418694615364075
1,0.5362308621406555
1,0.5261073112487793
1,0.5284557938575745
1,0.5272074937820435
1,0.5255118608474731
1,0.526401937007904
1,0.5223056077957153
1,0.5254064798355103
1,0.533406674861908
1,0.5332365036010742
1,0.530616283416748
1,0.5357052683830261
1,0.5368059277534485
1,0.5439422726631165
1,0.5402213335037231
1,0.5416808724403381
1,0.5393587350845337
1,0.5347849726676941
1,0.5352795720100403
1,0.5334452986717224
1,0.5279304385185242
1,0.5227293968200684
1,0.5167409777641296
1,0.5186040997505188
1,0.5237736701965332
1,0.5232450366020203
1,0.5175402164459229
1,0.5280373692512512
1,0.5212063193321228
1,0.5193110108375549
1,0.5261260867118835
1,0.5205880403518677
1,0.5204856395721436
1,0.52519690990448
1,0.5222545862197876
1,0.5220401287078857
1,0.526089608669281
1,0.5292782187461853
1,0.5244145393371582
1,0.5315842628479004
1,0.5306102633476257
1,0.5342119932174683
1,0.530957818031311
1,0.5280526876449585
1,0.5268070101737976
1,0.5280075669288635
1,0.5269697308540344
1,0.5351158380508423
1,0.528489887714386
1,0.5357075333595276
1,0.5390193462371826
1,0.5425664186477661
1,0.5428065657615662
1,0.547222375869751
1,0.5371233224868774
1,0.5363436937332153
1,0.5343301296234131
1,0.5293424725532532
1,0.5243368148803711
1,0.5276095271110535
1,0.5216256976127625
1,0.5097317099571228
1,0.5089345574378967
1,0.5112656354904175
1,0.5117033123970032
1,0.510621190071106
1,0.5086290240287781
1,0.5041131377220154
1,0.49876469373703003
1,0.5072959065437317
1,0.5052522420883179
1,0.5087254047393799
1,0.5101877450942993
1,0.5164622068405151
1,0.5203941464424133
1,0.5228045582771301
1,0.5232999920845032
1,0.5391194224357605
1,0.5373218059539795
1,0.5416949987411499
1,0.5365380644798279
1,0.5368484854698181
1,0.5298343300819397
1,0.5289026498794556
1,0.5262411832809448
1,0.5242775678634644
1,0.5208129286766052
1,0.5228040218353271
1,0.529649019241333
1,0.5324639081954956
1,0.5300191044807434
1,0.5358120203018188
1,0.5471166968345642
1,0.5518039464950562
1,0.551507830619812
1,0.5486844182014465
1,0.546233057975769
1,0.5412091612815857
1,0.5342622995376587
1,0.5314431190490723
1,0.5286104083061218
1,0.5258035659790039
1,0.528006911277771
1,0.5248726606369019
1,0.5223258137702942
1,0.5247671604156494
1,0.5203738808631897
1,0.5159426927566528
1,0.5167233943939209
1,0.5295447111129761
1,0.529766857624054
1,0.5311509370803833
1,0.5331629514694214
1,0.5323097705841064
1,0.5313746929168701
1,0.5308314561843872
1,0.5270031094551086
1,0.5306077003479004
1,0.5316170454025269
1,0.5255703330039978
1,0.5279424786567688
1,0.5267242193222046
1,0.5309782028198242
1,0.5103679895401001
1,0.5063304901123047
1,0.5093770027160645
1,0.5069564580917358
1,0.509997546672821
1,0.5104645490646362
1,0.5088504552841187
1,0.507132351398468
1,0.533424973487854
1,0.5348389744758606
1,0.5310668349266052
1,0.5422532558441162
1,0.5406249165534973
1,0.5385102033615112
1,0.534395694732666
1,0.5324031114578247
1,0.532410204410553
1,0.5308603644371033
1,0.5283359885215759
1,0.5242689847946167
1,0.5274994373321533
1,0.5279441475868225
1,0.5211056470870972
1,0.5222047567367554
1,0.5201476812362671
1,0.518117368221283
1,0.5170966386795044
1,0.5136107206344604
1,0.5126959085464478
1,0.513325035572052
1,0.5119659900665283
1,0.5172733664512634
1,0.5182818174362183
1,0.527247965335846
1,0.5349861979484558
1,0.536339282989502
1,0.5346865653991699
1,0.5365617275238037
1,0.5379320979118347
1,0.5364312529563904
1,0.533097505569458
1,0.528249204158783
1,0.5261991620063782
1,0.5268440246582031
1,0.5338711738586426
1,0.52955162525177
1,0.5303334593772888
1,0.5338473916053772
1,0.5309265851974487
1,0.5317175388336182
1,0.5317056775093079
1,0.5258758664131165
1,0.5236399173736572
1,0.5250819325447083
1,0.5247901678085327
1,0.5212070345878601
1,0.5218871235847473
1,0.5187901258468628
1,0.5206493735313416
1,0.5232258439064026
1,0.5255925059318542
1,0.5270740985870361
1,0.5225886106491089
1,0.5408260822296143
1,0.5367528200149536
1,0.5359547734260559
1,0.5369464159011841
1,0.5322350263595581
1,0.5309669375419617
1,0.5319422483444214
1,0.5191502571105957
1,0.525384783744812
1,0.5280676484107971
1,0.5331788063049316
1,0.5305216312408447
1,0.5286869406700134
1,0.5368466377258301
1,0.538233757019043
1,0.5381224751472473
1,0.5401750802993774
1,0.544802188873291
1,0.5446007251739502
1,0.5417742729187012
1,0.5368896722793579
1,0.5397616624832153
1,0.5376793742179871
1,0.5256558060646057
1,0.519452691078186
1,0.5164598822593689
1,0.5152809619903564
1,0.5155548453330994
1,0.5143930912017822
1,0.5158385038375854
1,0.5070720911026001
1,0.5214635729789734
1,0.5270204544067383
1,0.5201178193092346
1,0.5246870517730713
1,0.5331870317459106
1,0.5305501818656921
1,0.5317382216453552
1,0.5338625311851501
1,0.5267993211746216
1,0.5296518206596375
1,0.5262261629104614
1,0.5273664593696594
1,0.5260346531867981
1,0.52227783203125
1,0.5211427211761475
1,0.5261296629905701
1,0.5209420323371887
1,0.5187596678733826
1,0.5206993222236633
1,0.5209683179855347
1,0.5221570134162903
1,0.5208266377449036
1,0.5186630487442017
1,0.5182201862335205
1,0.5199238657951355
1,0.5208643078804016
1,0.5232266187667847
1,0.5252426266670227
1,0.5250817537307739
1,0.5282994508743286
1,0.534800112247467
1,0.5383563041687012
1,0.5428172945976257
1,0.5414044260978699
1,0.533551812171936
1,0.5375281572341919
1,0.5383898019790649
1,0.529058039188385
1,0.5319666266441345
1,0.5263884663581848
1,0.5248948931694031
1,0.5250955820083618
1,0.5253261923789978
1,0.5219845771789551
1,0.531316339969635
1,0.5273103713989258
1,0.5246336460113525
1,0.5276702642440796
1,0.5303699374198914
1,0.5318442583084106
1,0.535615086555481
1,0.5281758308410645
1,0.5262011885643005
1,0.5277486443519592
1,0.524993896484375
1,0.5179358720779419
1,0.5208708047866821
1,0.5192521810531616
1,0.5171533226966858
1,0.5198380947113037
1,0.5262080430984497
1,0.5314328670501709
1,0.5359561443328857
1,0.5316989421844482
1,0.5315103530883789
1,0.5321676731109619
1,0.5329747200012207
1,0.5251919031143188
1,0.5151036381721497
1,0.5191267132759094
1,0.5096907615661621
1,0.5159938931465149
1,0.5179938673973083
1,0.5198086500167847
1,0.5209088921546936
1,0.5235230326652527
1,0.5262657403945923
1,0.5291203856468201
1,0.5315595269203186
1,0.5362141132354736
1,0.5365608334541321
1,0.5367448329925537
1,0.5353017449378967
1,0.5387898087501526
1,0.5369949340820312
1,0.5353037118911743
1,0.53688645362854
1,0.5353915691375732
1,0.5332370400428772
1,0.5267108082771301
1,0.5292056798934937
1,0.5271266102790833
1,0.47661468386650085
1,0.46001380681991577
1,0.46837809681892395
1,0.471798837184906
1,0.4736270010471344
1,0.4725176990032196
1,0.4668177366256714
1,0.47663623094558716
1,0.5453770160675049
1,0.5297908186912537
1,0.5132100582122803
1,0.5211337804794312
1,0.5203982591629028
1,0.5184977054595947
1,0.5099886059761047
1,0.5022240281105042
1,0.4970724582672119
1,0.4980841875076294
1,0.5244631767272949
1,0.5250314474105835
1,0.5219274163246155
1,0.5253449082374573
1,0.5271152853965759
1,0.5370873212814331
1,0.5395214557647705
1,0.5287408828735352
1,0.5353338718414307
1,0.5266461968421936
1,0.5356937646865845
1,0.5233222246170044
1,0.5274386405944824
1,0.5255549550056458
1,0.523987352848053
1,0.531417191028595
1,0.5312410593032837
1,0.5288629531860352
1,0.5259082317352295
1,0.5305973291397095
1,0.5277233719825745
1,0.525924026966095
1,0.5253726243972778
1,0.5240411162376404
1,0.5206800103187561
1,0.5212912559509277
1,0.5234558582305908
1,0.5195484757423401
1,0.5247498750686646
1,0.5168843865394592
1,0.5172733068466187
1,0.5137189626693726
1,0.5215846300125122
1,0.5250627994537354
1,0.5224816799163818
1,0.5195198655128479
1,0.517991840839386
1,0.5204725861549377
1,0.5189555883407593
1,0.5152050852775574
1,0.5074086785316467
1,0.5177620649337769
1,0.5196093320846558
1,0.5221110582351685
1,0.521663248538971
1,0.498127818107605
1,0.5052201747894287
1,0.5053806900978088
1,0.5053198933601379
1,0.49882325530052185
1,0.5043768882751465
1,0.4617868661880493
1,0.4472700357437134
1,0.4612901508808136
1,0.4735147953033447
1,0.46591368317604065
1,0.4718034863471985
1,0.48398178815841675
1,0.4800790846347809
1,0.5272892713546753
1,0.5494849681854248
1,0.5399436950683594
1,0.5245302319526672
1,0.5178754329681396
1,0.5109516978263855
1,0.513309121131897
1,0.49383068084716797
1,0.5102497935295105
1,0.4985126554965973
1,0.5052204132080078
1,0.5327342748641968
1,0.5314759612083435
1,0.5315521955490112
1,0.5301056504249573
1,0.5221681594848633
1,0.5119826197624207
1,0.5332220196723938
1,0.5340836048126221
1,0.5410471558570862
1,0.5370015501976013
1,0.5338926315307617
1,0.5321508646011353
1,0.5187966823577881
1,0.5095839500427246
1,0.508366584777832
1,0.5061788558959961
1,0.49425792694091797
1,0.5150489807128906
1,0.5187036991119385
1,0.5151442289352417
1,0.5282055735588074
1,0.5290930271148682
1,0.5328693985939026
1,0.5214003920555115
1,0.508539080619812
1,0.5012617707252502
1,0.5022157430648804
1,0.5017573237419128
1,0.4942781925201416
1,0.5070111155509949
1,0.5004598498344421
1,0.5182418823242188
1,0.5321074724197388
1,0.5297157764434814
1,0.5313331484794617
1,0.5330966114997864
1,0.5245661735534668
1,0.5103017091751099
1,0.5007532835006714
1,0.46064385771751404
1,0.4548216760158539
1,0.4563276171684265
1,0.4506211280822754
1,0.45157700777053833
1,0.4423169493675232
1,0.46087008714675903
1,0.5012759566307068
1,0.5129747986793518
1,0.5238311290740967
1,0.5189564228057861
1,0.5097578167915344
1,0.5094016790390015
1,0.5106567144393921
1,0.5072985887527466
1,0.5039344429969788
1,0.5132203102111816
1,0.51212078332901
1,0.5199078321456909
1,0.5281718373298645
1,0.5335023999214172
1,0.5324945449829102
1,0.5355262756347656
1,0.5234026908874512
1,0.5242719650268555
1,0.5243170857429504
1,0.5194928050041199
1,0.5310611128807068
1,0.5315046310424805
1,0.5263459086418152
1,0.53282630443573
1,0.5316629409790039
1,0.5324205756187439
1,0.5301011204719543
1,0.5298445224761963
1,0.530303418636322
1,0.5170179009437561
1,0.5253565907478333
1,0.5221916437149048
1,0.5245243310928345
1,0.5223263502120972
1,0.5155287981033325
1,0.5257713794708252
1,0.5268920063972473
1,0.5325619578361511
1,0.530350923538208
1,0.5310298204421997
1,0.5334455966949463
1,0.5361601114273071
1,0.5230761766433716
1,0.531130313873291
1,0.5275797843933105
1,0.5291502475738525
1,0.5239235758781433
1,0.5274715423583984
1,0.5205935835838318
1,0.5297667980194092
1,0.5318668484687805
1,0.5308194160461426
1,0.5304449796676636
1,0.5405710935592651
1,0.5374550819396973
1,0.4801722764968872
1,0.47234901785850525
1,0.46773332357406616
1,0.4703652858734131
1,0.47689539194107056
1,0.47181257605552673
1,0.46351486444473267
1,0.47653886675834656
1,0.5360274314880371
1,0.5421531200408936
1,0.5420966148376465
1,0.5417647361755371
1,0.5470976233482361
1,0.5443242788314819
1,0.5361891388893127
1,0.5338460206985474
1,0.5387995839118958
1,0.5373603105545044
1,0.5371497273445129
1,0.5313820242881775
1,0.5327275395393372
1,0.5316867232322693
1,0.5288127064704895
1,0.5270758271217346
1,0.5316563844680786
1,0.5250764489173889
1,0.527073860168457
1,0.5279428362846375
1,0.5259308218955994
1,0.5272761583328247
1,0.5299218893051147
1,0.5324198603630066
1,0.5329738855361938
1,0.5334476232528687
1,0.5298115015029907
1,0.5291799902915955
1,0.5261387228965759
1,0.5232644081115723
1,0.5193739533424377
1,0.5252599716186523
1,0.521255612373352
1,0.5209552645683289
1,0.5228233337402344
1,0.5222650170326233
1,0.5206225514411926
1,0.5231072902679443
1,0.5236384868621826
1,0.5267329812049866
1,0.532461404800415
1,0.5403765439987183
1,0.5409854054450989
1,0.5473640561103821
1,0.5475558042526245
1,0.5452767014503479
1,0.5366220474243164
1,0.5296757817268372
1,0.5224597454071045
1,0.5172845125198364
1,0.5153659582138062
1,0.5131961703300476
1,0.5112220048904419
1,0.5117911696434021
1,0.5165828466415405
1,0.501796543598175
1,0.5120571851730347
1,0.5160800814628601
1,0.5237860679626465
1,0.5270315408706665
1,0.5283681154251099
1,0.5250705480575562
1,0.5300925374031067
1,0.5364466905593872
1,0.5398626327514648
1,0.5378201007843018
1,0.5307963490486145
1,0.5300383567810059
1,0.5395950078964233
1,0.5376771092414856
1,0.5383071899414062
1,0.5361859798431396
1,0.53887939453125
1,0.5395848751068115
1,0.5367019176483154
1,0.5294049978256226
1,0.5284256935119629
1,0.524922788143158
1,0.5207765102386475
1,0.522250235080719
1,0.528556227684021
1,0.5293141007423401
1,0.5321668982505798
1,0.5286523103713989
1,0.5321389436721802
1,0.5272736549377441
1,0.5392507314682007
1,0.5372029542922974
1,0.5227116346359253
1,0.5308742523193359
1,0.5385953783988953
1,0.5322451591491699
1,0.5331764221191406
1,0.5320219993591309
1,0.5321627259254456
1,0.5306144952774048
1,0.5320601463317871
1,0.5253068208694458
1,0.5274730324745178
1,0.5286781191825867
1,0.531073272228241
1,0.5316818356513977
1,0.5289214253425598
1,0.5305527448654175
1,0.5329961776733398
1,0.540267825126648
1,0.5412878394126892
1,0.5330600738525391
1,0.5295194983482361
1,0.5232595205307007
1,0.5362936854362488
1,0.5381399393081665
1,0.5263381004333496
1,0.5320020914077759
1,0.5365575551986694
1,0.534026026725769
1,0.5237252712249756
1,0.4823896884918213
1,0.48559805750846863
1,0.48358646035194397
1,0.484415203332901
1,0.48282039165496826
1,0.487005352973938
1,0.4762151837348938
1,0.4840961992740631
1,0.5346097350120544
1,0.5365160703659058
1,0.5342753529548645
1,0.5315682888031006
1,0.5307317972183228
1,0.5229741334915161
1,0.5228819251060486
1,0.5142658352851868
1,0.5206824541091919
1,0.5288879871368408
1,0.5350229144096375
1,0.5347714424133301
1,0.5384699106216431
1,0.540970504283905
1,0.5416586995124817
1,0.543136715888977
1,0.5435820817947388
1,0.5361989736557007
1,0.5327755808830261
1,0.5248129963874817
1,0.5203818678855896
1,0.5202085971832275
1,0.5235440731048584
1,0.518226683139801
1,0.5205442309379578
1,0.5233508348464966
1,0.5303308963775635
1,0.534334659576416
1,0.5372248888015747
1,0.5351043939590454
1,0.5224483609199524
1,0.5333096385002136
1,0.5336380004882812
1,0.5277469754219055
1,0.5255693793296814
1,0.5256874561309814
1,0.5245668888092041
1,0.5279331803321838
1,0.5288704037666321
1,0.5300204753875732
1,0.5304704904556274
1,0.5311641097068787
1,0.5313314199447632
1,0.5352684855461121
1,0.5290080308914185
1,0.5177289247512817
1,0.5326129198074341
1,0.53011155128479
1,0.5318368673324585
1,0.5252749919891357
1,0.529507040977478
1,0.5305107235908508
1,0.5349041223526001
1,0.5268502831459045
1,0.4776771664619446
1,0.48706987500190735
1,0.49045586585998535
1,0.48993629217147827
1,0.4911635220050812
1,0.48985469341278076
1,0.4883187413215637
1,0.48104584217071533
1,0.5364637970924377
1,0.5226168036460876
1,0.5258079767227173
1,0.528220534324646
1,0.53196120262146
1,0.5342217683792114
1,0.5337157249450684
1,0.5305570960044861
1,0.536657452583313
1,0.5345903635025024
1,0.5280472040176392
1,0.5190238952636719
1,0.5261141061782837
1,0.5251272916793823
1,0.5242095589637756
1,0.5199127197265625
1,0.5198284387588501
1,0.5209096074104309
1,0.5199788212776184
1,0.5204242467880249
1,0.526695966720581
1,0.527546226978302
1,0.5311795473098755
1,0.528510570526123
1,0.5239335894584656
1,0.5293461680412292
1,0.526930034160614
1,0.5303933620452881
1,0.5278823971748352
1,0.5275447368621826
1,0.5303273797035217
1,0.5372415781021118
1,0.5427470207214355
1,0.547714114189148
1,0.5265463590621948
1,0.5381391644477844
1,0.5401894450187683
1,0.5442498326301575
1,0.5415223836898804
1,0.5326890349388123
1,0.5269046425819397
1,0.5405506491661072
1,0.5392547249794006
1,0.535702109336853
1,0.5283545255661011
1,0.5271320343017578
1,0.5233025550842285
1,0.523308277130127
1,0.5258389711380005
1,0.5223568081855774
1,0.5153827667236328
1,0.5265844464302063
1,0.5348150730133057
1,0.537125289440155
1,0.5355347394943237
1,0.41359663009643555
1,0.4327848255634308
1,0.43352600932121277
1,0.42735493183135986
1,0.4300544261932373
1,0.43057510256767273
1,0.43505623936653137
1,0.44363993406295776
1,0.5339442491531372
1,0.5344778299331665
1,0.5393438935279846
1,0.5386698842048645
1,0.532377302646637
1,0.5290225744247437
1,0.5262076258659363
1,0.5264462232589722
1,0.5195783376693726
1,0.5148439407348633
1,0.5211172103881836
1,0.5196506977081299
1,0.5197937488555908
1,0.5228570699691772
1,0.5236877799034119
1,0.5302854776382446
1,0.5315417051315308
1,0.5358894467353821
1,0.526843249797821
1,0.5414707660675049
1,0.5394546985626221
1,0.5455670356750488
1,0.5457980036735535
1,0.5437955856323242
1,0.5360554456710815
1,0.5346310138702393
1,0.5333727598190308
1,0.5351450443267822
1,0.5296686291694641
1,0.5231093764305115
1,0.5222000479698181
1,0.5247502326965332
1,0.5235276818275452
1,0.5230342149734497
1,0.5270081758499146
1,0.5254139304161072
1,0.5327746272087097
1,0.5433555841445923
1,0.5461832284927368
1,0.5401209592819214
1,0.5465056896209717
1,0.547274112701416
1,0.5431288480758667
1,0.5413613319396973
1,0.5338741540908813
1,0.5273520946502686
1,0.5278106927871704
1,0.5252137780189514
1,0.5276514291763306
1,0.5297209620475769
1,0.5303457975387573
1,0.5324994921684265
1,0.5310689806938171
1,0.5285999178886414
1,0.5074988007545471
1,0.5001709461212158
1,0.4967309236526489
1,0.4966201186180115
1,0.49453678727149963
1,0.49277225136756897
1,0.4978892505168915
1,0.5012952089309692
1,0.5064318180084229
1,0.5192787051200867
1,0.5212163925170898
1,0.5241838693618774
1,0.5273261070251465
1,0.527586042881012
1,0.5255508422851562
1,0.5295450091362
1,0.5348266363143921
1,0.5342845916748047
1,0.5186975598335266
1,0.5326251983642578
1,0.5351555943489075
1,0.5369338989257812
1,0.5413552522659302
1,0.5427693128585815
1,0.5375484228134155
1,0.5240381360054016
1,0.5404288172721863
1,0.5350591540336609
1,0.531498908996582
1,0.525676429271698
1,0.5237523913383484
1,0.52695631980896
1,0.5234830379486084
1,0.5267918705940247
1,0.5245644450187683
1,0.5294921398162842
1,0.5264568328857422
1,0.5251889228820801
1,0.5244967341423035
1,0.5257886648178101
1,0.520565390586853
1,0.5272451639175415
1,0.5201094150543213
1,0.531558096408844
1,0.5320357084274292
1,0.5327892899513245
1,0.5284806489944458
1,0.5290276408195496
1,0.5249912738800049
1,0.5297197103500366
1,0.5269734859466553
1,0.5259477496147156
1,0.5297141671180725
1,0.5310627818107605
1,0.5314932465553284
1,0.532061755657196
1,0.5357288718223572
1,0.5304071307182312
1,0.5333055257797241
1,0.5331339836120605
1,0.5306682586669922
1,0.5196003913879395
1,0.5322672128677368
1,0.46116065979003906
1,0.40122419595718384
1,0.4016178250312805
1,0.3989700376987457
1,0.40161579847335815
1,0.40293505787849426
1,0.4079226553440094
1,0.42097723484039307
1,0.48548659682273865
1,0.5321377515792847
1,0.5275412797927856
1,0.5388463139533997
1,0.5326321721076965
1,0.528958797454834
1,0.5364935398101807
1,0.537327766418457
1,0.5419746041297913
1,0.543489933013916
1,0.5381311774253845
1,0.5355865955352783
1,0.5352526903152466
1,0.5274623036384583
1,0.5275482535362244
1,0.527182936668396
1,0.5242622494697571
1,0.5314289927482605
1,0.5376415252685547
1,0.5378273725509644
1,0.5370826125144958
1,0.5356767177581787
1,0.5386416912078857
1,0.5330454111099243
1,0.536198079586029
1,0.527087926864624
1,0.5282251238822937
1,0.5254673957824707
1,0.5268629193305969
1,0.5241528749465942
1,0.5138362050056458
1,0.5117669105529785
1,0.5160573720932007
1,0.5186753273010254
1,0.5169504284858704
1,0.513372004032135
1,0.5141632556915283
1,0.5111701488494873
1,0.5282899141311646
1,0.5263835191726685
1,0.521226167678833
1,0.528145432472229
1,0.5311022996902466
1,0.5274640321731567
1,0.5230814814567566
1,0.5310852527618408
1,0.5298689603805542
1,0.5408782362937927
1,0.5372028350830078
1,0.5345858335494995
1,0.5413656234741211
1,0.5401884317398071
1,0.5348176956176758
1,0.5279260873794556
1,0.5265205502510071
1,0.5173421502113342
1,0.5248298048973083
1,0.4455741345882416
1,0.3591296672821045
1,0.37939730286598206
1,0.38003987073898315
1,0.3800981342792511
1,0.37274888157844543
1,0.37417298555374146
1,0.38792964816093445
1,0.4507731795310974
1,0.5218237638473511
1,0.5235850214958191
1,0.515625
1,0.525163471698761
1,0.5168728828430176
1,0.5198156237602234
1,0.5231006741523743
1,0.5288070440292358
1,0.5376437306404114
1,0.5355029106140137
1,0.5342817306518555
1,0.5225254893302917
1,0.528884768486023
1,0.5331737995147705
1,0.5360122323036194
1,0.5259362459182739
1,0.5282637476921082
1,0.5155695676803589
1,0.5341138243675232
1,0.5360867977142334
1,0.5312976837158203
1,0.527826726436615
1,0.5318965315818787
1,0.5205280780792236
1,0.5216254591941833
1,0.5294427871704102
1,0.5291714668273926
1,0.5246062278747559
1,0.5360546112060547
1,0.5326808094978333
1,0.5304151177406311
1,0.5374375581741333
1,0.5366812944412231
1,0.5334996581077576
1,0.5319392681121826
1,0.5353830456733704
1,0.5308118462562561
1,0.5469167828559875
1,0.5488355159759521
1,0.5521291494369507
1,0.554726243019104
1,0.5504131317138672
1,0.5404608249664307
1,0.5513908863067627
1,0.5489810109138489
1,0.5334439277648926
1,0.5358787775039673
1,0.5372729301452637
1,0.5321720838546753
1,0.5425155162811279
1,0.5343494415283203
1,0.5281385779380798
1,0.5366117358207703
1,0.5382320880889893
1,0.5378901958465576
1,0.5366230010986328
1,0.5480781197547913
1,0.4431426227092743
1,0.4579381048679352
1,0.4594496488571167
1,0.46168261766433716
1,0.4575277864933014
1,0.4516495168209076
1,0.4427848756313324
1,0.4649791419506073
1,0.5396077036857605
1,0.525297999382019
1,0.5216420292854309
1,0.5181036591529846
1,0.5136809349060059
1,0.5049662590026855
1,0.5051513910293579
1,0.4961202144622803
1,0.4955993592739105
1,0.50140780210495
1,0.5197123289108276
1,0.5209439396858215
1,0.5228667855262756
1,0.5285650491714478
1,0.5314465761184692
1,0.528323769569397
1,0.5389589071273804
1,0.5366275906562805
1,0.5300841331481934
1,0.5337063074111938
1,0.5403131246566772
1,0.5442425608634949
1,0.5437906980514526
1,0.5286247134208679
1,0.5345371961593628
1,0.5372837781906128
1,0.5314875245094299
1,0.5349458456039429
1,0.5296303629875183
1,0.531380295753479
1,0.5290814638137817
1,0.5280225276947021
1,0.521028459072113
1,0.5184755325317383
1,0.5120388269424438
1,0.5028488636016846
1,0.5079891681671143
1,0.5048131942749023
1,0.5068163275718689
1,0.5058466792106628
1,0.507125198841095
1,0.5219720005989075
1,0.5302802324295044
1,0.5306403040885925
1,0.5257070064544678
1,0.5180566310882568
1,0.5163163542747498
1,0.5247086882591248
1,0.5260148644447327
1,0.517099916934967
1,0.532008945941925
1,0.5192316770553589
1,0.5344864726066589
1,0.5368470549583435
1,0.54448002576828
1,0.5226466655731201
1,0.5181410908699036
1,0.5097457766532898
1,0.511955201625824
1,0.5119578838348389
1,0.5042223334312439
1,0.504131555557251
1,0.5002083778381348
1,0.5134047269821167
1,0.5205668807029724
1,0.5237845778465271
1,0.5201882123947144
1,0.5260505080223083
1,0.5278916358947754
1,0.5259233117103577
1,0.5301411747932434
1,0.5300549268722534
1,0.5182880163192749
1,0.5279342532157898
1,0.5195385217666626
1,0.5190162062644958
1,0.5198171138763428
1,0.5164408087730408
1,0.516603410243988
1,0.5143384337425232
1,0.5184272527694702
1,0.5240557193756104
1,0.5206280946731567
1,0.5151907205581665
1,0.5278719067573547
1,0.5293670892715454
1,0.5201600193977356
1,0.53578782081604
1,0.52897047996521
1,0.5303109288215637
1,0.530845582485199
1,0.5324180126190186
1,0.5379988551139832
1,0.5403493046760559
1,0.5360609292984009
1,0.5406934022903442
1,0.5385674834251404
1,0.5389197468757629
1,0.537800669670105
1,0.5322912931442261
1,0.5278244614601135
1,0.5283472537994385
1,0.5276137590408325
1,0.5258303284645081
1,0.5348541140556335
1,0.5333674550056458
1,0.5300323367118835
1,0.5263465046882629
1,0.5336348414421082
1,0.5306875705718994
1,0.5264905691146851
1,0.5242680311203003
1,0.5253589153289795
1,0.5278654098510742
1,0.5194506645202637
1,0.5235013961791992
1,0.5246627926826477
1,0.5262963771820068
1,0.4464140832424164
1,0.46397656202316284
1,0.4661862552165985
1,0.45498985052108765
1,0.4694574773311615
1,0.46870312094688416
1,0.46942266821861267
1,0.4690167009830475
1,0.52793288230896
1,0.5404964089393616
1,0.5399559140205383
1,0.5170072317123413
1,0.520580530166626
1,0.5224505662918091
1,0.5176950097084045
1,0.5137761235237122
1,0.5055623650550842
1,0.5061582922935486
1,0.5078892111778259
1,0.5171247720718384
1,0.5138231515884399
1,0.5158441066741943
1,0.519568681716919
1,0.5198683738708496
1,0.5222128033638
1,0.5253733396530151
1,0.5280119180679321
1,0.5253403186798096
1,0.5324677228927612
1,0.532535970211029
1,0.5285869836807251
1,0.5250197649002075
1,0.5213785767555237
1,0.5210827589035034
1,0.5229007005691528
1,0.5209138989448547
1,0.5242915153503418
1,0.5264689326286316
1,0.5227481722831726
1,0.5272016525268555
1,0.5235324501991272
1,0.5337059497833252
1,0.5306650400161743
1,0.5288779139518738
1,0.5298503637313843
1,0.5323437452316284
1,0.5385053157806396
1,0.535219669342041
1,0.5335879325866699
1,0.5317364931106567
1,0.529146671295166
1,0.5303446054458618
1,0.526542067527771
1,0.5258078575134277
1,0.5297179818153381
1,0.5315812826156616
1,0.5326274037361145
1,0.5337833762168884
1,0.5362660884857178
1,0.5351986289024353
1,0.5372964143753052
1,0.5430351495742798
1,0.5408256649971008
1,0.4946001470088959
1,0.3727399706840515
1,0.3515041768550873
1,0.3521530032157898
1,0.35063162446022034
1,0.3495559096336365
1,0.3392803966999054
1,0.3460901081562042
1,0.3938506841659546
1,0.5226956605911255
1,0.5419368743896484
1,0.5467337369918823
1,0.544675350189209
1,0.545250654220581
1,0.5380474925041199
1,0.5365718007087708
1,0.5236412882804871
1,0.5272989273071289
1,0.523052453994751
1,0.5257418155670166
1,0.5306323766708374
1,0.5155109167098999
1,0.5232853889465332
1,0.5201069116592407
1,0.5243300795555115
1,0.5248576998710632
1,0.5192046761512756
1,0.5171743035316467
1,0.5099608302116394
1,0.5204716324806213
1,0.5207284688949585
1,0.5132184028625488
1,0.5276120901107788
1,0.5152487754821777
1,0.5237196087837219
1,0.5270103216171265
1,0.5258262157440186
1,0.5285332202911377
1,0.5247445702552795
1,0.5230282545089722
1,0.5237770676612854
1,0.5305753946304321
1,0.5183454155921936
1,0.5361153483390808
1,0.5327860116958618
1,0.5353598594665527
1,0.536498486995697
1,0.5391718745231628
1,0.5349850058555603
1,0.5325345396995544
1,0.5303031206130981
1,0.5281422138214111
1,0.5106085538864136
1,0.5153527855873108
1,0.5152242183685303
1,0.5198453664779663
1,0.5176761150360107
1,0.5282759666442871
1,0.527611494064331
1,0.5401231646537781
1,0.5494489669799805
1,0.541924238204956
1,0.5364902019500732
1,0.5450330972671509
1,0.5399276614189148
1,0.4520301818847656
1,0.39389243721961975
1,0.3283911943435669
1,0.3343143165111542
1,0.3341667652130127
1,0.3332289159297943
1,0.32115375995635986
1,0.3474368155002594
1,0.39159470796585083
1,0.4626960754394531
1,0.5249287486076355
1,0.5230998396873474
1,0.4993414282798767
1,0.5121041536331177
1,0.490416944026947
1,0.5037461519241333
1,0.4832451045513153
1,0.4921185076236725
1,0.5054827928543091
1,0.48445644974708557
1,0.5062781572341919
1,0.5074591040611267
1,0.5098406076431274
1,0.49675920605659485
1,0.5115869045257568
1,0.508615255355835
1,0.4705318808555603
1,0.4977441430091858
1,0.4911290407180786
1,0.5092464685440063
1,0.5077721476554871
1,0.5116888880729675
1,0.5213566422462463
1,0.5033045411109924
1,0.5180925726890564
1,0.5047010183334351
1,0.5044140219688416
1,0.5212036371231079
1,0.5117196440696716
1,0.5067152976989746
1,0.5069968104362488
1,0.5101169943809509
1,0.534794807434082
1,0.5367996692657471
1,0.5306348204612732
1,0.5065791010856628
1,0.5085421204566956
1,0.5096644163131714
1,0.5224835872650146
1,0.521187424659729
1,0.5008894801139832
1,0.5194519758224487
1,0.5145478844642639
1,0.5307263135910034
1,0.5290608406066895
1,0.5111421346664429
1,0.5331123471260071
1,0.5364252924919128
1,0.5275823473930359
1,0.5349524021148682
1,0.5271105766296387
1,0.5308765172958374
1,0.5103614330291748
1,0.531525731086731
1,0.5236149430274963
1,0.5112607479095459
1,0.5250956416130066
1,0.47748687863349915
1,0.4794355630874634
1,0.48343348503112793
1,0.47636765241622925
1,0.47599369287490845
1,0.47011420130729675
1,0.47868138551712036
1,0.47545114159584045
1,0.5111583471298218
1,0.5263184905052185
1,0.5283193588256836
1,0.5282039046287537
1,0.5273153781890869
1,0.5274187922477722
1,0.5304980278015137
1,0.529843807220459
1,0.5311112999916077
1,0.5338426232337952
1,0.534296989440918
1,0.5383740067481995
1,0.5375187397003174
1,0.5359096527099609
1,0.5338684320449829
1,0.5288671255111694
1,0.5278679728507996
1,0.529102087020874
1,0.5244835615158081
1,0.5256332159042358
1,0.5227823257446289
1,0.5218955278396606
1,0.5259652733802795
1,0.5317592024803162
1,0.5266622304916382
1,0.5290582776069641
1,0.5238326191902161
1,0.5248520970344543
1,0.5223203301429749
1,0.5223991870880127
1,0.5216846466064453
1,0.5271406769752502
1,0.5237299799919128
1,0.514565646648407
1,0.5255959630012512
1,0.5271133184432983
1,0.5249636769294739
1,0.529941737651825
1,0.5213619470596313
1,0.523712158203125
1,0.523378849029541
1,0.5140057802200317
1,0.5220651626586914
1,0.5255486965179443
1,0.5270819664001465
1,0.5328606367111206
1,0.5347617268562317
1,0.5292761325836182
1,0.5299009084701538
1,0.5298934578895569
1,0.534777045249939
1,0.5366508960723877
1,0.5344669222831726
1,0.537574052810669
1,0.5344273447990417
1,0.5449419617652893
1,0.5400049686431885
1,0.5359699726104736
1,0.5311156511306763
1,0.5315966606140137
1,0.5322103500366211
1,0.5296271443367004
1,0.5206800699234009
1,0.5258708000183105
1,0.5231737494468689
1,0.5260924696922302
1,0.525500476360321
1,0.52390056848526
1,0.5180612802505493
1,0.5300169587135315
1,0.5198195576667786
1,0.5188406705856323
1,0.5110621452331543
1,0.5097944140434265
1,0.5112283229827881
1,0.5047758221626282
1,0.5042728185653687
1,0.5067673325538635
1,0.5184458494186401
1,0.5126699209213257
1,0.5300524234771729
1,0.5290961265563965
1,0.5280766487121582
1,0.5321141481399536
1,0.527566134929657
1,0.5260951519012451
1,0.5221368670463562
1,0.5207487344741821
1,0.5209293365478516
1,0.5179613828659058
1,0.5267035365104675
1,0.5274776816368103
1,0.5297306776046753
1,0.5293754935264587
1,0.5329338908195496
1,0.5301353335380554
1,0.5280811190605164
1,0.5245386958122253
1,0.5264863967895508
1,0.5213294625282288
1,0.5215369462966919
1,0.519681990146637
1,0.5182511210441589
1,0.5158389210700989
1,0.510096549987793
1,0.5117173194885254
1,0.5105637311935425
1,0.48883911967277527
1,0.5034022331237793
1,0.5035962462425232
1,0.5050225257873535
1,0.5099833607673645
1,0.5065963268280029
1,0.5259599685668945
1,0.5280523896217346
1,0.544074535369873
1,0.5436379313468933
1,0.48962727189064026
1,0.4934457242488861
1,0.4922636151313782
1,0.48994937539100647
1,0.490477979183197
1,0.48424869775772095
1,0.48160094022750854
1,0.48014765977859497
1,0.5335484147071838
1,0.5250027775764465
1,0.5337573289871216
1,0.5280033349990845
1,0.5330417156219482
1,0.5375113487243652
1,0.5393278002738953
1,0.5349217653274536
1,0.5336202383041382
1,0.5318800210952759
1,0.537372350692749
1,0.5263842940330505
1,0.5354845523834229
1,0.5350058674812317
1,0.5375094413757324
1,0.5317029356956482
1,0.5388569235801697
1,0.5294193625450134
1,0.5202349424362183
1,0.5250449776649475
1,0.5271847248077393
1,0.5253980755805969
1,0.5334932804107666
1,0.5327121019363403
1,0.5171815752983093
1,0.5242272019386292
1,0.5271885991096497
1,0.527084231376648
1,0.5338701009750366
1,0.5335811376571655
1,0.530701756477356
1,0.5347370505332947
1,0.5403659343719482
1,0.5365153551101685
1,0.5366173982620239
1,0.5373440384864807
1,0.5263323187828064
1,0.5234196186065674
1,0.5230419635772705
1,0.5213422179222107
1,0.524374783039093
1,0.5211781859397888
1,0.5192304253578186
1,0.5226988196372986
1,0.5100963711738586
1,0.523935079574585
1,0.5243349075317383
1,0.5256251096725464
1,0.5239475965499878
1,0.5241040587425232
1,0.5223095417022705
1,0.5207489132881165
1,0.5218943357467651
1,0.5236392021179199
1,0.4866626560688019
1,0.4013991355895996
1,0.39852064847946167
1,0.38959646224975586
1,0.38278934359550476
1,0.3936215341091156
1,0.39289984107017517
1,0.3964124619960785
1,0.4449586868286133
1,0.5177432298660278
1,0.5320788025856018
1,0.5465625524520874
1,0.5340505838394165
1,0.5346976518630981
1,0.5368368625640869
1,0.5332215428352356
1,0.5220518112182617
1,0.5240800976753235
1,0.5373116135597229
1,0.5357327461242676
1,0.5403573513031006
1,0.5174772143363953
1,0.5340821743011475
1,0.5353976488113403
1,0.533556342124939
1,0.5235921144485474
1,0.5296517610549927
1,0.5299371480941772
1,0.5234671831130981
1,0.5359848141670227
1,0.5235558152198792
1,0.5359247922897339
1,0.5289800763130188
1,0.5419803857803345
1,0.5291222333908081
1,0.5294264554977417
1,0.5310239791870117
1,0.5293371081352234
1,0.5170307159423828
1,0.5183069109916687
1,0.5148212313652039
1,0.5132136344909668
1,0.5146739482879639
1,0.5331101417541504
1,0.5318858623504639
1,0.5335078835487366
1,0.536902666091919
1,0.5427783131599426
1,0.5426753759384155
1,0.539670467376709
1,0.5276565551757812
1,0.5257986783981323
1,0.5270918607711792
1,0.5261790752410889
1,0.5293174386024475
1,0.5280683636665344
1,0.5262184739112854
1,0.5334721207618713
1,0.5362638831138611
1,0.5332309007644653
1,0.5352258086204529
1,0.5246911644935608
1,0.5294075012207031
1,0.5341953039169312
1,0.5316954255104065
1,0.5301228761672974
1,0.530569851398468
1,0.5361122488975525
1,0.5374184846878052
1,0.5368033051490784
1,0.5344831347465515
1,0.5312817692756653
1,0.5291571617126465
1,0.5303676724433899
1,0.5307325720787048
1,0.5272537469863892
1,0.5270228981971741
1,0.5254243612289429
1,0.5269410610198975
1,0.5282341241836548
1,0.5277953147888184
1,0.5237211585044861
1,0.5260399580001831
1,0.5267685055732727
1,0.528477668762207
1,0.5228947997093201
1,0.5232242345809937
1,0.5265514850616455
1,0.519443690776825
1,0.5205283164978027
1,0.5198259353637695
1,0.5176944732666016
1,0.5250723361968994
1,0.5245139598846436
1,0.5233983993530273
1,0.5287440419197083
1,0.5315770506858826
1,0.5380224585533142
1,0.5382989048957825
1,0.5364992022514343
1,0.5365931987762451
1,0.5408447980880737
1,0.5397747755050659
1,0.535642147064209
1,0.5287942886352539
1,0.5274075269699097
1,0.5319859385490417
1,0.5305629968643188
1,0.5237123370170593
1,0.5247843861579895
1,0.5240997672080994
1,0.5278662443161011
1,0.5243721604347229
1,0.5178636908531189
1,0.5257936716079712
1,0.5196896195411682
1,0.5293075442314148
1,0.532124936580658
1,0.5375669002532959
1,0.535596489906311
1,0.5358076095581055
1,0.5385388135910034
1,0.5323662757873535
1,0.5303323268890381
1,0.5310797095298767
1,0.5227405428886414
1,0.526995837688446
1,0.46284186840057373
1,0.47086799144744873
1,0.4773538112640381
1,0.4818176031112671
1,0.4737413823604584
1,0.4750978946685791
1,0.4725196659564972
1,0.473476767539978
1,0.523506760597229
1,0.5202845335006714
1,0.5136930346488953
1,0.516771137714386
1,0.523471474647522
1,0.5270049571990967
1,0.5307861566543579
1,0.5375360250473022
1,0.5385056138038635
1,0.5401434898376465
1,0.5377676486968994
1,0.5361008644104004
1,0.5353167057037354
1,0.5305473208427429
1,0.5297922492027283
1,0.5260840654373169
1,0.5281444787979126
1,0.5304115414619446
1,0.5321664810180664
1,0.5276151299476624
1,0.5321183204650879
1,0.5322708487510681
1,0.5372441411018372
1,0.5413760542869568
1,0.534113883972168
1,0.5423084497451782
1,0.5414806604385376
1,0.5379965901374817
1,0.5361477136611938
1,0.5341217517852783
1,0.5314251780509949
1,0.5278035402297974
1,0.5290300846099854
1,0.5290698409080505
1,0.5274745225906372
1,0.5257505178451538
1,0.5273792147636414
1,0.5229005813598633
1,0.5257828235626221
1,0.5231160521507263
1,0.5228806734085083
1,0.527868926525116
1,0.5256984233856201
1,0.5215665102005005
1,0.5223827958106995
1,0.5229641199111938
1,0.5254812240600586
1,0.5306223630905151
1,0.5293423533439636
1,0.5290831923484802
1,0.5356074571609497
1,0.536817193031311
1,0.5341233611106873
1,0.5337998867034912
1,0.5299820899963379
1,0.5292697548866272
1,0.5297205448150635
1,0.5267397165298462
1,0.5285094976425171
1,0.5261111259460449
1,0.5314183235168457
1,0.5349578857421875
1,0.5320548415184021
1,0.5386557579040527
1,0.541283130645752
1,0.5408526659011841
1,0.5394909381866455
1,0.5291309952735901
1,0.5334552526473999
1,0.5342172980308533
1,0.5228239297866821
1,0.5272615551948547
1,0.5280392169952393
1,0.5276251435279846
1,0.5191223621368408
1,0.5249837040901184
1,0.5221364498138428
1,0.5219566822052002
1,0.5246350765228271
1,0.5236537456512451
1,0.5218425989151001
1,0.5248346328735352
1,0.5263580679893494
1,0.526192307472229
1,0.5279456377029419
1,0.5270350575447083
1,0.5299518704414368
1,0.5316425561904907
1,0.5331575870513916
1,0.5292752385139465
1,0.5290849804878235
1,0.5277509093284607
1,0.5331277847290039
1,0.5252052545547485
1,0.5243901014328003
1,0.5336856842041016
1,0.5320309996604919
1,0.5379032492637634
1,0.5351371169090271
1,0.5347909331321716
1,0.5318736433982849
1,0.535456657409668
1,0.5283845663070679
1,0.5319660902023315
1,0.524674117565155
1,0.5239775776863098
1,0.5211740136146545
1,0.5221232771873474
1,0.5254356861114502
1,0.5252758860588074
1,0.5237431526184082
1,0.5236243605613708
1,0.5246065258979797
1,0.5323390960693359
1,0.5355891585350037
1,0.530952513217926
1,0.523388683795929
1,0.5356807112693787
1,0.5423927903175354
1,0.5440893173217773
1,0.5429031848907471
1,0.5347217321395874
1,0.532300591468811
1,0.5315418243408203
1,0.5304828882217407
1,0.5231757760047913
1,0.5113235712051392
1,0.5132309794425964
1,0.5164766311645508
1,0.5223610997200012
1,0.5238216519355774
1,0.5275696516036987
1,0.534925103187561
1,0.5408620834350586
1,0.5419403314590454
1,0.5422220230102539
1,0.5408024191856384
1,0.537981390953064
1,0.534605085849762
1,0.5307267308235168
1,0.5249369144439697
1,0.5243878960609436
1,0.5306828022003174
1,0.5280255675315857
1,0.5314063429832458
1,0.5306782126426697
1,0.5295732617378235
1,0.525915265083313
1,0.5340760946273804
1,0.5273140668869019
1,0.5332102179527283
1,0.5295590758323669
1,0.5339692831039429
1,0.5237517952919006
1,0.528560221195221
1,0.5300021171569824
1,0.5356583595275879
1,0.5310709476470947
1,0.5305203795433044
1,0.5291042327880859
1,0.5298000574111938
1,0.5296412706375122
1,0.526332676410675
1,0.5210583806037903
1,0.5197857618331909
1,0.5243955850601196
1,0.5238580703735352
1,0.522447943687439
1,0.5206599831581116
1,0.5218808650970459
1,0.5259559154510498
1,0.528111457824707
1,0.528990626335144
1,0.52684086561203
1,0.5237993001937866
1,0.5314176678657532
1,0.5234581232070923
1,0.5321504473686218
1,0.5305728912353516
1,0.49824684858322144
1,0.4966406226158142
1,0.49206066131591797
1,0.48975592851638794
1,0.48134738206863403
1,0.4880529046058655
1,0.49068787693977356
1,0.5003479719161987
1,0.5281190276145935
1,0.528887927532196
1,0.5207486152648926
1,0.5290374755859375
1,0.5408008098602295
1,0.537822425365448
1,0.5346875190734863
1,0.5377422571182251
1,0.5363969802856445
1,0.536246120929718
1,0.5340098142623901
1,0.5258699655532837
1,0.5300276875495911
1,0.5242737531661987
1,0.524000883102417
1,0.5271795988082886
1,0.5240999460220337
1,0.5259191393852234
1,0.5318423509597778
1,0.5287303924560547
1,0.5235738158226013
1,0.5271943807601929
1,0.5240964293479919
1,0.5252835154533386
1,0.5139342546463013
1,0.5185275673866272
1,0.5219141840934753
1,0.5257263779640198
1,0.522877037525177
1,0.5238537788391113
1,0.5263692736625671
1,0.5277193188667297
1,0.5298014879226685
1,0.5261473059654236
1,0.5251259803771973
1,0.5270097255706787
1,0.5302703380584717
1,0.5279157757759094
1,0.5281635522842407
1,0.5351443290710449
1,0.5375277996063232
1,0.5415123701095581
1,0.5470719337463379
1,0.5437541604042053
1,0.5384463667869568
1,0.5306820273399353
1,0.5330497622489929
1,0.5319467186927795
1,0.5318222045898438
1,0.5294234156608582
1,0.5262746810913086
1,0.5308016538619995
1,0.5280524492263794
1,0.5299915075302124
1,0.5251669883728027
1,0.5242942571640015
1,0.5245708227157593
1,0.5268324613571167
1,0.5281122326850891
1,0.5280742645263672
1,0.5222371220588684
1,0.5205533504486084
1,0.5357305407524109
1,0.5305358171463013
1,0.5276888608932495
1,0.5237226486206055
1,0.5259789824485779
1,0.5224318504333496
1,0.5261530876159668
1,0.5239244103431702
1,0.5155633687973022
1,0.5208736062049866
1,0.5203129649162292
1,0.5226015448570251
1,0.5236998796463013
1,0.5309955477714539
1,0.5294130444526672
1,0.5296298861503601
1,0.5349943041801453
1,0.5351826548576355
1,0.5340175628662109
1,0.5382354259490967
1,0.529690682888031
1,0.5263440608978271
1,0.5239805579185486
1,0.5232059955596924
1,0.5239728689193726
1,0.5232746601104736
1,0.5250895619392395
1,0.5234742164611816
1,0.5243591666221619
1,0.5223270058631897
1,0.5274739265441895
1,0.5276409387588501
1,0.527533769607544
1,0.5183379650115967
1,0.5249529480934143
1,0.5233685374259949
1,0.5316708087921143
1,0.527691662311554
1,0.5288528203964233
1,0.511939287185669
1,0.5209486484527588
1,0.5245792865753174
1,0.5284355282783508
1,0.5253633260726929
1,0.5281733274459839
1,0.5371692776679993
1,0.5402476787567139
1,0.5324674844741821
1,0.5305278301239014
1,0.532173216342926
1,0.532597005367279
1,0.5244982242584229
1,0.5192816257476807
1,0.5025473237037659
1,0.5047175884246826
1,0.5313940048217773
1,0.5342826843261719
1,0.5317600965499878
1,0.5352997183799744
1,0.5380165576934814
1,0.5380561947822571
1,0.5373027920722961
1,0.5357409715652466
1,0.5351173877716064
1,0.5366524457931519
1,0.5384951829910278
1,0.532210111618042
1,0.5336388945579529
1,0.5345513820648193
1,0.5366347432136536
1,0.5309123992919922
1,0.5190795063972473
1,0.5230318903923035
1,0.5244305729866028
1,0.525870680809021
1,0.5253852009773254
1,0.5236539244651794
1,0.528254508972168
1,0.5308757424354553
1,0.529461681842804
1,0.5334806442260742
1,0.5356913208961487
1,0.5289813280105591
1,0.5326173305511475
1,0.5322504043579102
1,0.5289366245269775
1,0.521981954574585
1,0.5270447731018066
1,0.5233907103538513
1,0.5253328084945679
1,0.5204074382781982
1,0.4965115785598755
1,0.5008849501609802
1,0.4894050061702728
1,0.49294689297676086
1,0.49721723794937134
1,0.4990720748901367
1,0.5014388561248779
1,0.5008035898208618
1,0.5228275060653687
1,0.5269317030906677
1,0.5326732993125916
1,0.5375997424125671
1,0.538523256778717
1,0.537001371383667
1,0.5404393076896667
1,0.5359063744544983
1,0.534654438495636
1,0.5362161993980408
1,0.5337464213371277
1,0.5283796191215515
1,0.5303969383239746
1,0.5288775563240051
1,0.5286659598350525
1,0.5270804166793823
1,0.5299502611160278
1,0.5153734683990479
1,0.5172673463821411
1,0.5259159207344055
1,0.5072563886642456
1,0.5084519386291504
1,0.516499400138855
1,0.5162875652313232
1,0.5184099078178406
1,0.5300726890563965
1,0.5231310129165649
1,0.5201020240783691
1,0.521582841873169
1,0.5333355069160461
1,0.5313613414764404
1,0.5338109731674194
1,0.5369337201118469
1,0.5327802896499634
1,0.5322553515434265
1,0.5390578508377075
1,0.5319863557815552
1,0.5308780670166016
1,0.5303529500961304
1,0.5322707891464233
1,0.5341030359268188
1,0.5370065569877625
1,0.5314384698867798
1,0.5333255529403687
1,0.5287618637084961
1,0.5239444971084595
1,0.523025393486023
1,0.5230703353881836
1,0.5242234468460083
1,0.527489423751831
1,0.5264343023300171
1,0.5317428708076477
1,0.5306355357170105
1,0.528754711151123
1,0.5288976430892944
1,0.5318470001220703
1,0.5256777405738831
1,0.5193636417388916
1,0.5238250494003296
1,0.5196725726127625
1,0.5184131264686584
1,0.5197442770004272
1,0.5197341442108154
1,0.5037120580673218
1,0.5127475261688232
1,0.5161553025245667
1,0.5088940262794495
1,0.5144095420837402
1,0.5179237723350525
1,0.5145009756088257
1,0.5188610553741455
1,0.5205779075622559
1,0.5199044346809387
1,0.5248314142227173
1,0.5270822048187256
1,0.5313965082168579
1,0.5297726392745972
1,0.5309644341468811
1,0.5338704586029053
1,0.48546087741851807
1,0.49238261580467224
1,0.4951362609863281
1,0.49084246158599854
1,0.48363301157951355
1,0.4862567186355591
1,0.48740988969802856
1,0.49576613306999207
1,0.5298765301704407
1,0.5324428677558899
1,0.5346084833145142
1,0.538873016834259
1,0.5424745082855225
1,0.5372828245162964
1,0.5236231088638306
1,0.5292319655418396
1,0.5301729440689087
1,0.5267594456672668
1,0.5224939584732056
1,0.518981397151947
1,0.5229188799858093
1,0.5231539011001587
1,0.5261533856391907
1,0.5195262432098389
1,0.5261032581329346
1,0.5181621313095093
1,0.5304672122001648
1,0.5297324657440186
1,0.5319734811782837
1,0.5314652323722839
1,0.5316448211669922
1,0.5186510682106018
1,0.5300527811050415
1,0.5315994024276733
1,0.5308446288108826
1,0.528466522693634
1,0.5267546772956848
1,0.5291215777397156
1,0.5299078822135925
1,0.5255556106567383
1,0.5160160660743713
1,0.5286449790000916
1,0.5327443480491638
1,0.5377152562141418
1,0.5421144962310791
1,0.5389050841331482
1,0.5401878356933594
1,0.5397077798843384
1,0.5330928564071655
1,0.5307003855705261
1,0.5336198806762695
1,0.5304600596427917
1,0.5317689180374146
1,0.5309744477272034
1,0.5362824201583862
1,0.5349710583686829
1,0.5396324396133423
1,0.5310366749763489
1,0.5379341244697571
1,0.5360620021820068
1,0.5331662893295288
1,0.5282192230224609
1,0.5343493223190308
1,0.5376911163330078
1,0.5362796783447266
1,0.5379415154457092
1,0.5285758376121521
1,0.5362897515296936
1,0.5239053964614868
1,0.5306506752967834
1,0.5180407166481018
1,0.5203701257705688
1,0.5217351317405701
1,0.5200969576835632
1,0.5226922631263733
1,0.5228712558746338
1,0.5272353291511536
1,0.5283858776092529
1,0.5295439958572388
1,0.5328746438026428
1,0.5298966765403748
1,0.529815137386322
1,0.528178870677948
1,0.5291204452514648
1,0.5312549471855164
1,0.5280243158340454
1,0.5226508975028992
1,0.5242199897766113
1,0.5286630988121033
1,0.5303065776824951
1,0.5333681106567383
1,0.5324767231941223
1,0.5261564254760742
1,0.5300890207290649
1,0.5314512848854065
1,0.5278964042663574
1,0.5230035781860352
1,0.5181367993354797
1,0.5225822329521179
1,0.5188227891921997
1,0.5300910472869873
1,0.5344007611274719
1,0.5313055515289307
1,0.5317633152008057
1,0.5338329076766968
1,0.530954122543335
1,0.532014012336731
1,0.5314253568649292
1,0.5280314683914185
1,0.5212142467498779
1,0.5212519764900208
1,0.5203323364257812
1,0.5210468769073486
1,0.5316169261932373
1,0.5317316055297852
1,0.5301566123962402
1,0.529346227645874
1,0.5413827896118164
1,0.5436989665031433
1,0.5383266806602478
1,0.5289870500564575
1,0.5258600115776062
1,0.5282116532325745
1,0.5291639566421509
1,0.5206632018089294
1,0.5232151746749878
1,0.516915500164032
1,0.5308271050453186
1,0.5322040915489197
1,0.5306905508041382
1,0.5361213684082031
1,0.5341094732284546
1,0.5089290142059326
1,0.5277963876724243
1,0.529263973236084
1,0.5268325805664062
1,0.5211309194564819
1,0.5183578729629517
1,0.5180298089981079
1,0.5169606804847717
1,0.522106409072876
1,0.522067666053772
1,0.5238544344902039
1,0.516291081905365
1,0.5278673768043518
1,0.529199481010437
1,0.531096339225769
1,0.526335597038269
1,0.5346329212188721
1,0.5287483334541321
1,0.5234805345535278
1,0.5115352869033813
1,0.5229998826980591
1,0.5230240225791931
1,0.5313981175422668
1,0.5283226370811462
1,0.5166031122207642
1,0.5295339822769165
1,0.5322209000587463
1,0.5362131595611572
1,0.5353605151176453
1,0.533202052116394
1,0.5298677682876587
1,0.5256651639938354
1,0.538582444190979
1,0.5347518920898438
1,0.534900426864624
1,0.5360676050186157
1,0.533955991268158
1,0.5268679857254028
1,0.5273851156234741
1,0.5297414660453796
1,0.5280269384384155
1,0.5261546969413757
1,0.5240088701248169
1,0.5298617482185364
1,0.5262749791145325
1,0.5237113237380981
1,0.519798755645752
1,0.5277544856071472
1,0.5278748869895935
1,0.5292163491249084
1,0.5238014459609985
1,0.5271977186203003
1,0.5249450206756592
1,0.5274286866188049
1,0.5219155550003052
1,0.5167644023895264
1,0.5173766613006592
1,0.5183458924293518
1,0.5165966153144836
1,0.516872763633728
1,0.5059766173362732
1,0.5060944557189941
1,0.5172266364097595
1,0.5167977809906006
1,0.521900475025177
1,0.5234616994857788
1,0.5197082757949829
1,0.5223667025566101
1,0.5331998467445374
1,0.5380353927612305
1,0.5361325144767761
1,0.5355933308601379
1,0.5372978448867798
1,0.5389745235443115
1,0.539406955242157
1,0.5309017896652222
1,0.535094141960144
1,0.5184699296951294
1,0.5249621868133545
1,0.526282787322998
1,0.5223570466041565
1,0.5213834047317505
1,0.5196743011474609
1,0.5138370990753174
1,0.5196913480758667
1,0.5277057886123657
1,0.5250962376594543
1,0.5237286686897278
1,0.5235190391540527
1,0.515890896320343
1,0.5292438268661499
1,0.5248171091079712
1,0.5115715861320496
1,0.5237101316452026
1,0.5259422063827515
1,0.5204951167106628
1,0.5240533947944641
1,0.5137477517127991
1,0.5325682163238525
1,0.5269727110862732
1,0.5265665054321289
1,0.5273019075393677
1,0.5173878073692322
1,0.5276834964752197
1,0.5256315469741821
1,0.523080587387085
1,0.5144156217575073
1,0.5202298164367676
1,0.518543541431427
1,0.5228100419044495
1,0.5237537026405334
1,0.5188295245170593
1,0.5180956721305847
1,0.5148696303367615
1,0.5262508392333984
1,0.5278757214546204
1,0.52516108751297
1,0.47482866048812866
1,0.4045504629611969
1,0.3362383544445038
1,0.3445108234882355
1,0.34404247999191284
1,0.340645432472229
1,0.34523868560791016
1,0.34594428539276123
1,0.4048542380332947
1,0.45450103282928467
1,0.5334877967834473
1,0.5254852771759033
1,0.5359184145927429
1,0.5273569822311401
1,0.5283355712890625
1,0.5287384986877441
1,0.5259825587272644
1,0.5280686616897583
1,0.5291050672531128
1,0.5185248851776123
1,0.527335524559021
1,0.5274669528007507
1,0.503235399723053
1,0.5025132894515991
1,0.5031452775001526
1,0.5042737126350403
1,0.4988752603530884
1,0.5065690279006958
1,0.5096800327301025
1,0.5075097680091858
1,0.5296189188957214
1,0.5286279916763306
1,0.531926691532135
1,0.5282596349716187
1,0.5204877853393555
1,0.5235878229141235
1,0.5210697054862976
1,0.5335627794265747
1,0.5271369814872742
1,0.527687668800354
1,0.5112346410751343
1,0.5354539155960083
1,0.5397332310676575
1,0.5264813899993896
1,0.5320800542831421
1,0.5343911647796631
1,0.5437914729118347
1,0.541996419429779
1,0.5284549593925476
1,0.5308866500854492
1,0.5263478755950928
1,0.5228532552719116
1,0.5332067012786865
1,0.5265650749206543
1,0.5381022691726685
1,0.5406846404075623
1,0.5302318930625916
1,0.5407046675682068
1,0.535811185836792
1,0.5374237298965454
1,0.5388227701187134
1,0.5274510979652405
1,0.515043318271637
1,0.5280582308769226
1,0.5289146304130554
1,0.5358256697654724
1,0.3957477807998657
1,0.30909693241119385
1,0.3121238350868225
1,0.31024599075317383
1,0.31423717737197876
1,0.3126847743988037
1,0.31418049335479736
1,0.3194738030433655
1,0.42483335733413696
1,0.5342916250228882
1,0.5306545495986938
1,0.5398996472358704
1,0.5369755029678345
1,0.5444521307945251
1,0.5261982083320618
1,0.530026912689209
1,0.5250840783119202
1,0.526211142539978
1,0.5196233987808228
1,0.5172818899154663
1,0.5172640085220337
1,0.5238182544708252
1,0.5271785855293274
1,0.5300682187080383
1,0.5401598811149597
1,0.5367515087127686
1,0.5420894622802734
1,0.5404713153839111
1,0.5362142324447632
1,0.5362759828567505
1,0.535574197769165
1,0.5337522625923157
1,0.5287120938301086
1,0.5271761417388916
1,0.5353593826293945
1,0.5340694189071655
1,0.522299587726593
1,0.5289576053619385
1,0.5278866291046143
1,0.5291154384613037
1,0.5215259790420532
1,0.5122828483581543
1,0.5206553339958191
1,0.48650407791137695
1,0.494759738445282
1,0.48763978481292725
1,0.4971098005771637
1,0.5040063261985779
1,0.5079512596130371
1,0.4981854557991028
1,0.5065954923629761
1,0.5316580533981323
1,0.5341342091560364
1,0.5297107696533203
1,0.5271468162536621
1,0.526000440120697
1,0.5284796953201294
1,0.5220389366149902
1,0.5229237079620361
1,0.5272501111030579
1,0.5374938249588013
1,0.5415533185005188
1,0.541376531124115
1,0.5381990075111389
1,0.5369923114776611
1,0.503135085105896
1,0.48999258875846863
1,0.429040789604187
1,0.30181556940078735
1,0.31248903274536133
1,0.31445518136024475
1,0.3184382915496826
1,0.31882134079933167
1,0.3421970009803772
1,0.36487820744514465
1,0.4405982792377472
1,0.5372542142868042
1,0.5363885760307312
1,0.5366673469543457
1,0.5351006388664246
1,0.5360583662986755
1,0.5277018547058105
1,0.5348349809646606
1,0.537615954875946
1,0.5276748538017273
1,0.5340549945831299
1,0.5295548439025879
1,0.533765971660614
1,0.5306344032287598
1,0.5304015278816223
1,0.5352878570556641
1,0.5328359007835388
1,0.5318360328674316
1,0.5476873517036438
1,0.5310090780258179
1,0.5316843390464783
1,0.5330635905265808
1,0.5410228371620178
1,0.5342677235603333
1,0.5335488319396973
1,0.5304430723190308
1,0.5360808372497559
1,0.5344871878623962
1,0.5235161781311035
1,0.5223947167396545
1,0.5258752107620239
1,0.5277706384658813
1,0.5219972729682922
1,0.5326951742172241
1,0.5324655175209045
1,0.5336674451828003
1,0.5284628868103027
1,0.5301951169967651
1,0.5274651050567627
1,0.5298110842704773
1,0.5282753109931946
1,0.5307896137237549
1,0.5192418694496155
1,0.5314714908599854
1,0.5331909656524658
1,0.5343842506408691
1,0.5322777032852173
1,0.5308355093002319
1,0.529589056968689
1,0.532150387763977
1,0.5313876867294312
1,0.5246080756187439
1,0.5134559273719788
1,0.5205681920051575
1,0.5305126905441284
1,0.5186344385147095
1,0.519629955291748
1,0.5157197713851929
1,0.49929118156433105
1,0.39027461409568787
1,0.284556120634079
1,0.20341220498085022
1,0.1830967366695404
0,0.1782298982143402
0,0.18825888633728027
0,0.1509888917207718
0,0.08521904796361923
0,0.09269208461046219
0,0.08231279253959656
1,0.12958385050296783
1,0.14412453770637512
1,0.15123115479946136
1,0.15653030574321747
1,0.2558107078075409
1,0.3281472623348236
1,0.4943276047706604
1,0.5333227515220642
1,0.5281193852424622
1,0.5318945646286011
1,0.5315737724304199
1,0.5328976511955261
1,0.5359083414077759
1,0.5364377498626709
1,0.5357789993286133
1,0.5266571640968323
1,0.5384174585342407
1,0.5383728742599487
1,0.5350751876831055
1,0.5405901670455933
1,0.5334302186965942
1,0.5266132950782776
1,0.5313819050788879
1,0.5363562107086182
1,0.5370557308197021
1,0.5306353569030762
1,0.526572585105896
1,0.5276470184326172
1,0.5316873788833618
1,0.5210344195365906
1,0.5204315185546875
1,0.5381235480308533
1,0.5529965162277222
1,0.5549794435501099
1,0.5401171445846558
1,0.5542566776275635
1,0.5433886051177979
1,0.5503695607185364
1,0.5593078136444092
1,0.5412511229515076
1,0.557120144367218
1,0.5476636290550232
1,0.5550106763839722
1,0.5530063509941101
1,0.5455260276794434
1,0.5395905375480652
1,0.5456867218017578
1,0.5401921272277832
1,0.537098228931427
1,0.5392502546310425
1,0.545595109462738
1,0.5354510545730591
1,0.5473214387893677
1,0.5382296442985535
1,0.5281639099121094
1,0.5418096780776978
1,0.5369318723678589
1,0.5450468063354492
1,0.5278687477111816
1,0.5123487114906311
1,0.5014288425445557
1,0.5065411329269409
1,0.5049151182174683
1,0.4808282256126404
1,0.4641672372817993
1,0.3329675495624542
1,0.35123342275619507
1,0.36794063448905945
1,0.36450719833374023
1,0.36486178636550903
1,0.3539886772632599
1,0.3932371139526367
1,0.4162842929363251
1,0.517362654209137
1,0.5333290696144104
1,0.5314778089523315
1,0.5254333019256592
1,0.5371981859207153
1,0.5439116954803467
1,0.5412980914115906
1,0.5368756055831909
1,0.5309041738510132
1,0.5375932455062866
1,0.5373329520225525
1,0.5312215089797974
1,0.5329115390777588
1,0.530171811580658
1,0.5338651537895203
1,0.5354884266853333
1,0.530897319316864
1,0.5223382711410522
1,0.5247983336448669
1,0.5346171855926514
1,0.5378846526145935
1,0.5405672788619995
1,0.5394625067710876
1,0.5350912809371948
1,0.5405007600784302
1,0.5397257208824158
1,0.5427833199501038
1,0.5353180766105652
1,0.5339069366455078
1,0.5340257287025452
1,0.5259214639663696
1,0.5373437404632568
1,0.5337653160095215
1,0.5283618569374084
1,0.5279610753059387
1,0.5276023745536804
1,0.5272916555404663
1,0.5325189828872681
1,0.5108069181442261
1,0.5280232429504395
1,0.5342833995819092
1,0.5303902626037598
1,0.5299288034439087
1,0.5327455997467041
1,0.531651496887207
1,0.5283643007278442
1,0.5255452394485474
1,0.5381613373756409
1,0.5356870889663696
1,0.5349549651145935
1,0.5273308753967285
1,0.528335452079773
1,0.5298441052436829
1,0.5265740156173706
1,0.5296306610107422
1,0.5038473010063171
1,0.48308974504470825
1,0.3896462619304657
1,0.2630370557308197
1,0.19150561094284058
1,0.1876222789287567
1,0.19095343351364136
1,0.1927955001592636
1,0.2112778127193451
1,0.23804688453674316
1,0.26479995250701904
1,0.42295366525650024
1,0.5030399560928345
1,0.517321765422821
1,0.5167084336280823
1,0.48503410816192627
1,0.48824453353881836
1,0.4969940483570099
1,0.48366159200668335
1,0.5090619921684265
1,0.5063307285308838
1,0.5089977383613586
1,0.50487220287323
1,0.5291556119918823
1,0.5204572081565857
1,0.5333965420722961
1,0.531688392162323
1,0.5298023223876953
1,0.5067582130432129
1,0.5083043575286865
1,0.5153902173042297
1,0.5119705200195312
1,0.5129750967025757
1,0.5304282307624817
1,0.5207410454750061
1,0.5250169634819031
1,0.5566009283065796
1,0.5530401468276978
1,0.550966739654541
1,0.5438982248306274
1,0.548081636428833
1,0.5554540157318115
1,0.5213629603385925
1,0.5267611145973206
1,0.5286213159561157
1,0.5267675518989563
1,0.5164422988891602
1,0.49462807178497314
1,0.49157094955444336
1,0.49772053956985474
1,0.5165477991104126
1,0.5065438747406006
1,0.5166295170783997
1,0.5009499192237854
1,0.49648669362068176
1,0.5391815900802612
1,0.5290254950523376
1,0.5158297419548035
1,0.5042880773544312
1,0.5197833776473999
1,0.510185956954956
1,0.5239072442054749
1,0.5264841318130493
1,0.5289684534072876
1,0.5272443294525146
1,0.5264295935630798
1,0.5070236921310425
1,0.5145396590232849
1,0.5117697715759277
1,0.4520856440067291
1,0.4487057626247406
1,0.34608951210975647
1,0.24132178723812103
1,0.15764577686786652
1,0.09516739845275879
1,0.053435347974300385
0,0.053525660187006
0,0.04280836135149002
1,0.05001559853553772
1,0.08944778889417648
1,0.1710708737373352
1,0.26420891284942627
1,0.36772218346595764
1,0.41679924726486206
1,0.4594252407550812
1,0.5098612308502197
1,0.5097490549087524
1,0.51040118932724
1,0.5112819671630859
1,0.5146685838699341
1,0.5173800587654114
1,0.5147116780281067
1,0.5198573470115662
1,0.5234615802764893
1,0.5222328901290894
1,0.5106453895568848
1,0.528438925743103
1,0.5298165082931519
1,0.524745762348175
1,0.5374577641487122
1,0.5361872315406799
1,0.5194196105003357
1,0.5275487303733826
1,0.51725834608078
1,0.5202740430831909
1,0.5149438381195068
1,0.5081250667572021
1,0.5074868202209473
1,0.5109206438064575
1,0.5168246030807495
1,0.5093111991882324
1,0.5173318386077881
1,0.5165258049964905
1,0.5206155180931091
1,0.5232478380203247
1,0.5223912000656128
1,0.5196288824081421
1,0.5181455016136169
1,0.5269289612770081
1,0.5281857252120972
1,0.5311688184738159
1,0.5347164273262024
1,0.5334869623184204
1,0.5300914645195007
1,0.5316430926322937
1,0.5275296568870544
1,0.5196022987365723
1,0.523165762424469
1,0.5207849740982056
1,0.5209287405014038
1,0.5247677564620972
1,0.5163298845291138
1,0.5257667303085327
1,0.5225457549095154
1,0.5283616781234741
1,0.5319806933403015
1,0.529696524143219
1,0.5280392169952393
1,0.5284843444824219
1,0.489660382270813
1,0.4558422565460205
1,0.4239858090877533
1,0.41000401973724365
1,0.24771066009998322
1,0.19871629774570465
1,0.1968783438205719
1,0.19452327489852905
1,0.1991189569234848
1,0.23208776116371155
1,0.2666081190109253
1,0.2811015248298645
1,0.4658981263637543
1,0.5076168179512024
1,0.5200031399726868
1,0.519950270652771
1,0.5270496606826782
1,0.5376865863800049
1,0.5334980487823486
1,0.5251681804656982
1,0.5423455834388733
1,0.5222497582435608
1,0.5296238660812378
1,0.53339684009552
1,0.5299872159957886
1,0.5305551290512085
1,0.529178261756897
1,0.517035186290741
1,0.5276895761489868
1,0.5370676517486572
1,0.5322558879852295
1,0.5355921983718872
1,0.5284014940261841
1,0.5099539160728455
1,0.5169780254364014
1,0.5201300382614136
1,0.5134536027908325
1,0.5196233987808228
1,0.5153255462646484
1,0.5166763067245483
1,0.5220434665679932
1,0.5441906452178955
1,0.5365687608718872
1,0.5341009497642517
1,0.5264784097671509
1,0.5257730484008789
1,0.5201452970504761
1,0.5074643492698669
1,0.5186074376106262
1,0.5077391862869263
1,0.5273240804672241
1,0.5262771844863892
1,0.5202599763870239
1,0.5208841562271118
1,0.5128458738327026
1,0.5290924310684204
1,0.5184431672096252
1,0.5223181247711182
1,0.504133939743042
1,0.5235100984573364
1,0.5281237363815308
1,0.5394688844680786
1,0.5362823009490967
1,0.5054202079772949
1,0.5214561223983765
1,0.5183160305023193
1,0.5273692011833191
1,0.5248211622238159
1,0.5242902636528015
1,0.5238127708435059
1,0.5124353170394897
1,0.4788346290588379
1,0.3489152491092682
1,0.37059924006462097
1,0.3674752116203308
1,0.3661377727985382
1,0.36343252658843994
1,0.3577377498149872
1,0.38183462619781494
1,0.42692434787750244
1,0.5202162265777588
1,0.5158430337905884
1,0.5219376683235168
1,0.5207806825637817
1,0.5252972841262817
1,0.5281660556793213
1,0.5291166305541992
1,0.5260775089263916
1,0.534557044506073
1,0.5209872126579285
1,0.5269463062286377
1,0.526875913143158
1,0.5268552303314209
1,0.5322436094284058
1,0.5297319293022156
1,0.5301676988601685
1,0.5234912633895874
1,0.5188238024711609
1,0.5259073376655579
1,0.5187668800354004
1,0.5124392509460449
1,0.5187050104141235
1,0.523513913154602
1,0.514834463596344
1,0.525262713432312
1,0.5212281942367554
1,0.5190127491950989
1,0.5301713943481445
1,0.5261772274971008
1,0.5185827016830444
1,0.5183555483818054
1,0.5207124948501587
1,0.5142011642456055
1,0.5239619612693787
1,0.5262727737426758
1,0.5241708755493164
1,0.5190799832344055
1,0.5277059078216553
1,0.5291987061500549
1,0.513610303401947
1,0.5107507705688477
1,0.5205931663513184
1,0.5145663619041443
1,0.5189546942710876
1,0.5067635774612427
1,0.5213605165481567
1,0.520800769329071
1,0.5316576957702637
1,0.527225136756897
1,0.5313233137130737
1,0.5251122713088989
1,0.5345145463943481
1,0.5395525693893433
1,0.5408474802970886
1,0.5440852046012878
1,0.5041795969009399
1,0.379102498292923
1,0.3305727541446686
1,0.32753318548202515
1,0.262499064207077
1,0.1671006679534912
1,0.13668878376483917
1,0.13847291469573975
1,0.16451771557331085
1,0.24397720396518707
1,0.2964170277118683
1,0.3129889667034149
1,0.34598439931869507
1,0.4944823980331421
1,0.5333149433135986
1,0.5319768786430359
1,0.5243926644325256
1,0.524299144744873
1,0.5246387124061584
1,0.5247635841369629
1,0.5269718766212463
1,0.527003824710846
1,0.5313214659690857
1,0.5326955914497375
1,0.5274062752723694
1,0.5305190086364746
1,0.5299898982048035
1,0.5140008926391602
1,0.529776930809021
1,0.5255958437919617
1,0.5290799140930176
1,0.5174513459205627
1,0.5262566804885864
1,0.5241262912750244
1,0.5287944078445435
1,0.528113842010498
1,0.5215858817100525
1,0.5330986976623535
1,0.5374647378921509
1,0.5325604677200317
1,0.5266866683959961
1,0.534784197807312
1,0.5267287492752075
1,0.5420297980308533
1,0.5430886745452881
1,0.5416349172592163
1,0.5415704250335693
1,0.5373504161834717
1,0.5506634712219238
1,0.5548665523529053
1,0.5422003269195557
1,0.5481849908828735
1,0.5481107831001282
1,0.5474101305007935
1,0.543918251991272
1,0.5383241176605225
1,0.5350803136825562
1,0.5287812948226929
1,0.5255551934242249
1,0.5338124632835388
1,0.5389082431793213
1,0.5393854379653931
1,0.5366407632827759
1,0.5410651564598083
1,0.5411960482597351
1,0.5386249423027039
1,0.5395564436912537
1,0.5377046465873718
1,0.536319375038147
1,0.4950162172317505
1,0.4791967272758484
1,0.47651737928390503
1,0.4619984030723572
1,0.4656136929988861
1,0.4662877917289734
1,0.45944929122924805
1,0.45995283126831055
1,0.5003625154495239
1,0.5193353295326233
1,0.5207147598266602
1,0.5293232202529907
1,0.5265375971794128
1,0.5233107209205627
1,0.5245630145072937
1,0.5193411111831665
1,0.5209487676620483
1,0.5168870091438293
1,0.5169219970703125
1,0.5213814377784729
1,0.5259816646575928
1,0.5330210328102112
1,0.5258166193962097
1,0.5269671082496643
1,0.5280330777168274
1,0.5259914994239807
1,0.5232077836990356
1,0.5211593508720398
1,0.5134966373443604
1,0.5104087591171265
1,0.5234079957008362
1,0.5227274894714355
1,0.5138065814971924
1,0.5259203910827637
1,0.516914963722229
1,0.5317168235778809
1,0.5310817360877991
1,0.5209064483642578
1,0.5264689922332764
1,0.5319111347198486
1,0.5332740545272827
1,0.5383425951004028
1,0.5382171869277954
1,0.540429413318634
1,0.5326407551765442
1,0.5471408367156982
1,0.5518496632575989
1,0.5472009181976318
1,0.541460394859314
1,0.540924072265625
1,0.5320718288421631
1,0.5291321277618408
1,0.516535758972168
1,0.5255604386329651
1,0.5228573083877563
1,0.5197794437408447
1,0.5184033513069153
1,0.518539309501648
1,0.5123181343078613
1,0.5202102661132812
1,0.5195309519767761
1,0.5205053091049194
1,0.5151828527450562
1,0.5098350644111633
1,0.46769559383392334
1,0.4690178334712982
1,0.4737176299095154
1,0.4743533134460449
1,0.471375048160553
1,0.4758991003036499
1,0.4736984968185425
1,0.4898832440376282
1,0.5242493152618408
1,0.5293499231338501
1,0.5318230986595154
1,0.5366231203079224
1,0.5330541133880615
1,0.5339983701705933
1,0.5269495248794556
1,0.5419298410415649
1,0.5358089208602905
1,0.5362363457679749
1,0.532156229019165
1,0.5350905656814575
1,0.5328050851821899
1,0.5293599963188171
1,0.520241379737854
1,0.5305023193359375
1,0.5283974409103394
1,0.5258226990699768
1,0.5226643085479736
1,0.5232864618301392
1,0.5216004848480225
1,0.5181698203086853
1,0.512272834777832
1,0.5219818949699402
1,0.5206485390663147
1,0.5229343175888062
1,0.5205116271972656
1,0.520474910736084
1,0.5228145718574524
1,0.5235481262207031
1,0.5242770314216614
1,0.5252012610435486
1,0.523396372795105
1,0.5294578671455383
1,0.516232430934906
1,0.5260372757911682
1,0.5123767852783203
1,0.5150664448738098
1,0.5183998346328735
1,0.4995379149913788
1,0.4959215521812439
1,0.4935142695903778
1,0.5188299417495728
1,0.5128805637359619
1,0.5251898169517517
1,0.5286517143249512
1,0.5333082675933838
1,0.5396807789802551
1,0.5411330461502075
1,0.5397308468818665
1,0.5417667627334595
1,0.5411526560783386
1,0.5440657138824463
1,0.5403963327407837
1,0.5162643194198608
1,0.4266599416732788
1,0.425557017326355
1,0.42444682121276855
1,0.4270256459712982
1,0.42026081681251526
1,0.42100226879119873
1,0.42213958501815796
1,0.44930559396743774
1,0.533808708190918
1,0.5405024290084839
1,0.5395277142524719
1,0.538590133190155
1,0.5345585942268372
1,0.5484543442726135
1,0.5407712459564209
1,0.5365664958953857
1,0.5334818363189697
1,0.5315108299255371
1,0.5309363603591919
1,0.5293888449668884
1,0.514558732509613
1,0.5163738131523132
1,0.5223416686058044
1,0.520028293132782
1,0.5171497464179993
1,0.5201447010040283
1,0.5248530507087708
1,0.5210673213005066
1,0.5290002822875977
1,0.5307328701019287
1,0.5331721305847168
1,0.5334579944610596
1,0.5323451161384583
1,0.529430091381073
1,0.5264833569526672
1,0.5319891571998596
1,0.526606559753418
1,0.5234753489494324
1,0.5208141803741455
1,0.5232353806495667
1,0.5247561931610107
1,0.527795135974884
1,0.5273250341415405
1,0.5163922905921936
1,0.5275572538375854
1,0.5266665816307068
1,0.5205129384994507
1,0.5206317901611328
1,0.5130499601364136
1,0.5165215730667114
1,0.5188691020011902
1,0.5198423266410828
1,0.5196706652641296
1,0.5092602372169495
1,0.5280019044876099
1,0.5319719910621643
1,0.535803496837616
1,0.5315290093421936
1,0.5253893136978149
1,0.5305067300796509
1,0.532269299030304
1,0.5276017189025879
1,0.5038619637489319
1,0.4897859990596771
1,0.4872809052467346
1,0.4880102574825287
1,0.48572301864624023
1,0.48719343543052673
1,0.491119384765625
1,0.4941910207271576
1,0.5155479907989502
1,0.5156428813934326
1,0.5253663659095764
1,0.529750406742096
1,0.5301002264022827
1,0.5247030258178711
1,0.5270004272460938
1,0.5227813720703125
1,0.5171267986297607
1,0.523267388343811
1,0.5230438709259033
1,0.5200095772743225
1,0.523436963558197
1,0.5170133113861084
1,0.5205828547477722
1,0.51188063621521
1,0.5196853280067444
1,0.5193299055099487
1,0.5230429768562317
1,0.515989363193512
1,0.5173711180686951
1,0.5164563655853271
1,0.518182635307312
1,0.5306433439254761
1,0.530434787273407
1,0.5292562246322632
1,0.5213202238082886
1,0.5327584743499756
1,0.5345306396484375
1,0.5348838567733765
1,0.5280869603157043
1,0.5266548991203308
1,0.5269638299942017
1,0.5269938111305237
1,0.5248997807502747
1,0.5199382305145264
1,0.519741415977478
1,0.521636962890625
1,0.5242694616317749
1,0.5289932489395142
1,0.5359545946121216
1,0.5362895727157593
1,0.5401095747947693
1,0.5447125434875488
1,0.5465653538703918
1,0.5427118539810181
1,0.5371233820915222
1,0.5320913195610046
1,0.5312108993530273
1,0.5297334790229797
1,0.5297137498855591
1,0.5198334455490112
1,0.5243031978607178
1,0.5262422561645508
1,0.5201784372329712
1,0.46513429284095764
1,0.46201568841934204
1,0.4622889459133148
1,0.45597410202026367
1,0.43629708886146545
1,0.4419500231742859
1,0.4329761266708374
1,0.4674760103225708
1,0.5038197636604309
1,0.511551022529602
1,0.5157073736190796
1,0.519077718257904
1,0.5306599736213684
1,0.5264748930931091
1,0.5116825699806213
1,0.5293264985084534
1,0.5289657711982727
1,0.5312488675117493
1,0.527739405632019
1,0.5395380258560181
1,0.5445865392684937
1,0.5413417816162109
1,0.5458314418792725
1,0.5466954708099365
1,0.5428023934364319
1,0.5366144180297852
1,0.5256507396697998
1,0.5150877237319946
1,0.5205810070037842
1,0.5183208584785461
1,0.5226794481277466
1,0.5065478086471558
1,0.5131747126579285
1,0.5113521814346313
1,0.5118923783302307
1,0.5209090113639832
1,0.5133623480796814
1,0.5126538276672363
1,0.5029798746109009
1,0.5149312019348145
1,0.5108389854431152
1,0.5186418294906616
1,0.5076398849487305
1,0.5006211400032043
1,0.5096229314804077
1,0.5099058151245117
1,0.5142384171485901
1,0.5128480792045593
1,0.5147671699523926
1,0.5099382996559143
1,0.5196256637573242
1,0.5221717357635498
1,0.5273464918136597
1,0.5270289182662964
1,0.523316502571106
1,0.5190418362617493
1,0.5208457708358765
1,0.5257039070129395
1,0.5254897475242615
1,0.5196125507354736
1,0.5190348029136658
1,0.5191470980644226
1,0.4754500091075897
1,0.430437833070755
1,0.43280094861984253
1,0.4311246871948242
1,0.4321070611476898
1,0.438303679227829
1,0.43971434235572815
1,0.44347435235977173
1,0.4706209599971771
1,0.5294696688652039
1,0.531658947467804
1,0.5328027009963989
1,0.5286228656768799
1,0.532325029373169
1,0.526007354259491
1,0.5187971591949463
1,0.5225814580917358
1,0.5228560566902161
1,0.5267518758773804
1,0.5193572044372559
1,0.5170196294784546
1,0.5221113562583923
1,0.5223693251609802
1,0.5289679765701294
1,0.528286874294281
1,0.5298681259155273
1,0.5342411398887634
1,0.5337377190589905
1,0.5271112322807312
1,0.5270829796791077
1,0.5255922079086304
1,0.5249241590499878
1,0.5263251662254333
1,0.5208168625831604
1,0.5230751037597656
1,0.5281710028648376
1,0.5305153727531433
1,0.5279024839401245
1,0.5271456241607666
1,0.522723376750946
1,0.5182273983955383
1,0.5255640149116516
1,0.5175943374633789
1,0.522519588470459
1,0.5250847339630127
1,0.5269041061401367
1,0.5259982347488403
1,0.5291256308555603
1,0.5255482196807861
1,0.5220987200737
1,0.5330122113227844
1,0.5322461128234863
1,0.5380743741989136
1,0.5406103134155273
1,0.540433943271637
1,0.5370405316352844
1,0.5365855693817139
1,0.5294325947761536
1,0.525175154209137
1,0.5192718505859375
1,0.5170412063598633
1,0.5240970253944397
1,0.5289913415908813
1,0.47350043058395386
1,0.4745296835899353
1,0.4805045425891876
1,0.4862980842590332
1,0.49343737959861755
1,0.47878149151802063
1,0.48167887330055237
1,0.48601576685905457
1,0.534842312335968
1,0.5427730679512024
1,0.5343855619430542
1,0.5328831076622009
1,0.5311807990074158
1,0.5202103853225708
1,0.5293295383453369
1,0.5309380888938904
1,0.5324744582176208
1,0.5297794342041016
1,0.5281814336776733
1,0.5290729999542236
1,0.5239914059638977
1,0.5260829329490662
1,0.5250181555747986
1,0.5201388001441956
1,0.5234452486038208
1,0.5228765606880188
1,0.5226691365242004
1,0.5212297439575195
1,0.5222928524017334
1,0.5230254530906677
1,0.5224592089653015
1,0.5295867323875427
1,0.532437801361084
1,0.5288399457931519
1,0.5368969440460205
1,0.5431287884712219
1,0.5414480566978455
1,0.5420525074005127
1,0.5383560061454773
1,0.5322124361991882
1,0.5354212522506714
1,0.5265400409698486
1,0.525063693523407
1,0.5206872820854187
1,0.5243375301361084
1,0.5217950940132141
1,0.529137372970581
1,0.5300235748291016
1,0.5303428173065186
1,0.5292946696281433
1,0.5340125560760498
1,0.5312197208404541
1,0.5323406457901001
1,0.5264131426811218
1,0.5249987244606018
1,0.5262465476989746
1,0.5225064158439636
1,0.5252935886383057
1,0.523084819316864
1,0.5187634229660034
1,0.5220324397087097
1,0.5215380787849426
1,0.5229849815368652
1,0.4330640733242035
1,0.36081263422966003
1,0.2891412377357483
1,0.2566274106502533
1,0.205658420920372
1,0.18768320977687836
0,0.2009449005126953
0,0.2109406590461731
0,0.1730363517999649
0,0.14922164380550385
0,0.09275040030479431
0,0.09501998871564865
0,0.04330528900027275
0,0.04012365639209747
0,0.05513262748718262
0,0.06050585210323334
0,0.10310418903827667
0,0.07056690007448196
0,0.039370860904455185
0,0.05391477048397064
0,0.06482173502445221
0,0.0834788978099823
0,0.11897610127925873
0,0.1519928276538849
0,0.17174209654331207
0,0.18016456067562103
0,0.1634863317012787
0,0.13534799218177795
0,0.13864342868328094
0,0.1547943502664566
0,0.12554796040058136
0,0.09302017092704773
0,0.08378133177757263
0,0.06599761545658112
0,0.04041360691189766
0,0.05363893881440163
0,0.048918113112449646
0,0.07598590850830078
0,0.08454723656177521
0,0.09910586476325989
0,0.054701291024684906
0,0.06648595631122589
0,0.07196541875600815
0,0.07633902132511139
0,0.056398238986730576
0,0.067050501704216
0,0.05613499879837036
0,0.10869832336902618
0,0.11497437208890915
0,0.09119156748056412
0,0.06675136834383011
0,0.08613939583301544
0,0.09492877125740051
0,0.15580123662948608
0,0.12505470216274261
0,0.04840440675616264
0,0.06271025538444519
0,0.05022916942834854
0,0.07953868806362152
0,0.13736377656459808
0,0.18866266310214996
0,0.23601503670215607
0,0.19486208260059357
0,0.16126126050949097
0,0.13705609738826752
0,0.11678708344697952
0,0.07130327075719833
0,0.10524987429380417
0,0.0852745920419693
0,0.07784819602966309
0,0.1414347141981125
0,0.19695109128952026
0,0.17926475405693054
0,0.16653980314731598
0,0.13302142918109894
0,0.12834328413009644
0,0.15946777164936066
0,0.15177619457244873
0,0.17019298672676086
0,0.2068479210138321
0,0.20297889411449432
0,0.15400119125843048
0,0.1052863746881485
0,0.1213693916797638
0,0.11606933921575546
0,0.15172430872917175
0,0.16594667732715607
0,0.11955471336841583
0,0.0695379301905632
0,0.06889121234416962
0,0.09024874120950699
0,0.06911905854940414
0,0.04225287213921547
0,0.02663879282772541
0,0.03254289925098419
0,0.031480640172958374
0,0.046346526592969894
0,0.07989880442619324
0,0.052032362669706345
0,0.04987369850277901
0,0.06802677363157272
0,0.08188652992248535
0,0.08864250779151917
0,0.08872416615486145
0,0.08930099755525589
0,0.09073498845100403
0,0.09076979011297226
0,0.09885319322347641
0,0.10385674983263016
0,0.06201539933681488
0,0.08668803423643112
0,0.10468651354312897
0,0.15079396963119507
0,0.11966048181056976
0,0.06266072392463684
0,0.05178821086883545
0,0.11329156160354614
0,0.09909307956695557
0,0.08102214336395264
0,0.06334463506937027
0,0.05890003219246864
0,0.06006241589784622
0,0.08304794877767563
0,0.11042702943086624
0,0.14771589636802673
0,0.11580745130777359
0,0.09427177906036377
0,0.07517290115356445
0,0.055731285363435745
0,0.05874686315655708
0,0.09681136161088943
0,0.07417304068803787
0,0.0721340924501419
0,0.09060964733362198
0,0.10444945096969604
0,0.12004461884498596
0,0.13995321094989777
0,0.14883899688720703
0,0.18251992762088776
0,0.1932033747434616
0,0.1867564618587494
0,0.19350804388523102
0,0.17783360183238983
0,0.13360539078712463
0,0.12745918333530426
0,0.11752207577228546
0,0.1004023551940918
0,0.10703144967556
0,0.07569468766450882
0,0.05479278787970543
0,0.06923846155405045
0,0.07842671871185303
0,0.06953750550746918
0,0.06348183006048203
0,0.05812886357307434
0,0.12053338438272476
0,0.10147295147180557
0,0.06080663949251175
0,0.07575628906488419
0,0.09609129279851913
0,0.13611195981502533
0,0.14274966716766357
0,0.14418061077594757
0,0.1446196585893631
0,0.10588429868221283
0,0.11362610012292862
0,0.1292140930891037
0,0.1326775848865509
0,0.13975733518600464
0,0.13795410096645355
0,0.1261596530675888
0,0.13130860030651093
0,0.11790163815021515
0,0.1374795287847519
0,0.09869540482759476
0,0.09553506970405579
0,0.07692619413137436
0,0.049337610602378845
0,0.04713040217757225
0,0.09875282645225525
0,0.08278627693653107
0,0.08194388449192047
0,0.10445382446050644
0,0.0494217649102211
0,0.06625037640333176
0,0.06667657196521759
0,0.06396355479955673
0,0.07136833667755127
0,0.08315446227788925
0,0.08939279615879059
0,0.09434916824102402
0,0.14024679362773895
0,0.14682477712631226
0,0.18636395037174225
0,0.22925831377506256
0,0.24039529263973236
0,0.18563584983348846
0,0.13880150020122528
0,0.10311980545520782
0,0.04759843647480011
0,0.04993056878447533
0,0.0662340521812439
0,0.09832547605037689
0,0.11517142504453659
0,0.1454426497220993
0,0.1811155080795288
0,0.21486163139343262
0,0.2198350578546524
0,0.23161648213863373
0,0.22181521356105804
0,0.2270192950963974
0,0.20583277940750122
0,0.18762972950935364
0,0.15270347893238068
0,0.130154088139534
0,0.11954471468925476
0,0.14665934443473816
0,0.18502254784107208
0,0.18900597095489502
0,0.18427039682865143
0,0.19647216796875
0,0.22704972326755524
0,0.2613537311553955
0,0.263518750667572
0,0.2542658746242523
0,0.22405655682086945
0,0.22378212213516235
0,0.22837916016578674
0,0.25370901823043823
0,0.20786917209625244
0,0.16875039041042328
0,0.1457066684961319
0,0.1213701143860817
0,0.13003472983837128
0,0.1250709742307663
0,0.12210725992918015
0,0.12375734746456146
0,0.14205612242221832
0,0.13124971091747284
0,0.13954950869083405
0,0.18452730774879456
0,0.196487694978714
0,0.22853191196918488
0,0.24007219076156616
0,0.25275158882141113
0,0.2808269262313843
0,0.2881896495819092
0,0.26931002736091614
0,0.22521117329597473
0,0.21066954731941223
0,0.17772287130355835
0,0.13789202272891998
0,0.07814192026853561
0,0.08932922780513763
0,0.0224977508187294
0,0.04251527786254883
0,0.05736146122217178
0,0.08588145673274994
0,0.08905351161956787
0,0.13922704756259918
0,0.16677846014499664
0,0.13288237154483795
0,0.1523672491312027
0,0.17251595854759216
0,0.11466658115386963
0,0.10435734689235687
0,0.11670120805501938
0,0.11170383542776108
0,0.0854458138346672
0,0.0779346153140068
0,0.060675762593746185
0,0.05903344601392746
0,0.07630990445613861
0,0.06271705776453018
0,0.025008266791701317
0,0.053828589618206024
0,0.08552639186382294
0,0.07839479297399521
0,0.08891670405864716
0,0.0832696259021759
0,0.11689583212137222
0,0.11117969453334808
0,0.11850695312023163
0,0.1280481517314911
0,0.11463616043329239
0,0.14144514501094818
0,0.1042165458202362
0,0.13908493518829346
0,0.1385463923215866
0,0.1887502372264862
0,0.20452027022838593
0,0.18949516117572784
0,0.1433819681406021
0,0.1242494136095047
0,0.13225100934505463
0,0.14734534919261932
0,0.14836102724075317
0,0.13917703926563263
0,0.13945665955543518
0,0.15826895833015442
0,0.20429915189743042
0,0.23011945188045502
0,0.22113125026226044
0,0.1918133795261383
0,0.2001461684703827
0,0.15472441911697388
0,0.13437075912952423
0,0.11000371724367142
0,0.09821745753288269
0,0.08620625734329224
0,0.06683043390512466
0,0.07769128680229187
0,0.05316988751292229
0,0.03796441853046417
0,0.039332419633865356
0,0.04020068794488907
0,0.06629063934087753
0,0.05465402454137802
0,0.06802438199520111
0,0.08477506041526794
0,0.07860973477363586
0,0.10619822144508362
0,0.14667510986328125
0,0.1474824994802475
0,0.12510494887828827
0,0.14021919667720795
0,0.1245197281241417
0,0.14190556108951569
0,0.13103020191192627
0,0.09067124128341675
0,0.05910055339336395
0,0.0378200002014637
0,0.022189931944012642
0,0.02550419420003891
0,0.037925560027360916
0,0.08301040530204773
0,0.08413003385066986
0,0.08872850239276886
0,0.07767941802740097
0,0.10484740138053894
0,0.0951225757598877
0,0.10521075129508972
0,0.11211586743593216
0,0.13125236332416534
0,0.14471037685871124
0,0.14423568546772003
0,0.1275254637002945
0,0.12234772741794586
0,0.13811784982681274
0,0.16132090985774994
0,0.1790056973695755
0,0.19335994124412537
0,0.16921333968639374
0,0.12288554757833481
0,0.06980083137750626
0,0.027347728610038757
0,0.015698442235589027
0,0.05208580940961838
0,0.08072349429130554
0,0.10897159576416016
0,0.13417306542396545
0,0.14266811311244965
0,0.12374680489301682
0,0.12009580433368683
0,0.09318001568317413
0,0.08012425899505615
0,0.0508454367518425
0,0.05629352480173111
0,0.04379410669207573
0,0.051400862634181976
0,0.09740792214870453
0,0.1282729059457779
0,0.15477336943149567
0,0.15767104923725128
0,0.19107471406459808
0,0.21609441936016083
0,0.24113282561302185
0,0.23124578595161438
0,0.2012271285057068
0,0.22590328752994537
0,0.23060867190361023
0,0.22434723377227783
0,0.20265500247478485
0,0.1781148761510849
0,0.12380227446556091
0,0.07873531430959702
0,0.05240296199917793
0,0.055353619158267975
0,0.08035915344953537
0,0.08904357254505157
0,0.0874846875667572
0,0.09591922909021378
0,0.08159437030553818
0,0.08025416731834412
0,0.08951262384653091
0,0.06266520917415619
0,0.059895265847444534
0,0.07170844823122025
0,0.05630410462617874
0,0.06620028614997864
0,0.08127540349960327
0,0.10213245451450348
0,0.11677006632089615
0,0.17150919139385223
0,0.19404569268226624
0,0.1765674203634262
0,0.1962132304906845
0,0.1765948086977005
0,0.1250215768814087
0,0.08759455382823944
0,0.07527410238981247
0,0.09370965510606766
0,0.08701907843351364
0,0.09202437847852707
0,0.11302197724580765
0,0.10586606711149216
0,0.1437826305627823
0,0.15933728218078613
0,0.18267211318016052
0,0.1135002002120018
0,0.07772886753082275
0,0.09339584410190582
0,0.09686867147684097
0,0.110798180103302
0,0.11400586366653442
0,0.06970711052417755
0,0.080109603703022
0,0.1085597351193428
0,0.12489068508148193
0,0.17087401449680328
0,0.1664808839559555
0,0.16882242262363434
0,0.09915611147880554
0,0.13396751880645752
0,0.18762874603271484
0,0.15704123675823212
0,0.11499208956956863
0,0.08578246086835861
0,0.053165096789598465
0,0.023350868374109268
0,0.05830623209476471
0,0.0375605970621109
0,0.03400746360421181
0,0.04095466434955597
0,0.06429606676101685
0,0.06798207014799118
0,0.07064536958932877
0,0.07702747732400894
0,0.10108603537082672
0,0.07628623396158218
0,0.06603755056858063
0,0.01574358530342579
0,0.03569802641868591
0,0.05454485863447189
0,0.038554199039936066
0,0.0964011624455452
0,0.10268764942884445
0,0.08415019512176514
0,0.0751953125
0,0.062138237059116364
0,0.08345383405685425
0,0.04132905229926109
0,0.07213446497917175
0,0.06469078361988068
0,0.061949439346790314
0,0.07277948409318924
0,0.05337440222501755
0,0.07636462152004242
0,0.0484284982085228
0,0.029601052403450012
0,0.031023964285850525
0,0.040762484073638916
0,0.02552633360028267
0,0.06457170844078064
0,0.052812591195106506
0,0.04303789138793945
0,0.03135356307029724
0,0.05823257565498352
0,0.07313866168260574
0,0.05673050135374069
0,0.07254967838525772
0,0.1112799122929573
0,0.09365735948085785
0,0.09996869415044785
0,0.08098629862070084
0,0.09296724200248718
0,0.10620321333408356
0,0.07625728845596313
0,0.09292011708021164
0,0.09642498940229416
0,0.08326531946659088
0,0.07818601280450821
0,0.11029795557260513
0,0.1085924580693245
0,0.06542377918958664
0,0.09340214729309082
0,0.09695027023553848
0,0.09471459686756134
0,0.07939070463180542
0,0.08356308192014694
0,0.11524990946054459
0,0.10834736377000809
0,0.09912024438381195
0,0.12937170267105103
0,0.11444102227687836
0,0.09750642627477646
0,0.10021816194057465
0,0.12673379480838776
0,0.16254419088363647
0,0.17250514030456543
0,0.12555639445781708
0,0.07498188316822052
0,0.08410994708538055
0,0.10890775918960571
0,0.11421909928321838
0,0.10964787006378174
0,0.09092097729444504
0,0.04605311155319214
0,0.04644579067826271
0,0.1021462082862854
0,0.09312809258699417
0,0.07124505937099457
0,0.11472204327583313
0,0.08552568405866623
0,0.05902553349733353
0,0.0988307073712349
0,0.1382138878107071
0,0.09545401483774185
0,0.050978630781173706
0,0.06070759519934654
0,0.07733407616615295
0,0.07673235237598419
0,0.0953587144613266
0,0.08739766478538513
0,0.09079604595899582
0,0.07715597748756409
0,0.04384632781147957
0,0.048250071704387665
0,0.02592199668288231
0,0.036366645246744156
0,0.0719972550868988
0,0.0865350142121315
0,0.08266393840312958
0,0.10374106466770172
0,0.08039983361959457
0,0.07277777791023254
0,0.08024482429027557
0,0.03851274773478508
0,0.08945849537849426
0,0.10642341524362564
0,0.06901223212480545
0,0.10342277586460114
0,0.09391222149133682
0,0.08057555556297302
0,0.08330060541629791
0,0.05928719788789749
0,0.054587893187999725
0,0.08165290206670761
0,0.08068593591451645
0,0.11424707621335983
0,0.175289124250412
0,0.18754255771636963
0,0.20471985638141632
0,0.21208584308624268
0,0.1842387467622757
0,0.14932675659656525
0,0.13784626126289368
0,0.0887506976723671
0,0.11320017278194427
0,0.107213594019413
0,0.09566588699817657
0,0.09240956604480743
0,0.07783836871385574
0,0.050669386982917786
0,0.03904719650745392
0,0.046401675790548325
0,0.06903484463691711
0,0.051909588277339935
0,0.0513506755232811
0,0.009290819056332111
0,0.06162875518202782
0,0.030318547040224075
0,0.08829663693904877
0,0.12006430327892303
0,0.10761207342147827
0,0.06799325346946716
0,0.08874516189098358
0,0.08451034128665924
0,0.07121534645557404
0,0.07180104404687881
0,0.08457735925912857
0,0.05977840721607208
0,0.10748614370822906
0,0.14149650931358337
0,0.14791083335876465
0,0.11827574670314789
0,0.1461772322654724
0,0.13464291393756866
0,0.13449059426784515
0,0.10035575181245804
0,0.09758266806602478
0,0.11708883196115494
0,0.13091619312763214
0,0.1441045105457306
0,0.086661696434021
0,0.08166414499282837
0,0.07696381211280823
0,0.07325537502765656
0,0.07870745658874512
0,0.05299735069274902
0,0.013573963195085526
0,0.03632209450006485
0,0.042608652263879776
0,0.04702608659863472
0,0.02077997848391533
0,0.051433123648166656
0,0.04444090649485588
0,0.04820742458105087
0,0.02826106734573841
0,0.05941526219248772
0,0.03746918961405754
0,0.014036763459444046
0,0.023749226704239845
0,0.03908257186412811
0,0.03752339258790016
0,0.03720882534980774
0,0.03999694064259529
0,0.06826774775981903
0,0.04374023526906967
0,0.05068966746330261
0,0.07721520215272903
0,0.0510789155960083
0,0.05709702894091606
0,0.08943561464548111
0,0.09812041372060776
0,0.11891640722751617
0,0.1459936946630478
0,0.149050772190094
0,0.13016243278980255
0,0.1332935094833374
0,0.12873245775699615
0,0.15498146414756775
0,0.1628815084695816
0,0.13510267436504364
1,0.1275510936975479
1,0.15561623871326447
1,0.2267070710659027
1,0.2936193346977234
1,0.3836333453655243
1,0.49545639753341675
1,0.6453861594200134
1,0.6637775897979736
1,0.6626505255699158
1,0.6616170406341553
1,0.6610150337219238
1,0.6463936567306519
1,0.6488441228866577
1,0.6469996571540833
1,0.6502218842506409
1,0.6483784914016724
1,0.6475174427032471
1,0.6487711071968079
1,0.6479647159576416
1,0.6579877138137817
1,0.6501237154006958
1,0.6446065902709961
1,0.6518900394439697
1,0.6512874364852905
1,0.651913583278656
1,0.6477141380310059
1,0.652149498462677
1,0.6472594141960144
1,0.6606992483139038
1,0.653606653213501
1,0.6567779779434204
1,0.6558060646057129
1,0.6505556106567383
1,0.6512037515640259
1,0.653191328048706
1,0.653302013874054
1,0.6228152513504028
1,0.6126298904418945
1,0.6220771074295044
1,0.6224219799041748
1,0.6225069761276245
1,0.6240072250366211
1,0.6240174174308777
1,0.6195201873779297
1,0.6431498527526855
1,0.6464322805404663
1,0.6485067009925842
1,0.6466354727745056
1,0.6445513963699341
1,0.6498557329177856
1,0.6514599919319153
1,0.6521125435829163
1,0.6514559984207153
1,0.6631285548210144
1,0.6619486808776855
1,0.6489152908325195
1,0.6456936597824097
1,0.6361279487609863
1,0.6358357667922974
1,0.6374402046203613
1,0.6342476606369019
1,0.6177939772605896
1,0.5358062982559204
1,0.4714590907096863
1,0.29163801670074463
1,0.20550158619880676
1,0.12317220866680145
1,0.08842460811138153
1,0.0901385247707367
1,0.10167145729064941
1,0.17765212059020996
1,0.2350810170173645
1,0.37954869866371155
1,0.4982680678367615
1,0.6237583160400391
1,0.6612693071365356
1,0.6595165133476257
1,0.657400369644165
1,0.6612520217895508
1,0.6625875234603882
1,0.6594067215919495
1,0.6633737087249756
1,0.6614791750907898
1,0.6644079685211182
1,0.662432074546814
1,0.6648897528648376
1,0.6652169823646545
1,0.6619876623153687
1,0.6624529361724854
1,0.6619424819946289
1,0.6435998678207397
1,0.6487243175506592
1,0.6437596082687378
1,0.6473537683486938
1,0.6464755535125732
1,0.6489566564559937
1,0.6479009389877319
1,0.6514270305633545
1,0.6614871025085449
1,0.661296546459198
1,0.6622353196144104
1,0.6611455678939819
1,0.6499831676483154
1,0.6551417112350464
1,0.6509975790977478
1,0.6524377465248108
1,0.6480723023414612
1,0.6497840881347656
1,0.6456992626190186
1,0.6446508169174194
1,0.6548622846603394
1,0.6546196937561035
1,0.6384896039962769
1,0.6423897743225098
1,0.6425303220748901
1,0.6330050230026245
1,0.6346100568771362
1,0.6362245082855225
1,0.6383692026138306
1,0.634255051612854
1,0.6500037908554077
1,0.6493191123008728
1,0.6489999294281006
1,0.6593373417854309
1,0.6571123600006104
1,0.6532231569290161
1,0.658677875995636
1,0.6541129350662231
1,0.656983494758606
1,0.6586525440216064
1,0.5207900404930115
1,0.42606574296951294
1,0.2872157692909241
1,0.22469836473464966
1,0.14811722934246063
1,0.06853756308555603
1,0.018705468624830246
0,0.045272346585989
0,0.04795566573739052
0,0.0842614471912384
0,0.03956175595521927
1,0.04920348897576332
1,0.06531678885221481
1,0.14276644587516785
1,0.25603121519088745
1,0.33404502272605896
1,0.3761674761772156
1,0.5485726594924927
1,0.5767136812210083
1,0.5775331854820251
1,0.5883018970489502
1,0.5947296023368835
1,0.5864604711532593
1,0.6020911335945129
1,0.5894294381141663
1,0.6007602214813232
1,0.6414381265640259
1,0.6439411044120789
1,0.6287474632263184
1,0.6167392730712891
1,0.6218476891517639
1,0.626342236995697
1,0.6381245851516724
1,0.6355949640274048
1,0.6282456517219543
1,0.6065783500671387
1,0.61057448387146
1,0.6253849864006042
1,0.6273848414421082
1,0.6098962426185608
1,0.6045159101486206
1,0.6023629903793335
1,0.6112503409385681
1,0.613441526889801
1,0.6402711868286133
1,0.640454888343811
1,0.6409336924552917
1,0.6510714292526245
1,0.6611596345901489
1,0.6476953625679016
1,0.6452769041061401
1,0.6469189524650574
1,0.6462188363075256
1,0.6440604329109192
1,0.6445222496986389
1,0.6277155876159668
1,0.6452929377555847
1,0.6520112156867981
1,0.650665283203125
1,0.638885498046875
1,0.6423009634017944
1,0.6416219472885132
1,0.6428148746490479
1,0.6405858397483826
1,0.6292259097099304
1,0.6004256010055542
1,0.6006290316581726
1,0.61834716796875
1,0.604123592376709
1,0.6110093593597412
1,0.6119998693466187
1,0.6030871272087097
1,0.6101499795913696
1,0.6407448053359985
1,0.6130958199501038
1,0.6100705862045288
1,0.44246816635131836
1,0.3117624819278717
1,0.2197939157485962
1,0.13489443063735962
1,0.0777992382645607
0,0.0675213560461998
0,0.06354665011167526
0,0.08756111562252045
0,0.0723789781332016
0,0.05021579936146736
0,0.05801031365990639
0,0.056503262370824814
0,0.05051957070827484
0,0.04097888246178627
0,0.07472746819257736
0,0.0707198977470398
0,0.043966345489025116
0,0.04585318639874458
0,0.061145614832639694
0,0.06946121901273727
0,0.06080298498272896
0,0.055753618478775024
0,0.04852443188428879
0,0.019690299406647682
0,0.07981941103935242
0,0.12018310278654099
0,0.13297903537750244
1,0.0915384367108345
1,0.10845685750246048
1,0.13888712227344513
1,0.1781928390264511
1,0.25894200801849365
1,0.3924046456813812
1,0.4903019368648529
1,0.5847508311271667
1,0.5781877040863037
1,0.5836319327354431
1,0.6163145303726196
1,0.6590451002120972
1,0.6578435301780701
1,0.6588655114173889
1,0.6609538197517395
1,0.6613200902938843
1,0.6574190855026245
1,0.660507082939148
1,0.6612377166748047
1,0.6569796800613403
1,0.6574445962905884
1,0.6599925756454468
1,0.6465538740158081
1,0.6510196924209595
1,0.6512412428855896
1,0.6489886045455933
1,0.6491286754608154
1,0.6498152613639832
1,0.6314055323600769
1,0.6411360502243042
1,0.6471495032310486
1,0.6511997580528259
1,0.6503598690032959
1,0.6454578638076782
1,0.6518641114234924
1,0.6511132717132568
1,0.6625296473503113
1,0.660219669342041
1,0.6494852304458618
1,0.6518700122833252
1,0.6529667973518372
1,0.6523855924606323
1,0.6522414684295654
1,0.6469683647155762
1,0.6485195755958557
1,0.6478164196014404
1,0.6518387198448181
1,0.6538702249526978
1,0.6551922559738159
1,0.6551006436347961
1,0.6530691385269165
1,0.6538206338882446
1,0.6526832580566406
1,0.6554805040359497
1,0.6530731916427612
1,0.6557762622833252
1,0.6570640206336975
1,0.6559288501739502
1,0.6538623571395874
1,0.6482234001159668
1,0.6446149349212646
1,0.6443124413490295
1,0.6470488905906677
1,0.5369495153427124
1,0.4421493411064148
1,0.391061007976532
1,0.23330804705619812
1,0.179531067609787
1,0.12597545981407166
1,0.12217673659324646
0,0.1352258026599884
0,0.12091448158025742
0,0.13293182849884033
0,0.13265828788280487
0,0.16499947011470795
0,0.13974876701831818
0,0.07588691264390945
0,0.04229636862874031
0,0.05854698270559311
0,0.06002308428287506
0,0.060842178761959076
0,0.055387020111083984
0,0.07805024832487106
0,0.07108820974826813
0,0.06290795654058456
0,0.06894567608833313
0,0.060262590646743774
0,0.08750014007091522
0,0.13895317912101746
0,0.1330830603837967
0,0.17756575345993042
0,0.14822009205818176
1,0.0846235603094101
1,0.06235656142234802
1,0.12168849259614944
1,0.2209313064813614
1,0.3471735119819641
1,0.37669554352760315
1,0.5194833874702454
1,0.6633903384208679
1,0.6617603302001953
1,0.6652434468269348
1,0.6651304364204407
1,0.6639745831489563
1,0.6562130451202393
1,0.6567314863204956
1,0.6516560316085815
1,0.6546724438667297
1,0.6558241248130798
1,0.6548054218292236
1,0.6545313000679016
1,0.6453565359115601
1,0.6563904881477356
1,0.6610001921653748
1,0.6606385707855225
1,0.6586079597473145
1,0.6610293388366699
1,0.6605122089385986
1,0.6535887122154236
1,0.6591247320175171
1,0.6572784185409546
1,0.6571140289306641
1,0.6573588252067566
1,0.6588011980056763
1,0.6603298187255859
1,0.6609653830528259
1,0.6614808440208435
1,0.6611347198486328
1,0.6609891653060913
1,0.6644923090934753
1,0.6587641835212708
1,0.6561330556869507
1,0.6596924662590027
1,0.6550586223602295
1,0.6449549198150635
1,0.651157021522522
1,0.6470070481300354
1,0.6494506597518921
1,0.6492114067077637
1,0.64734947681427
1,0.6454810500144958
1,0.6485889554023743
1,0.6572173833847046
1,0.6561986804008484
1,0.6564273834228516
1,0.65355384349823
1,0.6589398384094238
1,0.6576718091964722
1,0.6594438552856445
1,0.6593314409255981
1,0.6592605710029602
1,0.6613650321960449
1,0.6607840657234192
1,0.6618379354476929
1,0.5636776089668274
1,0.4741288125514984
1,0.37994539737701416
1,0.3063751757144928
1,0.23787729442119598
1,0.17730987071990967
1,0.14972397685050964
0,0.1529199331998825
1,0.13686737418174744
1,0.120769202709198
1,0.13431772589683533
1,0.19833607971668243
1,0.28777164220809937
1,0.39174795150756836
1,0.5397249460220337
1,0.6288822889328003
1,0.6576729416847229
1,0.6621107459068298
1,0.6627790331840515
1,0.6609445214271545
1,0.6451831459999084
1,0.6529873609542847
1,0.6353775262832642
1,0.6374017000198364
1,0.6395216584205627
1,0.6358603239059448
1,0.6341458559036255
1,0.6330917477607727
1,0.645113468170166
1,0.6458308100700378
1,0.6529227495193481
1,0.6516032218933105
1,0.6545937061309814
1,0.6548789739608765
1,0.6541762948036194
1,0.6544176340103149
1,0.6551039218902588
1,0.6590422987937927
1,0.6535375714302063
1,0.6567040085792542
1,0.6587626934051514
1,0.6586977243423462
1,0.6582195162773132
1,0.6576746106147766
1,0.657554030418396
1,0.6598380208015442
1,0.6605773568153381
1,0.6612155437469482
1,0.6602356433868408
1,0.661201000213623
1,0.6614882946014404
1,0.6611135005950928
1,0.6588461399078369
1,0.6593995690345764
1,0.6606355905532837
1,0.6591880917549133
1,0.6589857339859009
1,0.6604596972465515
1,0.6607901453971863
1,0.6608314514160156
1,0.663429856300354
1,0.6646730899810791
1,0.6652724146842957
1,0.6624751687049866
1,0.6623053550720215
1,0.6629009246826172
1,0.6592128276824951
1,0.6625543832778931
1,0.6592084765434265
1,0.6591664552688599
1,0.6499069333076477
1,0.5198132991790771
1,0.4349771738052368
1,0.3237836956977844
1,0.25509214401245117
1,0.22425132989883423
1,0.23687304556369781
1,0.23940542340278625
1,0.24156686663627625
1,0.2891993522644043
1,0.3295232653617859
1,0.4164290428161621
1,0.49501997232437134
1,0.6075550317764282
1,0.661682665348053
1,0.6583719849586487
1,0.6480616331100464
1,0.6440837979316711
1,0.6472336649894714
1,0.646765410900116
1,0.6440503597259521
1,0.6434296369552612
1,0.6475192904472351
1,0.6425155401229858
1,0.6509574055671692
1,0.6583572626113892
1,0.6553617715835571
1,0.655081033706665
1,0.6571125388145447
1,0.6512267589569092
1,0.6541970372200012
1,0.6568247675895691
1,0.6437687277793884
1,0.6487232446670532
1,0.6381580233573914
1,0.642540454864502
1,0.6419541835784912
1,0.6427299976348877
1,0.6405521035194397
1,0.6399248242378235
1,0.6490868926048279
1,0.6463609933853149
1,0.6566298604011536
1,0.6581796407699585
1,0.6583285331726074
1,0.6579691171646118
1,0.6584700345993042
1,0.6589688062667847
1,0.6582304239273071
1,0.6603546738624573
1,0.659095048904419
1,0.6614051461219788
1,0.6639469265937805
1,0.6623738408088684
1,0.6646672487258911
1,0.6646050810813904
1,0.6596527695655823
1,0.6599201560020447
1,0.6522296667098999
1,0.6539952754974365
1,0.6531036496162415
1,0.650493860244751
1,0.6499127149581909
1,0.6507395505905151
1,0.657371461391449
1,0.6557371616363525
1,0.6526165008544922
1,0.6563252210617065
1,0.6563369035720825
1,0.5859823226928711
1,0.45431819558143616
1,0.3372097909450531
1,0.22741220891475677
1,0.19721540808677673
1,0.20541658997535706
1,0.20717984437942505
1,0.21016773581504822
1,0.26011162996292114
1,0.37888190150260925
1,0.505403459072113
1,0.610660195350647
1,0.6603422164916992
1,0.6584063172340393
1,0.6591640114784241
1,0.6585944294929504
1,0.6589846014976501
1,0.6560879945755005
1,0.6593974232673645
1,0.6595720052719116
1,0.6554586887359619
1,0.6554333567619324
1,0.6588701009750366
1,0.658888578414917
1,0.660804808139801
1,0.6603297591209412
1,0.6611722111701965
1,0.6620932817459106
1,0.6631617546081543
1,0.6622997522354126
1,0.6415296792984009
1,0.6537990570068359
1,0.6491531133651733
1,0.6507159471511841
1,0.6488996744155884
1,0.6506502628326416
1,0.6484184265136719
1,0.6490576267242432
1,0.6554850935935974
1,0.6559820771217346
1,0.6581978797912598
1,0.6581923961639404
1,0.6574850082397461
1,0.6570380926132202
1,0.658566415309906
1,0.6589506268501282
1,0.6578264832496643
1,0.6427280306816101
1,0.64823317527771
1,0.6470794677734375
1,0.6452248096466064
1,0.6442884802818298
1,0.6457249522209167
1,0.6487845778465271
1,0.6467698812484741
1,0.6598235368728638
1,0.6601459383964539
1,0.6608620285987854
1,0.6624444723129272
1,0.6585423946380615
1,0.6604858040809631
1,0.6518027782440186
1,0.6488543152809143
1,0.6493625640869141
1,0.6492773294448853
1,0.6508712768554688
1,0.6501843929290771
1,0.5804938077926636
1,0.4919780194759369
1,0.36863481998443604
1,0.3541395664215088
1,0.3566639721393585
1,0.3565112352371216
1,0.35747307538986206
1,0.3465733826160431
1,0.43157219886779785
1,0.5019906759262085
1,0.6404072642326355
1,0.6638747453689575
1,0.6558292508125305
1,0.6599215865135193
1,0.6579738259315491
1,0.6587585806846619
1,0.6584267616271973
1,0.6585404276847839
1,0.6598140001296997
1,0.6564605832099915
1,0.6573237180709839
1,0.6580944061279297
1,0.658143162727356
1,0.6551495790481567
1,0.6572010517120361
1,0.6543515920639038
1,0.6572166085243225
1,0.6595315933227539
1,0.6586868166923523
1,0.6591775417327881
1,0.659896194934845
1,0.6609392166137695
1,0.6575663089752197
1,0.6552721261978149
1,0.656825065612793
1,0.6554785370826721
1,0.6362569332122803
1,0.6444302201271057
1,0.6435973644256592
1,0.6449375152587891
1,0.6458780169487
1,0.6362816691398621
1,0.6418424844741821
1,0.6415011286735535
1,0.652409553527832
1,0.6519893407821655
1,0.6519613265991211
1,0.6494190692901611
1,0.6491254568099976
1,0.655454695224762
1,0.6556326150894165
1,0.6543648838996887
1,0.6589117050170898
1,0.6607396602630615
1,0.6616301536560059
1,0.661601185798645
1,0.6585124731063843
1,0.6643691062927246
1,0.6620147824287415
1,0.6607016324996948
1,0.6606274843215942
1,0.66090989112854
1,0.6624872088432312
1,0.6558969020843506
1,0.6567632555961609
1,0.6560350656509399
1,0.5150101184844971
1,0.4214244782924652
1,0.2940447926521301
1,0.1880338191986084
1,0.09990871697664261
1,0.039175670593976974
0,0.024923961609601974
0,0.04556507244706154
0,0.0675559863448143
0,0.06275016069412231
0,0.05261193588376045
0,0.03464634716510773
0,0.06049567088484764
0,0.0801750048995018
0,0.12884850800037384
0,0.16158726811408997
0,0.17075902223587036
0,0.19632557034492493
0,0.17696179449558258
0,0.1758120357990265
0,0.12773767113685608
0,0.1119028776884079
0,0.09857767820358276
0,0.07970461249351501
0,0.07373015582561493
0,0.06909900903701782
0,0.0805438682436943
0,0.08624450117349625
0,0.1390143632888794
0,0.10412610322237015
0,0.10188832134008408
0,0.09797011315822601
0,0.0786878764629364
0,0.08457797020673752
0,0.06888268142938614
0,0.07802881300449371
0,0.09248364716768265
0,0.07994509488344193
1,0.1149369329214096
1,0.19545969367027283
1,0.21961885690689087
1,0.34288835525512695
1,0.39637142419815063
1,0.47122281789779663
1,0.603721022605896
1,0.6604893207550049
1,0.6593959331512451
1,0.6519494652748108
1,0.65784752368927
1,0.6574648022651672
1,0.6379485726356506
1,0.6412299871444702
1,0.6357161998748779
1,0.6297607421875
1,0.621612548828125
1,0.6321569681167603
1,0.636843740940094
1,0.6254042983055115
1,0.6571334600448608
1,0.6589670777320862
1,0.6547412872314453
1,0.6608560085296631
1,0.6555042266845703
1,0.6453902125358582
1,0.655682384967804
1,0.6546499133110046
1,0.647459864616394
1,0.6448854804039001
1,0.6521629095077515
1,0.6386803984642029
1,0.6509186625480652
1,0.6498639583587646
1,0.6504203081130981
1,0.6455455422401428
1,0.6496168375015259
1,0.6390243768692017
1,0.6468804478645325
1,0.6511825323104858
1,0.6522398591041565
1,0.6571808457374573
1,0.6584277153015137
1,0.662289023399353
1,0.6678024530410767
1,0.6587141752243042
1,0.6585662364959717
1,0.6560128927230835
1,0.6479708552360535
1,0.6518514156341553
1,0.6531945466995239
1,0.6506683826446533
1,0.6484283208847046
1,0.6600629091262817
1,0.6624229550361633
1,0.6526739001274109
1,0.6544076800346375
1,0.651797354221344
1,0.6551833152770996
1,0.654431939125061
1,0.6525614857673645
1,0.6575311422348022
1,0.6563339829444885
1,0.6278111934661865
1,0.6150462031364441
1,0.40056923031806946
1,0.2743658423423767
1,0.1796669363975525
1,0.12108198553323746
1,0.09457135945558548
0,0.12880904972553253
0,0.19942381978034973
0,0.27762845158576965
0,0.2715347111225128
0,0.24597178399562836
0,0.20302262902259827
0,0.19017814099788666
0,0.17902220785617828
0,0.16826319694519043
0,0.12580999732017517
0,0.0979074016213417
0,0.07878293097019196
0,0.026517175137996674
0,0.023499026894569397
1,0.03332339972257614
1,0.12354149669408798
1,0.2087719887495041
1,0.2922692596912384
1,0.3702050745487213
1,0.48950156569480896
1,0.5395808815956116
1,0.6559405326843262
1,0.6577414274215698
1,0.6558846831321716
1,0.6584504246711731
1,0.6616677641868591
1,0.6633971333503723
1,0.6663472056388855
1,0.6641326546669006
1,0.6594199538230896
1,0.6439035534858704
1,0.6587534546852112
1,0.6552489995956421
1,0.6520881652832031
1,0.6409075260162354
1,0.6445430517196655
1,0.6442471742630005
1,0.6416307091712952
1,0.6453266143798828
1,0.6466213464736938
1,0.644646942615509
1,0.6506176590919495
1,0.6570322513580322
1,0.6589354872703552
1,0.6596865057945251
1,0.6595271825790405
1,0.6553786993026733
1,0.6513800621032715
1,0.6548014879226685
1,0.658510148525238
1,0.6592057943344116
1,0.6552947759628296
1,0.6592625975608826
1,0.6451736688613892
1,0.6547859311103821
1,0.6536855697631836
1,0.6490926742553711
1,0.6534662246704102
1,0.6556395888328552
1,0.6518088579177856
1,0.6525397300720215
1,0.6514151096343994
1,0.649284303188324
1,0.6526541113853455
1,0.6517848372459412
1,0.653662919998169
1,0.6532602310180664
1,0.6496761441230774
1,0.6541204452514648
1,0.6632435321807861
1,0.6584316492080688
1,0.6656221151351929
1,0.6645110845565796
1,0.6679903864860535
1,0.6623912453651428
1,0.6492749452590942
1,0.6507376432418823
1,0.5830836892127991
1,0.5404047966003418
1,0.37471380829811096
1,0.3751453757286072
1,0.30618342757225037
1,0.16887827217578888
1,0.0996474102139473
0,0.06506053358316422
0,0.08496998250484467
0,0.09904496371746063
0,0.1252303570508957
0,0.12332449853420258
0,0.15428708493709564
0,0.15512429177761078
0,0.1627761274576187
0,0.17253410816192627
0,0.20008961856365204
0,0.2073080688714981
0,0.16891568899154663
0,0.11851257085800171
0,0.09228447079658508
0,0.08504501730203629
0,0.07952471077442169
0,0.0804973766207695
0,0.09626229852437973
0,0.12465889751911163
0,0.12060551345348358
0,0.1317366510629654
0,0.09151660650968552
0,0.08874405920505524
0,0.09132445603609085
0,0.10201267153024673
0,0.08568815141916275
0,0.09890694171190262
0,0.1343134641647339
0,0.14613701403141022
0,0.15528170764446259
0,0.13752664625644684
0,0.14195020496845245
0,0.12998473644256592
0,0.14316071569919586
0,0.14254042506217957
0,0.12797856330871582
0,0.18375103175640106
0,0.2045455425977707
0,0.18602314591407776
0,0.14187946915626526
0,0.15500149130821228
0,0.15735363960266113
0,0.1026260182261467
0,0.0709054172039032
0,0.06201853230595589
0,0.06223320588469505
0,0.06863263994455338
0,0.056143999099731445
0,0.04204484075307846
0,0.08405013382434845
0,0.06171621009707451
0,0.040418703109025955
0,0.0353429839015007
0,0.008581219241023064
0,0.02872188575565815
0,0.04646436125040054
0,0.07841344177722931
0,0.08421603590250015
0,0.09087119996547699
0,0.040802814066410065
0,0.05797762796282768
0,0.04362085834145546
0,0.05451102927327156
0,0.03819330036640167
0,0.02436785399913788
0,0.032539498060941696
0,0.03138691559433937
0,0.06199976056814194
0,0.08962807059288025
0,0.1135924682021141
0,0.16538234055042267
0,0.21088941395282745
0,0.19861091673374176
0,0.17719686031341553
0,0.22639253735542297
0,0.21898682415485382
0,0.2543438971042633
0,0.24201412498950958
0,0.25729453563690186
0,0.2876403331756592
0,0.1918407380580902
0,0.20589332282543182
0,0.17947743833065033
0,0.15625275671482086
0,0.15341193974018097
0,0.21756574511528015
0,0.2070092260837555
0,0.24832196533679962
0,0.2747541666030884
0,0.34956851601600647
0,0.42831242084503174
0,0.3875567615032196
0,0.4098670482635498
0,0.3889335095882416
0,0.35891085863113403
0,0.3765392601490021
0,0.4356808662414551
0,0.3881677985191345
0,0.38098394870758057
0,0.31362593173980713
0,0.2580370008945465
0,0.26082921028137207
0,0.30909615755081177
0,0.21929365396499634
0,0.2179328352212906
0,0.24625664949417114
0,0.2373492419719696
0,0.3010811507701874
0,0.35143518447875977
0,0.33743196725845337
0,0.35903432965278625
0,0.41007041931152344
0,0.39291155338287354
0,0.4064738154411316
0,0.339763879776001
0,0.2693597674369812
0,0.23226983845233917
0,0.20071443915367126
0,0.1614532619714737
0,0.14842213690280914
0,0.1125713661313057
0,0.11254531145095825
0,0.09900376200675964
0,0.06310328841209412
0,0.06554850935935974
0,0.08992590755224228
0,0.06390330940485
0,0.05099771171808243
0,0.05374762788414955
0,0.04971044883131981
0,0.0494496189057827
0,0.09474053233861923
0,0.08651518076658249
0,0.06379662454128265
0,0.06668185442686081
0,0.052016690373420715
0,0.0676618367433548
0,0.06932149827480316
0,0.0591021291911602
0,0.07090580463409424
0,0.06518713384866714
0,0.08990901708602905
0,0.10164515674114227
0,0.09629300981760025
0,0.08777371048927307
0,0.10671405494213104
0,0.1119808554649353
0,0.10957171767950058
0,0.09259182959794998
0,0.050894543528556824
0,0.055846285074949265
0,0.07079073786735535
0,0.04207734763622284
0,0.10821414738893509
0,0.13205935060977936
0,0.16073906421661377
0,0.12037182599306107
0,0.09456077963113785
0,0.11317358165979385
0,0.13292720913887024
0,0.15366396307945251
0,0.13615189492702484
0,0.08976715803146362
0,0.09314257651567459
0,0.10165363550186157
0,0.12816870212554932
0,0.1127016469836235
0,0.11696279793977737
0,0.14300978183746338
0,0.10695569217205048
0,0.09871124476194382
0,0.10235713422298431
0,0.12565487623214722
0,0.12644140422344208
0,0.14685513079166412
0,0.15576744079589844
0,0.1577264666557312
0,0.16342002153396606
0,0.16806316375732422
0,0.2094561904668808
0,0.20922733843326569
0,0.20920555293560028
0,0.20058126747608185
0,0.20106154680252075
0,0.2119290828704834
0,0.2566158175468445
0,0.3400878310203552
0,0.32113540172576904
0,0.24501287937164307
0,0.21902914345264435
0,0.21487942337989807
0,0.20387886464595795
0,0.19809719920158386
0,0.12840640544891357
0,0.11050444096326828
0,0.09501596540212631
0,0.09353622049093246
0,0.06667371839284897
0,0.07309470325708389
0,0.08802389353513718
0,0.11458156257867813
0,0.11052490770816803
0,0.10482992231845856
0,0.09736211597919464
0,0.07213904708623886
0,0.0535987950861454
0,0.06108469516038895
0,0.0754503533244133
0,0.1169968768954277
0,0.1395540088415146
0,0.17730064690113068
0,0.1386454999446869
0,0.0905221551656723
0,0.0866188034415245
0,0.05781896412372589
0,0.04804939031600952
0,0.0483633354306221
0,0.06352347135543823
0,0.10379937291145325
0,0.10728003084659576
0,0.0918700098991394
0,0.11467171460390091
0,0.0825023278594017
0,0.10907942056655884
0,0.06857507675886154
0,0.08489187061786652
0,0.06832258403301239
0,0.06424648314714432
0,0.0784241184592247
0,0.10372189432382584
0,0.08466453105211258
0,0.08541805297136307
0,0.08047936856746674
0,0.10369586944580078
0,0.06107812374830246
0,0.0670434907078743
0,0.07465355098247528
0,0.0783059224486351
0,0.10794719308614731
0,0.12676963210105896
0,0.11777646094560623
0,0.13957712054252625
0,0.1313534528017044
0,0.12882362306118011
0,0.10999957472085953
0,0.07931076735258102
0,0.09810668230056763
0,0.09542320668697357
0,0.1011897549033165
0,0.10773544758558273
0,0.10576348751783371
0,0.10115493088960648
0,0.12034418433904648
0,0.13291756808757782
0,0.11578255146741867
0,0.10750611871480942
0,0.10756240040063858
0,0.08592434227466583
0,0.07908740639686584
0,0.06748327612876892
0,0.05495751276612282
0,0.04599473625421524
0,0.0846824198961258
0,0.12179925292730331
0,0.11252596974372864
0,0.16215407848358154
0,0.2061799019575119
0,0.23157015442848206
0,0.22507983446121216
0,0.21737006306648254
0,0.2206081598997116
0,0.1717657893896103
0,0.13945500552654266
0,0.11447717249393463
0,0.09825469553470612
0,0.0788978859782219
0,0.07154127955436707
0,0.0719633474946022
0,0.09586180746555328
0,0.11533274501562119
0,0.12937332689762115
0,0.14477741718292236
0,0.1712053418159485
0,0.20264586806297302
0,0.17627058923244476
0,0.1514585316181183
0,0.13079221546649933
0,0.1263602375984192
0,0.10584405809640884
0,0.09189415723085403
0,0.06399257481098175
0,0.0716959610581398
0,0.09716607630252838
0,0.09864867478609085
0,0.08028656989336014
0,0.06391418725252151
0,0.07540970295667648
0,0.07698866724967957
0,0.07317065447568893
0,0.10654594749212265
0,0.14670784771442413
0,0.12858375906944275
0,0.12583917379379272
0,0.16154010593891144
0,0.1642625480890274
0,0.21347719430923462
0,0.23517687618732452
0,0.2572476267814636
0,0.23368331789970398
0,0.22825761139392853
0,0.17952999472618103
0,0.1545560508966446
0,0.10314761102199554
0,0.05604444444179535
0,0.04118172451853752
0,0.051390960812568665
0,0.09436506778001785
0,0.0994824692606926
0,0.09388448297977448
0,0.098920539021492
0,0.12077417224645615
0,0.1214539036154747
0,0.07641737908124924
0,0.06590241938829422
0,0.08501917123794556
0,0.0775919109582901
0,0.08889248222112656
0,0.07746025174856186
0,0.09888250380754471
0,0.09342772513628006
0,0.10716168582439423
0,0.07704287767410278
0,0.08955510705709457
0,0.1090424656867981
0,0.08972103893756866
0,0.06461366266012192
0,0.07116884738206863
0,0.08999001979827881
0,0.08282580971717834
0,0.08566924929618835
0,0.11183049529790878
0,0.0649988055229187
0,0.04586511105298996
0,0.06981723755598068
0,0.05641186237335205
0,0.061640385538339615
0,0.06716649979352951
0,0.07991428673267365
0,0.09128665924072266
0,0.11424520611763
0,0.1372508555650711
0,0.18678858876228333
0,0.26085996627807617
0,0.2419092059135437
0,0.17260544002056122
0,0.14524172246456146
0,0.10878223180770874
0,0.10197151452302933
0,0.10835641622543335
0,0.10460566729307175
0,0.08808485418558121
0,0.10518325120210648
0,0.1360672265291214
0,0.1631929576396942
0,0.24510793387889862
0,0.23525391519069672
0,0.19128531217575073
0,0.12098821252584457
0,0.13709846138954163
0,0.12806041538715363
0,0.13977836072444916
0,0.16837498545646667
0,0.14282654225826263
0,0.14494997262954712
0,0.15527993440628052
0,0.13478238880634308
0,0.1423998773097992
0,0.11750943958759308
0,0.10129553079605103
0,0.0591142512857914
0,0.014065587893128395
0,0.03578599542379379
0,0.032695189118385315
0,0.03738025203347206
0,0.04568007215857506
0,0.03360208496451378
0,0.016012031584978104
0,0.0454435721039772
0,0.059791579842567444
0,0.08224844187498093
0,0.06541261076927185
0,0.07688260078430176
0,0.03938216343522072
0,0.05811883136630058
0,0.044118206948041916
0,0.07450859993696213
0,0.053022753447294235
0,0.06933526694774628
0,0.06729485094547272
0,0.048800352960824966
0,0.05090334266424179
0,0.03947094455361366
0,0.05464901030063629
0,0.08028806746006012
0,0.08123784512281418
0,0.11826395243406296
0,0.14523904025554657
0,0.1512565314769745
0,0.18502330780029297
0,0.15222223103046417
0,0.09210500866174698
0,0.05415380746126175
0,0.046367909759283066
0,0.07109576463699341
0,0.09549298137426376
0,0.09961116313934326
0,0.12571163475513458
0,0.16191045939922333
0,0.10787144303321838
0,0.08393283933401108
0,0.11706170439720154
0,0.12069240212440491
0,0.15426693856716156
0,0.1887374073266983
0,0.17212721705436707
0,0.15585528314113617
0,0.17950721085071564
0,0.180040642619133
0,0.1720939725637436
0,0.13968653976917267
0,0.1461792141199112
0,0.15473365783691406
0,0.18909449875354767
0,0.14243918657302856
0,0.18033026158809662
0,0.21935200691223145
0,0.17598816752433777
0,0.15704943239688873
0,0.14189688861370087
0,0.09563340991735458
0,0.07227408140897751
0,0.10809746384620667
0,0.07791944593191147
0,0.03833119943737984
0,0.07136017084121704
0,0.07483591884374619
0,0.05898226052522659
0,0.07350919395685196
0,0.05661013722419739
0,0.055934954434633255
0,0.07274192571640015
0,0.08188540488481522
0,0.09764893352985382
0,0.1091880276799202
0,0.07076853513717651
0,0.0768895074725151
0,0.09870371222496033
0,0.10395949333906174
0,0.08883777260780334
0,0.06322031468153
0,0.048169903457164764
0,0.06448780745267868
0,0.11906547099351883
0,0.11031511425971985
0,0.17175275087356567
0,0.22020241618156433
0,0.27454760670661926
0,0.27664947509765625
0,0.2751059830188751
0,0.2860928475856781
0,0.2524724304676056
0,0.2674075961112976
0,0.23137393593788147
0,0.1608445793390274
0,0.14454388618469238
0,0.11208432912826538
0,0.12589186429977417
0,0.09750255197286606
0,0.11854095011949539
0,0.11570820212364197
0,0.10533017665147781
0,0.11451909691095352
0,0.07545610517263412
0,0.06596576422452927
0,0.0700543001294136
0,0.08915829658508301
0,0.0686175748705864
0,0.06441033631563187
0,0.053739700466394424
0,0.07344420254230499
0,0.04668179154396057
0,0.0588100403547287
0,0.05110783502459526
0,0.05084206536412239
0,0.04899660870432854
0,0.04762328416109085
0,0.04913020133972168
0,0.046083495020866394
0,0.06323804706335068
0,0.06414499878883362
0,0.06412568688392639
0,0.07674269378185272
0,0.10923097282648087
0,0.1505797654390335
0,0.18392056226730347
0,0.21728543937206268
0,0.22712606191635132
0,0.1835932433605194
0,0.1155148446559906
0,0.10298191756010056
0,0.14648352563381195
0,0.1606784462928772
0,0.16345293819904327
0,0.18045355379581451
0,0.22117763757705688
0,0.2627013623714447
0,0.2939959764480591
0,0.2502540647983551
0,0.18797850608825684
0,0.13951972126960754
0,0.09351468086242676
0,0.03544335439801216
0,0.04935893416404724
0,0.04017334803938866
0,0.04147638380527496
0,0.03695591166615486
0,0.05622704327106476
0,0.08376660197973251
0,0.07757247984409332
0,0.06869269907474518
0,0.06158578768372536
0,0.09070706367492676
0,0.10429369658231735
0,0.09262052178382874
0,0.08074837177991867
0,0.051782723516225815
0,0.04416607320308685
0,0.0449100062251091
0,0.07565505802631378
0,0.1385463923215866
0,0.12066846340894699
0,0.11822815984487534
0,0.13421514630317688
0,0.18465186655521393
0,0.1878349781036377
0,0.21473351120948792
0,0.22347591817378998
0,0.26100853085517883
0,0.26449811458587646
0,0.2599862515926361
0,0.21439705789089203
0,0.14924238622188568
0,0.11981799453496933
0,0.1134035736322403
0,0.07973658293485641
0,0.044617459177970886
0,0.058796871453523636
0,0.06891673058271408
0,0.04576638340950012
0,0.06324434280395508
0,0.10239430516958237
0,0.0841899961233139
0,0.09234856814146042
0,0.0705685243010521
0,0.06668807566165924
0,0.1255725473165512
0,0.13587462902069092
0,0.08501191437244415
0,0.07520684599876404
0,0.07370012253522873
0,0.06676016002893448
0,0.061062656342983246
0,0.05954904481768608
0,0.05645398795604706
0,0.08749957382678986
0,0.0818340927362442
0,0.07824764400720596
0,0.04381299018859863
0,0.05544112250208855
0,0.04417940974235535
0,0.07002446800470352
0,0.09468305110931396
0,0.08401995152235031
0,0.11640378087759018
0,0.1355476975440979
0,0.17815235257148743
0,0.21785584092140198
0,0.21000461280345917
0,0.19769205152988434
0,0.18283948302268982
0,0.14773887395858765
0,0.1051323190331459
0,0.0859011635184288
0,0.11089030653238297
0,0.07784366607666016
0,0.04019053280353546
0,0.0203566811978817
0,0.034517694264650345
0,0.022408878430724144
0,0.046700090169906616
0,0.05282142385840416
0,0.0480738990008831
0,0.06607571244239807
0,0.0901498943567276
0,0.11191267520189285
0,0.05141661316156387
0,0.05883840098977089
0,0.08768865466117859
0,0.1104665994644165
0,0.11040110886096954
0,0.11210551112890244
0,0.10970593988895416
0,0.09219251573085785
0,0.061947938054800034
0,0.05254902318120003
0,0.08096516132354736
0,0.12689737975597382
0,0.13103267550468445
0,0.09648417681455612
0,0.090207539498806
0,0.10281606763601303
0,0.13032788038253784
0,0.1806904673576355
0,0.1986587941646576
0,0.25165319442749023
0,0.20333996415138245
0,0.15417611598968506
0,0.14517226815223694
0,0.11784426867961884
0,0.09308258444070816
0,0.06354793161153793
0,0.04584705829620361
0,0.057499028742313385
0,0.06285750865936279
0,0.07995010167360306
0,0.04378784820437431
0,0.08163502812385559
0,0.08241821080446243
0,0.07902798056602478
0,0.120231494307518
0,0.1503904014825821
0,0.13767561316490173
0,0.13664884865283966
0,0.12703853845596313
0,0.12276440858840942
0,0.11214552819728851
0,0.08936268836259842
0,0.034510016441345215
0,0.04969891533255577
0,0.07841358333826065
0,0.1083681657910347
0,0.10928528755903244
0,0.10089006274938583
0,0.0928928554058075
0,0.10046495497226715
0,0.10672111809253693
0,0.117057204246521
0,0.11708562076091766
0,0.06680124998092651
0,0.07899007201194763
0,0.12566515803337097
0,0.1581679880619049
0,0.21160724759101868
0,0.24147294461727142
0,0.24567356705665588
0,0.2478189915418625
0,0.24875588715076447
0,0.251472145318985
0,0.20616275072097778
0,0.16210505366325378
0,0.11956950277090073
0,0.10100571066141129
0,0.0731394812464714
0,0.053839314728975296
0,0.041592806577682495
0,0.08558528125286102
0,0.10357805341482162
0,0.12056252360343933
0,0.13786715269088745
0,0.13369862735271454
0,0.1587771475315094
0,0.195774108171463
0,0.1955506056547165
0,0.1271682232618332
0,0.12683804333209991
0,0.07534989714622498
0,0.062274269759655
0,0.09558776766061783
0,0.09594618529081345
0,0.07625003904104233
0,0.05999584123492241
0,0.06420605629682541
0,0.03821444511413574
0,0.046927522867918015
0,0.06390907615423203
0,0.08428384363651276
0,0.07758966088294983
0,0.09873800724744797
0,0.11975344270467758
0,0.0941469594836235
0,0.07209883630275726
0,0.07103119045495987
0,0.04715400189161301
0,0.034787703305482864
0,0.041279204189777374
0,0.07037623971700668
0,0.08296824991703033
0,0.10740914940834045
0,0.10676801204681396
0,0.06155041977763176
0,0.08000243455171585
0,0.18076907098293304
0,0.19272004067897797
0,0.21695399284362793
0,0.1598728597164154
0,0.12697763741016388
0,0.12932993471622467
0,0.11780837178230286
0,0.10054411739110947
0,0.07820920646190643
0,0.10045939683914185
0,0.11693476885557175
0,0.1209731474518776
0,0.12049952894449234
0,0.08834540843963623
0,0.1178617775440216
0,0.14933766424655914
0,0.1493532955646515
0,0.16003237664699554
0,0.15807798504829407
0,0.11801020801067352
0,0.07561053335666656
0,0.055630769580602646
0,0.030508287250995636
0,0.07939806580543518
0,0.051846783608198166
0,0.041723065078258514
0,0.035601940006017685
0,0.03770563751459122
0,0.04718661308288574
0,0.07220125198364258
0,0.08923792093992233
0,0.12212265282869339
0,0.11501101404428482
0,0.10598959773778915
0,0.10091014951467514
0,0.10551335662603378
0,0.11189538985490799
0,0.07766250520944595
0,0.1272163689136505
0,0.1790855973958969
0,0.17809300124645233
0,0.15684941411018372
0,0.15719886124134064
0,0.1567724645137787
0,0.15054169297218323
0,0.16545073688030243
0,0.14675723016262054
0,0.17375792562961578
0,0.1576709747314453
0,0.10680543631315231
0,0.11657673120498657
0,0.1990395039319992
0,0.2206316590309143
0,0.12758038938045502
0,0.12804311513900757
0,0.13308189809322357
0,0.17854121327400208
1,0.19306904077529907
1,0.214796781539917
1,0.2255278080701828
1,0.27490565180778503
1,0.3801649212837219
1,0.5042346119880676
1,0.6439136266708374
1,0.6539123058319092
1,0.6555452942848206
1,0.6573618054389954
1,0.6565598249435425
1,0.6093348264694214
1,0.6264333724975586
1,0.6245054006576538
1,0.6060758829116821
1,0.610907256603241
1,0.5972652435302734
1,0.5876104235649109
1,0.5900581479072571
1,0.6306681632995605
1,0.6186509728431702
1,0.6266074180603027
1,0.6334744095802307
1,0.6240325570106506
1,0.6474120020866394
1,0.654505729675293
1,0.6413169503211975
1,0.6405516862869263
1,0.6510118246078491
1,0.6546109914779663
1,0.6546432971954346
1,0.6520203948020935
1,0.652042806148529
1,0.6195505857467651
1,0.6450290679931641
1,0.641700267791748
1,0.6329237222671509
1,0.6393593549728394
1,0.6381121873855591
1,0.637482762336731
1,0.6320854425430298
1,0.6556413769721985
1,0.6528778076171875
1,0.6555416584014893
1,0.6559770107269287
1,0.655849814414978
1,0.6574713587760925
1,0.6568673849105835
1,0.656936526298523
1,0.6500803232192993
1,0.6620548367500305
1,0.6575539112091064
1,0.6623857021331787
1,0.6610363721847534
1,0.663740873336792
1,0.6630225777626038
1,0.6440142393112183
1,0.6502946615219116
1,0.6422340869903564
1,0.6420113444328308
1,0.6415215730667114
1,0.641170859336853
1,0.6390950679779053
1,0.6418740153312683
1,0.6425544619560242
1,0.565427303314209
1,0.5631819367408752
1,0.5116956233978271
1,0.3149089813232422
1,0.21796438097953796
1,0.11231106519699097
0,0.0821496769785881
0,0.03717997670173645
0,0.050853803753852844
0,0.06375733017921448
0,0.09622693806886673
0,0.11023976653814316
0,0.13576242327690125
0,0.1550251692533493
0,0.19006770849227905
0,0.2058938443660736
0,0.23452381789684296
0,0.19791331887245178
0,0.16309575736522675
0,0.13526639342308044
0,0.14169509708881378
0,0.1350095570087433
0,0.14572462439537048
0,0.12678922712802887
0,0.12929686903953552
1,0.07045615464448929
1,0.06093784421682358
1,0.11073865741491318
1,0.19656234979629517
1,0.29075896739959717
1,0.43772104382514954
1,0.5001859068870544
1,0.6426082849502563
1,0.6368286609649658
1,0.6458364129066467
1,0.6484324336051941
1,0.6549355983734131
1,0.6557488441467285
1,0.652499794960022
1,0.6604645252227783
1,0.6622991561889648
1,0.6612119674682617
1,0.6570066809654236
1,0.6300419569015503
1,0.640738844871521
1,0.6419286727905273
1,0.6418889760971069
1,0.647319495677948
1,0.6379992961883545
1,0.4642781615257263
1,0.4765898585319519
1,0.48921969532966614
1,0.49431127309799194
1,0.4867260754108429
1,0.4868282675743103
1,0.5082939863204956
1,0.5305172204971313
1,0.6604562997817993
1,0.6571508646011353
1,0.655590832233429
1,0.6627081036567688
1,0.6575988531112671
1,0.6611642837524414
1,0.6594811677932739
1,0.6636621952056885
1,0.6633561849594116
1,0.6626610159873962
1,0.6654222011566162
1,0.6665847301483154
1,0.6687253713607788
1,0.6629265546798706
1,0.6488426923751831
1,0.6537984013557434
1,0.6387873888015747
1,0.6511538028717041
1,0.641251802444458
1,0.6481995582580566
1,0.6500082015991211
1,0.6484060883522034
1,0.6556998491287231
1,0.6538332104682922
1,0.6482704281806946
1,0.6594099998474121
1,0.6590372920036316
1,0.6584606170654297
1,0.6568434834480286
1,0.65620356798172
1,0.6567672491073608
1,0.6610000133514404
1,0.6601605415344238
1,0.6446740627288818
1,0.5797185301780701
1,0.5078122019767761
1,0.32767921686172485
1,0.2601035237312317
1,0.234267458319664
1,0.14648473262786865
0,0.10622061789035797
0,0.11735668033361435
0,0.13671746850013733
0,0.14542526006698608
0,0.10522262006998062
0,0.12386026978492737
0,0.14302824437618256
0,0.1426147073507309
0,0.14950835704803467
0,0.15079562366008759
0,0.10930626094341278
0,0.1082577332854271
0,0.13695582747459412
1,0.0889301523566246
1,0.09025575965642929
1,0.14207126200199127
1,0.23826882243156433
1,0.3545333743095398
1,0.4755854904651642
1,0.5979869365692139
1,0.6615034341812134
1,0.6607898473739624
1,0.6578803062438965
1,0.6544625759124756
1,0.6534438729286194
1,0.6583946943283081
1,0.6464248895645142
1,0.6493450999259949
1,0.6480534076690674
1,0.64974045753479
1,0.6498281955718994
1,0.6503902077674866
1,0.6479917168617249
1,0.6501888036727905
1,0.6580542922019958
1,0.6617133617401123
1,0.6602639555931091
1,0.6645542979240417
1,0.6646650433540344
1,0.6480610370635986
1,0.650740385055542
1,0.6469054818153381
1,0.6453986167907715
1,0.6476336121559143
1,0.6448485851287842
1,0.6439687609672546
1,0.6451753377914429
1,0.658369779586792
1,0.6546972393989563
1,0.6555015444755554
1,0.6525410413742065
1,0.6560648679733276
1,0.6589246392250061
1,0.6597228050231934
1,0.661182701587677
1,0.6578705310821533
1,0.6615222096443176
1,0.6629695892333984
1,0.6584715843200684
1,0.6570653915405273
1,0.6574906706809998
1,0.6554970741271973
1,0.645618736743927
1,0.6487322449684143
1,0.6499643921852112
1,0.6497427225112915
1,0.6505702137947083
1,0.6512448191642761
1,0.6518985629081726
1,0.6420904994010925
1,0.6514711380004883
1,0.6520419716835022
1,0.6505424976348877
1,0.6513553261756897
1,0.6488397717475891
1,0.5386247038841248
1,0.4918587803840637
1,0.47634589672088623
1,0.4189658761024475
1,0.2806028425693512
1,0.17942149937152863
1,0.09780599176883698
0,0.04320840910077095
0,0.07627882063388824
0,0.10008878260850906
0,0.1259443759918213
0,0.1317843645811081
0,0.1421794444322586
0,0.14556440711021423
0,0.1408691555261612
0,0.1511383205652237
0,0.13197366893291473
0,0.1330794394016266
0,0.16434890031814575
0,0.18289150297641754
0,0.1548556685447693
0,0.10799533128738403
0,0.0691685825586319
0,0.039152566343545914
0,0.02462499961256981
1,0.0320134200155735
1,0.07890576124191284
1,0.17460033297538757
1,0.27149736881256104
1,0.3456245958805084
1,0.44147202372550964
1,0.5453704595565796
1,0.5928627848625183
1,0.6087844371795654
1,0.6206005811691284
1,0.6206957101821899
1,0.619259238243103
1,0.608701765537262
1,0.630750834941864
1,0.6393350958824158
1,0.6543929576873779
1,0.6550695300102234
1,0.655060887336731
1,0.637935996055603
1,0.644849419593811
1,0.6564929485321045
1,0.6455646753311157
1,0.6437501311302185
1,0.6438053250312805
1,0.6476670503616333
1,0.6469966173171997
1,0.6507174372673035
1,0.6469841003417969
1,0.6373223066329956
1,0.6459698677062988
1,0.6494881510734558
1,0.6441829800605774
1,0.6482800245285034
1,0.6448544263839722
1,0.6450942158699036
1,0.6463477611541748
1,0.6531178951263428
1,0.6463180780410767
1,0.6501988172531128
1,0.6495119333267212
1,0.6471911072731018
1,0.6507779955863953
1,0.6487345099449158
1,0.6500022411346436
1,0.6468038558959961
1,0.6569697856903076
1,0.6603148579597473
1,0.6600803136825562
1,0.6597050428390503
1,0.6624134182929993
1,0.6594038009643555
1,0.6467478275299072
1,0.6535183191299438
1,0.6527273654937744
1,0.6504989266395569
1,0.6507337093353271
1,0.6474117040634155
1,0.6507086157798767
1,0.6475011110305786
1,0.6505547761917114
1,0.6485311388969421
1,0.649682879447937
1,0.6523745656013489
1,0.5322993993759155
1,0.4790903329849243
1,0.314350426197052
1,0.21568429470062256
1,0.20610423386096954
1,0.1388251930475235
1,0.07915166020393372
0,0.07264130562543869
0,0.061478786170482635
0,0.06252770870923996
0,0.03844495117664337
0,0.05395301431417465
0,0.059925347566604614
0,0.06939254701137543
0,0.07729915529489517
0,0.08192172646522522
0,0.09340168535709381
0,0.12641973793506622
0,0.16878822445869446
0,0.2222200185060501
0,0.29246824979782104
0,0.23102979362010956
0,0.15883055329322815
0,0.09253687411546707
0,0.07960482686758041
0,0.07790136337280273
0,0.08572159707546234
0,0.09078561514616013
0,0.10600277036428452
0,0.14349579811096191
0,0.1833094358444214
0,0.24281145632266998
0,0.250954270362854
0,0.18021367490291595
0,0.1460593044757843
0,0.10281999409198761
0,0.07491627335548401
0,0.07085828483104706
1,0.07469484955072403
1,0.13620193302631378
1,0.22318831086158752
1,0.2628720998764038
1,0.35784125328063965
1,0.4641342759132385
1,0.6140109300613403
1,0.662877082824707
1,0.6465333700180054
1,0.6484842300415039
1,0.6484848856925964
1,0.6491754651069641
1,0.6491641402244568
1,0.6459424495697021
1,0.6485514640808105
1,0.6503995656967163
1,0.6623892188072205
1,0.6624611616134644
1,0.6627200841903687
1,0.6601734161376953
1,0.6625922918319702
1,0.6606367230415344
1,0.6590883731842041
1,0.6557502746582031
1,0.6494274139404297
1,0.6495033502578735
1,0.6469745635986328
1,0.6380481123924255
1,0.639557421207428
1,0.6396923661231995
1,0.6402356028556824
1,0.6347878575325012
1,0.6482004523277283
1,0.6476067304611206
1,0.6449040174484253
1,0.658126175403595
1,0.6567299962043762
1,0.6574822068214417
1,0.6577745676040649
1,0.6532198786735535
1,0.6488922834396362
1,0.6445859670639038
1,0.6464911699295044
1,0.6472418904304504
1,0.643751323223114
1,0.6472563147544861
1,0.6377833485603333
1,0.6260201334953308
1,0.6261489987373352
1,0.6274765729904175
1,0.6257563233375549
1,0.6267983317375183
1,0.6287673115730286
1,0.6252591013908386
1,0.6329771280288696
1,0.6442311406135559
1,0.6558163166046143
1,0.6584411859512329
1,0.6586236953735352
1,0.6568862795829773
1,0.6560543775558472
1,0.6538752317428589
1,0.5776612162590027
1,0.4697807729244232
1,0.385719895362854
1,0.2943304777145386
1,0.1890995353460312
1,0.15166112780570984
1,0.11888241767883301
0,0.1004062220454216
0,0.07338389754295349
1,0.08156396448612213
1,0.11921698600053787
1,0.19450028240680695
1,0.2992531955242157
1,0.3983398973941803
1,0.5091931819915771
1,0.601529598236084
1,0.6635473966598511
1,0.6616058349609375
1,0.6645714640617371
1,0.6640595197677612
1,0.6603944301605225
1,0.6616584062576294
1,0.6644392013549805
1,0.6620331406593323
1,0.6619455814361572
1,0.6615543961524963
1,0.6601847410202026
1,0.6611775755882263
1,0.6650617122650146
1,0.6598446369171143
1,0.6642646789550781
1,0.6586347818374634
1,0.6632399559020996
1,0.6651259064674377
1,0.6645452976226807
1,0.6587979793548584
1,0.659809410572052
1,0.6608276963233948
1,0.6622073650360107
1,0.6464773416519165
1,0.6521104574203491
1,0.653024435043335
1,0.6410218477249146
1,0.6384495496749878
1,0.6388954520225525
1,0.640207827091217
1,0.6401546001434326
1,0.6483457684516907
1,0.6496644020080566
1,0.6520591974258423
1,0.6600197553634644
1,0.6589865684509277
1,0.6588945984840393
1,0.6440428495407104
1,0.6507240533828735
1,0.6477277278900146
1,0.6501520872116089
1,0.6496186852455139
1,0.6459875106811523
1,0.6218761801719666
1,0.6296226978302002
1,0.6354960203170776
1,0.6350187063217163
1,0.6354619860649109
1,0.6361964344978333
1,0.634685754776001
1,0.6390116810798645
1,0.6598021984100342
1,0.6598359942436218
1,0.6593139171600342
1,0.6025678515434265
1,0.5148997902870178
1,0.4057726562023163
1,0.307233989238739
1,0.234551340341568
1,0.2174685150384903
1,0.2192719727754593
1,0.21811354160308838
1,0.2802046239376068
1,0.32974591851234436
1,0.44620025157928467
1,0.5402910709381104
1,0.6361691355705261
1,0.6460045576095581
1,0.6370013356208801
1,0.6377387046813965
1,0.6372586488723755
1,0.6472521424293518
1,0.6495717763900757
1,0.6492350101470947
1,0.6506452560424805
1,0.6473259925842285
1,0.659755527973175
1,0.6615674495697021
1,0.6606991291046143
1,0.6614558696746826
1,0.6509647965431213
1,0.65107262134552
1,0.6499508619308472
1,0.6499704718589783
1,0.6519330143928528
1,0.6511543989181519
1,0.6475348472595215
1,0.6388207674026489
1,0.6490589380264282
1,0.6514166593551636
1,0.6486868858337402
1,0.6474286913871765
1,0.6527262330055237
1,0.6424551606178284
1,0.6392477750778198
1,0.6521784663200378
1,0.646324872970581
1,0.6500828862190247
1,0.6465268731117249
1,0.6463761329650879
1,0.6480662226676941
1,0.6582112312316895
1,0.6593729257583618
1,0.6591068506240845
1,0.6593804359436035
1,0.6559096574783325
1,0.6552135944366455
1,0.6394165754318237
1,0.6444487571716309
1,0.645770788192749
1,0.644162654876709
1,0.6462216377258301
1,0.6449129581451416
1,0.6458173394203186
1,0.6482394933700562
1,0.6568478345870972
1,0.657201886177063
1,0.6547058820724487
1,0.6567510962486267
1,0.6527677178382874
1,0.6583636403083801
1,0.643156886100769
1,0.530930757522583
1,0.4090935289859772
1,0.28419890999794006
1,0.2433725744485855
1,0.20775938034057617
1,0.1295468956232071
0,0.10689045488834381
0,0.11168430000543594
0,0.12686224281787872
0,0.12805882096290588
0,0.12017950415611267
0,0.09718375653028488
0,0.12549053132534027
0,0.049899812787771225
0,0.05350645259022713
0,0.08181119710206985
0,0.10648848116397858
0,0.10616770386695862
0,0.09680096060037613
0,0.07351170480251312
0,0.08303442597389221
0,0.11667340993881226
0,0.12557998299598694
0,0.1312888115644455
0,0.13699643313884735
0,0.14395849406719208
0,0.18602485954761505
0,0.16639073193073273
0,0.11235587298870087
0,0.08315720409154892
0,0.07362816482782364
0,0.024907128885388374
0,0.06658704578876495
0,0.060241349041461945
0,0.05541776865720749
0,0.020504184067249298
0,0.024988338351249695
0,0.08455077558755875
0,0.0639290064573288
0,0.056512344628572464
1,0.0768100917339325
1,0.16809985041618347
1,0.2808610200881958
1,0.3894592523574829
1,0.43618831038475037
1,0.49159055948257446
1,0.642889678478241
1,0.6243563890457153
1,0.6212382316589355
1,0.6128195524215698
1,0.6222841739654541
1,0.6187777519226074
1,0.6092073917388916
1,0.6190290451049805
1,0.6190637946128845
1,0.6137084364891052
1,0.613108217716217
1,0.6197957992553711
1,0.6155521273612976
1,0.5838832855224609
1,0.5908966660499573
1,0.5858569145202637
1,0.5898017883300781
1,0.5990769267082214
1,0.609204888343811
1,0.615710437297821
1,0.6185780763626099
1,0.6418417692184448
1,0.6429186463356018
1,0.6534085869789124
1,0.638282060623169
1,0.6533761620521545
1,0.6524512767791748
1,0.6516907811164856
1,0.6374927759170532
1,0.6407250165939331
1,0.6417319178581238
1,0.6296061873435974
1,0.6436047554016113
1,0.6415771245956421
1,0.6384021043777466
1,0.6392905116081238
1,0.6515166759490967
1,0.6420546174049377
1,0.6527609825134277
1,0.6439779996871948
1,0.6540335416793823
1,0.6499127745628357
1,0.6528133153915405
1,0.6438470482826233
1,0.6437344551086426
1,0.6433371901512146
1,0.6369544863700867
1,0.6434911489486694
1,0.6513181328773499
1,0.6514168977737427
1,0.6287571787834167
1,0.6408761143684387
1,0.642966628074646
1,0.6430011987686157
1,0.6331380009651184
1,0.6349087953567505
1,0.6358356475830078
1,0.6128681898117065
1,0.5569705963134766
1,0.43257737159729004
1,0.3378417491912842
1,0.2207511067390442
1,0.15161573886871338
1,0.08603238314390182
0,0.10530548542737961
0,0.14345087110996246
0,0.14485566318035126
0,0.14356136322021484
0,0.11400513350963593
1,0.09648841619491577
1,0.10190629214048386
1,0.18890930712223053
1,0.3037048578262329
1,0.42325863242149353
1,0.5074899196624756
1,0.6305608749389648
1,0.6606425046920776
1,0.662418782711029
1,0.6604377031326294
1,0.6619808673858643
1,0.6603631377220154
1,0.6608361005783081
1,0.6579911112785339
1,0.6606709957122803
1,0.6363570690155029
1,0.6427832245826721
1,0.6464838981628418
1,0.6450964212417603
1,0.6374858021736145
1,0.6461973786354065
1,0.6302335858345032
1,0.6371773481369019
1,0.6510927081108093
1,0.6490797996520996
1,0.6494806408882141
1,0.6488335728645325
1,0.6483369469642639
1,0.6481701135635376
1,0.6597802639007568
1,0.6439830660820007
1,0.6507412195205688
1,0.6473153829574585
1,0.6495197415351868
1,0.6470896005630493
1,0.6485735177993774
1,0.6346926093101501
1,0.6344441175460815
1,0.6471726298332214
1,0.634030282497406
1,0.6380035281181335
1,0.6328456997871399
1,0.6282697916030884
1,0.6234846115112305
1,0.6383178234100342
1,0.6273558735847473
1,0.6279580593109131
1,0.6252821683883667
1,0.6336562633514404
1,0.6333876848220825
1,0.637400209903717
1,0.6403061747550964
1,0.6461811065673828
1,0.6572234034538269
1,0.6583762168884277
1,0.6612272262573242
1,0.6622542142868042
1,0.6617110371589661
1,0.6626927852630615
1,0.6600340604782104
1,0.6610698103904724
1,0.6606578230857849
1,0.5680915117263794
1,0.4697567820549011
1,0.35225316882133484
1,0.2487776279449463
1,0.2170531451702118
1,0.2466076910495758
1,0.24905458092689514
0,0.31586894392967224
0,0.3499005138874054
0,0.34241655468940735
0,0.33740943670272827
0,0.3041961193084717
0,0.2284175306558609
0,0.21837227046489716
0,0.23392871022224426
0,0.24209028482437134
0,0.21139681339263916
0,0.19515295326709747
0,0.16125096380710602
0,0.14207136631011963
0,0.1434708684682846
0,0.12966369092464447
0,0.11602909117937088
0,0.11146098375320435
0,0.13733792304992676
0,0.13218136131763458
0,0.1414472758769989
0,0.14389726519584656
0,0.12340660393238068
0,0.09147971868515015
0,0.04912091791629791
0,0.06132138520479202
0,0.06265916675329208
0,0.07692316919565201
0,0.07194920629262924
0,0.07722030580043793
0,0.0653025284409523
0,0.05504442751407623
0,0.06146372854709625
0,0.0796554759144783
0,0.08754696696996689
0,0.11818434298038483
0,0.08402230590581894
0,0.09505106508731842
0,0.09953469783067703
0,0.12132493406534195
0,0.18820299208164215
0,0.17168943583965302
0,0.15422184765338898
0,0.12592945992946625
0,0.14645032584667206
0,0.20887121558189392
0,0.20301835238933563
0,0.19887438416481018
0,0.19812703132629395
0,0.18516884744167328
0,0.1443798840045929
0,0.1381227970123291
0,0.19191868603229523
0,0.16431187093257904
0,0.1240152046084404
0,0.09606708586215973
0,0.06584631651639938
0,0.08708439022302628
0,0.09309998154640198
0,0.03581046685576439
0,0.04084040969610214
0,0.06085743382573128
0,0.07425525039434433
0,0.1042814552783966
0,0.11185665428638458
0,0.08953465521335602
0,0.11760669946670532
0,0.14223141968250275
0,0.21866366267204285
0,0.18405012786388397
0,0.16558046638965607
0,0.1377256214618683
0,0.09801965951919556
0,0.11164993792772293
0,0.12988591194152832
0,0.16239364445209503
0,0.20801222324371338
0,0.24803175032138824
0,0.2748989462852478
0,0.21342238783836365
0,0.1519954353570938
0,0.11801579594612122
0,0.11541115492582321
0,0.11518972367048264
0,0.09415382146835327
0,0.10107329487800598
0,0.1060497909784317
0,0.08038415014743805
0,0.07476358860731125
0,0.07102972269058228
0,0.07836855947971344
0,0.09154140949249268
0,0.07280653715133667
0,0.06352197378873825
0,0.057038020342588425
0,0.03577885776758194
0,0.047126028686761856
0,0.09299781918525696
0,0.11892067641019821
0,0.1396615207195282
0,0.17131979763507843
0,0.2226419299840927
0,0.2201925367116928
0,0.17687483131885529
0,0.15253302454948425
0,0.09659378975629807
0,0.07603704929351807
0,0.1044466570019722
0,0.08184489607810974
0,0.08126738667488098
0,0.06058420240879059
0,0.09916863590478897
0,0.08621257543563843
0,0.09787636995315552
0,0.11155367642641068
0,0.13975751399993896
0,0.16255921125411987
0,0.16766662895679474
0,0.17042501270771027
0,0.16175633668899536
0,0.13158158957958221
0,0.11780185252428055
0,0.09419006109237671
0,0.08854813873767853
0,0.10107468068599701
0,0.09663096815347672
0,0.07392388582229614
0,0.1035250872373581
0,0.10691220313310623
0,0.13720089197158813
0,0.09633918851613998
0,0.07198802381753922
0,0.08239538222551346
0,0.08339833468198776
0,0.10213582217693329
0,0.06534639745950699
0,0.042623020708560944
0,0.05019087344408035
0,0.06927718967199326
0,0.11643613874912262
0,0.14791519939899445
0,0.13237661123275757
0,0.10484437644481659
0,0.11270309239625931
0,0.1252669095993042
0,0.1228165328502655
0,0.11280740797519684
0,0.1039499044418335
0,0.1150299608707428
0,0.09348151087760925
0,0.09628861397504807
0,0.12721510231494904
0,0.16281922161579132
0,0.17412495613098145
0,0.16631744801998138
0,0.15853486955165863
0,0.11658443510532379
0,0.10546170175075531
0,0.05066751316189766
0,0.03439730405807495
0,0.047573432326316833
0,0.08837492763996124
0,0.07768837362527847
0,0.05073952674865723
0,0.0835915207862854
0,0.05836126580834389
0,0.09721031785011292
0,0.12301463633775711
0,0.06528066843748093
0,0.03032260574400425
0,0.07807470858097076
0,0.1288394033908844
0,0.121309295296669
0,0.11183479428291321
0,0.0800417885184288
0,0.09716717898845673
0,0.11796154826879501
0,0.12929236888885498
0,0.11558381468057632
0,0.06223360821604729
0,0.04746994748711586
0,0.06739557534456253
0,0.09007364511489868
0,0.044304050505161285
0,0.03016570582985878
0,0.03549261391162872
0,0.07040876150131226
0,0.09417499601840973
0,0.10982243716716766
0,0.10981609672307968
0,0.11092954128980637
0,0.08903662860393524
0,0.1241268515586853
0,0.1391097754240036
0,0.1772610992193222
0,0.2316928654909134
0,0.3162168264389038
0,0.2713824510574341
0,0.2067425549030304
0,0.14698007702827454
0,0.10360173881053925
0,0.13818295300006866
0,0.13315752148628235
0,0.12810282409191132
0,0.13545739650726318
0,0.1201462522149086
0,0.05711168423295021
0,0.07044834643602371
0,0.07257486134767532
0,0.09452967345714569
0,0.16329601407051086
0,0.18638601899147034
0,0.2657207250595093
0,0.3534148335456848
0,0.41776230931282043
0,0.4778974950313568
0,0.3612525165081024
0,0.23860035836696625
0,0.1667252480983734
0,0.16761726140975952
0,0.15220245718955994
0,0.1513793170452118
0,0.14645975828170776
0,0.14059971272945404
0,0.1439308375120163
0,0.13907471299171448
0,0.14971758425235748
0,0.21028584241867065
0,0.23135139048099518
0,0.27460211515426636
0,0.22583340108394623
0,0.15259191393852234
0,0.1552552431821823
0,0.2185584306716919
0,0.21446610987186432
0,0.23397475481033325
0,0.21030008792877197
0,0.1402120441198349
0,0.13113854825496674
0,0.17532281577587128
0,0.19635184109210968
0,0.19535300135612488
0,0.16690599918365479
0,0.12394560873508453
0,0.11700085550546646
0,0.11843472719192505
0,0.1091272383928299
0,0.0945405662059784
0,0.12981019914150238
0,0.16012118756771088
0,0.14305302500724792
0,0.11556701362133026
0,0.09456907212734222
0,0.09273971617221832
0,0.0816236361861229
0,0.0964178591966629
0,0.08598215878009796
0,0.07107387483119965
0,0.08479282259941101
0,0.07677387446165085
0,0.06425609439611435
0,0.06391292065382004
0,0.06289780884981155
0,0.07305655628442764
0,0.050387464463710785
0,0.05713807791471481
0,0.043357111513614655
0,0.06192615628242493
0,0.038355275988578796
0,0.02619168348610401
0,0.03463809937238693
0,0.05039621889591217
0,0.051150836050510406
0,0.029230786487460136
0,0.037538301199674606
0,0.0453152135014534
0,0.054417651146650314
0,0.04345683753490448
0,0.05656719207763672
0,0.06242867931723595
0,0.049390025436878204
0,0.044461656361818314
0,0.06812865287065506
0,0.043811023235321045
0,0.056556593626737595
0,0.0476907417178154
0,0.049637358635663986
0,0.07475626468658447
0,0.07130227982997894
0,0.04390818253159523
0,0.04483601078391075
0,0.02752804197371006
0,0.026691704988479614
0,0.057986509054899216
0,0.06460917741060257
0,0.05692319944500923
0,0.07266126573085785
0,0.10179401934146881
0,0.08763737231492996
0,0.11578584462404251
0,0.15426409244537354
0,0.1556912064552307
0,0.11962302029132843
0,0.06791362911462784
0,0.0635020062327385
0,0.03129208832979202
0,0.028863418847322464
0,0.04640597477555275
0,0.05188227444887161
0,0.05478440970182419
0,0.06248077377676964
0,0.0660485029220581
0,0.12992976605892181
0,0.0960773229598999
0,0.07137946039438248
0,0.07008560746908188
0,0.07113838195800781
0,0.10380389541387558
0,0.11558762937784195
0,0.10527321696281433
0,0.07433193922042847
0,0.07004676014184952
0,0.08199326694011688
0,0.08529086410999298
0,0.07451575249433517
0,0.08877930045127869
0,0.0906088799238205
0,0.09585726261138916
0,0.10058806836605072
0,0.09536522626876831
0,0.1063537523150444
0,0.09464529901742935
0,0.07467003166675568
0,0.04670766741037369
0,0.03407418727874756
0,0.041772957891225815
0,0.05572524666786194
0,0.03633005544543266
0,0.03245695307850838
0,0.061299245804548264
0,0.04681267961859703
0,0.09060069173574448
0,0.06217584013938904
0,0.09029965847730637
0,0.039815984666347504
0,0.03399663046002388
0,0.05370767042040825
0,0.05025727301836014
0,0.062473591417074203
0,0.05958010256290436
0,0.04565111920237541
0,0.062345851212739944
0,0.08844038844108582
0,0.11358264088630676
0,0.045094121247529984
0,0.0739951804280281
0,0.050376519560813904
0,0.07347969710826874
0,0.08518946170806885
0,0.07620631158351898
0,0.1021205335855484
0,0.11747454106807709
0,0.12683846056461334
0,0.11667634546756744
0,0.1266915500164032
0,0.13650360703468323
0,0.09544546902179718
0,0.05026634782552719
0,0.07407152652740479
0,0.08798115700483322
0,0.0778312236070633
0,0.086013063788414
0,0.10113203525543213
0,0.0882696658372879
0,0.11835111677646637
0,0.13337257504463196
0,0.14288018643856049
0,0.17121902108192444
0,0.15736310184001923
0,0.11809571087360382
0,0.10867836326360703
0,0.1060228943824768
0,0.07186022400856018
0,0.07101313024759293
0,0.04738181456923485
0,0.03495078161358833
0,0.052106402814388275
0,0.06071691960096359
0,0.05750994384288788
0,0.021654315292835236
0,0.05834526941180229
0,0.09358691424131393
0,0.09970464557409286
0,0.10490020364522934
0,0.06700985133647919
0,0.05330358445644379
0,0.043478019535541534
0,0.035034555941820145
0,0.016123292967677116
0,0.07470478862524033
0,0.15202534198760986
0,0.1667737066745758
0,0.14857997000217438
0,0.13472791016101837
0,0.09108324348926544
0,0.07731007784605026
0,0.11034628003835678
0,0.1263587921857834
0,0.11174897849559784
0,0.1189044639468193
0,0.1064586192369461
0,0.08493656665086746
0,0.08703024685382843
0,0.08950094133615494
0,0.09188523143529892
0,0.08856086432933807
0,0.07959876954555511
0,0.07330085337162018
0,0.07893534004688263
0,0.09040580689907074
0,0.07993585616350174
0,0.07125872373580933
0,0.10685458779335022
0,0.14370809495449066
0,0.1603151112794876
0,0.20023295283317566
0,0.2364920675754547
0,0.2472221553325653
0,0.23573242127895355
0,0.21183381974697113
0,0.19031046330928802
0,0.17997558414936066
0,0.20920993387699127
0,0.18796153366565704
0,0.22805142402648926
0,0.2170429229736328
0,0.21903887391090393
0,0.29608678817749023
0,0.35881754755973816
0,0.29751262068748474
0,0.30632394552230835
0,0.38207587599754333
0,0.39535287022590637
0,0.410709410905838
0,0.406206876039505
0,0.3513958156108856
0,0.34456366300582886
0,0.3569258749485016
0,0.2915584146976471
0,0.236603245139122
0,0.1828342080116272
0,0.17245160043239594
0,0.1688443422317505
0,0.16317422688007355
0,0.1232084333896637
0,0.1288871169090271
0,0.15020176768302917
0,0.12803618609905243
0,0.14986883103847504
0,0.12557488679885864
0,0.108304962515831
0,0.08639329671859741
0,0.08142533153295517
