threshold,recall,fpr
0.9761623740196228,5.3873505010235965e-05,0.0
0.8758032917976379,0.034694537226591965,0.0
0.8758012652397156,0.034802284236612434,0.0
0.7351596355438232,0.15310850123909062,0.0
0.7351056337356567,0.15310850123909062,3.9471087428458653e-05
0.7265650033950806,0.15343174226915204,3.9471087428458653e-05
0.7221402525901794,0.15343174226915204,7.894217485691731e-05
0.7212576866149902,0.15348561577416225,7.894217485691731e-05
0.7137552499771118,0.15348561577416225,0.00015788434971383461
0.7123339176177979,0.15359336278418273,0.00015788434971383461
0.7046194076538086,0.15359336278418273,0.00023682652457075192
0.6772306561470032,0.15434759185432603,0.00023682652457075192
0.6759185791015625,0.15434759185432603,0.0002762976119992106
0.6750732660293579,0.15440146535933627,0.0002762976119992106
0.6750497221946716,0.15440146535933627,0.00031576869942766923
0.6687253713607788,0.15483245339941817,0.00031576869942766923
0.6683498620986938,0.15483245339941817,0.00039471087428458656
0.6662748456001282,0.15585604999461264,0.00039471087428458656
0.666222870349884,0.15585604999461264,0.0004341819617130452
0.6646730899810791,0.15811873720504255,0.0004341819617130452
0.6646672487258911,0.15822648421506302,0.0004341819617130452
0.6603188514709473,0.19340588298674713,0.0004341819617130452
0.6603148579597473,0.19356750350177782,0.0004341819617130452
0.6601539850234985,0.1959379377222282,0.0004341819617130452
0.6601459383964539,0.19604568473224868,0.0004341819617130452
0.6601306200027466,0.19626117875228963,0.0004341819617130452
0.6601271629333496,0.1963689257623101,0.0004341819617130452
0.6593548059463501,0.20725137377437777,0.0004341819617130452
0.6593462824821472,0.20735912078439822,0.0004341819617130452
0.6592397689819336,0.20929856696476673,0.0004341819617130452
0.6592344045639038,0.2094063139747872,0.0004341819617130452
0.6588315367698669,0.21592500808102574,0.0004341819617130452
0.658829927444458,0.21603275509104622,0.0004341819617130452
0.6568324565887451,0.24539381532162483,0.0004341819617130452
0.656831681728363,0.2455015623316453,0.0004341819617130452
0.6560879945755005,0.2537442085982114,0.0004341819617130452
0.6560834050178528,0.2537442085982114,0.00047365304914150384
0.6558606624603271,0.2563301368387027,0.00047365304914150384
0.6558583974838257,0.2563301368387027,0.0005131241365699625
0.6557855010032654,0.2571921129188665,0.0005131241365699625
0.6557811498641968,0.257299859928887,0.0005131241365699625
0.6552315354347229,0.26279495743993103,0.0005131241365699625
0.6552213430404663,0.2629027044499515,0.0005131241365699625
0.6546699404716492,0.2680745609309342,0.0005131241365699625
0.6546686887741089,0.26818230794095466,0.0005131241365699625
0.6546628475189209,0.2682361814459649,0.0005131241365699625
0.6546499133110046,0.26834392845598537,0.0005131241365699625
0.6542484164237976,0.27119922422152787,0.0005131241365699625
0.6542401313781738,0.27130697123154834,0.0005131241365699625
0.6539772152900696,0.2733541644219373,0.0005131241365699625
0.6539731025695801,0.27346191143195775,0.0005131241365699625
0.6528266668319702,0.28208167223359554,0.0005131241365699625
0.6528133153915405,0.282189419243616,0.0005131241365699625
0.6516032218933105,0.29215601767050964,0.0005131241365699625
0.6515960693359375,0.2922637646805301,0.0005131241365699625
0.6513307690620422,0.29490356642603166,0.0005131241365699625
0.6513181328773499,0.29501131343605214,0.0005131241365699625
0.6497319936752319,0.3096110332938261,0.0005131241365699625
0.649715781211853,0.3097187803038466,0.0005131241365699625
0.648719310760498,0.3202779872858528,0.0005131241365699625
0.6487181186676025,0.3203857342958733,0.0005131241365699625
0.6476336121559143,0.32808964551233705,0.0005131241365699625
0.6476229429244995,0.3281973925223575,0.0005131241365699625
0.6449956893920898,0.3469453722659196,0.0005131241365699625
0.6449881792068481,0.34705311927594007,0.0005131241365699625
0.6448057889938354,0.3482383363861653,0.0005131241365699625
0.6448038220405579,0.3483460833961858,0.0005131241365699625
0.6447057723999023,0.3487770714362676,0.0005131241365699625
0.6446972489356995,0.3487770714362676,0.0005525952239984212
0.6440428495407104,0.35265596379700465,0.0005525952239984212
0.6440251469612122,0.35265596379700465,0.0005920663114268798
0.6431629657745361,0.3572352117228747,0.0005920663114268798
0.643156886100769,0.3573429587328952,0.0005920663114268798
0.6425703763961792,0.359821139963366,0.0005920663114268798
0.6425697803497314,0.359821139963366,0.0006315373988553385
0.6397651433944702,0.3704342204503825,0.0006315373988553385
0.6397260427474976,0.3704342204503825,0.0006710084862837971
0.6388989686965942,0.3736127572459864,0.0006710084862837971
0.6388982534408569,0.3736127572459864,0.0007104795737122557
0.6367582082748413,0.3797004633121431,0.0007104795737122557
0.6367460489273071,0.37980821032216355,0.0007104795737122557
0.6343777775764465,0.38460295226807456,0.0007104795737122557
0.6343361139297485,0.38471069927809504,0.0007104795737122557
0.6267983317375183,0.3948927917250296,0.0007104795737122557
0.6266890168190002,0.3948927917250296,0.0007499506611407144
0.6190290451049805,0.40092662428617604,0.0007499506611407144
0.6189988255500793,0.40092662428617604,0.0007894217485691731
0.6173505783081055,0.40162697985130913,0.0007894217485691731
0.6173454523086548,0.40162697985130913,0.0008288928359976317
0.6126126050949097,0.40421290809180044,0.0008288928359976317
0.6126033067703247,0.40421290809180044,0.0008683639234260904
0.6111119985580444,0.405021010666954,0.0008683639234260904
0.6110666990280151,0.405021010666954,0.0009078350108545491
0.604123592376709,0.40706820385734294,0.0009078350108545491
0.6039361953735352,0.40706820385734294,0.0009867771857114663
0.6004256010055542,0.40776855942247603,0.0009867771857114663
0.6001220941543579,0.40776855942247603,0.001026248273139925
0.5985125303268433,0.40809180045253746,0.001026248273139925
0.5980055332183838,0.40809180045253746,0.0010657193605683837
0.5959504842758179,0.40857666199762954,0.0010657193605683837
0.595832347869873,0.40857666199762954,0.0011051904479968423
0.5941829681396484,0.40889990302769097,0.0011051904479968423
0.5941452980041504,0.40889990302769097,0.001144661535425301
0.5940831303596497,0.4089537765327012,0.001144661535425301
0.5939445495605469,0.4089537765327012,0.0011841326228537595
0.5938217639923096,0.40900765003771145,0.0011841326228537595
0.593404233455658,0.40900765003771145,0.0012236037102822182
0.5917222499847412,0.40943863807779335,0.0012236037102822182
0.5912961363792419,0.40943863807779335,0.001263074797710677
0.5898017883300781,0.4097618791078548,0.001263074797710677
0.5896515250205994,0.4097618791078548,0.0013025458851391356
0.5858569145202637,0.41035448766296734,0.0013025458851391356
0.5856816172599792,0.41035448766296734,0.0013420169725675943
0.5828135013580322,0.41105484322810043,0.0013420169725675943
0.5822678804397583,0.41105484322810043,0.001381488059996053
0.5804938077926636,0.4113242107531516,0.001381488059996053
0.5800603628158569,0.4113242107531516,0.0014209591474245115
0.5795988440513611,0.41148583126818233,0.0014209591474245115
0.5783012509346008,0.41148583126818233,0.0014999013222814289
0.5747441649436951,0.4119168193082642,0.0014999013222814289
0.5746903419494629,0.4119168193082642,0.0015393724097098876
0.5741592645645142,0.41202456631828466,0.0015393724097098876
0.5737391710281372,0.41202456631828466,0.0015788434971383462
0.5732772350311279,0.4120784398232949,0.0015788434971383462
0.5728327035903931,0.4120784398232949,0.0016183145845668047
0.5720120072364807,0.4122400603383256,0.0016183145845668047
0.5712648034095764,0.4122400603383256,0.0016972567594237221
0.5670763850212097,0.41288654239844846,0.0016972567594237221
0.5669102072715759,0.41288654239844846,0.0017367278468521808
0.5644819140434265,0.41320978342850984,0.0017367278468521808
0.5641704201698303,0.41320978342850984,0.0017761989342806395
0.5628706812858582,0.413479150953561,0.0017761989342806395
0.5606960654258728,0.413479150953561,0.0018946121965660154
0.5569705963134766,0.4138562654886327,0.0018946121965660154
0.5567232370376587,0.4138562654886327,0.001934083283994474
0.554617702960968,0.4142872535287146,0.001934083283994474
0.5545752644538879,0.4142872535287146,0.0019735543714229325
0.5532904863357544,0.414610494558776,0.0019735543714229325
0.5531293749809265,0.414610494558776,0.0020130254588513912
0.5491543412208557,0.4162805732140933,0.0020130254588513912
0.5491492748260498,0.4162805732140933,0.00205249654627985
0.5483285188674927,0.4169809287792264,0.00205249654627985
0.5482484102249146,0.4169809287792264,0.0020919676337083086
0.5466954708099365,0.4187587544445642,0.0020919676337083086
0.5466631650924683,0.4187587544445642,0.0021314387211367673
0.5465056896209717,0.4190819954746256,0.0021314387211367673
0.5464843511581421,0.4190819954746256,0.002170909808565226
0.5462296605110168,0.41924361598965626,0.002170909808565226
0.5462279319763184,0.41924361598965626,0.0022103808959936847
0.5455260276794434,0.41994397155478935,0.0022103808959936847
0.5454418659210205,0.41994397155478935,0.0022498519834221434
0.544675350189209,0.4210753151600043,0.0022498519834221434
0.5446070432662964,0.4210753151600043,0.002289323070850602
0.5430351495742798,0.4239306109255468,0.002289323070850602
0.5429378747940063,0.4239306109255468,0.0023287941582790608
0.5409803986549377,0.4297489494666523,0.0023287941582790608
0.5409796833992004,0.4297489494666523,0.002368265245707519
0.5402740836143494,0.4332507272923176,0.002368265245707519
0.540267825126648,0.4333584743023381,0.002368265245707519
0.5402413010597229,0.4335200948173688,0.002368265245707519
0.5402213335037231,0.4336278418273893,0.002368265245707519
0.5371497273445129,0.44941277879538843,0.002368265245707519
0.53714919090271,0.44941277879538843,0.0024077363331359777
0.5361153483390808,0.4572783105268829,0.0024077363331359777
0.5361149311065674,0.4572783105268829,0.0024472074205644364
0.5353741645812988,0.46266566102790646,0.0024472074205644364
0.5353605151176453,0.46277340803792694,0.0024472074205644364
0.534900426864624,0.4667061739036742,0.0024472074205644364
0.534896969795227,0.4667061739036742,0.002486678507992895
0.533202052116394,0.48152138778148906,0.002486678507992895
0.5331998467445374,0.48162913479150954,0.002486678507992895
0.5325527191162109,0.4871781058075638,0.002486678507992895
0.532549262046814,0.4871781058075638,0.002526149595421354
0.5324744582176208,0.4878784613726969,0.002526149595421354
0.5324699282646179,0.4878784613726969,0.0025656206828498125
0.5293599963188171,0.5242430772546062,0.0025656206828498125
0.5293577909469604,0.5242430772546062,0.002605091770278271
0.5289870500564575,0.528768451675466,0.002605091770278271
0.5289813280105591,0.5288761986854865,0.002605091770278271
0.528249204158783,0.5363646158819093,0.002605091770278271
0.5282447338104248,0.5363646158819093,0.00264456285770673
0.5280472040176392,0.5391121646374313,0.00264456285770673
0.5280392169952393,0.5392199116474518,0.00264456285770673
0.5272443294525146,0.5492403835793557,0.00264456285770673
0.5272368788719177,0.5492403835793557,0.0026840339451351886
0.5266680717468262,0.556405559745717,0.0026840339451351886
0.5266665816307068,0.5565133067557375,0.0026840339451351886
0.5265665054321289,0.5574830298459218,0.0026840339451351886
0.5265650749206543,0.5575907768559423,0.0026840339451351886
0.5265167951583862,0.5580217648960242,0.0026840339451351886
0.5265054106712341,0.5580217648960242,0.0027235050325636473
0.5261772274971008,0.5618467837517509,0.0027235050325636473
0.5261576175689697,0.5618467837517509,0.002762976119992106
0.5244835615158081,0.5802176489602413,0.002762976119992106
0.5244753360748291,0.5802176489602413,0.0028024472074205642
0.5239173173904419,0.585604999461265,0.0028024472074205642
0.523910403251648,0.585604999461265,0.002841918294849023
0.5238216519355774,0.5862514815213877,0.002841918294849023
0.5238182544708252,0.5863592285314082,0.002841918294849023
0.5228667855262756,0.5962180799482815,0.002841918294849023
0.5228573083877563,0.5963258269583019,0.002841918294849023
0.5215259790420532,0.6069389074453184,0.002841918294849023
0.5215226411819458,0.6069389074453184,0.0028813893822774816
0.5212036371231079,0.6092554681607585,0.0028813893822774816
0.521187424659729,0.609363215170779,0.0028813893822774816
0.5202085971832275,0.6179829759724168,0.0028813893822774816
0.5201971530914307,0.6179829759724168,0.0029208604697059403
0.519950270652771,0.6195453076177136,0.0029208604697059403
0.5199429988861084,0.6195453076177136,0.002960331557134399
0.5196256637573242,0.6224544768882664,0.002960331557134399
0.5196233987808228,0.6225622238982869,0.002960331557134399
0.5192304253578186,0.6253636461588191,0.002960331557134399
0.5192157030105591,0.6253636461588191,0.0029998026445628577
0.5191220641136169,0.6257407606938907,0.0029998026445628577
0.5191124677658081,0.6257407606938907,0.0030392737319913164
0.5190348029136658,0.6261717487339726,0.0030392737319913164
0.5190269947052002,0.6261717487339726,0.003078744819419775
0.5189627408981323,0.6266027367740545,0.003078744819419775
0.5189564228057861,0.626710483784075,0.003078744819419775
0.5160120725631714,0.6405021010666954,0.003078744819419775
0.5159946084022522,0.6405021010666954,0.003118215906848234
0.5140008926391602,0.6460510720827497,0.003118215906848234
0.5139958262443542,0.6460510720827497,0.0031576869942766925
0.5136794447898865,0.6469669216679237,0.0031576869942766925
0.5136473178863525,0.6469669216679237,0.003197158081705151
0.51188063621521,0.6505225729985993,0.003197158081705151
0.5118063688278198,0.6505225729985993,0.0032366291691336094
0.5115352869033813,0.6514384225837733,0.0032366291691336094
0.511519730091095,0.6514384225837733,0.003276100256562068
0.5108389854431152,0.6528391337140395,0.003276100256562068
0.5108382701873779,0.6528391337140395,0.003315571343990527
0.510587751865387,0.6533778687641418,0.003315571343990527
0.5105637311935425,0.6534856157741623,0.003315571343990527
0.5078892111778259,0.6582803577200733,0.003315571343990527
0.5078133344650269,0.6582803577200733,0.0033550424314189855
0.5072959065437317,0.6591962073052473,0.0033550424314189855
0.507294774055481,0.6591962073052473,0.0033945135188474442
0.5067152976989746,0.660273677405452,0.0033945135188474442
0.5066181421279907,0.660273677405452,0.003433984606275903
0.5059766173362732,0.6615127680206875,0.003433984606275903
0.5058939456939697,0.6615127680206875,0.0034734556937043616
0.5058451294898987,0.6616205150307078,0.0034734556937043616
0.5057883262634277,0.6616205150307078,0.0035129267811328203
0.5040063261985779,0.6639909492511583,0.0035129267811328203
0.503974199295044,0.6639909492511583,0.003552397868561279
0.5032994747161865,0.6645296843012607,0.003552397868561279
0.5032709836959839,0.6645296843012607,0.0035918689559897377
0.5029798746109009,0.6649067988363323,0.0035918689559897377
0.5029156804084778,0.6649067988363323,0.0036313400434181964
0.5025473237037659,0.665068419351363,0.0036313400434181964
0.502532958984375,0.665068419351363,0.0036708111308466546
0.5022157430648804,0.6653916603814244,0.0036708111308466546
0.502023458480835,0.6653916603814244,0.0037102822182751133
0.5002846121788025,0.6670617390367417,0.0037102822182751133
0.5002211332321167,0.6670617390367417,0.003749753305703572
0.5001709461212158,0.6672233595517725,0.003749753305703572
0.4997321367263794,0.6672233595517725,0.0037892243931320307
0.4990417659282684,0.6676004740868441,0.0037892243931320307
0.4989150166511535,0.6676004740868441,0.0038286954805604894
0.4977205395698547,0.6684085766619976,0.0038286954805604894
0.4977064728736877,0.6684085766619976,0.003868166567988948
0.4971864819526672,0.6686240706820386,0.003868166567988948
0.4971489906311035,0.6686240706820386,0.003907637655417406
0.4968347549438476,0.6688395647020795,0.003907637655417406
0.4968279004096985,0.6688395647020795,0.003947108742845865
0.4964866936206817,0.6693244262471716,0.003947108742845865
0.496237576007843,0.6693244262471716,0.003986579830274324
0.495766133069992,0.6697015407822433,0.003986579830274324
0.4957481622695923,0.6697015407822433,0.0040260509177027825
0.4955993592739105,0.6697554142872535,0.0040260509177027825
0.4955070316791534,0.6697554142872535,0.0041049930925597
0.4954563975334167,0.6698092877922638,0.0041049930925597
0.4953806400299072,0.6698092877922638,0.0041444641799881585
0.4941910207271576,0.6708328843874583,0.0041444641799881585
0.4939336478710174,0.6708328843874583,0.004183935267416617
0.4927722513675689,0.6711561254175197,0.004183935267416617
0.4924490749835968,0.6711561254175197,0.004223406354845076
0.4923224449157715,0.6713177459325503,0.004223406354845076
0.4922800660133362,0.6713177459325503,0.004262877442273535
0.4922636151313782,0.6713716194375606,0.004262877442273535
0.4921792149543762,0.6713716194375606,0.004302348529701993
0.4920606613159179,0.6714793664475811,0.004302348529701993
0.4920042157173157,0.6714793664475811,0.004341819617130452
0.4917927384376526,0.6716409869626118,0.004341819617130452
0.4917652010917663,0.6716409869626118,0.004381290704558911
0.491119384765625,0.6719642279926732,0.004381290704558911
0.4908985495567322,0.6719642279926732,0.004420761791987369
0.4895015656948089,0.6728800775778472,0.004420761791987369
0.4894386827945709,0.6728800775778472,0.004460232879415828
0.4882445335388183,0.6733110656179291,0.004460232879415828
0.4882035553455353,0.6733110656179291,0.004499703966844287
0.4880102574825287,0.6734188126279496,0.004499703966844287
0.4877878129482269,0.6734188126279496,0.0045391750542727455
0.4870698750019073,0.6737959271630213,0.0045391750542727455
0.4870502352714538,0.6737959271630213,0.004578646141701204
0.487005352973938,0.6738498006680315,0.004578646141701204
0.4869693219661712,0.6738498006680315,0.004618117229129663
0.4861607253551483,0.6743885357181338,0.004618117229129663
0.4861067831516266,0.6743885357181338,0.0046575883165581216
0.4857230186462402,0.6744962827281543,0.0046575883165581216
0.4856506586074829,0.6744962827281543,0.00469705940398658
0.485460877418518,0.674657903243185,0.00469705940398658
0.4851160645484924,0.674657903243185,0.0048154726662719555
0.4850341081619262,0.6747117767481953,0.0048154726662719555
0.4847114086151123,0.6747117767481953,0.004854943753700414
0.4823896884918213,0.675573752828359,0.004854943753700414
0.4823586344718933,0.675573752828359,0.004894414841128873
0.4816009402275085,0.6759508673634307,0.004894414841128873
0.4815090596675873,0.6759508673634307,0.0049338859285573316
0.4810458421707153,0.6760586143734512,0.0049338859285573316
0.4808657467365265,0.6760586143734512,0.00497335701598579
0.4808282256126404,0.6761124878784613,0.00497335701598579
0.4806059598922729,0.6761124878784613,0.005012828103414249
0.4800790846347809,0.6763818554035126,0.005012828103414249
0.4796350300312042,0.6763818554035126,0.005091770278271166
0.4794355630874634,0.6764357289085228,0.005091770278271166
0.4793509542942047,0.6764357289085228,0.005170712453128084
0.4787814915180206,0.6766512229285637,0.005170712453128084
0.4787324070930481,0.6766512229285637,0.005210183540556542
0.4784893989562988,0.6768128434435945,0.005210183540556542
0.4778974950313568,0.6768128434435945,0.005407538977698836
0.4776771664619446,0.6769744639586252,0.005407538977698836
0.4775654673576355,0.6769744639586252,0.005447010065127295
0.4773538112640381,0.6771360844736558,0.005447010065127295
0.4770959615707397,0.6771360844736558,0.005525952239984212
0.4768953919410705,0.6772438314836763,0.005525952239984212
0.4767104089260101,0.6772438314836763,0.00556542332741267
0.4765898585319519,0.677405451998707,0.00556542332741267
0.476550817489624,0.677405451998707,0.0056048944148411285
0.4762151837348938,0.6776748195237582,0.0056048944148411285
0.4760061800479889,0.6776748195237582,0.005683836589698046
0.4759936928749084,0.6777286930287685,0.005683836589698046
0.4759825468063354,0.6777286930287685,0.005723307677126505
0.4754500091075897,0.6779441870488094,0.005723307677126505
0.4753615260124206,0.6779441870488094,0.005802249851983422
0.4743533134460449,0.6781596810688504,0.005802249851983422
0.474267840385437,0.6781596810688504,0.005881192026840339
0.4741288125514984,0.6782135545738606,0.005881192026840339
0.4740904867649078,0.6782135545738606,0.005920663114268798
0.4739859104156494,0.678321301583881,0.005920663114268798
0.4738019406795501,0.678321301583881,0.005999605289125715
0.4737413823604584,0.6783751750888913,0.005999605289125715
0.4737249910831451,0.6783751750888913,0.006039076376554174
0.4736984968185425,0.6784829220989117,0.006039076376554174
0.4736595749855041,0.6784829220989117,0.006078547463982633
0.4736270010471344,0.678536795603922,0.006078547463982633
0.4735395908355713,0.678536795603922,0.006236431813696468
0.473476767539978,0.6786984161189527,0.006236431813696468
0.4726287126541137,0.6786984161189527,0.006315373988553385
0.4724932312965393,0.6788600366339834,0.006315373988553385
0.472378522157669,0.6788600366339834,0.006354845075981844
0.4723490178585052,0.6789139101389936,0.006354845075981844
0.4720105230808258,0.6789139101389936,0.006394316163410302
0.4719479084014892,0.6789677836440039,0.006394316163410302
0.4718161225318908,0.6789677836440039,0.006473258338267219
0.4714590907096863,0.6792910246740653,0.006473258338267219
0.4714203476905823,0.6792910246740653,0.006512729425695678
0.4694226682186126,0.680153000754229,0.006512729425695678
0.4690409898757934,0.680153000754229,0.006552200513124136
0.4690167009830475,0.6802607477642495,0.006552200513124136
0.4688270986080169,0.6802607477642495,0.006631142687981054
0.4687031209468841,0.6803146212692598,0.006631142687981054
0.468694120645523,0.6803146212692598,0.006710084862837971
0.4676955938339233,0.6805301152893007,0.006710084862837971
0.4676229357719421,0.6805301152893007,0.00674955595026643
0.4661718010902405,0.6809072298243724,0.00674955595026643
0.4660331904888153,0.6809072298243724,0.006828498125123347
0.4658981263637543,0.6810149768343928,0.006828498125123347
0.465795487165451,0.6810149768343928,0.006867969212551806
0.4651342928409576,0.6811765973494236,0.006867969212551806
0.4650731682777405,0.6811765973494236,0.0069074402999802645
0.4649791419506073,0.6812304708544338,0.0069074402999802645
0.4647676050662994,0.6812304708544338,0.006946911387408723
0.4645766913890838,0.6812843443594441,0.006946911387408723
0.464439332485199,0.6812843443594441,0.006986382474837182
0.4641672372817993,0.6813920913694645,0.006986382474837182
0.4641379117965698,0.6813920913694645,0.007025853562265641
0.464025467634201,0.681499838379485,0.007025853562265641
0.4640153050422668,0.681499838379485,0.007065324649694099
0.4639765620231628,0.6815537118844952,0.007065324649694099
0.4638740718364715,0.6815537118844952,0.007104795737122558
0.4635148644447326,0.6816075853895054,0.007104795737122558
0.4631179869174957,0.6816075853895054,0.007262680086836393
0.4628418684005737,0.6817153323995259,0.007262680086836393
0.4627997577190399,0.6817153323995259,0.007302151174264851
0.4619984030723572,0.6819308264195668,0.007302151174264851
0.4619236290454864,0.6819308264195668,0.007381093349121768
0.4616405367851257,0.6820924469345976,0.007381093349121768
0.4614139497280121,0.6820924469345976,0.007420564436550227
0.4599528312683105,0.6826311819847,0.007420564436550227
0.4597282409667969,0.6826311819847,0.007499506611407144
0.459715187549591,0.6826850554897101,0.007499506611407144
0.4594662189483642,0.6826850554897101,0.00761791987369252
0.4594252407550812,0.6828466760047409,0.00761791987369252
0.4590981602668762,0.6828466760047409,0.007736333135977896
0.4590746760368347,0.6829005495097511,0.007736333135977896
0.4580260515213012,0.6829005495097511,0.00789421748569173
0.457933247089386,0.6830082965197716,0.00789421748569173
0.4577677547931671,0.6830082965197716,0.00793368857312019
0.4574509263038635,0.6831699170348022,0.00793368857312019
0.4566685557365417,0.6831699170348022,0.0082099861851194
0.4565920233726501,0.6832237905398125,0.0082099861851194
0.456401377916336,0.6832237905398125,0.008328399447404777
0.4563276171684265,0.683331537549833,0.008328399447404777
0.4561043977737427,0.683331537549833,0.008407341622261694
0.4559741020202636,0.6833854110548432,0.008407341622261694
0.4559003412723541,0.6833854110548432,0.008486283797118611
0.4558422565460205,0.6834392845598535,0.008486283797118611
0.4553632140159607,0.6834392845598535,0.008683639234260904
0.4548526406288147,0.683547031569874,0.008683639234260904
0.4548461437225342,0.683547031569874,0.008723110321689362
0.4548216760158539,0.6836009050748841,0.008723110321689362
0.4547172784805298,0.6836009050748841,0.008841523583974739
0.4546356797218323,0.6836547785798944,0.008841523583974739
0.4545406699180603,0.6836547785798944,0.008920465758831656
0.4543181955814361,0.6837625255899149,0.008920465758831656
0.4537273347377777,0.6837625255899149,0.009117821195973949
0.4536199271678924,0.6838163990949251,0.009117821195973949
0.4536105394363403,0.6838163990949251,0.009157292283402408
0.4534111022949219,0.6839241461049456,0.009157292283402408
0.4532098174095154,0.6839241461049456,0.009236234458259326
0.4531099200248718,0.6839780196099559,0.009236234458259326
0.4524146914482116,0.6839780196099559,0.009315176633116243
0.452267974615097,0.684031893114966,0.009315176633116243
0.452098399400711,0.684031893114966,0.00939411880797316
0.4520301818847656,0.6841935136299968,0.00939411880797316
0.4519879519939422,0.6841935136299968,0.009473060982830076
0.4515770077705383,0.6843551341450275,0.009473060982830076
0.4515665173530578,0.6843551341450275,0.009512532070258536
0.4515096545219421,0.6844090076500378,0.009512532070258536
0.4508651793003082,0.6844090076500378,0.009788829682257746
0.4504677951335907,0.6846245016700786,0.009788829682257746
0.449749231338501,0.6846245016700786,0.010025656206828498
0.4496354460716247,0.6846783751750889,0.010025656206828498
0.449315071105957,0.6846783751750889,0.010183540556542333
0.4493055939674377,0.6847322486800991,0.010183540556542333
0.4491738379001617,0.6847322486800991,0.010301953818827708
0.4488717019557953,0.6848399956901196,0.010301953818827708
0.4487434029579162,0.6848399956901196,0.010380895993684625
0.4487057626247406,0.6848938691951298,0.010380895993684625
0.44781693816185,0.6848938691951298,0.010736135780540754
0.4478151500225067,0.68494774270014,0.010736135780540754
0.4472838938236236,0.68494774270014,0.010815077955397672
0.4472700357437134,0.6850016162051503,0.010815077955397672
0.4464607834815979,0.6850016162051503,0.01089402013025459
0.4464140832424164,0.6850554897101605,0.01089402013025459
0.4462981224060058,0.6850554897101605,0.010933491217683047
0.4462249875068664,0.6851093632151708,0.010933491217683047
0.4462018311023712,0.6851093632151708,0.010972962305111507
0.4461629688739776,0.6852709837302015,0.010972962305111507
0.445916086435318,0.6852709837302015,0.011209788829682257
0.4455741345882416,0.6853248572352117,0.011209788829682257
0.4453326463699341,0.6853248572352117,0.011249259917110717
0.4451779127120971,0.6853787307402219,0.011249259917110717
0.4449837803840637,0.6853787307402219,0.011328202091967634
0.4449586868286133,0.6854326042452322,0.011328202091967634
0.4436710476875305,0.6854326042452322,0.011683441878823761
0.4436399340629577,0.6854864777502424,0.011683441878823761
0.4436164796352386,0.6854864777502424,0.011762384053680679
0.4433872699737549,0.6857019717702834,0.011762384053680679
0.4431602656841278,0.6857019717702834,0.011841326228537596
0.4431426227092743,0.6857558452752937,0.011841326228537596
0.4431393146514892,0.6857558452752937,0.011880797315966056
0.4424681663513183,0.6858635922853141,0.011880797315966056
0.4424676597118377,0.6858635922853141,0.011920268403394513
0.4423169493675232,0.6859713392953346,0.011920268403394513
0.4422387182712555,0.6859713392953346,0.01199921057825143
0.4421354234218597,0.6861329598103653,0.01199921057825143
0.4419602751731872,0.6861329598103653,0.012117623840536806
0.4418790638446808,0.6862407068203857,0.012117623840536806
0.4418236911296844,0.6862407068203857,0.012157094927965266
0.441811591386795,0.6862945803253959,0.012157094927965266
0.4415065050125122,0.6862945803253959,0.012236037102822183
0.4414720237255096,0.6863484538304062,0.012236037102822183
0.4407101273536682,0.6863484538304062,0.01259127688967831
0.4406925439834595,0.6864023273354164,0.01259127688967831
0.4406144917011261,0.6864023273354164,0.012670219064535228
0.4405577778816223,0.6865100743454369,0.012670219064535228
0.4404817819595337,0.6865100743454369,0.012709690151963687
0.440316379070282,0.6865639478504472,0.012709690151963687
0.4402965605258941,0.6865639478504472,0.012749161239392145
0.4401001334190368,0.6866716948604676,0.012749161239392145
0.4400327503681183,0.6866716948604676,0.012788632326820605
0.4399571120738983,0.6867255683654778,0.012788632326820605
0.4397258162498474,0.6867255683654778,0.012946516676534438
0.4397143423557281,0.6867794418704881,0.012946516676534438
0.439365804195404,0.6867794418704881,0.013064929938819815
0.439001202583313,0.6868333153754983,0.013064929938819815
0.4389294683933258,0.6868333153754983,0.013143872113676732
0.4382825195789337,0.6869410623855188,0.013143872113676732
0.4378609955310821,0.6869410623855188,0.013262285375962107
0.4378488659858703,0.6869949358905291,0.013262285375962107
0.437755674123764,0.6869949358905291,0.013380698638247484
0.4377210438251495,0.6870488093955393,0.013380698638247484
0.4375779032707214,0.6870488093955393,0.013459640813104402
0.4375603497028351,0.6871565564055597,0.013459640813104402
0.4373486638069153,0.6871565564055597,0.013578054075389777
0.4370667934417724,0.68721042991057,0.013578054075389777
0.4363722503185272,0.68721042991057,0.01377540951253207
0.436181902885437,0.687425923930611,0.01377540951253207
0.4361796081066131,0.687425923930611,0.013814880599960529
0.4360911250114441,0.6874797974356212,0.013814880599960529
0.4351074397563934,0.6874797974356212,0.014051707124531281
0.4350562393665313,0.6875336709406314,0.014051707124531281
0.4350252747535705,0.6875336709406314,0.014091178211959739
0.4349771738052368,0.6875875444456416,0.014091178211959739
0.4348174035549164,0.6875875444456416,0.014170120386816656
0.4347948431968689,0.6876414179506519,0.014170120386816656
0.4335477948188782,0.6876414179506519,0.014604302348529701
0.4335260093212127,0.6876952914556621,0.014604302348529701
0.4335166215896606,0.6876952914556621,0.01464377343595816
0.4333628416061401,0.6877491649606723,0.01464377343595816
0.4330884516239166,0.6877491649606723,0.014801657785671996
0.4330640733242035,0.6878030384656826,0.014801657785671996
0.4329828321933746,0.6878030384656826,0.01492007104795737
0.4329761266708374,0.6878569119706928,0.01492007104795737
0.4328867197036743,0.6878569119706928,0.015038484310242748
0.4326812028884887,0.6880185324857235,0.015038484310242748
0.4326020181179046,0.6880185324857235,0.015156897572528123
0.43257737159729,0.6880724059907337,0.015156897572528123
0.4325717985630035,0.6880724059907337,0.015196368659956582
0.4323937594890594,0.6882340265057645,0.015196368659956582
0.4321613013744354,0.6882340265057645,0.015354253009670417
0.4321070611476898,0.6882879000107747,0.015354253009670417
0.4319841563701629,0.6882879000107747,0.015433195184527333
0.4319467544555664,0.688341773515785,0.015433195184527333
0.431684672832489,0.688341773515785,0.015591079534241168
0.4315721988677978,0.6883956470207951,0.015591079534241168
0.4312898516654968,0.6883956470207951,0.01578843497138346
0.4311246871948242,0.6885033940308156,0.01578843497138346
0.4310745298862457,0.6885033940308156,0.01582790605881192
0.4310587644577026,0.6885572675358259,0.01582790605881192
0.4306789934635162,0.6885572675358259,0.01590684823366884
0.4305751025676727,0.6886111410408361,0.01590684823366884
0.4305059909820556,0.6886111410408361,0.016025261495954214
0.430437833070755,0.6886650145458464,0.016025261495954214
0.4300794303417206,0.6886650145458464,0.01618314584566805
0.4300544261932373,0.6887188880508566,0.01618314584566805
0.4296773076057434,0.6887188880508566,0.01645944345766726
0.4296752214431762,0.6887727615558669,0.01645944345766726
0.4290641248226166,0.6887727615558669,0.01673574106966647
0.429040789604187,0.688826635060877,0.01673574106966647
0.4287717938423157,0.688826635060877,0.016933096506808763
0.4286890029907226,0.6888805085658873,0.016933096506808763
0.4279128909111023,0.6888805085658873,0.017248865206236433
0.4278380870819092,0.6889343820708975,0.017248865206236433
0.4273624718189239,0.6889343820708975,0.017446220643378724
0.4273549318313598,0.6889882555759078,0.017446220643378724
0.4271791577339172,0.6889882555759078,0.017683047167949478
0.4269243478775024,0.6890960025859283,0.017683047167949478
0.4267950654029846,0.6890960025859283,0.017761989342806393
0.426716685295105,0.6891498760909385,0.017761989342806393
0.4266739189624786,0.6891498760909385,0.017801460430234853
0.4266599416732788,0.6892037495959488,0.017801460430234853
0.4260985255241394,0.6892037495959488,0.018038286954805603
0.4260657429695129,0.689257623100959,0.018038286954805603
0.4257125556468963,0.689257623100959,0.018235642391947898
0.425557017326355,0.6893114966059691,0.018235642391947898
0.4248409569263458,0.6893114966059691,0.018551411091375567
0.4248333573341369,0.6893653701109794,0.018551411091375567
0.4245400726795196,0.6893653701109794,0.018709295441089402
0.4244468212127685,0.6894192436159896,0.018709295441089402
0.4240732192993164,0.6894192436159896,0.018946121965660152
0.424070656299591,0.6894731171209999,0.018946121965660152
0.4239946007728576,0.6894731171209999,0.01902506414051707
0.4239858090877533,0.6895269906260101,0.01902506414051707
0.423907458782196,0.6895269906260101,0.019182948490230906
0.4238889217376709,0.6895808641310204,0.019182948490230906
0.4235310554504394,0.6895808641310204,0.01930136175251628
0.4232586324214935,0.6896347376360306,0.01930136175251628
0.4229569137096405,0.6896347376360306,0.019498717189658576
0.4229536652565002,0.6896886111410409,0.019498717189658576
0.4229263067245483,0.6896886111410409,0.01957765936451549
0.4228557646274566,0.6897963581510613,0.01957765936451549
0.4222585260868072,0.6897963581510613,0.019775014801657786
0.4221395850181579,0.6898502316560715,0.019775014801657786
0.4216194152832031,0.6898502316560715,0.020051312413656996
0.4214244782924652,0.6899041051610818,0.020051312413656996
0.4210951626300812,0.6899041051610818,0.02020919676337083
0.420977234840393,0.6900118521711023,0.02020919676337083
0.4204481542110443,0.6900118521711023,0.02056443655022696
0.4202608168125152,0.6900657256761125,0.02056443655022696
0.4200953841209411,0.6900657256761125,0.020643378725083875
0.4200146198272705,0.6901195991811228,0.020643378725083875
0.4192325472831726,0.6901195991811228,0.020959147424511545
0.4192314743995666,0.6901734726861329,0.020959147424511545
0.4189778566360473,0.6901734726861329,0.02111703177422538
0.4189658761024475,0.6902273461911432,0.02111703177422538
0.4168229401111603,0.6902273461911432,0.022143280047365304
0.416799247264862,0.6902812196961534,0.022143280047365304
0.4164976775646209,0.6902812196961534,0.0223406354845076
0.4164290428161621,0.6903350932011637,0.0223406354845076
0.4163204729557037,0.6903350932011637,0.022419577659364514
0.4162842929363251,0.6903889667061739,0.022419577659364514
0.4155230224132538,0.6903889667061739,0.023090586145648313
0.4154360890388489,0.6904428402111842,0.023090586145648313
0.415417343378067,0.6904428402111842,0.023130057233076772
0.4154112637042999,0.6904967137161944,0.023130057233076772
0.4147241711616516,0.6904967137161944,0.023366883757647523
0.4146976470947265,0.6905505872212047,0.023366883757647523
0.4146361649036407,0.6905505872212047,0.023406354845075982
0.4146258533000946,0.6906044607262148,0.023406354845075982
0.4137078821659088,0.6906044607262148,0.02372212354450365
0.4135966300964355,0.6906583342312251,0.02372212354450365
0.4133085012435913,0.6906583342312251,0.023919478981645946
0.4133072197437286,0.6907122077362353,0.023919478981645946
0.4128927290439605,0.6907122077362353,0.02431418985593053
0.4128212630748749,0.6908199547462558,0.02431418985593053
0.4125298857688904,0.6908199547462558,0.02455101638050128
0.4124138057231903,0.690873828251266,0.02455101638050128
0.412160187959671,0.690873828251266,0.024787842905072036
0.4121520221233368,0.6909277017562763,0.024787842905072036
0.4102101325988769,0.6909277017562763,0.02581409117821196
0.4101064205169678,0.6909815752612865,0.02581409117821196
0.4100704193115234,0.6909815752612865,0.02585356226564042
0.4100040197372436,0.6910354487662967,0.02585356226564042
0.4096966385841369,0.6910354487662967,0.026011446615354254
0.4090935289859772,0.6910893222713069,0.026011446615354254
0.4089301824569702,0.6910893222713069,0.02605091770278271
0.4089182019233703,0.6911431957763172,0.02605091770278271
0.4088618159294128,0.6911431957763172,0.02609038879021117
0.4087952673435211,0.6911970692813274,0.02609038879021117
0.4087796509265899,0.6911970692813274,0.02612985987763963
0.4086009860038757,0.6912509427863377,0.02612985987763963
0.4085420668125152,0.6912509427863377,0.026208802052496545
0.4083755314350128,0.6913048162913479,0.026208802052496545
0.4080083668231964,0.6913048162913479,0.02664298401420959
0.4079226553440094,0.6913586897963582,0.02664298401420959
0.4076895415782928,0.6913586897963582,0.02672192618906651
0.4076266884803772,0.6914664368063786,0.02672192618906651
0.4070797264575958,0.6914664368063786,0.02699822380106572
0.4070634245872497,0.6915203103113888,0.02699822380106572
0.4069568514823913,0.6915203103113888,0.027195579238208013
0.4069498181343078,0.6915741838163991,0.027195579238208013
0.4058650732040405,0.6915741838163991,0.027629761199921058
0.4057726562023163,0.6916280573214093,0.027629761199921058
0.4056313931941986,0.6916280573214093,0.027787645549634893
0.4056310057640075,0.6916819308264196,0.027787645549634893
0.4055491685867309,0.6916819308264196,0.027906058811920268
0.4053696990013122,0.6917358043314298,0.027906058811920268
0.4050728678703308,0.6917358043314298,0.028182356423919478
0.4048542380332947,0.6918435513414503,0.028182356423919478
0.404770016670227,0.6918435513414503,0.028300769686204853
0.4047648906707763,0.6918974248464606,0.028300769686204853
0.4045884013175964,0.6918974248464606,0.028498125123347148
0.4045504629611969,0.6919512983514707,0.028498125123347148
0.4040745496749878,0.6919512983514707,0.028853364910203277
0.4039881229400635,0.692005171856481,0.028853364910203277
0.4033773243427276,0.692005171856481,0.029208604697059402
0.4031603038311004,0.6920590453614912,0.029208604697059402
0.4031435847282409,0.6920590453614912,0.02928754687191632
0.4030508995056152,0.6921129188665015,0.02928754687191632
0.4029567241668701,0.6921129188665015,0.02932701795934478
0.4029350578784942,0.6921667923715117,0.02932701795934478
0.4022043347358703,0.6921667923715117,0.029800671008486285
0.4021922647953033,0.692220665876522,0.029800671008486285
0.4021179378032684,0.692220665876522,0.0298796131833432
0.4020731151103973,0.6922745393815322,0.0298796131833432
0.4020181894302368,0.6922745393815322,0.02991908427077166
0.4019978642463684,0.6923284128865423,0.02991908427077166
0.4016801118850708,0.6923284128865423,0.03015591079534241
0.4016157984733581,0.6924361598965628,0.03015591079534241
0.401612251996994,0.6924361598965628,0.03019538188277087
0.4015971720218658,0.6924900334015731,0.03019538188277087
0.4015626609325409,0.6924900334015731,0.03023485297019933
0.4013991355895996,0.6925439069065833,0.03023485297019933
0.401231437921524,0.6925439069065833,0.030313795145056246
0.4012241959571838,0.6925977804115936,0.030313795145056246
0.4011373519897461,0.6925977804115936,0.030392737319913165
0.401004821062088,0.6927055274216141,0.030392737319913165
0.4006666839122772,0.6927055274216141,0.030590092757055456
0.4006139039993286,0.6927594009266242,0.030590092757055456
0.4006047248840332,0.6927594009266242,0.030629563844483915
0.4005692303180694,0.6928132744316345,0.030629563844483915
0.4004281759262085,0.6928132744316345,0.03074797710676929
0.4004246592521667,0.6928671479366447,0.03074797710676929
0.4000512957572937,0.6928671479366447,0.0310242747187685
0.4000401794910431,0.692921021441655,0.0310242747187685
0.3997550010681152,0.692921021441655,0.03130057233076771
0.3997526466846466,0.6929748949466652,0.03130057233076771
0.3990480601787567,0.6929748949466652,0.03181369646733768
0.3989700376987457,0.6930287684516755,0.03181369646733768
0.3989337980747223,0.6930287684516755,0.03189263864219459
0.3988800644874573,0.6930826419566857,0.03189263864219459
0.3986887037754059,0.6930826419566857,0.03212946516676535
0.398669958114624,0.693136515461696,0.03212946516676535
0.3986170291900635,0.693136515461696,0.03224787842905072
0.3985206484794616,0.6931903889667062,0.03224787842905072
0.3983803391456604,0.6931903889667062,0.03240576277876456
0.3983398973941803,0.6932442624717164,0.03240576277876456
0.3973607420921325,0.6932442624717164,0.03323465561476219
0.3973006904125213,0.6932981359767266,0.03323465561476219
0.3972668051719665,0.6932981359767266,0.03327412670219065
0.3972046971321106,0.6933520094817369,0.03327412670219065
0.3966139256954193,0.6933520094817369,0.03382672192618907
0.3966037631034851,0.6934058829867471,0.03382672192618907
0.3964507281780243,0.6934058829867471,0.03402407736333136
0.3963714241981506,0.6935136299967676,0.03402407736333136
0.3960698843002319,0.6935136299967676,0.034221432800473656
0.3960430026054382,0.6935675035017779,0.034221432800473656
0.3957955837249756,0.6935675035017779,0.03437931715018749
0.3957477807998657,0.693621377006788,0.03437931715018749
0.3951970338821411,0.693621377006788,0.034852970199328995
0.3951730132102966,0.6936752505117983,0.034852970199328995
0.3942802250385284,0.6936752505117983,0.035523978685612786
0.3942398428916931,0.6937291240168085,0.035523978685612786
0.3939599096775055,0.6937291240168085,0.035800276297611996
0.3938506841659546,0.6938907445318392,0.035800276297611996
0.3936652839183807,0.6938907445318392,0.036194987171896585
0.3936215341091156,0.6939446180368495,0.036194987171896585
0.3934595584869385,0.6939446180368495,0.036392342609038876
0.3934536576271057,0.6939984915418597,0.036392342609038876
0.3932400643825531,0.6939984915418597,0.036747582395895005
0.3932371139526367,0.69405236504687,0.036747582395895005
0.3929115533828735,0.69405236504687,0.03718176435760805
0.3928998410701751,0.6941062385518801,0.03718176435760805
0.3924169838428497,0.6941062385518801,0.037615946319321095
0.3924046456813812,0.6941601120568904,0.037615946319321095
0.3917586207389831,0.6941601120568904,0.03812907045589106
0.3917479515075683,0.6942139855619006,0.03812907045589106
0.3916045725345611,0.6942139855619006,0.03832642589303335
0.3915947079658508,0.6942678590669109,0.03832642589303335
0.391446053981781,0.6942678590669109,0.03840536806789027
0.3913733959197998,0.6943217325719211,0.03840536806789027
0.3912073373794555,0.6943217325719211,0.03844483915531873
0.391061007976532,0.6943756060769314,0.03844483915531873
0.3909483253955841,0.6943756060769314,0.0385632524176041
0.3907442390918731,0.6944294795819416,0.0385632524176041
0.3906243145465851,0.6944294795819416,0.03868166567988948
0.3905797004699707,0.694537226591962,0.03868166567988948
0.3902778029441833,0.694537226591962,0.03895796329188869
0.3902746140956878,0.6945911000969723,0.03895796329188869
0.3898310661315918,0.6945911000969723,0.03939214525360173
0.3895964622497558,0.694752720612003,0.03939214525360173
0.3894898891448974,0.694752720612003,0.03951055851588711
0.3894592523574829,0.6948065941170133,0.03951055851588711
0.3887132406234741,0.6948065941170133,0.04033945135188474
0.388636976480484,0.6948604676220235,0.04033945135188474
0.3885652124881744,0.6948604676220235,0.04049733570159858
0.3884846568107605,0.6949143411270338,0.04049733570159858
0.3884133398532867,0.6949143411270338,0.0405762778764555
0.388405442237854,0.694968214632044,0.0405762778764555
0.3879576325416565,0.694968214632044,0.04101045983816854
0.3879296481609344,0.6950220881370542,0.04101045983816854
0.387754887342453,0.6950220881370542,0.04112887310045392
0.3876727819442749,0.6951298351470747,0.04112887310045392
0.3871747255325317,0.6951298351470747,0.04144464179988159
0.3871718943119049,0.6951837086520849,0.04144464179988159
0.3857786059379577,0.6951837086520849,0.0423919478981646
0.385719895362854,0.6952375821570952,0.0423919478981646
0.3855510652065277,0.6952375821570952,0.04251036116044997
0.3855145275592804,0.6952914556621054,0.04251036116044997
0.3853002786636352,0.6952914556621054,0.04262877442273535
0.385222852230072,0.6953992026721258,0.04262877442273535
0.3850778341293335,0.6953992026721258,0.0428656009473061
0.3850241899490356,0.695453076177136,0.0428656009473061
0.3846316933631897,0.695453076177136,0.0433392539964476
0.3846281170845032,0.6955069496821463,0.0433392539964476
0.3836708962917328,0.6955069496821463,0.044168146832445236
0.3836333453655243,0.6955608231871565,0.044168146832445236
0.3831794559955597,0.6955608231871565,0.0446812709690152
0.3831484317779541,0.6956146966921668,0.0446812709690152
0.3828290998935699,0.6956146966921668,0.04491809749358595
0.3827893435955047,0.695668570197177,0.04491809749358595
0.3822151720523834,0.695668570197177,0.045391750542727455
0.3822097182273865,0.6957224437021873,0.045391750542727455
0.3820758759975433,0.6957224437021873,0.045549634892441286
0.3818346261978149,0.6958301907122078,0.045549634892441286
0.3817488551139831,0.6958301907122078,0.04574699032958358
0.3817222416400909,0.6958840642172179,0.04574699032958358
0.3817179799079895,0.6958840642172179,0.045825932504440496
0.3816316723823547,0.6959379377222282,0.045825932504440496
0.3802400827407837,0.6959379377222282,0.04716794947700809
0.3801649212837219,0.6959918112272384,0.04716794947700809
0.3801582157611847,0.6959918112272384,0.04720742056443655
0.3800981342792511,0.6960456847322487,0.04720742056443655
0.3800630569458008,0.6960456847322487,0.047286362739293465
0.3799453973770141,0.6961534317422692,0.047286362739293465
0.3796352744102478,0.6961534317422692,0.04752318926386422
0.3795486986637115,0.6962611787522897,0.04752318926386422
0.3794339597225189,0.6962611787522897,0.04772054470100651
0.379397302865982,0.6963150522572998,0.04772054470100651
0.3792733550071716,0.6963150522572998,0.047878429050720345
0.379102498292923,0.6963689257623101,0.047878429050720345
0.3788993954658508,0.6963689257623101,0.04803631340043418
0.3788819015026092,0.6964227992673203,0.04803631340043418
0.3788220882415771,0.6964227992673203,0.048154726662719555
0.3787660002708435,0.6964766727723306,0.048154726662719555
0.3787558376789093,0.6964766727723306,0.04831261101243339
0.3786404430866241,0.6965305462773408,0.04831261101243339
0.3777878582477569,0.6965305462773408,0.04918097493585948
0.3777644634246826,0.6965844197823511,0.04918097493585948
0.3767142593860626,0.6965844197823511,0.04989145450957174
0.3766593933105469,0.6966921667923716,0.04989145450957174
0.376219242811203,0.6966921667923716,0.05024669429642787
0.3761674761772156,0.6967460402973817,0.05024669429642787
0.3751871287822723,0.6967460402973817,0.0508782316952832
0.3750475645065307,0.6968537873074022,0.0508782316952832
0.3747724294662475,0.6968537873074022,0.05123347148213933
0.3747138082981109,0.6969076608124125,0.05123347148213933
0.3744773268699646,0.6969076608124125,0.05139135583185317
0.3743847608566284,0.6969615343174227,0.05139135583185317
0.3743153512477875,0.6969615343174227,0.05143082691928163
0.3743041157722473,0.6970154078224329,0.05143082691928163
0.3742690682411194,0.6970154078224329,0.05150976909413854
0.3741729855537414,0.6970692813274432,0.05150976909413854
0.3728218376636505,0.6970692813274432,0.05265443062956385
0.3727957904338836,0.6971231548324534,0.05265443062956385
0.3727689385414123,0.6971231548324534,0.0526939017169923
0.3727399706840515,0.6972309018424738,0.0526939017169923
0.3725072145462036,0.6972309018424738,0.05281231497927768
0.3724700212478637,0.6972847753474841,0.05281231497927768
0.3722191751003265,0.6972847753474841,0.053878034339846066
0.3722179234027862,0.6972847753474841,0.05395697651470298
0.3720528483390808,0.6972847753474841,0.056206828498125125
0.3720473349094391,0.6973386488524943,0.056206828498125125
0.3713845014572143,0.6973386488524943,0.06098283007696862
0.3713761568069458,0.6973925223575046,0.06098283007696862
0.3713558912277221,0.6973925223575046,0.061101243339254
0.3713550865650177,0.6974463958625148,0.061101243339254
0.3710946142673492,0.6974463958625148,0.06287744227353463
0.3710932433605194,0.6974463958625148,0.06295638444839155
0.3706034123897552,0.6974463958625148,0.067298204065522
0.3705992400646209,0.6975002693675251,0.067298204065522
0.3705346882343292,0.6975002693675251,0.06765344385237813
0.3705320954322815,0.6975541428725353,0.06765344385237813
0.3702055215835571,0.6975541428725353,0.06954805604894415
0.3702050745487213,0.6976080163775455,0.06954805604894415
0.3693836331367492,0.6976080163775455,0.07085060193408328
0.3693397045135498,0.6976618898825557,0.07085060193408328
0.3687262535095215,0.6976618898825557,0.07175843694493783
0.368634819984436,0.697715763387566,0.07175843694493783
0.3679438233375549,0.697715763387566,0.07282415630550622
0.3679406344890594,0.6977696368925762,0.07282415630550622
0.3678641319274902,0.6977696368925762,0.07290309848036314
0.3678585290908813,0.6978235103975865,0.07290309848036314
0.3677327036857605,0.6978235103975865,0.07298204065522006
0.3677221834659576,0.6978773839025967,0.07298204065522006
0.3675108551979065,0.6978773839025967,0.07345569370436156
0.3674752116203308,0.697931257407607,0.07345569370436156
0.3661718368530273,0.697931257407607,0.07499506611407145
0.3661377727985382,0.6979851309126172,0.07499506611407145
0.3660541772842407,0.6979851309126172,0.07511347937635682
0.3660331666469574,0.6980390044176275,0.07511347937635682
0.3650151193141937,0.6980390044176275,0.07625814091178212
0.365008682012558,0.6980928779226376,0.07625814091178212
0.3648999035358429,0.6980928779226376,0.07641602526149595
0.3648782074451446,0.6981467514276479,0.07641602526149595
0.3648709952831268,0.6981467514276479,0.07645549634892441
0.364861786365509,0.6982006249326581,0.07645549634892441
0.3646397292613983,0.6982006249326581,0.07673179396092362
0.3646342158317566,0.6982544984376684,0.07673179396092362
0.3645521104335785,0.6982544984376684,0.07688967831063746
0.3645071983337402,0.6983083719426786,0.07688967831063746
0.3636445105075836,0.6983083719426786,0.07795539767120584
0.3636065125465393,0.6983622454476889,0.07795539767120584
0.3635122776031494,0.6983622454476889,0.07807381093349122
0.3634309470653534,0.6984699924577092,0.07807381093349122
0.3633379936218261,0.6984699924577092,0.07823169528320505
0.3633348345756531,0.6985238659627195,0.07823169528320505
0.3632298409938812,0.6985238659627195,0.07827116637063351
0.3631881177425384,0.6985777394677297,0.07827116637063351
0.3623660206794739,0.6985777394677297,0.07957371225577264
0.3623004853725433,0.69863161297274,0.07957371225577264
0.3618820905685425,0.69863161297274,0.08008683639234261
0.361860990524292,0.6986854864777502,0.08008683639234261
0.3616996109485626,0.6986854864777502,0.08032366291691335
0.3616623878479004,0.6987393599827605,0.08032366291691335
0.3610399961471557,0.6987393599827605,0.08099467140319716
0.3609792590141296,0.6987932334877707,0.08099467140319716
0.3608445525169372,0.6987932334877707,0.08111308466548253
0.3608429431915283,0.698847106992781,0.08111308466548253
0.360813707113266,0.698847106992781,0.081152555752911
0.36081263422966,0.6989009804977911,0.081152555752911
0.3605536520481109,0.6989009804977911,0.08146832445233866
0.3605498969554901,0.6989548540028014,0.08146832445233866
0.3604806661605835,0.6989548540028014,0.08150779553976711
0.3604422211647033,0.6990087275078116,0.08150779553976711
0.3601678013801574,0.6990087275078116,0.0816262088020525
0.3600459694862366,0.6990626010128219,0.0816262088020525
0.3599061369895935,0.6990626010128219,0.08174462206433787
0.3598608374595642,0.6991164745178321,0.08174462206433787
0.359794408082962,0.6991164745178321,0.08202091967633708
0.3597795963287353,0.6991703480228424,0.08202091967633708
0.3595012426376343,0.6991703480228424,0.08229721728833629
0.3594032227993011,0.6992242215278526,0.08229721728833629
0.3592901825904846,0.6992242215278526,0.08245510163805013
0.3591296672821045,0.6992780950328629,0.08245510163805013
0.3590251505374908,0.6992780950328629,0.0825735149003355
0.3590166866779327,0.699331968537873,0.0825735149003355
0.3585443198680877,0.699331968537873,0.08340240773633313
0.3585419654846191,0.6993858420428833,0.08340240773633313
0.3582480847835541,0.6993858420428833,0.08375764752318926
0.3582344055175781,0.6994397155478935,0.08375764752318926
0.3580982387065887,0.6994397155478935,0.08387606078547465
0.358075201511383,0.6994935890529038,0.08387606078547465
0.3579793870449066,0.6994935890529038,0.08395500296033155
0.3578412532806396,0.699547462557914,0.08395500296033155
0.3577711582183838,0.699547462557914,0.08415235839747386
0.357687771320343,0.6996552095679345,0.08415235839747386
0.3575710952281952,0.6996552095679345,0.08431024274718768
0.357473075389862,0.6997090830729448,0.08431024274718768
0.3572720885276794,0.6997090830729448,0.08470495362147228
0.3572169542312622,0.6998168300829652,0.08470495362147228
0.3571996390819549,0.6998168300829652,0.08474442470890073
0.3571780025959015,0.6998707035879754,0.08474442470890073
0.3571495413780212,0.6998707035879754,0.0848628379711861
0.3571206927299499,0.6999245770929857,0.0848628379711861
0.3566941618919372,0.6999245770929857,0.08529701993289915
0.3566639721393585,0.7000323241030061,0.08529701993289915
0.3565551340579986,0.7000323241030061,0.0855338464574699
0.3565112352371216,0.7000861976080164,0.0855338464574699
0.3563960790634155,0.7000861976080164,0.0857312018946122
0.3563205003738403,0.7001939446180369,0.0857312018946122
0.356180876493454,0.7001939446180369,0.08584961515689757
0.3561205267906189,0.700247818123047,0.08584961515689757
0.356061726808548,0.700247818123047,0.08592855733175449
0.3560586869716644,0.7003555651330675,0.08592855733175449
0.3557353615760803,0.7003555651330675,0.08612591276889678
0.3557088673114776,0.7004094386380778,0.08612591276889678
0.3554162979125976,0.7004094386380778,0.08640221038089599
0.3554117083549499,0.700463312143088,0.08640221038089599
0.3550110161304474,0.700463312143088,0.08691533451746596
0.354959487915039,0.7005171856480983,0.08691533451746596
0.3548089563846588,0.7005171856480983,0.08711268995460825
0.354804128408432,0.7005710591531085,0.08711268995460825
0.3545994162559509,0.7005710591531085,0.08738898756660746
0.3545333743095398,0.7006249326581188,0.08738898756660746
0.354273110628128,0.7006249326581188,0.08762581409117821
0.3542514443397522,0.7006788061631289,0.08762581409117821
0.3541538119316101,0.7006788061631289,0.08770475626603513
0.3541320860385895,0.7007865531731494,0.08770475626603513
0.3539905548095703,0.7007865531731494,0.0878231695283205
0.3539886772632599,0.7008404266781597,0.0878231695283205
0.3538541793823242,0.7008404266781597,0.08794158279060588
0.353636771440506,0.7008943001831699,0.08794158279060588
0.35226970911026,0.7008943001831699,0.08948095520031576
0.3522531688213348,0.7009481736881802,0.08948095520031576
0.3521854877471924,0.7009481736881802,0.08955989737517268
0.3521530032157898,0.7010020471931904,0.08955989737517268
0.3515595197677612,0.7010020471931904,0.09023090586145649
0.3515041768550873,0.7010559206982007,0.09023090586145649
0.3513140380382538,0.7010559206982007,0.0905072034734557
0.3513093888759613,0.7011097942032108,0.0905072034734557
0.351248174905777,0.7011097942032108,0.0905861456483126
0.351233422756195,0.7011636677082211,0.0905861456483126
0.3506429195404053,0.7011636677082211,0.09129662522202486
0.3506316244602203,0.7012175412132313,0.09129662522202486
0.3502883613109588,0.7012175412132313,0.09153345174659562
0.3501822054386139,0.7013252882232518,0.09153345174659562
0.3501431941986084,0.7013252882232518,0.09165186500888099
0.3501269519329071,0.7013791617282621,0.09165186500888099
0.3500421941280365,0.7013791617282621,0.09173080718373791
0.3500259220600128,0.7014330352332723,0.09173080718373791
0.3497385382652282,0.7014330352332723,0.09212551805802249
0.349731296300888,0.7014869087382826,0.09212551805802249
0.3495685160160064,0.7014869087382826,0.09224393132030788
0.3495559096336365,0.7015407822432927,0.09224393132030788
0.3490665256977081,0.7015407822432927,0.09255970001973554
0.3488471508026123,0.7016485292533132,0.09255970001973554
0.348486453294754,0.7016485292533132,0.09299388198144859
0.3484559059143066,0.7017024027583234,0.09299388198144859
0.3480316698551178,0.7017024027583234,0.09334912176830472
0.3479233086109161,0.7018101497683439,0.09334912176830472
0.3474437892436981,0.7018101497683439,0.09366489046773238
0.3474243879318237,0.7019178967783644,0.09366489046773238
0.3471788167953491,0.7019178967783644,0.09405960134201698
0.3471735119819641,0.7019717702833747,0.09405960134201698
0.3470896184444427,0.7019717702833747,0.0942174856917308
0.3470351994037628,0.7020256437883848,0.0942174856917308
0.3469589054584503,0.7020256437883848,0.09429642786658772
0.3468165993690491,0.7020795172933951,0.09429642786658772
0.3467959761619568,0.7020795172933951,0.09433589895401619
0.3467831611633301,0.7021333907984053,0.09433589895401619
0.3466522097587585,0.7021333907984053,0.09457272547858693
0.3465417325496673,0.7022411378084258,0.09457272547858693
0.3464970886707306,0.7022411378084258,0.09469113874087232
0.3464682102203369,0.7022950113134361,0.09469113874087232
0.3463107645511627,0.7022950113134361,0.0948884941780146
0.3462958335876465,0.7023488848184463,0.0948884941780146
0.3461031913757324,0.7023488848184463,0.09500690744029998
0.3460895121097564,0.7024566318284667,0.09500690744029998
0.3460041284561157,0.7024566318284667,0.0950858496151569
0.3459442853927612,0.7025643788384872,0.0950858496151569
0.3457975387573242,0.7025643788384872,0.09524373396487074
0.3457958996295929,0.7026182523434975,0.09524373396487074
0.345652163028717,0.7026182523434975,0.09536214722715611
0.3456245958805084,0.7026721258485077,0.09536214722715611
0.3453744053840637,0.7026721258485077,0.09544108940201303
0.3452386856079101,0.702725999353518,0.09544108940201303
0.3448105454444885,0.702725999353518,0.09567791592658378
0.3447593152523041,0.7027798728585282,0.09567791592658378
0.3447305262088775,0.7027798728585282,0.09587527136372608
0.3447277545928955,0.7028337463635385,0.09587527136372608
0.3446822166442871,0.7028337463635385,0.095954213538583
0.3446161150932312,0.7029414933735589,0.095954213538583
0.3445636630058288,0.7029414933735589,0.09611209788829682
0.3445108234882355,0.7029953668785691,0.09611209788829682
0.3442859351634979,0.7029953668785691,0.09634892441286758
0.344285637140274,0.7030492403835794,0.09634892441286758
0.3440447449684143,0.7030492403835794,0.09674363528715216
0.3440424799919128,0.7031031138885896,0.09674363528715216
0.3436793386936188,0.7031031138885896,0.09701993289915137
0.3435464203357696,0.7032108608986101,0.09701993289915137
0.343335747718811,0.7032108608986101,0.0971778172488652
0.3433185517787933,0.7032647344036203,0.0971778172488652
0.3432069718837738,0.7032647344036203,0.09741464377343596
0.3431638777256012,0.7033186079086305,0.09741464377343596
0.3429480791091919,0.7033186079086305,0.09757252812314979
0.3428883552551269,0.7033724814136407,0.09757252812314979
0.3425770998001098,0.7033724814136407,0.097848825735149
0.3425226509571075,0.7034802284236612,0.097848825735149
0.3423912227153778,0.7034802284236612,0.09808565225971975
0.3423910140991211,0.7035341019286715,0.09808565225971975
0.3423264920711517,0.7035341019286715,0.09816459443457667
0.3422901928424835,0.7035879754336817,0.09816459443457667
0.3422273099422455,0.7035879754336817,0.09840142095914742
0.3421970009803772,0.703641848938692,0.09840142095914742
0.3419369459152221,0.703641848938692,0.0985198342214328
0.3418986797332763,0.7036957224437022,0.0985198342214328
0.3416835069656372,0.7036957224437022,0.09863824748371817
0.341681033372879,0.7037495959487124,0.09863824748371817
0.3415227234363556,0.7037495959487124,0.09879613183343201
0.3414924740791321,0.7038034694537226,0.09879613183343201
0.3408316373825073,0.7038034694537226,0.0991908427077166
0.3407692313194275,0.7038573429587329,0.0991908427077166
0.3406952321529388,0.7038573429587329,0.09930925597000197
0.340645432472229,0.7039650899687534,0.09930925597000197
0.3402552604675293,0.7039650899687534,0.09962502466942964
0.3401319682598114,0.7040189634737636,0.09962502466942964
0.340033084154129,0.7040189634737636,0.0998618511940004
0.3399423062801361,0.7040728369787739,0.0998618511940004
0.339707612991333,0.7040728369787739,0.10013814880599961
0.3396831154823303,0.7041267104837841,0.10013814880599961
0.3394757807254791,0.7041267104837841,0.1003355042431419
0.3394564390182495,0.7041805839887944,0.1003355042431419
0.3393005430698395,0.7041805839887944,0.10049338859285574
0.3392803966999054,0.7042344574938045,0.10049338859285574
0.3388117849826813,0.7042344574938045,0.10073021511742648
0.3387852907180786,0.704342204503825,0.10073021511742648
0.338340163230896,0.704342204503825,0.10136175251628182
0.3382244706153869,0.7043960780088353,0.10136175251628182
0.3379543125629425,0.7043960780088353,0.10171699230313795
0.3379466533660888,0.7044499515138455,0.10171699230313795
0.3379365801811218,0.7044499515138455,0.1017564633905664
0.3378417491912842,0.7045038250188558,0.1017564633905664
0.3372173607349396,0.7045038250188558,0.10274324057627787
0.3371945321559906,0.7046115720288763,0.10274324057627787
0.3370463848114013,0.7046115720288763,0.10290112492599171
0.3370451927185058,0.7046654455338864,0.10290112492599171
0.3369909226894378,0.7046654455338864,0.10298006710084863
0.3369446098804474,0.7047193190388966,0.10298006710084863
0.336747944355011,0.7047193190388966,0.10317742253799092
0.336648166179657,0.7047731925439069,0.10317742253799092
0.336397111415863,0.7047731925439069,0.10345372014999013
0.3363859951496124,0.7048270660489171,0.10345372014999013
0.3363721668720245,0.7048270660489171,0.1034931912374186
0.3362383544445038,0.7048809395539274,0.1034931912374186
0.3357821404933929,0.7048809395539274,0.10380895993684626
0.3357735276222229,0.7049348130589376,0.10380895993684626
0.3352192044258117,0.7049348130589376,0.10420367081113084
0.3351499736309051,0.7049886865639479,0.10420367081113084
0.334566593170166,0.7049886865639479,0.10459838168541544
0.3345646560192108,0.705042560068958,0.10459838168541544
0.3343811929225921,0.705042560068958,0.10475626603512926
0.3343440294265747,0.7051503070789785,0.10475626603512926
0.3343164026737213,0.7051503070789785,0.10487467929741465
0.3343143165111542,0.7052041805839888,0.10487467929741465
0.3341725170612335,0.7052041805839888,0.10495362147227157
0.3341667652130127,0.705258054088999,0.10495362147227157
0.3340473175048828,0.705258054088999,0.10503256364712849
0.3340450227260589,0.7053119275940093,0.10503256364712849
0.3338231742382049,0.7053119275940093,0.1053088612591277
0.3337154388427734,0.7053658010990195,0.1053088612591277
0.3332588076591491,0.7053658010990195,0.1055851588711269
0.3332289159297943,0.7054196746040298,0.1055851588711269
0.333018958568573,0.7054196746040298,0.10582198539569765
0.3330057859420776,0.70547354810904,0.10582198539569765
0.3329955637454986,0.70547354810904,0.10586145648312612
0.3329675495624542,0.7055274216140502,0.10586145648312612
0.3329493105411529,0.7055274216140502,0.10594039865798303
0.3329399228096008,0.7055812951190604,0.10594039865798303
0.332243949174881,0.7055812951190604,0.10657193605683836
0.3321687579154968,0.7056351686240707,0.10657193605683836
0.3321316838264465,0.7056351686240707,0.10669034931912375
0.3320273458957672,0.7056890421290809,0.10669034931912375
0.3319995999336242,0.7056890421290809,0.10680876258140912
0.3318375945091247,0.7057429156340912,0.10680876258140912
0.3309573829174042,0.7057429156340912,0.10783501085454904
0.3309522569179535,0.7057967891391014,0.10783501085454904
0.3309232890605926,0.7057967891391014,0.10799289520426288
0.3308935761451721,0.7059045361491219,0.10799289520426288
0.3306373059749603,0.7059045361491219,0.108348134991119
0.3305727541446686,0.7059584096541321,0.108348134991119
0.330535888671875,0.7059584096541321,0.10842707716597592
0.3305148184299469,0.7060122831591423,0.10842707716597592
0.3304682970046997,0.7060122831591423,0.10850601934083284
0.3304280936717987,0.7060661566641526,0.10850601934083284
0.3300851285457611,0.7060661566641526,0.10890073021511743
0.3300696313381195,0.7061200301691628,0.10890073021511743
0.3300102353096008,0.7061200301691628,0.10905861456483126
0.3299389779567718,0.7062277771791833,0.10905861456483126
0.3298958539962768,0.7062277771791833,0.10909808565225972
0.329864889383316,0.7062816506841935,0.10909808565225972
0.329754889011383,0.7062816506841935,0.1092164989145451
0.3297459185123443,0.7063355241892038,0.1092164989145451
0.3295300304889679,0.7063355241892038,0.10937438326425893
0.3295232653617859,0.7064432711992242,0.10937438326425893
0.3295149803161621,0.7064432711992242,0.10941385435168739
0.3294280171394348,0.7064971447042344,0.10941385435168739
0.3287956416606903,0.7064971447042344,0.10984803631340044
0.3287927210330963,0.7065510182092447,0.10984803631340044
0.3287688791751861,0.7065510182092447,0.1098875074008289
0.3287655711174011,0.7066048917142549,0.1098875074008289
0.3284967541694641,0.7066048917142549,0.10996644957568581
0.3283911943435669,0.7067126387242754,0.10996644957568581
0.3282075524330139,0.7067126387242754,0.1101638050128281
0.3281472623348236,0.7067665122292857,0.1101638050128281
0.3279659748077392,0.7067665122292857,0.11020327610025656
0.3279460668563843,0.7068203857342958,0.11020327610025656
0.3278241157531738,0.7068203857342958,0.11028221827511347
0.3278056681156158,0.7068742592393061,0.11028221827511347
0.3277859687805176,0.7068742592393061,0.11032168936254194
0.3277715444564819,0.7069820062493266,0.11032168936254194
0.3276954889297485,0.7069820062493266,0.11040063153739886
0.3276727795600891,0.7070897532593471,0.11040063153739886
0.3276573121547699,0.7070897532593471,0.11044010262482731
0.3275856971740722,0.7071436267643573,0.11044010262482731
0.3275573551654815,0.7071436267643573,0.11047957371225577
0.3275513648986816,0.7071975002693676,0.11047957371225577
0.3275369703769684,0.7071975002693676,0.11051904479968423
0.3275331854820251,0.7072513737743777,0.11051904479968423
0.3273733258247375,0.7072513737743777,0.11079534241168344
0.32734215259552,0.707305247279388,0.11079534241168344
0.3272526562213897,0.707305247279388,0.11095322676139728
0.3272331058979034,0.7073591207843982,0.11095322676139728
0.327103704214096,0.7073591207843982,0.1111111111111111
0.3268711268901825,0.7076284883094495,0.1111111111111111
0.3264433145523071,0.7076284883094495,0.11138740872311031
0.3264403939247131,0.7076823618144596,0.11138740872311031
0.3263643682003021,0.7076823618144596,0.11146635089796723
0.3263457417488098,0.7077362353194698,0.11146635089796723
0.3262012898921966,0.7077362353194698,0.11154529307282415
0.3261676132678985,0.7077901088244801,0.11154529307282415
0.3260113596916199,0.7077901088244801,0.11162423524768107
0.3259628713130951,0.7078439823294903,0.11162423524768107
0.3258561491966247,0.7078439823294903,0.11166370633510954
0.3258265256881714,0.7078978558345006,0.11166370633510954
0.3257908225059509,0.7078978558345006,0.11170317742253799
0.3257696032524109,0.7079517293395108,0.11170317742253799
0.3257555067539215,0.7079517293395108,0.11174264850996644
0.3257545232772827,0.7080056028445211,0.11174264850996644
0.3256830275058746,0.7080056028445211,0.11186106177225183
0.3256717026233673,0.7080594763495313,0.11186106177225183
0.3252211511135101,0.7080594763495313,0.11229524373396486
0.3251387178897857,0.7081133498545416,0.11229524373396486
0.3250710964202881,0.7081133498545416,0.11233471482139333
0.3250519335269928,0.7081672233595517,0.11233471482139333
0.3248881101608276,0.7081672233595517,0.11241365699625025
0.3248702883720398,0.708221096864562,0.11241365699625025
0.324864387512207,0.708221096864562,0.1124531280836787
0.3248385488986969,0.7082749703695722,0.1124531280836787
0.3246583044528961,0.7082749703695722,0.11257154134596409
0.3245041072368622,0.7083827173795927,0.11257154134596409
0.3244214057922363,0.7083827173795927,0.11268995460824946
0.3243559598922729,0.7084904643896132,0.11268995460824946
0.324346125125885,0.7084904643896132,0.11272942569567791
0.3243297338485718,0.7085443378946235,0.11272942569567791
0.3243249356746673,0.7085443378946235,0.11280836787053483
0.3242740929126739,0.7085982113996336,0.11280836787053483
0.3240382373332977,0.7085982113996336,0.11312413656996251
0.3240142464637756,0.7086520849046439,0.11312413656996251
0.3238751888275146,0.7086520849046439,0.11320307874481941
0.3237836956977844,0.7087598319146644,0.11320307874481941
0.3237118422985077,0.7087598319146644,0.11328202091967633
0.3236733973026275,0.7088675789246849,0.11328202091967633
0.3236471116542816,0.7088675789246849,0.1133214920071048
0.3236184120178222,0.7089214524296951,0.1133214920071048
0.323464959859848,0.7089214524296951,0.11336096309453325
0.3233491778373718,0.7090830729447258,0.11336096309453325
0.3226836621761322,0.7090830729447258,0.11387408723110322
0.3226005733013153,0.709136946449736,0.11387408723110322
0.3225269913673401,0.709136946449736,0.11395302940596014
0.3222654461860657,0.7094063139747872,0.11395302940596014
0.3220361769199371,0.7094063139747872,0.11422932701795935
0.3219403624534607,0.7095140609848076,0.11422932701795935
0.3216947317123413,0.7095140609848076,0.11454509571738701
0.3216694891452789,0.7096218079948281,0.11454509571738701
0.3215540051460266,0.7096218079948281,0.1146635089796724
0.32154181599617,0.7096756814998384,0.1146635089796724
0.3215188682079315,0.7096756814998384,0.11470298006710085
0.3214969933032989,0.7097295550048486,0.11470298006710085
0.3211775124073028,0.7097295550048486,0.1151371620288139
0.3211537599563598,0.7097834285098589,0.1151371620288139
0.3210183680057525,0.7097834285098589,0.11533451746595619
0.3209737241268158,0.7098911755198793,0.11533451746595619
0.3208599984645843,0.7098911755198793,0.11549240181567003
0.3208206593990326,0.7099989225298998,0.11549240181567003
0.3208141922950744,0.7099989225298998,0.11553187290309848
0.320777952671051,0.7101066695399203,0.11553187290309848
0.3207212388515472,0.7101066695399203,0.11557134399052695
0.3207054436206817,0.7101605430449305,0.11557134399052695
0.320619523525238,0.7101605430449305,0.11565028616538385
0.3204487562179565,0.710268290054951,0.11565028616538385
0.3203727304935455,0.710268290054951,0.11576869942766924
0.3203689157962799,0.7103221635599613,0.11576869942766924
0.319914311170578,0.7103221635599613,0.1160844681270969
0.319897323846817,0.7103760370649714,0.1160844681270969
0.319477766752243,0.7103760370649714,0.1164791790013815
0.3194330632686615,0.7104837840749919,0.1164791790013815
0.319157600402832,0.7104837840749919,0.1167554766133807
0.3190992772579193,0.7105915310850124,0.1167554766133807
0.3188416659832001,0.7105915310850124,0.11707124531280837
0.3188213407993316,0.7106454045900227,0.11707124531280837
0.3187995254993438,0.7106454045900227,0.11711071640023683
0.3187621235847473,0.7106992780950329,0.11711071640023683
0.3187319636344909,0.7106992780950329,0.11718965857509374
0.3187211751937866,0.7107531516000432,0.11718965857509374
0.3185977041721344,0.7107531516000432,0.11726860074995066
0.3185771405696869,0.7108070251050533,0.11726860074995066
0.3185715675354004,0.7108070251050533,0.11730807183737912
0.3184382915496826,0.710968645620084,0.11730807183737912
0.3183850049972534,0.710968645620084,0.11734754292480758
0.3182120621204376,0.711184139640125,0.11734754292480758
0.3181483149528503,0.711184139640125,0.1174264850996645
0.3181388080120086,0.7112380131451352,0.1174264850996645
0.3180592358112335,0.7112380131451352,0.11758436944937833
0.3180544674396515,0.7112918866501454,0.11758436944937833
0.3180165290832519,0.7112918866501454,0.11762384053680679
0.3179430067539215,0.7113457601551557,0.11762384053680679
0.3177515566349029,0.7113457601551557,0.117900138148806
0.3177054524421692,0.7113996336601659,0.117900138148806
0.3176206648349762,0.7113996336601659,0.11797908032366292
0.3175891637802124,0.7115073806701864,0.11797908032366292
0.3175307512283325,0.7115073806701864,0.11805802249851984
0.3175124228000641,0.7115612541751967,0.11805802249851984
0.3172197937965393,0.7115612541751967,0.11833432011051905
0.3171001970767975,0.7117228746902273,0.11833432011051905
0.3170872032642364,0.7117228746902273,0.1183737911979475
0.3168653845787048,0.7118306217002478,0.1183737911979475
0.3168331384658813,0.7118306217002478,0.11845273337280442
0.3168264925479889,0.7118844952052581,0.11845273337280442
0.3168195486068725,0.7118844952052581,0.11849220446023288
0.3166563510894775,0.7120461157202888,0.11849220446023288
0.3166453242301941,0.7120461157202888,0.11853167554766134
0.3165459334850311,0.712099989225299,0.11853167554766134
0.3164534866809845,0.712099989225299,0.1185711466350898
0.3164409101009369,0.7121538627303092,0.1185711466350898
0.3163969814777374,0.7121538627303092,0.11872903098480363
0.3163437247276306,0.7122616097403297,0.11872903098480363
0.3163348734378814,0.7122616097403297,0.1187685020722321
0.3163012266159057,0.7123154832453399,0.1187685020722321
0.3162712156772613,0.7123154832453399,0.11880797315966055
0.3162174820899963,0.7123693567503502,0.11880797315966055
0.3162168264389038,0.7123693567503502,0.11884744424708901
0.3161303699016571,0.7124771037603707,0.11884744424708901
0.3160839378833771,0.7124771037603707,0.11896585750937438
0.3160468339920044,0.7125309772653808,0.11896585750937438
0.3159435391426086,0.7125309772653808,0.11900532859680284
0.31593057513237,0.7125848507703911,0.11900532859680284
0.3158689439296722,0.7125848507703911,0.11912374185908822
0.315774917602539,0.7126925977804116,0.11912374185908822
0.3157534003257751,0.7126925977804116,0.11920268403394514
0.3157507479190826,0.7127464712854218,0.11920268403394514
0.3157335221767425,0.7127464712854218,0.11928162620880205
0.3157147765159607,0.7129080918004526,0.11928162620880205
0.3157074153423309,0.7129080918004526,0.11932109729623051
0.3155677020549774,0.713015838810473,0.11932109729623051
0.3155575096607208,0.713015838810473,0.11936056838365897
0.3155481219291687,0.7130697123154832,0.11936056838365897
0.3155336081981659,0.7130697123154832,0.11940003947108743
0.3154642879962921,0.713231332830514,0.11940003947108743
0.3154638111591339,0.713231332830514,0.11943951055851589
0.3154346644878387,0.7133390798405345,0.11943951055851589
0.3153659105300903,0.7133390798405345,0.1195184527333728
0.3153483867645263,0.7134468268505549,0.1195184527333728
0.3152785897254944,0.7134468268505549,0.11963686599565818
0.315201997756958,0.7136084473655856,0.11963686599565818
0.3151541948318481,0.7136084473655856,0.11967633708308664
0.3151209950447082,0.7136623208705959,0.11967633708308664
0.3150787651538849,0.7136623208705959,0.1197158081705151
0.3150728642940521,0.7137161943756061,0.1197158081705151
0.3149223029613495,0.7137161943756061,0.12007104795737122
0.3149006068706512,0.7138239413856265,0.12007104795737122
0.3148095309734344,0.7138239413856265,0.1201894612196566
0.3147952556610107,0.7138778148906367,0.1201894612196566
0.3147288858890533,0.7138778148906367,0.1203868166567989
0.3147061169147491,0.713931688395647,0.1203868166567989
0.314578652381897,0.713931688395647,0.12050522991908427
0.3145500719547272,0.7139855619006572,0.12050522991908427
0.3144762516021728,0.7139855619006572,0.12058417209394119
0.3144551813602447,0.7140933089106777,0.12058417209394119
0.3144203424453735,0.7140933089106777,0.12062364318136964
0.3144150972366333,0.714147182415688,0.12062364318136964
0.3143791854381561,0.714147182415688,0.12066311426879811
0.314350426197052,0.7142010559206982,0.12066311426879811
0.3143289089202881,0.7142010559206982,0.12070258535622656
0.3143141269683838,0.7143088029307186,0.12070258535622656
0.3142488002777099,0.7143088029307186,0.12078152753108348
0.3142371773719787,0.7143626764357289,0.12078152753108348
0.3142310976982116,0.7143626764357289,0.12082099861851194
0.3140803575515747,0.7145781704557699,0.12082099861851194
0.314042866230011,0.7145781704557699,0.12089994079336885
0.3139669299125671,0.7147397909708005,0.12089994079336885
0.3139500916004181,0.7147397909708005,0.12097888296822577
0.3138750493526459,0.7147936644758108,0.12097888296822577
0.3138710558414459,0.7147936644758108,0.12105782514308269
0.3138458132743835,0.714847537980821,0.12105782514308269
0.3137040138244629,0.714847537980821,0.12121570949279653
0.3137006163597107,0.7149014114858313,0.12121570949279653
0.3136707246303558,0.7149014114858313,0.12125518058022498
0.3136560618877411,0.7149552849908415,0.12125518058022498
0.3133406341075897,0.7149552849908415,0.12149200710479574
0.313137024641037,0.7151169055058723,0.12149200710479574
0.3130848705768585,0.7151169055058723,0.12164989145450956
0.3130618035793304,0.7152785260209029,0.12164989145450956
0.3130192458629608,0.7152785260209029,0.12168936254193803
0.3129889667034149,0.7153323995259132,0.12168936254193803
0.3129828572273254,0.7153323995259132,0.12176830471679495
0.3129826784133911,0.7153862730309234,0.12176830471679495
0.3129681944847107,0.7153862730309234,0.1218077758042234
0.312950849533081,0.7154401465359336,0.1218077758042234
0.3128823935985565,0.7154401465359336,0.12188671797908032
0.3127809464931488,0.715547893545954,0.12188671797908032
0.312756210565567,0.715547893545954,0.12192618906650879
0.3126847743988037,0.7156556405559745,0.12192618906650879
0.31248939037323,0.7156556405559745,0.12208407341622261
0.3123989403247833,0.7158711345760155,0.12208407341622261
0.3123551905155182,0.7158711345760155,0.12224195776593645
0.3123374879360199,0.7159250080810258,0.12224195776593645
0.3122923970222473,0.7159250080810258,0.12232089994079337
0.3122180700302124,0.7160866285960564,0.12232089994079337
0.3122103810310364,0.7160866285960564,0.12236037102822182
0.3121238350868225,0.7162482491110872,0.12236037102822182
0.3120812475681305,0.7162482491110872,0.12239984211565029
0.311974823474884,0.7164098696261179,0.12239984211565029
0.3119679391384125,0.7164098696261179,0.12243931320307874
0.3119653761386871,0.7164637431311282,0.12243931320307874
0.3119586408138275,0.7164637431311282,0.12247878429050721
0.31187304854393,0.7168408576661998,0.12247878429050721
0.3118652999401092,0.7168408576661998,0.12255772646536411
0.3118592500686645,0.71689473117121,0.12255772646536411
0.3118562400341034,0.71689473117121,0.12259719755279258
0.311836838722229,0.7169486046762202,0.12259719755279258
0.3118240535259247,0.7169486046762202,0.12263666864022103
0.3117003142833709,0.7170563516862407,0.12263666864022103
0.3116888701915741,0.7170563516862407,0.1226761397276495
0.3116827607154846,0.7171102251912509,0.1226761397276495
0.3116699159145355,0.7171102251912509,0.12271561081507795
0.3116645514965057,0.7171640986962612,0.12271561081507795
0.311601310968399,0.7171640986962612,0.12275508190250642
0.3115735054016113,0.7172718457062817,0.12275508190250642
0.3114945292472839,0.7172718457062817,0.12279455298993487
0.3114922046661377,0.7173257192112918,0.12279455298993487
0.3114756643772125,0.7173257192112918,0.12283402407736334
0.3114227056503296,0.7174334662213123,0.12283402407736334
0.3114095330238342,0.7174334662213123,0.12287349516479179
0.3113457262516022,0.7175950867363431,0.12287349516479179
0.3112642765045166,0.7175950867363431,0.12299190842707716
0.311047613620758,0.718026074776425,0.12299190842707716
0.3109819591045379,0.718026074776425,0.12307085060193408
0.3109435439109802,0.7180799482814352,0.12307085060193408
0.3108961880207062,0.7180799482814352,0.123149792776791
0.310837060213089,0.7181876952914557,0.123149792776791
0.3107994496822357,0.7181876952914557,0.12322873495164792
0.3107642233371734,0.718241568796466,0.12322873495164792
0.3107594847679138,0.718241568796466,0.12326820603907637
0.3106646239757538,0.7184031893114966,0.12326820603907637
0.3106594979763031,0.7184031893114966,0.12334714821393329
0.310641199350357,0.7184570628165069,0.12334714821393329
0.3105952739715576,0.7184570628165069,0.12338661930136176
0.310571938753128,0.7185648098265273,0.12338661930136176
0.3105080127716064,0.7185648098265273,0.12350503256364713
0.3104391694068908,0.718726430341558,0.12350503256364713
0.310381680727005,0.718726430341558,0.12354450365107558
0.3103187978267669,0.7188880508565887,0.12354450365107558
0.3102890253067016,0.7188880508565887,0.1236234458259325
0.3102459907531738,0.7189957978666092,0.1236234458259325
0.3102011680603027,0.7189957978666092,0.12370238800078942
0.3100922405719757,0.7192112918866501,0.12370238800078942
0.3100461065769195,0.7192112918866501,0.12386027235050326
0.3099376261234283,0.7193190388966706,0.12386027235050326
0.3099180161952972,0.7193190388966706,0.12389974343793171
0.3099034428596496,0.7194267859066911,0.12389974343793171
0.3098853230476379,0.7194267859066911,0.1240181567002171
0.3098361492156982,0.7195884064217218,0.1240181567002171
0.3098109662532806,0.7195884064217218,0.124097098875074
0.3097347319126129,0.7196961534317423,0.124097098875074
0.3096222579479217,0.7196961534317423,0.12417604104993092
0.3095734417438507,0.7198039004417628,0.12417604104993092
0.309567242860794,0.7198039004417628,0.12421551213735939
0.3094652891159057,0.7199655209567934,0.12421551213735939
0.3094570934772491,0.7199655209567934,0.12425498322478784
0.3094155490398407,0.7200193944618036,0.12425498322478784
0.309374988079071,0.7200193944618036,0.12433392539964476
0.3093675673007965,0.7200732679668139,0.12433392539964476
0.3093668222427368,0.7200732679668139,0.12437339648707321
0.3092949986457824,0.7201271414718241,0.12437339648707321
0.3092877268791199,0.7201271414718241,0.12441286757450168
0.3092795014381408,0.7201810149768344,0.12441286757450168
0.3091754913330078,0.7201810149768344,0.12445233866193013
0.3091394603252411,0.7202348884818446,0.12445233866193013
0.309100866317749,0.7202348884818446,0.1244918097493586
0.3090969324111938,0.7202887619868549,0.1244918097493586
0.3090961575508117,0.7202887619868549,0.12453128083678705
0.3090831935405731,0.7203426354918651,0.12453128083678705
0.3090612590312958,0.7203426354918651,0.12461022301164397
0.308941125869751,0.7206120030169163,0.12461022301164397
0.3089058101177215,0.7206120030169163,0.12468916518650089
0.3088844120502472,0.720773623531947,0.12468916518650089
0.3088719546794891,0.720773623531947,0.12476810736135781
0.3088110685348511,0.7209352440469777,0.12476810736135781
0.3087873458862304,0.7209352440469777,0.12480757844878626
0.3087773621082306,0.7209891175519879,0.12480757844878626
0.3087745904922485,0.7209891175519879,0.12484704953621473
0.3087013363838196,0.7210968645620084,0.12484704953621473
0.3086737394332886,0.7210968645620084,0.12488652062364318
0.308646023273468,0.7213123585820493,0.12488652062364318
0.3086322247982025,0.7213123585820493,0.12492599171107165
0.3085632920265198,0.7214739790970801,0.12492599171107165
0.3085494935512543,0.7214739790970801,0.1249654627985001
0.3085326552391052,0.7215817261071005,0.1249654627985001
0.3084367215633392,0.7215817261071005,0.12508387606078547
0.3084062933921814,0.7217433466221312,0.12508387606078547
0.3083818256855011,0.7217433466221312,0.12512334714821394
0.3083287179470062,0.7219588406421722,0.12512334714821394
0.3082187175750732,0.7219588406421722,0.12520228932307084
0.3081620633602142,0.7220665876521927,0.12520228932307084
0.308152824640274,0.7220665876521927,0.1252417604104993
0.3081402480602264,0.7221743346622131,0.1252417604104993
0.3080691397190094,0.7221743346622131,0.12528123149792778
0.3078142702579498,0.722605322702295,0.12528123149792778
0.3078096508979797,0.722605322702295,0.12532070258535621
0.3077780306339264,0.7226591962073052,0.12532070258535621
0.3077277541160583,0.7226591962073052,0.12547858693507005
0.3076957464218139,0.7227130697123155,0.12547858693507005
0.3076910674571991,0.7227130697123155,0.12551805802249852
0.3076758980751037,0.7227669432173257,0.12551805802249852
0.30754554271698,0.7227669432173257,0.12567594237221236
0.3075399696826935,0.7228746902273462,0.12567594237221236
0.3075364530086517,0.7228746902273462,0.12571541345964082
0.3074817955493927,0.723036310742377,0.12571541345964082
0.3074553608894348,0.723036310742377,0.12575488454706926
0.307279884815216,0.7235750457924792,0.12575488454706926
0.3072757422924042,0.7235750457924792,0.12579435563449773
0.3072690665721893,0.7236289192974895,0.12579435563449773
0.3072659969329834,0.7236289192974895,0.1258338267219262
0.3072637617588043,0.7236827928024997,0.1258338267219262
0.3072406649589538,0.7236827928024997,0.1259127688967831
0.307233989238739,0.72373666630751,0.1259127688967831
0.3072030544281006,0.72373666630751,0.12595223998421157
0.3071805238723755,0.7238444133175305,0.12595223998421157
0.307177871465683,0.7238444133175305,0.12599171107164003
0.306997537612915,0.7242754013576124,0.12599171107164003
0.3069937825202942,0.7242754013576124,0.12603118215906847
0.3069713413715362,0.7243292748626226,0.12603118215906847
0.3069479167461395,0.7243292748626226,0.12607065324649694
0.3068665564060211,0.7244908953776533,0.12607065324649694
0.3068568408489227,0.7244908953776533,0.1261101243339254
0.3067791163921356,0.7247063893976942,0.1261101243339254
0.3067680299282074,0.7247063893976942,0.1261890665087823
0.3067585229873657,0.7247602629027045,0.1261890665087823
0.3067525327205658,0.7247602629027045,0.12622853759621078
0.3066827952861786,0.7249218834177351,0.12622853759621078
0.306625634431839,0.7249218834177351,0.12626800868363924
0.3066188395023346,0.7249757569227454,0.12626800868363924
0.3066022098064422,0.7249757569227454,0.12638642194592462
0.3064449429512024,0.7254606184678375,0.12638642194592462
0.3064098656177521,0.7254606184678375,0.12650483520821
0.3063473701477051,0.7256222389828683,0.12650483520821
0.3063180446624756,0.7256222389828683,0.12662324847049536
0.3062297999858856,0.7258916065079194,0.12662324847049536
0.306226372718811,0.7258916065079194,0.12666271955792383
0.3062168061733246,0.7259454800129297,0.12666271955792383
0.3062122762203216,0.7259454800129297,0.1267021906453523
0.3061834275722503,0.7259993535179399,0.1267021906453523
0.3061347007751465,0.7259993535179399,0.12674166173278073
0.3061062395572662,0.7261609740329705,0.12674166173278073
0.3060076832771301,0.7261609740329705,0.1267811328202092
0.3059069514274597,0.7263225945480013,0.1267811328202092
0.3057800531387329,0.7263225945480013,0.1269784882573515
0.3057219684123993,0.7264303415580218,0.1269784882573515
0.305710107088089,0.7264303415580218,0.12701795934477994
0.3057029247283935,0.726484215063032,0.12701795934477994
0.3056822121143341,0.726484215063032,0.12709690151963687
0.3055595159530639,0.7268613295981037,0.12709690151963687
0.3055479228496551,0.7268613295981037,0.1271363726070653
0.3055261075496673,0.7269690766081242,0.1271363726070653
0.3055091500282287,0.7269690766081242,0.12717584369449378
0.3055005967617035,0.7270229501131343,0.12717584369449378
0.3054232597351074,0.7270229501131343,0.12721531478192225
0.3054152131080627,0.7270768236181446,0.12721531478192225
0.3054097890853882,0.7270768236181446,0.1272547858693507
0.305168092250824,0.727615558668247,0.1272547858693507
0.3051216304302215,0.727615558668247,0.12733372804420762
0.3050689697265625,0.7277771791832777,0.12733372804420762
0.3050674498081207,0.7277771791832777,0.12737319913163608
0.3050321340560913,0.7279387996983083,0.12737319913163608
0.3050256073474884,0.7279387996983083,0.12741267021906452
0.3049607574939728,0.7281542937183493,0.12741267021906452
0.3049336373806,0.7281542937183493,0.127452141306493
0.304927110671997,0.7282081672233596,0.127452141306493
0.3049240112304687,0.7282081672233596,0.12749161239392146
0.3048782646656036,0.7282620407283698,0.12749161239392146
0.3048690557479858,0.7282620407283698,0.12753108348134992
0.304826408624649,0.7284775347484107,0.12753108348134992
0.3048228025436401,0.7284775347484107,0.12757055456877836
0.3048181533813476,0.728531408253421,0.12757055456877836
0.3048058152198791,0.728531408253421,0.12761002565620683
0.3047800958156585,0.7286930287684517,0.12761002565620683
0.3047710657119751,0.7286930287684517,0.1276494967436353
0.3046799004077911,0.7289623962935029,0.1276494967436353
0.3046601116657257,0.7289623962935029,0.12768896783106373
0.3046296834945678,0.7291240168085336,0.12768896783106373
0.3046167492866516,0.7291240168085336,0.1277284389184922
0.3045779168605804,0.7293395108285745,0.1277284389184922
0.3045655190944671,0.7293395108285745,0.12776791000592067
0.3045153617858886,0.729447257838595,0.12776791000592067
0.3044956922531128,0.729447257838595,0.12780738109334913
0.3044611513614654,0.7296627518586359,0.12780738109334913
0.3043908774852752,0.7296627518586359,0.12788632326820604
0.30433389544487,0.7298243723736666,0.12788632326820604
0.3043203949928283,0.7298243723736666,0.1279257943556345
0.3042805194854736,0.7299859928886974,0.1279257943556345
0.3042623102664947,0.7299859928886974,0.12796526544306297
0.3042140305042267,0.7300398663937075,0.12796526544306297
0.3041611015796661,0.7300398663937075,0.12804420761791988
0.304117739200592,0.7302014869087383,0.12804420761791988
0.3041038513183594,0.7302014869087383,0.12808367870534834
0.3040844798088074,0.7302553604137485,0.12808367870534834
0.304048627614975,0.7302553604137485,0.1282020919676337
0.3039862513542175,0.7303092339187588,0.1282020919676337
0.3039618134498596,0.7303092339187588,0.12824156305506218
0.3039548993110657,0.7304169809287793,0.12824156305506218
0.303946316242218,0.7304169809287793,0.12828103414249062
0.3039234578609466,0.7305786014438099,0.12828103414249062
0.3039076030254364,0.7305786014438099,0.12835997631734755
0.303903728723526,0.7306863484538304,0.12835997631734755
0.3039012849330902,0.7306863484538304,0.128399447404776
0.3038585186004638,0.7308479689688611,0.128399447404776
0.3038511276245117,0.7308479689688611,0.12843891849220446
0.3038493990898132,0.7309018424738714,0.12843891849220446
0.3038410246372223,0.7309018424738714,0.12847838957963292
0.3038375377655029,0.7309557159788815,0.12847838957963292
0.3038321137428283,0.7309557159788815,0.1285178606670614
0.3037876188755035,0.7311173364939123,0.1285178606670614
0.3037521839141845,0.7311173364939123,0.12855733175448983
0.3037212193012237,0.7311712099989225,0.12855733175448983
0.3037050068378448,0.7311712099989225,0.1285968028419183
0.3037048578262329,0.7312250835039328,0.1285968028419183
0.3036750555038452,0.7312250835039328,0.12871521610420367
0.3035875260829925,0.7318176920590453,0.12871521610420367
0.303556889295578,0.7318176920590453,0.12883362936648904
0.3034396469593048,0.7320331860790863,0.12883362936648904
0.3033889532089233,0.7320331860790863,0.12891257154134597
0.3033754229545593,0.7320870595840966,0.12891257154134597
0.3033722639083862,0.7320870595840966,0.1289520426287744
0.3033626675605774,0.7321409330891068,0.1289520426287744
0.3033607304096222,0.7321409330891068,0.12899151371620288
0.3033360242843628,0.7322486800991272,0.12899151371620288
0.3033275306224823,0.7322486800991272,0.12903098480363134
0.3032962083816528,0.7323025536041375,0.12903098480363134
0.3032935261726379,0.7323025536041375,0.1290704558910598
0.3032372593879699,0.7324641741191682,0.1290704558910598
0.303183913230896,0.7324641741191682,0.12914939806591672
0.3031166493892669,0.7328951621592501,0.12914939806591672
0.303102970123291,0.7328951621592501,0.12918886915334518
0.303029328584671,0.7332722766943217,0.12918886915334518
0.3030146956443786,0.7332722766943217,0.12922834024077362
0.3030027151107788,0.7333800237043422,0.12922834024077362
0.3029994368553161,0.7333800237043422,0.1292678113282021
0.3028545975685119,0.7338648852494343,0.1292678113282021
0.3028514981269836,0.7338648852494343,0.12934675350305902
0.3028371930122375,0.7339726322594547,0.12934675350305902
0.3028150796890259,0.7339726322594547,0.12942569567791593
0.302750676870346,0.7342958732895162,0.12942569567791593
0.3027443885803222,0.7342958732895162,0.1294651667653444
0.3025647103786468,0.7347268613295981,0.1294651667653444
0.3025616109371185,0.7347268613295981,0.12950463785277283
0.3024623990058899,0.7351039758646698,0.12950463785277283
0.3024573624134063,0.7351039758646698,0.1295441089402013
0.3024059236049652,0.7355888374097619,0.1295441089402013
0.3023944497108459,0.7355888374097619,0.12958358002762976
0.3023563325405121,0.735858204934813,0.12958358002762976
0.3023113906383514,0.735858204934813,0.12966252220248667
0.3022967278957367,0.736073698954854,0.12966252220248667
0.3022899627685547,0.736073698954854,0.12970199328991514
0.3020828664302826,0.7366663075099666,0.12970199328991514
0.3020824491977691,0.7366663075099666,0.1297414643773436
0.3020782768726349,0.7367201810149768,0.1297414643773436
0.3020714819431305,0.7367201810149768,0.12978093546477207
0.3020611405372619,0.7367740545199871,0.12978093546477207
0.3020521998405456,0.7367740545199871,0.1298204065522005
0.302051305770874,0.7368818015300076,0.1298204065522005
0.3020304441452026,0.7368818015300076,0.12989934872705744
0.3020040988922119,0.736989548540028,0.12989934872705744
0.3019973635673523,0.736989548540028,0.12993881981448588
0.3019545972347259,0.7373127895700894,0.12993881981448588
0.3019191026687622,0.7373127895700894,0.13005723307677128
0.3018918931484222,0.7375282835901303,0.13005723307677128
0.3018835783004761,0.7375282835901303,0.13009670416419972
0.3017826676368713,0.7379592716302122,0.13009670416419972
0.3017797172069549,0.7379592716302122,0.13013617525162818
0.3017176389694214,0.7381747656502532,0.13013617525162818
0.3017090559005737,0.7381747656502532,0.13017564633905665
0.3016992807388305,0.7382286391552635,0.13017564633905665
0.3016887307167053,0.7382286391552635,0.13025458851391356
0.3016543090343475,0.7385518801853248,0.13025458851391356
0.3016447722911834,0.7385518801853248,0.1303335306887705
0.3016391694545746,0.7386057536903351,0.1303335306887705
0.3016144037246704,0.7386057536903351,0.13037300177619893
0.3015673756599426,0.7387673742053658,0.13037300177619893
0.3015503883361816,0.7387673742053658,0.1304914150384843
0.3015107810497284,0.739036741730417,0.1304914150384843
0.3014824688434601,0.739036741730417,0.13057035721334123
0.3014204204082489,0.7391983622454477,0.13057035721334123
0.3014139235019684,0.7391983622454477,0.1306098283007697
0.3013783991336822,0.7394138562654886,0.1306098283007697
0.3013692498207092,0.7394138562654886,0.13064929938819814
0.301292210817337,0.73973709729555,0.13064929938819814
0.3012756705284118,0.73973709729555,0.1306887704756266
0.3012487590312958,0.7398448443055705,0.1306887704756266
0.3012483417987823,0.7398448443055705,0.13072824156305507
0.3011507391929626,0.7404374528606831,0.13072824156305507
0.3011451363563537,0.7404374528606831,0.1307677126504835
0.3011369407176971,0.7404913263656934,0.1307677126504835
0.30113086104393,0.7404913263656934,0.13080718373791198
0.3011234700679779,0.7405990733757138,0.13080718373791198
0.3011220693588257,0.7405990733757138,0.13084665482534044
0.3010881841182709,0.7407068203857343,0.13084665482534044
0.3010811507701874,0.7407068203857343,0.1308861259127689
0.3010760843753814,0.7407606938907445,0.1308861259127689
0.3010486960411072,0.7407606938907445,0.13092559700019735
0.3009225130081177,0.7413533024458572,0.13092559700019735
0.3009221255779266,0.7413533024458572,0.1309650680876258
0.3009123802185058,0.7414071759508674,0.1309650680876258
0.300911009311676,0.7414071759508674,0.13100453917505428
0.3008620738983154,0.741568796465898,0.13100453917505428
0.3008599579334259,0.741568796465898,0.13104401026248272
0.3007583916187286,0.7420536580109902,0.13104401026248272
0.3007361888885498,0.7420536580109902,0.13116242352476812
0.3004865944385528,0.7432927486262256,0.13116242352476812
0.3004767298698425,0.7432927486262256,0.13120189461219656
0.3004766404628753,0.7433466221312358,0.13120189461219656
0.3004680275917053,0.7433466221312358,0.13124136569962502
0.3004267513751983,0.7435621161512768,0.13124136569962502
0.3004259467124939,0.7435621161512768,0.1312808367870535
0.3003367781639099,0.7439931041913587,0.1312808367870535
0.3003343939781189,0.7439931041913587,0.13132030787448193
0.3003116846084595,0.7441547247063894,0.13132030787448193
0.3002963960170746,0.7441547247063894,0.1313597789619104
0.3002878129482269,0.7443163452214201,0.1313597789619104
0.3002803325653076,0.7443163452214201,0.13139925004933886
0.300110250711441,0.7451244477965736,0.13139925004933886
0.3000633418560028,0.7451244477965736,0.13147819222419577
0.3000593185424804,0.7451783213015839,0.13147819222419577
0.3000536859035492,0.7451783213015839,0.13151766331162423
0.2999404668807983,0.745663182846676,0.13151766331162423
0.2999245524406433,0.745663182846676,0.1315571343990527
0.2998946905136108,0.7457709298566965,0.1315571343990527
0.2998842000961303,0.7457709298566965,0.13159660548648117
0.2998502552509308,0.7459325503717272,0.13159660548648117
0.2998450100421905,0.7459325503717272,0.1316360765739096
0.2998094856739044,0.7464712854218295,0.1316360765739096
0.2998088300228119,0.7464712854218295,0.13167554766133807
0.2997600138187408,0.7467945264518909,0.13167554766133807
0.2997431755065918,0.7467945264518909,0.13175448983619498
0.2996473908424377,0.7470100204719319,0.13175448983619498
0.2996464967727661,0.7470100204719319,0.13179396092362344
0.2995531558990478,0.7477103760370649,0.13179396092362344
0.2995520830154419,0.7477103760370649,0.1318334320110519
0.2995235323905945,0.7478719965520957,0.1318334320110519
0.299523264169693,0.7478719965520957,0.13187290309848038
0.2993521392345428,0.7487878461372697,0.13187290309848038
0.2993194162845611,0.7487878461372697,0.13195184527333728
0.2992268800735473,0.7494343281973925,0.13195184527333728
0.2992168366909027,0.7494343281973925,0.13199131636076575
0.299216091632843,0.7494882017024027,0.13199131636076575
0.2992139458656311,0.7494882017024027,0.1320307874481942
0.2991015613079071,0.7503501777825665,0.1320307874481942
0.2990956008434295,0.7503501777825665,0.13207025853562265
0.2990771830081939,0.750457924792587,0.13207025853562265
0.2990740835666656,0.750457924792587,0.13210972962305112
0.2990554273128509,0.7506195453076178,0.13210972962305112
0.2990506291389465,0.7506195453076178,0.1321492007104796
0.2990404367446899,0.7508889128326689,0.1321492007104796
0.2990293204784393,0.7508889128326689,0.13218867179790803
0.2989967167377472,0.7510505333476996,0.13218867179790803
0.298990935087204,0.7510505333476996,0.1322281428853365
0.2989552617073059,0.7512660273677405,0.1322281428853365
0.298947274684906,0.7512660273677405,0.13226761397276496
0.2989061176776886,0.7514815213877815,0.13226761397276496
0.2989000380039215,0.7514815213877815,0.1323070850601934
0.2988881170749664,0.7515353948927918,0.1323070850601934
0.298883706331253,0.7515353948927918,0.13234655614762186
0.2987273633480072,0.7525589914879862,0.13234655614762186
0.2987237870693207,0.7525589914879862,0.13238602723505033
0.2986849844455719,0.7528822325180476,0.13238602723505033
0.2986776828765869,0.7528822325180476,0.13246496940990724
0.2985857427120209,0.7535825880831807,0.13246496940990724
0.2985717952251434,0.7535825880831807,0.13254391158476417
0.2982720732688904,0.7549832992134469,0.13254391158476417
0.2982475161552429,0.7549832992134469,0.1325833826721926
0.2982366979122162,0.7550910462234673,0.1325833826721926
0.2982345223426819,0.7550910462234673,0.13262285375962107
0.2982024252414703,0.7553604137485185,0.13262285375962107
0.298200786113739,0.7553604137485185,0.13266232484704954
0.2981601059436798,0.7556297812735696,0.13266232484704954
0.2981441617012024,0.7556297812735696,0.132701795934478
0.2981238961219787,0.7557914017886004,0.132701795934478
0.2981111705303192,0.7557914017886004,0.13274126702190645
0.2980881929397583,0.7560068958086413,0.13274126702190645
0.2980880737304687,0.7560068958086413,0.1327807381093349
0.297901451587677,0.7569766188988255,0.1327807381093349
0.2978941798210144,0.7569766188988255,0.13282020919676338
0.2978745996952057,0.7572998599288869,0.13282020919676338
0.297865480184555,0.7572998599288869,0.13285968028419182
0.2978416979312897,0.7574076069389074,0.13285968028419182
0.2978355884552002,0.7574076069389074,0.13289915137162028
0.2977875769138336,0.7575692274539382,0.13289915137162028
0.2977820634841919,0.7575692274539382,0.13293862245904875
0.2977316379547119,0.7577847214739791,0.13293862245904875
0.2977152168750763,0.7577847214739791,0.13305703572133412
0.2975248098373413,0.7588083180691736,0.13305703572133412
0.2975126206874847,0.7588083180691736,0.1330965068087626
0.2973467707633972,0.7603167762094601,0.1330965068087626
0.297343760728836,0.7603167762094601,0.13313597789619103
0.2973306775093078,0.7604245232194806,0.13313597789619103
0.2973200976848602,0.7604245232194806,0.1331754489836195
0.2972279191017151,0.761178752289624,0.1331754489836195
0.297220230102539,0.761178752289624,0.13321492007104796
0.2972073256969452,0.7613403728046547,0.13321492007104796
0.2971857786178589,0.7613403728046547,0.13329386224590486
0.2970974147319793,0.7619868548647775,0.13329386224590486
0.297095239162445,0.7619868548647775,0.13333333333333333
0.2970852553844452,0.7620946018747979,0.13333333333333333
0.2970582842826843,0.7620946018747979,0.1334517465956187
0.297047346830368,0.7621484753798082,0.1334517465956187
0.2970208525657654,0.7621484753798082,0.13349121768304717
0.2968803644180298,0.7629027044499516,0.13349121768304717
0.2968710362911224,0.7629027044499516,0.13353068877047564
0.2968176305294037,0.7633336924900334,0.13353068877047564
0.2968041598796844,0.7633336924900334,0.13357015985790407
0.2967902421951294,0.7635491865100743,0.13357015985790407
0.2967878580093384,0.7635491865100743,0.13360963094533254
0.2967775166034698,0.7637108070251051,0.13360963094533254
0.2967734932899475,0.7637108070251051,0.133649102032761
0.2966882586479187,0.7644111625902381,0.133649102032761
0.2966740727424621,0.7644111625902381,0.13368857312018947
0.296561986207962,0.7659196207305248,0.13368857312018947
0.2965556681156158,0.7659196207305248,0.1337280442076179
0.2965218126773834,0.7660812412455554,0.1337280442076179
0.2965205609798431,0.7660812412455554,0.13376751529504638
0.29651939868927,0.7661351147505657,0.13376751529504638
0.2965139150619507,0.7661351147505657,0.13380698638247485
0.2965110242366791,0.7661889882555759,0.13380698638247485
0.2965045273303985,0.7661889882555759,0.13384645746990328
0.2964385747909546,0.7666199762956578,0.13384645746990328
0.2964356541633606,0.7666199762956578,0.13388592855733175
0.2964118123054504,0.7668354703156988,0.13388592855733175
0.2964109480381012,0.7668354703156988,0.13392539964476022
0.296348363161087,0.7673742053658011,0.13392539964476022
0.2963465750217438,0.7673742053658011,0.13396487073218868
0.2962799966335296,0.7677513199008728,0.13396487073218868
0.2962683141231537,0.7677513199008728,0.1340438129070456
0.296249121427536,0.7679129404159034,0.1340438129070456
0.2962336242198944,0.7679129404159034,0.13408328399447406
0.296136200428009,0.7683439284559853,0.13408328399447406
0.2961349189281463,0.7683439284559853,0.1341227550819025
0.2960872054100036,0.7688287900010775,0.1341227550819025
0.2960867881774902,0.7688287900010775,0.13420169725675943
0.2960593402385711,0.7692059045361491,0.13420169725675943
0.2960592210292816,0.7692059045361491,0.1342411683441879
0.2959435582160949,0.7704449951513845,0.1342411683441879
0.2959327399730682,0.7704449951513845,0.13428063943161633
0.2958999574184418,0.7708221096864561,0.13428063943161633
0.2958987355232239,0.7708221096864561,0.1343201105190448
0.2957697510719299,0.7716302122616098,0.1343201105190448
0.2957525849342346,0.7716302122616098,0.1343990526939017
0.2957457900047302,0.7717379592716302,0.1343990526939017
0.2957455515861511,0.7717379592716302,0.13443852378133017
0.2955384254455566,0.7733541644219373,0.13443852378133017
0.2955236434936523,0.7733541644219373,0.13447799486875864
0.2953880131244659,0.774647128542183,0.13447799486875864
0.2953865230083465,0.774647128542183,0.1345174659561871
0.2952988147735595,0.7751858635922854,0.1345174659561871
0.2952752709388733,0.7751858635922854,0.134596408131044
0.2952576875686645,0.7754552311173365,0.134596408131044
0.2952547371387481,0.7754552311173365,0.13463587921847248
0.2952130138874054,0.7757784721473979,0.13463587921847248
0.29521244764328,0.7757784721473979,0.13467535030590091
0.2952008545398712,0.7759400926624286,0.13467535030590091
0.2951846718788147,0.7759400926624286,0.13471482139332938
0.2951809167861938,0.7759939661674389,0.13471482139332938
0.2951752245426178,0.7759939661674389,0.13475429248075785
0.2950637340545654,0.7768559422476027,0.13475429248075785
0.2950578331947326,0.7768559422476027,0.13479376356818631
0.2950560748577118,0.7770175627626333,0.13479376356818631
0.2950494289398193,0.7770175627626333,0.13483323465561475
0.2950325310230255,0.7771253097726538,0.13483323465561475
0.2950170934200287,0.7771253097726538,0.13487270574304322
0.295012891292572,0.777179183277664,0.13487270574304322
0.295012503862381,0.777179183277664,0.1349121768304717
0.2950049042701721,0.7773408037926948,0.1349121768304717
0.2950026392936706,0.7773408037926948,0.13495164791790012
0.2948361933231354,0.7790108824480121,0.13495164791790012
0.2948296070098877,0.7790108824480121,0.1349911190053286
0.2947355210781097,0.7797651115181554,0.1349911190053286
0.2947277128696441,0.7797651115181554,0.13503059009275706
0.2946848571300506,0.7800883525482167,0.13503059009275706
0.2946821749210357,0.7800883525482167,0.13507006118018552
0.2946571707725525,0.780357720073268,0.13507006118018552
0.2946556806564331,0.780357720073268,0.13510953226761396
0.2946402728557586,0.7804654670832885,0.13510953226761396
0.2946301102638244,0.7804654670832885,0.13514900335504243
0.2945929169654846,0.7807348346083396,0.13514900335504243
0.2945921719074249,0.7807348346083396,0.1351884744424709
0.294555515050888,0.781273569658442,0.1351884744424709
0.2945392429828644,0.781273569658442,0.1352674166173278
0.2945292294025421,0.7815968106885034,0.1352674166173278
0.2945206463336944,0.7815968106885034,0.13530688770475627
0.294516772031784,0.7817045576985239,0.13530688770475627
0.2945159077644348,0.7817045576985239,0.13534635879218473
0.2944478392601013,0.7821355457386058,0.13534635879218473
0.2944368124008178,0.7821355457386058,0.13542530096704164
0.2943906486034393,0.7826204072836979,0.13542530096704164
0.2943834066390991,0.7826204072836979,0.1354647720544701
0.2943071126937866,0.7834285098588514,0.1354647720544701
0.2943008840084076,0.7834285098588514,0.13550424314189857
0.2942970395088196,0.7835362568688718,0.13550424314189857
0.294293075799942,0.7835362568688718,0.135543714229327
0.2940924763679504,0.7853679560392199,0.135543714229327
0.2940785586833954,0.7853679560392199,0.13558318531675548
0.2940014898777008,0.786068311604353,0.13558318531675548
0.2939959764480591,0.786068311604353,0.13562265640418394
0.2939122319221496,0.7867147936644758,0.13562265640418394
0.2939051687717438,0.7867147936644758,0.13566212749161238
0.2938008904457092,0.7874690227346192,0.13566212749161238
0.2937964797019958,0.7874690227346192,0.13570159857904085
0.2937701046466827,0.7877383902596703,0.13570159857904085
0.2937661111354828,0.7877383902596703,0.13574106966646932
0.2937394678592682,0.7879538842797112,0.13574106966646932
0.2937259078025818,0.7879538842797112,0.13578054075389778
0.2937255799770355,0.7880077577847214,0.13578054075389778
0.2937248349189758,0.7880077577847214,0.1358594829287547
0.2936885952949524,0.7883848723197932,0.1358594829287547
0.2936874330043793,0.7883848723197932,0.13589895401618315
0.2936667203903198,0.7886542398448443,0.13589895401618315
0.2936622500419616,0.7886542398448443,0.1359384251036116
0.2936262786388397,0.788815860359875,0.1359384251036116
0.2936245203018188,0.788815860359875,0.13597789619104006
0.2935667335987091,0.7895162159250081,0.13597789619104006
0.2935644090175628,0.7895162159250081,0.13601736727846853
0.2935264110565185,0.7898933304600797,0.13601736727846853
0.2935168147087097,0.7898933304600797,0.13609630945332543
0.2934332489967346,0.790647559530223,0.13609630945332543
0.2934316992759704,0.790647559530223,0.1361357805407539
0.2933966815471649,0.7911862945803254,0.1361357805407539
0.2933841645717621,0.7911862945803254,0.13617525162818236
0.2933686375617981,0.7916172826204073,0.13617525162818236
0.293364942073822,0.7916172826204073,0.1362147227156108
0.2933607101440429,0.7917250296304278,0.1362147227156108
0.2933564484119415,0.7917250296304278,0.13625419380303927
0.2933308184146881,0.7918327766404483,0.13625419380303927
0.2933229804039001,0.7918327766404483,0.13629366489046774
0.2933160066604614,0.7919405236504687,0.13629366489046774
0.293314129114151,0.7919405236504687,0.1363331359778962
0.2932896614074707,0.7921560176705097,0.1363331359778962
0.2932877540588379,0.7921560176705097,0.13637260706532464
0.2932147085666656,0.7926408792156018,0.13637260706532464
0.2932125329971313,0.7926408792156018,0.1364120781527531
0.2930943369865417,0.7938799698308372,0.1364120781527531
0.2930931746959686,0.7938799698308372,0.13645154924018157
0.2929729223251343,0.794957439931042,0.13645154924018157
0.2929683327674866,0.794957439931042,0.13649102032761
0.2929258942604065,0.7953884279711237,0.13649102032761
0.2929223477840423,0.7953884279711237,0.13653049141503848
0.2928218841552734,0.7964120245663183,0.13653049141503848
0.292818933725357,0.7964120245663183,0.13656996250246695
0.2928132116794586,0.796573645081349,0.13656996250246695
0.2928117215633392,0.796573645081349,0.1366094335898954
0.2927528917789459,0.7971123801314514,0.1366094335898954
0.2927410900592804,0.7971123801314514,0.13664890467732385
0.2927388250827789,0.7971662536364615,0.13664890467732385
0.2927093207836151,0.7971662536364615,0.13668837576475232
0.2926664054393768,0.7973278741514923,0.13668837576475232
0.292650043964386,0.7973278741514923,0.13676731793960922
0.2926497161388397,0.7973817476565025,0.13676731793960922
0.2926392257213592,0.7973817476565025,0.1368067890270377
0.2924762666225433,0.7989440793017993,0.1368067890270377
0.2924749851226806,0.7989440793017993,0.13684626011446616
0.2924685180187225,0.7990518263118198,0.13684626011446616
0.292468249797821,0.7990518263118198,0.13688573120189462
0.2924595177173614,0.7992134468268506,0.13688573120189462
0.2924582362174988,0.7992134468268506,0.13692520228932306
0.2924497723579407,0.7993211938368711,0.13692520228932306
0.2924436032772064,0.7993211938368711,0.13696467337675153
0.2923619151115417,0.800452537442086,0.13696467337675153
0.2923531532287597,0.800452537442086,0.13700414446418
0.292322039604187,0.8009912724921884,0.13700414446418
0.2923205196857452,0.8009912724921884,0.13704361555160843
0.2922199964523315,0.8023919836224545,0.13704361555160843
0.2922159731388092,0.8023919836224545,0.1370830866390369
0.2920966148376465,0.8038465682577308,0.1370830866390369
0.2920866012573242,0.8038465682577308,0.13712255772646537
0.292029857635498,0.8043853033078332,0.13712255772646537
0.2920176088809967,0.8043853033078332,0.13716202881389383
0.2919790744781494,0.8047624178429048,0.13716202881389383
0.2919710576534271,0.8047624178429048,0.13720149990132227
0.2919502556324005,0.8049779118629458,0.13720149990132227
0.2919436693191528,0.8049779118629458,0.13724097098875074
0.2918353378772735,0.8060553819631505,0.13724097098875074
0.2918291091918945,0.8060553819631505,0.1372804420761792
0.2918105125427246,0.806163128973171,0.1372804420761792
0.2918095886707306,0.806163128973171,0.13731991316360767
0.2917497754096985,0.806863484538304,0.13731991316360767
0.2917494177818298,0.806863484538304,0.1373593842510361
0.2916162014007568,0.8084258161836009,0.1373593842510361
0.2916097640991211,0.8084258161836009,0.13739885533846458
0.2915797829627991,0.8088568042236828,0.13739885533846458
0.291576623916626,0.8088568042236828,0.13743832642589304
0.2915608584880829,0.809126171748734,0.13743832642589304
0.2915584146976471,0.809126171748734,0.13747779751332148
0.2914649546146393,0.8098265273138671,0.13747779751332148
0.291448563337326,0.8098265273138671,0.13751726860074995
0.2913942635059356,0.8102036418489387,0.13751726860074995
0.2913910746574402,0.8102036418489387,0.13755673968817841
0.2911625504493713,0.8118198469992458,0.13755673968817841
0.2911621332168579,0.8118198469992458,0.13759621077560688
0.2910303473472595,0.8133821786445427,0.13759621077560688
0.2910302579402923,0.8133821786445427,0.13763568186303532
0.2909879684448242,0.8141364077146859,0.13763568186303532
0.290970504283905,0.8141364077146859,0.13767515295046379
0.2909489572048187,0.8144057752397371,0.13767515295046379
0.2909463942050934,0.8144057752397371,0.13771462403789225
0.2907214164733886,0.8161836009050749,0.13771462403789225
0.2907203137874603,0.8161836009050749,0.1377540951253207
0.2907101213932037,0.8162913479150954,0.1377540951253207
0.2907049655914306,0.8162913479150954,0.13779356621274916
0.2905491292476654,0.8180691735804332,0.13779356621274916
0.2905404269695282,0.8180691735804332,0.1378725083876061
0.2905104756355285,0.8184462881155048,0.1378725083876061
0.2904956638813019,0.8184462881155048,0.13791197947503453
0.2904918789863586,0.8187156556405559,0.13791197947503453
0.2904910147190094,0.8187156556405559,0.137951450562463
0.2904878258705139,0.8187695291455662,0.137951450562463
0.2904793620109558,0.8188772761555867,0.137951450562463
0.2904667556285858,0.8189850231656072,0.137951450562463
0.2904637455940246,0.8189850231656072,0.13799092164989146
0.2904192507266998,0.8193082641956686,0.13799092164989146
0.2904163897037506,0.8194160112056891,0.13799092164989146
0.290336936712265,0.8203318607908631,0.13799092164989146
0.2903337776660919,0.8203318607908631,0.1380303927373199
0.2902588844299316,0.8209783428509859,0.1380303927373199
0.290254682302475,0.8209783428509859,0.13806986382474837
0.2902064025402069,0.821463204396078,0.13806986382474837
0.2901968359947204,0.821463204396078,0.13810933491217683
0.2901730239391327,0.8218941924361599,0.13810933491217683
0.2901693284511566,0.8218941924361599,0.1381488059996053
0.2901637554168701,0.8220019394461804,0.1381488059996053
0.2901529967784881,0.8220019394461804,0.1382277481744622
0.2901185750961303,0.8222713069712315,0.1382277481744622
0.2901166677474975,0.8222713069712315,0.13826721926189067
0.290051519870758,0.8235103975864669,0.13826721926189067
0.2900490164756775,0.8235103975864669,0.1383066903493191
0.2899729311466217,0.8241030061415796,0.1383066903493191
0.2899725139141083,0.8241030061415796,0.13834616143674758
0.2899526953697204,0.8242107531516001,0.13834616143674758
0.2899321317672729,0.8242107531516001,0.1384251036116045
0.2898809909820556,0.8246417411916819,0.1384251036116045
0.2898789644241333,0.8246417411916819,0.13846457469903295
0.2898469865322113,0.8250727292317638,0.13846457469903295
0.2898421287536621,0.8250727292317638,0.13850404578646142
0.2897995710372925,0.8256114642818662,0.13850404578646142
0.2897777855396271,0.8256114642818662,0.13854351687388988
0.2897577285766601,0.8258269583019071,0.13854351687388988
0.2897525727748871,0.8258269583019071,0.13858298796131832
0.2897462546825409,0.8259347053119276,0.13858298796131832
0.2897258400917053,0.8259347053119276,0.13866193013617525
0.2897217273712158,0.8259885788169379,0.13866193013617525
0.2897177040576935,0.8259885788169379,0.13874087231103216
0.289697527885437,0.8264195668570197,0.13874087231103216
0.2896959483623504,0.8264195668570197,0.13878034339846063
0.2896853983402252,0.82647344036203,0.13878034339846063
0.2896853387355804,0.82647344036203,0.1388198144858891
0.2896583974361419,0.8269044284021119,0.1388198144858891
0.2896502614021301,0.8269044284021119,0.13885928557331753
0.2895393073558807,0.8277125309772654,0.13885928557331753
0.2895307242870331,0.8277125309772654,0.138898756660746
0.2894978821277618,0.8284128865423984,0.138898756660746
0.2894834280014038,0.8284128865423984,0.13893822774817446
0.2894792556762695,0.8284667600474087,0.13893822774817446
0.2894600331783294,0.8284667600474087,0.13897769883560293
0.2891789376735687,0.8304062062277772,0.13897769883560293
0.2891777455806732,0.8304062062277772,0.13901716992303137
0.2890989482402801,0.8312143088029307,0.13901716992303137
0.2890986204147339,0.8312143088029307,0.13905664101045984
0.2889725565910339,0.8321301583881048,0.13905664101045984
0.2889698445796966,0.8321301583881048,0.1390961120978883
0.288961112499237,0.832184031893115,0.1390961120978883
0.288956344127655,0.832184031893115,0.13913558318531677
0.2889300286769867,0.8325611464281866,0.13913558318531677
0.2889294922351837,0.8325611464281866,0.1391750542727452
0.2888078689575195,0.8332615019933197,0.1391750542727452
0.2888031303882599,0.8332615019933197,0.13921452536017367
0.2887355089187622,0.8340696045684732,0.13921452536017367
0.2887344062328338,0.8340696045684732,0.13925399644760214
0.288689911365509,0.8343389720935244,0.13925399644760214
0.2886740267276764,0.8343389720935244,0.13929346753503058
0.28864187002182,0.8347160866285961,0.13929346753503058
0.2886354327201843,0.8347160866285961,0.13933293862245905
0.2886266708374023,0.8348777071436267,0.13933293862245905
0.2886178493499756,0.8348777071436267,0.1393724097098875
0.2885908484458923,0.835147074668678,0.1393724097098875
0.2885851860046386,0.835147074668678,0.13941188079731598
0.288381963968277,0.8370326473440362,0.13941188079731598
0.288377583026886,0.8370326473440362,0.13945135188474442
0.2883266508579254,0.8375175088891283,0.13945135188474442
0.288322776556015,0.8375175088891283,0.13949082297217288
0.2881970405578613,0.8388643465143842,0.13949082297217288
0.2881925106048584,0.8389720935244047,0.13949082297217288
0.2881896495819092,0.8389720935244047,0.13953029405960135
0.288088709115982,0.8395647020795173,0.13953029405960135
0.2880788445472717,0.8395647020795173,0.1395697651470298
0.288070797920227,0.8397801960995582,0.1395697651470298
0.2880639433860779,0.8397801960995582,0.13960923623445826
0.2880519926548004,0.8398340696045685,0.13960923623445826
0.2880409657955169,0.8398340696045685,0.13964870732188672
0.2879982590675354,0.8401034371296197,0.13964870732188672
0.2879878282546997,0.8401034371296197,0.1396881784093152
0.2879601716995239,0.8405882986747117,0.1396881784093152
0.2879590094089508,0.8405882986747117,0.13972764949674363
0.2879312932491302,0.840857666199763,0.13972764949674363
0.2879310250282287,0.840857666199763,0.1397671205841721
0.2878297567367553,0.841773515784937,0.1397671205841721
0.2878243625164032,0.841773515784937,0.13980659167160056
0.2877679765224457,0.8424199978450598,0.13980659167160056
0.287761777639389,0.8424199978450598,0.13988553384645747
0.2877461314201355,0.8425277448550803,0.13988553384645747
0.2877339124679565,0.8425277448550803,0.13992500493388593
0.2877155542373657,0.8427971123801314,0.13992500493388593
0.2877115905284881,0.8427971123801314,0.1399644760213144
0.2876506745815277,0.8433358474302338,0.1399644760213144
0.2876385152339935,0.8433358474302338,0.1400434181961713
0.2876138985157013,0.843605214955285,0.1400434181961713
0.2876080572605133,0.843605214955285,0.14008288928359977
0.287581205368042,0.8438207089753259,0.14008288928359977
0.28757244348526,0.8438207089753259,0.1401223603710282
0.2874759435653686,0.8446826850554897,0.1401223603710282
0.2874666154384613,0.8446826850554897,0.14016183145845668
0.2874012291431427,0.8451675466005818,0.14016183145845668
0.2873937785625458,0.8451675466005818,0.14020130254588514
0.287343680858612,0.845652408145674,0.14020130254588514
0.2873323261737823,0.845652408145674,0.14028024472074205
0.2873210310935974,0.8457601551556945,0.14028024472074205
0.2873158156871795,0.8457601551556945,0.14031971580817051
0.2873095571994781,0.8459756491757354,0.14031971580817051
0.2873084247112274,0.8459756491757354,0.14035918689559898
0.2872157692909241,0.8467837517508889,0.14035918689559898
0.2871821820735931,0.8467837517508889,0.14039865798302742
0.2871288061141968,0.8472147397909708,0.14039865798302742
0.287127286195755,0.8472147397909708,0.14043812907045589
0.2871118783950805,0.8473763603060015,0.14043812907045589
0.287106841802597,0.8473763603060015,0.14047760015788435
0.2870443761348724,0.8479150953561039,0.14047760015788435
0.2870249450206756,0.8479150953561039,0.14051707124531282
0.2870053946971893,0.8480228423661244,0.14051707124531282
0.2870018482208252,0.8480228423661244,0.14055654233274126
0.2869450151920318,0.8484538304062063,0.14055654233274126
0.2869417667388916,0.8484538304062063,0.14059601342016972
0.2866758406162262,0.851147505656718,0.14059601342016972
0.2866653203964233,0.851147505656718,0.1406354845075982
0.2866494357585907,0.851362999676759,0.1406354845075982
0.2866409122943878,0.851362999676759,0.14067495559502663
0.2865528762340545,0.8522249757569228,0.14067495559502663
0.2865382134914398,0.8522249757569228,0.1407144266824551
0.2865112423896789,0.8525482167869841,0.1407144266824551
0.2864982783794403,0.8525482167869841,0.14075389776988356
0.2864871621131897,0.8527637108070251,0.14075389776988356
0.2864866852760315,0.8527637108070251,0.14079336885731203
0.2862800359725952,0.8543799159573322,0.14079336885731203
0.2862766981124878,0.8543799159573322,0.14083283994474047
0.2861360311508178,0.8558883740976188,0.14083283994474047
0.2861280739307403,0.8558883740976188,0.14087231103216893
0.286110520362854,0.8561038681176597,0.14087231103216893
0.2861041724681854,0.8561038681176597,0.1409117821195974
0.286099225282669,0.8562116151276802,0.1409117821195974
0.2860928475856781,0.8562116151276802,0.1409907242944543
0.2860901355743408,0.8562654886326905,0.1409907242944543
0.2860869169235229,0.8562654886326905,0.14103019538188277
0.2860778272151947,0.8563193621377007,0.14103019538188277
0.2860762476921081,0.8563193621377007,0.14106966646931124
0.2860245406627655,0.8567503501777826,0.14106966646931124
0.2860117554664612,0.8567503501777826,0.14110913755673968
0.285927414894104,0.8579355672880078,0.14110913755673968
0.2859135270118713,0.8579355672880078,0.14122755081902508
0.285869687795639,0.8585281758431204,0.14122755081902508
0.2858524918556213,0.8585281758431204,0.14126702190645352
0.2857368588447571,0.8592285314082534,0.14126702190645352
0.2857119441032409,0.8592285314082534,0.14130649299388198
0.28566375374794,0.8594978989333046,0.14130649299388198
0.2856511771678924,0.8594978989333046,0.14134596408131045
0.2855325043201446,0.8606831160435298,0.14134596408131045
0.2855256497859955,0.8606831160435298,0.1413854351687389
0.2855209112167358,0.8607908630535502,0.1413854351687389
0.2855104804039001,0.8607908630535502,0.14142490625616735
0.2854183912277221,0.8612218510936321,0.14142490625616735
0.2854128777980804,0.8613295981036526,0.14142490625616735
0.2854030728340149,0.8614373451136731,0.14142490625616735
0.285401701927185,0.8614373451136731,0.14146437734359582
0.285362958908081,0.8617067126387242,0.14146437734359582
0.2853574156761169,0.8617067126387242,0.1415038484310243
0.2853418886661529,0.8618144596487447,0.1415038484310243
0.2853411734104156,0.8618144596487447,0.14154331951845273
0.2853034734725952,0.8619760801637755,0.14154331951845273
0.2852967381477356,0.8619760801637755,0.1415827906058812
0.2851135730743408,0.8632690442840211,0.1415827906058812
0.2850925922393799,0.8632690442840211,0.1416617327807381
0.2850814163684845,0.8633767912940415,0.1416617327807381
0.2850799858570099,0.8633767912940415,0.14170120386816656
0.285078763961792,0.8634306647990518,0.14170120386816656
0.2850667238235473,0.8634306647990518,0.1417801460430235
0.2850171327590942,0.8638077793341234,0.1417801460430235
0.2850125133991241,0.8638077793341234,0.14181961713045194
0.2849597036838531,0.8641310203641849,0.14181961713045194
0.284956157207489,0.8641310203641849,0.1418590882178804
0.2849354445934295,0.8644542613942463,0.1418590882178804
0.2849353551864624,0.8644542613942463,0.14189855930530887
0.2847854495048523,0.8654239844844306,0.14189855930530887
0.2847845554351806,0.8654239844844306,0.1419380303927373
0.284765213727951,0.8658010990195022,0.1419380303927373
0.2847627699375152,0.8658010990195022,0.14197750148016577
0.284751683473587,0.8658549725245125,0.14197750148016577
0.2847501337528229,0.8658549725245125,0.14201697256759424
0.2846937179565429,0.8665553280896455,0.14201697256759424
0.2846686840057373,0.8665553280896455,0.14209591474245115
0.2845422029495239,0.8678482922098911,0.14209591474245115
0.2845419049263,0.8678482922098911,0.1421353858298796
0.2845090329647064,0.8682254067449628,0.1421353858298796
0.2844918370246887,0.8682254067449628,0.14217485691730808
0.2844390571117401,0.8688180153000754,0.14217485691730808
0.2844306826591491,0.8688180153000754,0.14221432800473652
0.284399926662445,0.8690873828251267,0.14221432800473652
0.2843839526176452,0.8690873828251267,0.14225379909216498
0.284356415271759,0.8691951298351471,0.14225379909216498
0.2843500971794128,0.8691951298351471,0.14229327017959345
0.284241646528244,0.8698416118952699,0.14229327017959345
0.2842307686805725,0.8698416118952699,0.14233274126702192
0.2841143608093261,0.870757461480444,0.14233274126702192
0.2841085791587829,0.870757461480444,0.14237221235445036
0.2841002345085144,0.8708652084904643,0.14237221235445036
0.2840999662876129,0.8708652084904643,0.1424511545293073
0.2840824723243713,0.8709729555004848,0.1424511545293073
0.2840722203254699,0.8709729555004848,0.1425300967041642
0.2840329110622406,0.8713500700355565,0.1425300967041642
0.2840129435062408,0.8713500700355565,0.14256956779159266
0.2839712798595428,0.871673311065618,0.14256956779159266
0.2839616537094116,0.871673311065618,0.14260903887902113
0.2839295864105224,0.8719965520956794,0.14260903887902113
0.283923327922821,0.8719965520956794,0.14264850996644957
0.2839037179946899,0.8722659196207305,0.14264850996644957
0.283903568983078,0.8722659196207305,0.14268798105387803
0.2838588654994964,0.8725352871457817,0.14268798105387803
0.2838584780693054,0.8725352871457817,0.1427274521413065
0.283839464187622,0.8726969076608124,0.1427274521413065
0.2838295996189117,0.8726969076608124,0.14276692322873497
0.2837087213993072,0.8733433897209353,0.14276692322873497
0.283702552318573,0.8733433897209353,0.1428063943161634
0.2836625874042511,0.8735588837409762,0.1428063943161634
0.2836537361145019,0.8735588837409762,0.14284586540359187
0.2836171090602875,0.8740437452860683,0.14284586540359187
0.2835694253444671,0.8740437452860683,0.14288533649102034
0.2833947837352752,0.8750673418812628,0.14288533649102034
0.283382385969162,0.8750673418812628,0.14292480757844878
0.2833099365234375,0.875336709406314,0.14292480757844878
0.2832964658737182,0.875336709406314,0.14296427866587724
0.2832807004451751,0.8755522034263549,0.14296427866587724
0.2832668125629425,0.8755522034263549,0.14304322084073418
0.2832269072532654,0.8757676974463958,0.14304322084073418
0.2832230627536773,0.8757676974463958,0.14308269192816261
0.2831704616546631,0.8763603060015085,0.14308269192816261
0.283161997795105,0.8763603060015085,0.14312216301559108
0.2831619679927826,0.8764141795065187,0.14312216301559108
0.2831587493419647,0.8764141795065187,0.14316163410301955
0.2831453680992126,0.8765219265165392,0.14316163410301955
0.2831346690654754,0.8765219265165392,0.14320110519044799
0.2830457091331482,0.876952914556621,0.14320110519044799
0.2830351889133453,0.876952914556621,0.14324057627787645
0.2830328345298767,0.8770067880616312,0.14324057627787645
0.2830228805541992,0.8770067880616312,0.14328004736530492
0.282924622297287,0.8775455231117336,0.14328004736530492
0.2829179763793945,0.8775455231117336,0.14331951845273339
0.2828698754310608,0.877868764141795,0.14331951845273339
0.2828651666641235,0.877868764141795,0.14335898954016182
0.2828353941440582,0.878084258161836,0.14335898954016182
0.2828271985054016,0.878084258161836,0.1433984606275903
0.2827752828598022,0.8784613726969077,0.1433984606275903
0.2827610075473785,0.8784613726969077,0.14343793171501876
0.2826059758663177,0.8792694752720612,0.14343793171501876
0.2826022207736969,0.8792694752720612,0.1434774028024472
0.2825849950313568,0.8794310957870919,0.1434774028024472
0.2825835347175598,0.8794310957870919,0.14351687388987566
0.2825418710708618,0.8795927163021227,0.14351687388987566
0.2825332880020141,0.8795927163021227,0.14355634497730413
0.2824938297271728,0.8799698308371943,0.14355634497730413
0.2824871838092804,0.8799698308371943,0.1435958160647326
0.2824462652206421,0.8804546923822864,0.1435958160647326
0.282444566488266,0.8804546923822864,0.14363528715216103
0.2824291288852691,0.8805085658872966,0.14363528715216103
0.2824220955371856,0.8805085658872966,0.1436747582395895
0.2822754979133606,0.8811550479474195,0.1436747582395895
0.2822580635547638,0.8811550479474195,0.14371422932701797
0.2821295857429504,0.881963150522573,0.14371422932701797
0.2821261286735534,0.881963150522573,0.1437537004144464
0.2819562554359436,0.882663506087706,0.1437537004144464
0.281955748796463,0.882663506087706,0.14379317150187487
0.2818448543548584,0.882879000107747,0.14379317150187487
0.2818400263786316,0.882879000107747,0.14383264258930334
0.2817981243133545,0.883094494127788,0.14383264258930334
0.2817776799201965,0.883094494127788,0.1439510558515887
0.2817317247390747,0.8832561146428186,0.1439510558515887
0.2817175090312958,0.8832561146428186,0.14399052693901718
0.2816718816757202,0.88357935567288,0.14399052693901718
0.281668871641159,0.88357935567288,0.14402999802644562
0.2815821468830108,0.8840103437129619,0.14402999802644562
0.281578928232193,0.8840103437129619,0.14406946911387408
0.2815591990947723,0.8842258377330029,0.14406946911387408
0.2815442383289337,0.8842258377330029,0.14410894020130255
0.2815122008323669,0.8844952052580541,0.14410894020130255
0.2814929485321045,0.8844952052580541,0.14422735346358792
0.2814906239509582,0.8845490787630643,0.14422735346358792
0.281488835811615,0.8845490787630643,0.1442668245510164
0.2811934053897857,0.8857342958732896,0.1442668245510164
0.281192421913147,0.8857342958732896,0.14430629563844483
0.2811900079250335,0.8857881693782997,0.14430629563844483
0.2811845242977142,0.8857881693782997,0.1443457667258733
0.2810856103897095,0.8862191574183816,0.1443457667258733
0.2810701429843902,0.8862191574183816,0.14442470890073023
0.280945748090744,0.8869195129835147,0.14442470890073023
0.2809317708015442,0.8869195129835147,0.14446417998815866
0.2808310091495514,0.8873505010235966,0.14446417998815866
0.2808269262313843,0.8873505010235966,0.14450365107558713
0.2807454168796539,0.8879969830837194,0.14450365107558713
0.2807178795337677,0.8879969830837194,0.1445431221630156
0.2806989252567291,0.8881047300937399,0.1445431221630156
0.28069669008255,0.8881047300937399,0.14458259325044404
0.2806288003921509,0.8883202241137809,0.14458259325044404
0.2806277871131897,0.8883202241137809,0.1446220643378725
0.2805637717247009,0.888805085658873,0.1446220643378725
0.2805493175983429,0.888805085658873,0.14470100651272944
0.2804690599441528,0.8890744531839242,0.14470100651272944
0.2803879082202911,0.8890744531839242,0.14474047760015787
0.2803690135478973,0.8892360736989549,0.14474047760015787
0.2803354561328888,0.8892360736989549,0.14477994868758634
0.2803252339363098,0.889289947203965,0.14477994868758634
0.2803094387054443,0.889289947203965,0.14485889086244327
0.2802433967590332,0.8896670617390368,0.14485889086244327
0.2802412211894989,0.8896670617390368,0.1448983619498717
0.2802368104457855,0.8897209352440469,0.1448983619498717
0.2802263498306274,0.8897209352440469,0.14497730412472865
0.2801926136016845,0.8898286822540674,0.14497730412472865
0.2801786661148071,0.8898286822540674,0.14501677521215708
0.2799575626850128,0.8907984053442517,0.14501677521215708
0.2799500524997711,0.8907984053442517,0.14505624629958555
0.2799050807952881,0.8909600258592824,0.14505624629958555
0.2798996865749359,0.8909600258592824,0.14509571738701402
0.2798897922039032,0.8911216463743131,0.14509571738701402
0.2798551619052887,0.8911216463743131,0.14513518847444248
0.2797987163066864,0.8913371403943541,0.14513518847444248
0.2797953188419342,0.8913371403943541,0.14517465956187092
0.2797659337520599,0.891552634414395,0.14517465956187092
0.2797421813011169,0.891552634414395,0.1452141306492994
0.2796373963356018,0.8919836224544769,0.1452141306492994
0.2796220481395721,0.8919836224544769,0.14525360173672786
0.2795913815498352,0.8921452429695076,0.14525360173672786
0.2795725762844085,0.8921452429695076,0.14533254391158476
0.2793923318386078,0.8925762310095895,0.14533254391158476
0.2793671190738678,0.8925762310095895,0.14537201499901323
0.2792301177978515,0.893168839564702,0.14537201499901323
0.2792268097400665,0.893168839564702,0.1454114860864417
0.2792092561721802,0.8932227130697123,0.1454114860864417
0.2791938185691833,0.8932227130697123,0.14545095717387013
0.2791326344013214,0.8934920805947635,0.14545095717387013
0.279115229845047,0.8934920805947635,0.1454904282612986
0.2790706157684326,0.8937075746148044,0.1454904282612986
0.2790450751781463,0.8937075746148044,0.1455693704361555
0.2789435088634491,0.8941924361598965,0.1455693704361555
0.2789173126220703,0.8941924361598965,0.1456877836984409
0.278827965259552,0.8944618036849478,0.1456877836984409
0.2788135409355163,0.8944618036849478,0.14572725478586934
0.2787292599678039,0.8948389182200194,0.14572725478586934
0.2787126302719116,0.8948389182200194,0.1457667258732978
0.2787093222141266,0.8948927917250297,0.1457667258732978
0.2787016630172729,0.8948927917250297,0.14580619696072628
0.2786931097507477,0.8950005387350501,0.14580619696072628
0.2786460220813751,0.8950005387350501,0.14588513913558318
0.2784567177295685,0.8958086413102037,0.14588513913558318
0.2784417867660522,0.8958086413102037,0.14592461022301165
0.2783444821834564,0.8962935028552957,0.14592461022301165
0.2783094346523285,0.8962935028552957,0.1459640813104401
0.2782391011714935,0.8964551233703265,0.1459640813104401
0.2782225906848907,0.8964551233703265,0.14604302348529702
0.2782034575939178,0.8965089968753367,0.14604302348529702
0.278203397989273,0.8965089968753367,0.14608249457272549
0.278178721666336,0.8966706173903675,0.14608249457272549
0.2781702280044555,0.8966706173903675,0.14612196566015392
0.2781075239181518,0.8967783644003879,0.14612196566015392
0.2780978679656982,0.8967783644003879,0.1461614367475824
0.2780247032642364,0.8971554789354595,0.1461614367475824
0.2779760956764221,0.8971554789354595,0.14624037892243932
0.2779716551303863,0.8972093524404697,0.14624037892243932
0.2779099345207214,0.8972093524404697,0.14627985000986776
0.2778641879558563,0.897478719965521,0.14627985000986776
0.2778156995773315,0.897478719965521,0.1463587921847247
0.2777943015098572,0.8975864669755415,0.1463587921847247
0.2777927219867706,0.8975864669755415,0.14639826327215313
0.2777802348136902,0.8976403404805516,0.14639826327215313
0.2777732014656067,0.8976403404805516,0.1464377343595816
0.2776929140090942,0.8979097080056029,0.1464377343595816
0.2776684463024139,0.8979097080056029,0.14651667653443853
0.2776589095592499,0.8979635815106131,0.14651667653443853
0.277655690908432,0.8979635815106131,0.14655614762186697
0.2776358425617218,0.898179075530654,0.14655614762186697
0.2776284515857696,0.898179075530654,0.14659561870929544
0.2776088118553161,0.8982868225406745,0.14659561870929544
0.2776064276695251,0.8982868225406745,0.1466350897967239
0.2775939106941223,0.898394569550695,0.1466350897967239
0.2775884866714477,0.898394569550695,0.14667456088415237
0.2773586213588714,0.8992026721258485,0.14667456088415237
0.2773388624191284,0.8992026721258485,0.1467140319715808
0.2773289382457733,0.8992565456308588,0.1467140319715808
0.2773279249668121,0.8992565456308588,0.14675350305900928
0.27728071808815,0.8994720396508997,0.14675350305900928
0.2772627770900726,0.8994720396508997,0.14687191632129465
0.2772607803344726,0.8995259131559099,0.14687191632129465
0.2772462368011474,0.8995259131559099,0.14695085849615158
0.2771709859371185,0.8996875336709407,0.14695085849615158
0.27716925740242,0.8996875336709407,0.14699032958358002
0.2771534621715545,0.8997414071759509,0.14699032958358002
0.2771470844745636,0.8997414071759509,0.1470298006710085
0.277038961648941,0.900010774701002,0.1470298006710085
0.2770161628723144,0.900010774701002,0.14706927175843695
0.2770099639892578,0.9000646482060123,0.14706927175843695
0.2769894599914551,0.9000646482060123,0.1471087428458654
0.2768935859203338,0.9003340157310634,0.1471087428458654
0.2768817543983459,0.9003340157310634,0.14714821393329386
0.2768795490264892,0.9003878892360737,0.14714821393329386
0.2768712043762207,0.9003878892360737,0.14718768502072233
0.2768417298793793,0.9004417627410839,0.14718768502072233
0.2768058478832245,0.9004417627410839,0.14726662719557923
0.2767598628997803,0.9005495097511044,0.14726662719557923
0.2767552137374878,0.9005495097511044,0.1473060982830077
0.276703417301178,0.9007650037711453,0.1473060982830077
0.2766680121421814,0.9007650037711453,0.1473850404578646
0.2766503095626831,0.9009266242861761,0.1473850404578646
0.2766494750976562,0.9009266242861761,0.14742451154529307
0.2765789926052093,0.901357612326258,0.14742451154529307
0.2765739858150482,0.901357612326258,0.14746398263272154
0.2765713334083557,0.9014114858312682,0.14746398263272154
0.2765556871891022,0.9014114858312682,0.14750345372015
0.2764651477336883,0.9017347268613296,0.14750345372015
0.2764501869678497,0.9017347268613296,0.1475823958950069
0.2763897776603699,0.9019502208813706,0.1475823958950069
0.2763567864894867,0.9019502208813706,0.1476613380698638
0.2763349711894989,0.9021118413964012,0.1476613380698638
0.2763347923755646,0.9021118413964012,0.14770080915729228
0.2762414813041687,0.9024889559314729,0.14770080915729228
0.2762362360954284,0.9024889559314729,0.14774028024472075
0.276128202676773,0.9027583234565241,0.14774028024472075
0.2761264145374298,0.9027583234565241,0.1477797513321492
0.2761087119579315,0.9028660704665445,0.1477797513321492
0.2761069536209106,0.9028660704665445,0.14781922241957765
0.2759797871112823,0.903189311496606,0.14781922241957765
0.2759756445884704,0.903189311496606,0.14785869350700612
0.275967001914978,0.9033509320116366,0.14785869350700612
0.2759493589401245,0.9033509320116366,0.14793763568186302
0.2759462594985962,0.9034048055166469,0.14793763568186302
0.2759331464767456,0.9034048055166469,0.1479771067692915
0.2759177982807159,0.9035664260316776,0.1479771067692915
0.2759089469909668,0.9035664260316776,0.14801657785671996
0.2757924795150757,0.9039435405667493,0.14801657785671996
0.2757718563079834,0.9039435405667493,0.14809552003157686
0.2756112217903137,0.9044822756168517,0.14809552003157686
0.2755960524082184,0.9044822756168517,0.14813499111900533
0.2754848301410675,0.9047516431419028,0.14813499111900533
0.2754482626914978,0.9047516431419028,0.1481744622064338
0.2754082977771759,0.9049671371619438,0.1481744622064338
0.2753988802433014,0.9049671371619438,0.14821393329386223
0.2753282189369201,0.9050748841719642,0.14821393329386223
0.2753116190433502,0.9050748841719642,0.1482534043812907
0.2752846777439117,0.9051826311819847,0.1482534043812907
0.275279551744461,0.9051826311819847,0.14829287546871917
0.2752474546432495,0.9053981252020257,0.14829287546871917
0.275246262550354,0.9053981252020257,0.14833234655614763
0.2752423286437988,0.9054519987070359,0.14833234655614763
0.2752283215522766,0.9054519987070359,0.14841128873100454
0.2751174867153168,0.9057752397370973,0.14841128873100454
0.2751059830188751,0.9057752397370973,0.14849023090586147
0.2749513685703277,0.9062062277771792,0.14849023090586147
0.2749073505401611,0.9062062277771792,0.1485297019932899
0.274903804063797,0.9063678482922098,0.1485297019932899
0.2748989462852478,0.9063678482922098,0.14856917308071838
0.2748487591743469,0.9065294688072406,0.14856917308071838
0.2747958898544311,0.9065294688072406,0.14860864416814684
0.2747670412063598,0.9066910893222713,0.14860864416814684
0.2747650146484375,0.9066910893222713,0.14864811525557528
0.2747581899166107,0.9067449628272816,0.14864811525557528
0.2747537493705749,0.9067449628272816,0.1487270574304322
0.27461639046669,0.9072298243723736,0.1487270574304322
0.2746118903160095,0.9072298243723736,0.14876652851786068
0.2746032774448395,0.9073375713823941,0.14876652851786068
0.2746021151542663,0.9073375713823941,0.14880599960528912
0.2745974957942962,0.9073914448874044,0.14880599960528912
0.2745935916900635,0.9073914448874044,0.14884547069271759
0.274552434682846,0.9076608124124556,0.14884547069271759
0.2745360434055328,0.9076608124124556,0.1489244128675745
0.2744514048099518,0.9079301799375067,0.1489244128675745
0.2744349837303161,0.9079301799375067,0.14896388395500296
0.2743658423423767,0.9080918004525375,0.14896388395500296
0.274356335401535,0.9080918004525375,0.14900335504243142
0.2743332684040069,0.9081456739575476,0.14900335504243142
0.2743116915225982,0.9081456739575476,0.1490428261298599
0.2742685675621032,0.9084689149876091,0.1490428261298599
0.2742596566677093,0.9084689149876091,0.14908229721728833
0.2742403745651245,0.9086305355026398,0.14908229721728833
0.2741883397102356,0.9086305355026398,0.1492007104795737
0.2740434408187866,0.9090615235427217,0.1492007104795737
0.2740229964256286,0.9090615235427217,0.14924018156700217
0.2738438248634338,0.9099234996228854,0.14924018156700217
0.273836612701416,0.9099234996228854,0.14927965265443063
0.273834764957428,0.9099773731278957,0.14927965265443063
0.273809939622879,0.9099773731278957,0.1493191237418591
0.2737734019756317,0.9101389936429264,0.1493191237418591
0.2737550735473633,0.9101389936429264,0.14935859482928754
0.2736716270446777,0.9105161081779981,0.14935859482928754
0.2736392617225647,0.9105161081779981,0.149398065916716
0.273608386516571,0.9108393492080594,0.149398065916716
0.2736025154590606,0.9108393492080594,0.14943753700414447
0.2735431492328644,0.9110548432281004,0.14943753700414447
0.2735260128974914,0.9110548432281004,0.14951647917900138
0.2735251784324646,0.9111087167331107,0.14951647917900138
0.2735162675380707,0.9111087167331107,0.14955595026642984
0.2734588086605072,0.9112164637431311,0.14955595026642984
0.2734479904174804,0.9112164637431311,0.1495954213538583
0.2734364569187164,0.9113242107531516,0.1495954213538583
0.273384690284729,0.9113242107531516,0.14967436352871522
0.2732675075531006,0.911862945803254,0.14967436352871522
0.2732641100883484,0.911862945803254,0.14971383461614368
0.2732318341732025,0.9120245663182847,0.14971383461614368
0.2732314169406891,0.9120245663182847,0.14975330570357212
0.2732224762439728,0.912078439823295,0.14975330570357212
0.2732135057449341,0.912078439823295,0.1497927767910006
0.2731346189975738,0.912563301368387,0.1497927767910006
0.2731340825557709,0.912563301368387,0.14983224787842905
0.2730045020580292,0.9128326688934382,0.14983224787842905
0.2729853093624115,0.9128326688934382,0.14991119005328596
0.2729086577892303,0.9131020364184894,0.14991119005328596
0.2728984951972961,0.9131020364184894,0.14995066114071443
0.2728238105773926,0.913479150953561,0.14995066114071443
0.2728079855442047,0.913479150953561,0.1499901322281429
0.2727996110916137,0.9135868979635815,0.1499901322281429
0.2727953791618347,0.9135868979635815,0.15002960331557133
0.2727428376674652,0.9137485184786123,0.15002960331557133
0.2727304995059967,0.9137485184786123,0.1500690744029998
0.2727245986461639,0.9138023919836225,0.1500690744029998
0.2727223336696625,0.9138023919836225,0.15010854549042826
0.2726719379425049,0.9139101389936429,0.15010854549042826
0.2726620733737945,0.9139101389936429,0.15014801657785673
0.2725736796855926,0.9141795065186941,0.15014801657785673
0.2725711166858673,0.9141795065186941,0.15018748766528517
0.272541344165802,0.9143411270337248,0.15018748766528517
0.2725387215614319,0.9143411270337248,0.15022695875271364
0.2725260257720947,0.9144488740437453,0.15022695875271364
0.2724731266498565,0.9144488740437453,0.1502664298401421
0.2724596560001373,0.9145027475487555,0.1502664298401421
0.2724539637565613,0.9145027475487555,0.15030590092757057
0.2724303007125854,0.9146643680637863,0.15030590092757057
0.2724268138408661,0.9146643680637863,0.150345372014999
0.2724263966083526,0.9147182415687964,0.150345372014999
0.2723996341228485,0.9147182415687964,0.15042431418985594
0.2723083198070526,0.9152031031138886,0.15042431418985594
0.2722997367382049,0.9152031031138886,0.15046378527728438
0.2722683250904083,0.9153647236289193,0.15046378527728438
0.2722397148609161,0.9153647236289193,0.15050325636471285
0.2722382545471191,0.9154185971339295,0.15050325636471285
0.2722327709197998,0.9154185971339295,0.1505427274521413
0.2720984518527984,0.9158495851740114,0.1505427274521413
0.2720957696437835,0.9158495851740114,0.15062166962699822
0.2720023989677429,0.9160650791940523,0.15062166962699822
0.271993339061737,0.9160650791940523,0.15066114071442668
0.2719660699367523,0.9161189526990626,0.15066114071442668
0.2719611823558807,0.9161189526990626,0.15070061180185515
0.2718772888183594,0.9162266997090831,0.15070061180185515
0.2718737125396728,0.9162266997090831,0.1507400828892836
0.2717946171760559,0.9166038142441547,0.1507400828892836
0.2717749178409576,0.9166038142441547,0.15077955397671206
0.2717205882072449,0.9168193082641957,0.15077955397671206
0.2717166244983673,0.9168193082641957,0.15081902506414052
0.2716863751411438,0.9169270552742161,0.15081902506414052
0.2716844379901886,0.9169270552742161,0.150858496151569
0.2716436684131622,0.9171425492942571,0.150858496151569
0.2716416418552398,0.9171425492942571,0.15089796723899743
0.2715815901756286,0.9174657903243185,0.15089796723899743
0.2715726494789123,0.9174657903243185,0.1509374383264259
0.2715428173542022,0.917573537334339,0.1509374383264259
0.2715347111225128,0.917573537334339,0.15097690941385436
0.2715088725090027,0.9176812843443595,0.15097690941385436
0.2715087831020355,0.9176812843443595,0.1510163805012828
0.2714962661266327,0.9178967783644004,0.1510163805012828
0.2714902460575104,0.9178967783644004,0.15105585158871127
0.2714694142341614,0.9180583988794311,0.15105585158871127
0.2714681029319763,0.9180583988794311,0.15109532267613973
0.2714246809482574,0.9181661458894516,0.15109532267613973
0.2714183330535888,0.9181661458894516,0.1511347937635682
0.2713838517665863,0.9183816399094925,0.1511347937635682
0.2713824510574341,0.9183816399094925,0.15117426485099664
0.2713485062122345,0.9187048809395539,0.15117426485099664
0.2713464498519897,0.9187048809395539,0.1512137359384251
0.2713425755500793,0.9188126279495744,0.1512137359384251
0.27130788564682,0.9188126279495744,0.151292678113282
0.2712278962135315,0.9190819954746255,0.151292678113282
0.2712265849113464,0.9190819954746255,0.15133214920071048
0.2709271013736725,0.9199978450597996,0.15133214920071048
0.2709202170372009,0.9199978450597996,0.15137162028813894
0.2709075808525085,0.9200517185648098,0.15137162028813894
0.2709007859230041,0.9200517185648098,0.1514110913755674
0.2708912193775177,0.92010559206982,0.1514110913755674
0.2708724439144134,0.92010559206982,0.15145056246299585
0.2708094716072082,0.9202133390798405,0.15145056246299585
0.2708085775375366,0.9202133390798405,0.1514900335504243
0.2707718908786773,0.9202672125848508,0.1514900335504243
0.2707659602165222,0.9202672125848508,0.15152950463785278
0.2706115543842315,0.9210214416549941,0.15152950463785278
0.2706098854541778,0.9210214416549941,0.15156897572528122
0.2706051468849182,0.9210753151600043,0.15156897572528122
0.2705656886100769,0.9210753151600043,0.15160844681270969
0.2705554962158203,0.9211830621700248,0.15160844681270969
0.2705354690551758,0.9211830621700248,0.15164791790013815
0.2704993784427643,0.9212908091800452,0.15164791790013815
0.2704800069332123,0.9212908091800452,0.15172686007499506
0.2704794704914093,0.9213446826850555,0.15172686007499506
0.2704607844352722,0.9213446826850555,0.15176633116242352
0.2704133093357086,0.9215601767050964,0.15176633116242352
0.2704132497310638,0.9215601767050964,0.151805802249852
0.2703730463981628,0.9216679237151169,0.151805802249852
0.2703689932823181,0.9216679237151169,0.15184527333728043
0.2701738476753235,0.9226915203103114,0.15184527333728043
0.2701666057109833,0.9226915203103114,0.1518847444247089
0.2701614797115326,0.9227453938153216,0.1518847444247089
0.2701278030872345,0.9227453938153216,0.15196368659956583
0.270122766494751,0.9227992673203319,0.15196368659956583
0.2701100707054138,0.9227992673203319,0.15200315768699427
0.2700771689414978,0.9229070143303524,0.15200315768699427
0.2700532674789428,0.9229070143303524,0.15204262877442273
0.2699772715568542,0.9231225083503932,0.15204262877442273
0.269945740699768,0.9231225083503932,0.1520820998618512
0.269915372133255,0.9232302553604137,0.1520820998618512
0.2698984146118164,0.9232302553604137,0.15212157094927967
0.2698848843574524,0.9233380023704342,0.15212157094927967
0.269880473613739,0.9233380023704342,0.1521610420367081
0.269797682762146,0.9236073698954854,0.1521610420367081
0.2697953283786773,0.9236073698954854,0.15220051312413657
0.2697939276695251,0.9236612434004956,0.15220051312413657
0.2697879076004028,0.9236612434004956,0.15223998421156504
0.2697774469852447,0.9237151169055059,0.15223998421156504
0.2697630822658539,0.9237151169055059,0.1523583974738504
0.2696227729320526,0.9242538519556083,0.1523583974738504
0.2696191072463989,0.9242538519556083,0.15239786856127888
0.2695543169975281,0.9245770929856697,0.15239786856127888
0.2695494294166565,0.9245770929856697,0.15243733964870732
0.2695411443710327,0.9246309664906799,0.15243733964870732
0.2695345282554626,0.9246309664906799,0.15247681073613578
0.2695075869560241,0.9247925870057105,0.15247681073613578
0.2694554924964905,0.9247925870057105,0.1525557529109927
0.2694051563739776,0.925115828035772,0.1525557529109927
0.2693901360034942,0.925115828035772,0.15259522399842115
0.2693712711334228,0.9251697015407823,0.15259522399842115
0.2693597674369812,0.9251697015407823,0.15263469508584962
0.2693105936050415,0.9253851955608232,0.15263469508584962
0.2693100273609161,0.9253851955608232,0.1526741661732781
0.2692638039588928,0.9256545630858743,0.1526741661732781
0.2692628502845764,0.9256545630858743,0.15271363726070653
0.2692479789257049,0.9257084365908846,0.15271363726070653
0.2692130506038666,0.9257084365908846,0.15279257943556346
0.269167810678482,0.9259239306109256,0.15279257943556346
0.2690909504890442,0.9259239306109256,0.1529504637852773
0.2690652012825012,0.9260316776209461,0.1529504637852773
0.2690519392490387,0.9260316776209461,0.15298993487270574
0.2690468728542328,0.9260855511259563,0.15298993487270574
0.2690361142158508,0.9260855511259563,0.1530294059601342
0.2689363062381744,0.9261932981359767,0.1530294059601342
0.2689214050769806,0.9261932981359767,0.15306887704756267
0.2689121067523956,0.9262471716409869,0.15306887704756267
0.2689090967178345,0.9262471716409869,0.1531083481349911
0.2687695622444153,0.9270552742161405,0.1531083481349911
0.2687574028968811,0.9270552742161405,0.15314781922241957
0.2686901688575744,0.9272707682361815,0.15314781922241957
0.2686620354652405,0.9272707682361815,0.1532267613972765
0.268450915813446,0.9283482383363861,0.1532267613972765
0.2684221267700195,0.9283482383363861,0.15326623248470495
0.2683674991130829,0.9285098588514169,0.15326623248470495
0.2683513462543487,0.9285098588514169,0.1533057035721334
0.2683116197586059,0.9286714793664476,0.1533057035721334
0.2683065831661224,0.928779226376468,0.1533057035721334
0.2682875096797943,0.928779226376468,0.15338464574699032
0.2682601511478424,0.9289408468914988,0.15338464574699032
0.2682324945926666,0.9289408468914988,0.15342411683441878
0.2681516110897064,0.9291024674065295,0.15342411683441878
0.2681407332420349,0.9291024674065295,0.15350305900927572
0.268130749464035,0.9291563409115398,0.15350305900927572
0.2681174278259277,0.9291563409115398,0.15354253009670416
0.2680914402008056,0.9292640879215601,0.15354253009670416
0.2680559158325195,0.9292640879215601,0.1536214722715611
0.2679878771305084,0.9295334554466114,0.1536214722715611
0.2679672539234161,0.9295334554466114,0.15366094335898953
0.2679657638072967,0.9295873289516215,0.15366094335898953
0.2679648995399475,0.9295873289516215,0.153700414446418
0.2679381370544433,0.9297489494666523,0.153700414446418
0.2679263353347778,0.9297489494666523,0.15373988553384646
0.267862319946289,0.929910569981683,0.15373988553384646
0.2678606510162353,0.929910569981683,0.15377935662127493
0.267859399318695,0.9299644434866933,0.15377935662127493
0.2678427398204803,0.9299644434866933,0.15385829879613183
0.2678140997886657,0.9300183169917035,0.15385829879613183
0.2677486836910248,0.9300183169917035,0.1538977698835603
0.2677346467971802,0.9300721904967137,0.1538977698835603
0.2677293419837951,0.9300721904967137,0.15393724097098876
0.2677284181118011,0.9301260640017239,0.15393724097098876
0.2677201330661773,0.9301260640017239,0.1539767120584172
0.267688512802124,0.9302338110117444,0.1539767120584172
0.2676745653152466,0.9302338110117444,0.15405565423327414
0.2676357626914978,0.9306647990518263,0.15405565423327414
0.2676353454589844,0.9306647990518263,0.15409512532070258
0.2676216661930084,0.9307186725568366,0.15409512532070258
0.2676208317279815,0.9307186725568366,0.15413459640813104
0.2675988674163818,0.9308802930718673,0.15413459640813104
0.2675859630107879,0.9308802930718673,0.1541740674955595
0.2675580978393554,0.9310419135868979,0.1541740674955595
0.2675174474716186,0.9310419135868979,0.1542530096704164
0.2674984335899353,0.9312574076069389,0.1542530096704164
0.2674776017665863,0.9312574076069389,0.15429248075784488
0.2674560248851776,0.9313112811119492,0.15429248075784488
0.2674468159675598,0.9313112811119492,0.15437142293270179
0.2674184739589691,0.9315806486370003,0.15437142293270179
0.2674075961112976,0.9315806486370003,0.15441089402013025
0.2673198282718658,0.9317961426570412,0.15441089402013025
0.2672997117042541,0.9317961426570412,0.15445036510755872
0.2672283351421356,0.9321193836871027,0.15445036510755872
0.2672266066074371,0.9321193836871027,0.15448983619498718
0.2671691477298736,0.9324426247171641,0.15448983619498718
0.2671646773815155,0.9324426247171641,0.15452930728241562
0.267162948846817,0.9325503717271846,0.15452930728241562
0.2671586275100708,0.9325503717271846,0.1545687783698441
0.2670724391937256,0.9328197392522357,0.1545687783698441
0.2670440673828125,0.9328197392522357,0.154647720544701
0.2670350968837738,0.932873612757246,0.154647720544701
0.2669966220855713,0.932873612757246,0.15468719163212946
0.2668783962726593,0.9333046007973279,0.15468719163212946
0.2668762803077698,0.9333046007973279,0.15472666271955793
0.2668699324131012,0.9333584743023381,0.15472666271955793
0.2668682634830475,0.9333584743023381,0.1547661338069864
0.2668613493442535,0.9334123478073484,0.1547661338069864
0.2668519020080566,0.9334123478073484,0.15480560489441483
0.2667852938175201,0.9336817153323995,0.15480560489441483
0.2667407393455505,0.9336817153323995,0.1548450759818433
0.2666845023632049,0.9338972093524405,0.1548450759818433
0.2666819989681244,0.9338972093524405,0.15488454706927177
0.2666182816028595,0.9342743238875121,0.15488454706927177
0.2666084468364715,0.9342743238875121,0.1549240181567002
0.2665257751941681,0.9345436914125633,0.1549240181567002
0.2665221989154815,0.9345436914125633,0.15496348924412867
0.2664768099784851,0.9346514384225838,0.15496348924412867
0.2664548456668854,0.9346514384225838,0.15500296033155714
0.2662749588489532,0.9357289085227884,0.15500296033155714
0.2662664353847503,0.9357289085227884,0.1550424314189856
0.2660953104496002,0.9363753905829113,0.1550424314189856
0.2660909295082092,0.9363753905829113,0.15508190250641404
0.2660084664821625,0.9366986316129727,0.15508190250641404
0.2660036087036133,0.9366986316129727,0.1551213735938425
0.2657646536827087,0.9375606076931365,0.1551213735938425
0.265743613243103,0.9375606076931365,0.15516084468127098
0.2657274603843689,0.9377222282081672,0.15516084468127098
0.2657207250595093,0.9377222282081672,0.15520031576869942
0.2656551301479339,0.9379915957332184,0.15520031576869942
0.2656418979167938,0.9379915957332184,0.15527925794355635
0.2656329572200775,0.9380454692382286,0.15527925794355635
0.2656254768371582,0.9380454692382286,0.15531872903098481
0.2655826807022095,0.93836871026829,0.15531872903098481
0.265578418970108,0.93836871026829,0.15535820011841325
0.2655676603317261,0.9384764572783105,0.15535820011841325
0.265557199716568,0.9384764572783105,0.15539767120584172
0.265524297952652,0.9385303307833207,0.15539767120584172
0.2655041813850403,0.9385303307833207,0.15547661338069863
0.2654954195022583,0.9386380777933412,0.15547661338069863
0.2654737830162048,0.9386380777933412,0.1555160844681271
0.2654154300689697,0.9390151923284129,0.1555160844681271
0.2653930485248565,0.9390151923284129,0.15555555555555556
0.2653713524341583,0.9391229393384334,0.15555555555555556
0.2653315663337707,0.9391229393384334,0.15559502664298402
0.2652022540569305,0.9394461803684948,0.15559502664298402
0.2651475071907043,0.9394461803684948,0.15563449773041246
0.2651084065437317,0.9396078008835255,0.15563449773041246
0.2650767862796783,0.9396078008835255,0.15567396881784093
0.2650569379329681,0.9398232949035664,0.15567396881784093
0.2650377452373504,0.9398232949035664,0.1557134399052694
0.2649329900741577,0.9399849154185972,0.1557134399052694
0.2649282813072204,0.9399849154185972,0.15575291099269784
0.2648399472236633,0.9403620299536688,0.15575291099269784
0.2648380696773529,0.9403620299536688,0.1557923820801263
0.2647553384304046,0.9407391444887404,0.1557923820801263
0.2647451758384704,0.9407391444887404,0.15583185316755477
0.2647156715393066,0.9409546385087814,0.15583185316755477
0.2647152841091156,0.9409546385087814,0.15587132425498323
0.2646631002426147,0.9413317530438531,0.15587132425498323
0.264632374048233,0.9413317530438531,0.15591079534241167
0.2645723521709442,0.9415472470638939,0.15591079534241167
0.2645541131496429,0.9415472470638939,0.1559897375172686
0.2645291686058044,0.9417627410839349,0.1559897375172686
0.2644981145858764,0.9417627410839349,0.1560686796921255
0.2644155323505401,0.9421398556190066,0.1560686796921255
0.2643958032131195,0.9421398556190066,0.15610815077955398
0.2642756700515747,0.9427863376791294,0.15610815077955398
0.2642753720283508,0.9427863376791294,0.15614762186698244
0.2641992568969726,0.9432173257192112,0.15614762186698244
0.2641978561878204,0.9432173257192112,0.15618709295441088
0.2641704976558685,0.9433250727292317,0.15618709295441088
0.2641600370407104,0.9433250727292317,0.15622656404183935
0.2641241550445556,0.9434866932442625,0.15622656404183935
0.2640875577926636,0.9434866932442625,0.15634497730412472
0.2640821635723114,0.9435405667492727,0.15634497730412472
0.2640794515609741,0.9435405667492727,0.1563844483915532
0.2640679776668548,0.9437021872643034,0.1563844483915532
0.2640467882156372,0.9437021872643034,0.15642391947898165
0.2640099823474884,0.9439176812843444,0.15642391947898165
0.2640025913715362,0.9439176812843444,0.1564633905664101
0.2639974355697632,0.9439715547893546,0.1564633905664101
0.2639973759651184,0.9439715547893546,0.15650286165383856
0.2639269828796386,0.9441870488093955,0.15650286165383856
0.2639038264751434,0.9441870488093955,0.15654233274126703
0.2638677954673767,0.9444025428294365,0.15654233274126703
0.2638498246669769,0.9444025428294365,0.1565818038286955
0.2638318538665771,0.9446180368494774,0.1565818038286955
0.2638247609138489,0.9446180368494774,0.15662127491612393
0.2637476027011871,0.9448874043745286,0.15662127491612393
0.2637337744235992,0.9448874043745286,0.1566607460035524
0.2636449933052063,0.9451028983945695,0.1566607460035524
0.2636320888996124,0.9451028983945695,0.15670021709098086
0.2635881602764129,0.9453722659196208,0.15670021709098086
0.2635650932788849,0.9453722659196208,0.1567396881784093
0.2635447382926941,0.9454800129296412,0.1567396881784093
0.263518750667572,0.9454800129296412,0.15677915926583777
0.2633185386657715,0.9460726214847538,0.15677915926583777
0.2632818520069122,0.9460726214847538,0.15681863035326624
0.2632245421409607,0.9462881155047947,0.15681863035326624
0.2632143795490265,0.9462881155047947,0.1568581014406947
0.2631618976593017,0.9463419890098049,0.1568581014406947
0.2631520926952362,0.9463419890098049,0.15689757252812314
0.2629656791687011,0.9471500915849586,0.15689757252812314
0.262964516878128,0.9471500915849586,0.1569370436155516
0.2629615664482116,0.9472039650899687,0.1569370436155516
0.262955367565155,0.9472039650899687,0.1570159857904085
0.2629545331001282,0.947257838594979,0.1570159857904085
0.2629320919513702,0.947257838594979,0.15705545687783698
0.2629125118255615,0.9473117120999892,0.15705545687783698
0.2628946900367737,0.9473117120999892,0.15709492796526545
0.2628665268421173,0.9475272061200302,0.15709492796526545
0.2628647983074188,0.9475272061200302,0.1571343990526939
0.2628117203712463,0.9477427001400711,0.1571343990526939
0.2628016769886017,0.9477427001400711,0.15717387014012235
0.2627069652080536,0.9480659411701325,0.15717387014012235
0.2627013623714447,0.9480659411701325,0.15721334122755082
0.2626737952232361,0.9482275616851632,0.15721334122755082
0.2626732885837555,0.9482275616851632,0.15725281231497928
0.2626237571239471,0.9484969292102144,0.15725281231497928
0.2626176476478576,0.9484969292102144,0.15729228340240772
0.2625234127044678,0.9490356642603168,0.15729228340240772
0.2625187337398529,0.9490356642603168,0.15737122557726466
0.2625060975551605,0.949089537765327,0.15737122557726466
0.262499064207077,0.9491972847753475,0.15737122557726466
0.2624363899230957,0.9495205258054089,0.15737122557726466
0.2624298334121704,0.9495205258054089,0.15748963883955003
0.2624256312847137,0.9495743993104191,0.15748963883955003
0.2624078094959259,0.9495743993104191,0.1575291099269785
0.2623390555381775,0.950005387350501,0.1575291099269785
0.2623186111450195,0.950005387350501,0.1576080521018354
0.2623062431812286,0.9500592608555113,0.1576080521018354
0.2623027861118316,0.9500592608555113,0.15764752318926387
0.2623016834259033,0.9501131343605215,0.15764752318926387
0.2622645497322082,0.9501131343605215,0.15776593645154924
0.2622610926628113,0.9501670078655318,0.15776593645154924
0.2622570097446441,0.9501670078655318,0.1578054075389777
0.2622095048427582,0.9503825018855727,0.1578054075389777
0.2621929943561554,0.9503825018855727,0.15784487862640617
0.2621828317642212,0.9504363753905829,0.15784487862640617
0.2621724903583526,0.9504363753905829,0.1578843497138346
0.2621528208255768,0.9505441224006034,0.1578843497138346
0.2621503472328186,0.9505441224006034,0.15792382080126308
0.2621466815471649,0.9505979959056137,0.15792382080126308
0.2621240615844726,0.9505979959056137,0.15796329188869154
0.262067586183548,0.9507596164206443,0.15796329188869154
0.2620345652103424,0.9507596164206443,0.15804223406354845
0.261985719203949,0.9511367309557159,0.15804223406354845
0.2619457542896271,0.9511367309557159,0.15812117623840538
0.2619358003139496,0.9511906044607262,0.15812117623840538
0.2619326114654541,0.9511906044607262,0.15816064732583382
0.2618766725063324,0.9514599719857774,0.15816064732583382
0.2618754506111145,0.9514599719857774,0.1582001184132623
0.2617924511432647,0.9516754660058183,0.1582001184132623
0.2617852091789245,0.9516754660058183,0.15823958950069075
0.2617651522159576,0.9517832130158388,0.15823958950069075
0.2617628574371338,0.9517832130158388,0.1582790605881192
0.2617547214031219,0.9518370865208491,0.1582790605881192
0.2617412805557251,0.9518370865208491,0.1583974738504046
0.2616917192935943,0.952268074560931,0.1583974738504046
0.2616786062717438,0.952268074560931,0.15843694493783303
0.2616142332553863,0.9524835685809718,0.15843694493783303
0.2615969777107239,0.9524835685809718,0.1584764160252615
0.2615189552307129,0.9527529361060231,0.1584764160252615
0.2615019977092743,0.9527529361060231,0.1585553582001184
0.2614836096763611,0.9528068096110333,0.1585553582001184
0.2614580392837524,0.9528068096110333,0.15859482928754687
0.2614361345767975,0.9529145566210537,0.15859482928754687
0.2614305913448334,0.9529145566210537,0.15863430037497533
0.2613686323165893,0.9530761771360845,0.15863430037497533
0.2613537311553955,0.9530761771360845,0.1586737714624038
0.2613488435745239,0.9531300506410947,0.1586737714624038
0.2613460719585418,0.9531300506410947,0.15871324254983224
0.2612486779689789,0.9536149121861869,0.15871324254983224
0.2611867189407348,0.9536149121861869,0.15879218472468917
0.2610140144824981,0.9543691412563301,0.15879218472468917
0.2610085308551788,0.9543691412563301,0.1588316558121176
0.260869562625885,0.9549617498114428,0.1588316558121176
0.2608585357666015,0.9549617498114428,0.15891059798697454
0.2608336806297302,0.9551772438314837,0.15891059798697454
0.260829210281372,0.9551772438314837,0.158950069074403
0.2608028650283813,0.9552849908415042,0.158950069074403
0.2607982158660888,0.9552849908415042,0.15898954016183145
0.2607173323631286,0.955715978881586,0.15898954016183145
0.2607147097587585,0.955715978881586,0.15906848233668838
0.2607051730155945,0.9558775993966168,0.15906848233668838
0.2606284022331238,0.9558775993966168,0.15926583777383066
0.2606108784675598,0.9559314729016269,0.15926583777383066
0.2605980634689331,0.9559314729016269,0.15930530886125913
0.2605322599411011,0.9562008404266782,0.15930530886125913
0.2605096995830536,0.9562008404266782,0.1593447799486876
0.2605051696300506,0.9563085874366987,0.1593447799486876
0.2605035603046417,0.9563085874366987,0.15938425103611603
0.2604317367076874,0.9564702079517293,0.15938425103611603
0.2604249715805053,0.9564702079517293,0.1594237221235445
0.2603524327278137,0.9566857019717703,0.1594237221235445
0.2603448033332824,0.9566857019717703,0.15946319321097296
0.2603318989276886,0.9567934489817908,0.15946319321097296
0.2603257596492767,0.9567934489817908,0.15950266429840143
0.2602584660053253,0.9569550694968214,0.15950266429840143
0.2602531611919403,0.9569550694968214,0.15954213538582987
0.2602167725563049,0.9571166900118522,0.15954213538582987
0.2601685523986816,0.9571166900118522,0.1596210775606868
0.2601083815097809,0.9573860575369033,0.1596210775606868
0.2601035833358764,0.9573860575369033,0.1597000197355437
0.2600807249546051,0.9574938045469238,0.1597000197355437
0.2600648403167724,0.9574938045469238,0.15973949082297217
0.2600516676902771,0.9576015515569443,0.15973949082297217
0.2600474059581756,0.9576015515569443,0.15977896191040064
0.2600102126598358,0.9577092985669647,0.15977896191040064
0.2599669694900512,0.9577092985669647,0.15997631734754292
0.2599663138389587,0.957763172071975,0.15997631734754292
0.2599575519561767,0.957763172071975,0.1600947306098283
0.2599263489246368,0.9578170455769852,0.1600947306098283
0.2598773539066314,0.9578170455769852,0.16017367278468522
0.2598441541194916,0.9579247925870057,0.16017367278468522
0.2598183155059814,0.9579247925870057,0.16025261495954213
0.2598180770874023,0.957978666092016,0.16025261495954213
0.2598127722740173,0.957978666092016,0.1602920860469706
0.2596235275268554,0.9582480336170671,0.1602920860469706
0.2596017122268677,0.9582480336170671,0.1603710282218275
0.2595821619033813,0.9583019071220774,0.1603710282218275
0.2595805823802948,0.9583019071220774,0.16041049930925597
0.2594665884971618,0.9585712746471285,0.16041049930925597
0.2594281435012817,0.9585712746471285,0.16052891257154134
0.2593483328819275,0.9587867686671695,0.16052891257154134
0.259241372346878,0.9587867686671695,0.1607657390961121
0.2592311203479767,0.9588406421721797,0.1607657390961121
0.2592304050922394,0.9588406421721797,0.16080521018354055
0.2591832280158996,0.95889451567719,0.16080521018354055
0.2591779232025146,0.95889451567719,0.16084468127096901
0.2591762542724609,0.9589483891822002,0.16084468127096901
0.2591113150119781,0.9589483891822002,0.16088415235839748
0.2590799927711487,0.9590561361922206,0.16088415235839748
0.259046196937561,0.9590561361922206,0.16092362344582592
0.2590289115905761,0.9591100096972309,0.16092362344582592
0.2589852809906006,0.9591100096972309,0.16104203670811132
0.2589420080184936,0.9592177567072514,0.16104203670811132
0.2589401602745056,0.9592177567072514,0.16108150779553976
0.2589246034622192,0.9593255037172719,0.16108150779553976
0.2588411867618561,0.9593255037172719,0.16112097888296822
0.2587557733058929,0.9594871242323025,0.16112097888296822
0.2587451636791229,0.9594871242323025,0.1611604499703967
0.258701741695404,0.9596487447473333,0.1611604499703967
0.2586893439292907,0.9596487447473333,0.16119992105782513
0.2586735188961029,0.9597026182523435,0.16119992105782513
0.2584868371486664,0.9597026182523435,0.1612393921452536
0.2584583461284637,0.9597564917573538,0.1612393921452536
0.2583999335765838,0.9597564917573538,0.16135780540753897
0.2583667039871216,0.9599181122723844,0.16135780540753897
0.2583418488502502,0.9599181122723844,0.1614367475823959
0.25819993019104,0.9601336062924254,0.1614367475823959
0.2581419050693512,0.9601336062924254,0.1615156897572528
0.2581199109554291,0.9601874797974356,0.1615156897572528
0.2580712735652923,0.9601874797974356,0.1617130451943951
0.2580646276473999,0.9602413533024459,0.1617130451943951
0.2580370008945465,0.9602413533024459,0.16175251628182358
0.257802814245224,0.9604568473224868,0.16175251628182358
0.2577998042106628,0.9604568473224868,0.16179198736925202
0.2577463984489441,0.9605645943325073,0.16179198736925202
0.2577431797981262,0.9605645943325073,0.16183145845668048
0.2577198445796966,0.9606184678375175,0.16183145845668048
0.2576369941234588,0.9606184678375175,0.16198934280639432
0.257594496011734,0.960726214847538,0.16198934280639432
0.2574988603591919,0.960726214847538,0.16206828498125123
0.2573851644992828,0.9608878353625687,0.16206828498125123
0.2573422193527221,0.9608878353625687,0.16214722715610816
0.2573196291923523,0.9609417088675789,0.16214722715610816
0.2572945356369018,0.9609417088675789,0.1621866982435366
0.2572811841964721,0.9609955823725892,0.1621866982435366
0.2572476267814636,0.9609955823725892,0.16226564041839353
0.2572424113750458,0.9610494558775994,0.16226564041839353
0.2572057843208313,0.9610494558775994,0.1623840536806789
0.2572031021118164,0.9611033293826097,0.1623840536806789
0.2571277022361755,0.9611033293826097,0.1624629958555358
0.2570914328098297,0.9611572028876199,0.1624629958555358
0.2570738792419433,0.9611572028876199,0.16250246694296427
0.2570700347423553,0.9612110763926301,0.16250246694296427
0.2570623755455017,0.9612110763926301,0.16254193803039274
0.2569847702980041,0.9613188234026506,0.16254193803039274
0.2569750547409057,0.9613188234026506,0.1625814091178212
0.2568643987178802,0.9613726969076608,0.1625814091178212
0.2567794620990753,0.9613726969076608,0.16277876455496348
0.2567755281925201,0.9614804439176813,0.16277876455496348
0.2566304206848144,0.9614804439176813,0.16285770672982042
0.2566274106502533,0.9615343174226916,0.16285770672982042
0.2565235495567322,0.9615343174226916,0.16301559107953423
0.2565060555934906,0.9615881909277018,0.16301559107953423
0.2564056515693664,0.9615881909277018,0.16313400434181963
0.2563822269439697,0.9616420644327119,0.16313400434181963
0.2562360763549804,0.9616420644327119,0.16329188869153347
0.2562176585197449,0.9616959379377222,0.16329188869153347
0.2560829222202301,0.9616959379377222,0.16356818630353268
0.2560312151908874,0.9617498114427324,0.16356818630353268
0.2559872269630432,0.9617498114427324,0.16360765739096111
0.255961000919342,0.9618036849477427,0.16360765739096111
0.2558713853359222,0.9618036849477427,0.16364712847838958
0.2558107078075409,0.9619114319577632,0.16364712847838958
0.2557578682899475,0.9619114319577632,0.16368659956581805
0.2556831240653991,0.9619653054627734,0.16368659956581805
0.2555991411209106,0.9619653054627734,0.16376554174067495
0.2555738985538482,0.9620191789677837,0.16376554174067495
0.2555596530437469,0.9620191789677837,0.16380501282810342
0.2555364966392517,0.9620730524727938,0.16380501282810342
0.2554866075515747,0.9620730524727938,0.1639234260903888
0.2554777860641479,0.9621269259778041,0.1639234260903888
0.2554716169834137,0.9621269259778041,0.16396289717781726
0.2552622258663177,0.9623424199978451,0.16396289717781726
0.2551581561565399,0.9623424199978451,0.1640023682652457
0.2551514506340027,0.9623962935028553,0.1640023682652457
0.2551415860652923,0.9623962935028553,0.16404183935267416
0.2551319897174835,0.9624501670078656,0.16404183935267416
0.2550981044769287,0.9624501670078656,0.16408131044010263
0.2550921440124511,0.9625040405128757,0.16408131044010263
0.2550500333309173,0.9625040405128757,0.1641207815275311
0.2550265789031982,0.962557914017886,0.1641207815275311
0.2550199925899505,0.962557914017886,0.16416025261495953
0.2549321353435516,0.9626656610279065,0.16416025261495953
0.2549173533916473,0.9626656610279065,0.16423919478981647
0.2548636496067047,0.9627195345329167,0.16423919478981647
0.2548199295997619,0.9627195345329167,0.1642786658772449
0.2547432482242584,0.962773408037927,0.1642786658772449
0.254723459482193,0.962773408037927,0.16431813696467337
0.2546060383319855,0.9628272815429372,0.16431813696467337
0.2542583346366882,0.9628272815429372,0.16459443457667258
0.254206895828247,0.9629350285529577,0.16459443457667258
0.2539860010147095,0.9629350285529577,0.16471284783895795
0.2539827227592468,0.9629889020579679,0.16471284783895795
0.253976821899414,0.9629889020579679,0.16475231892638642
0.2539699673652649,0.9630427755629781,0.16475231892638642
0.2539624869823456,0.9630427755629781,0.1647917900138149
0.2539266645908355,0.9631505225729986,0.1647917900138149
0.253788560628891,0.9631505225729986,0.16502861653838563
0.2537401914596557,0.9632043960780088,0.16502861653838563
0.2536795735359192,0.9632043960780088,0.165147029800671
0.253581166267395,0.9632582695830191,0.165147029800671
0.2535200417041778,0.9632582695830191,0.1653443852378133
0.2534762620925903,0.9633121430880293,0.1653443852378133
0.2534433603286743,0.9633121430880293,0.1654233274126702
0.2534319758415222,0.9633660165930396,0.1654233274126702
0.2532142102718353,0.9633660165930396,0.16566015393724098
0.2531872391700744,0.96347376360306,0.16566015393724098
0.2531258463859558,0.96347376360306,0.16569962502466942
0.2530518174171448,0.9635276371080702,0.16569962502466942
0.2529312670230865,0.9635276371080702,0.1660153937240971
0.2528925538063049,0.9635815106130805,0.1660153937240971
0.2527515888214111,0.9635815106130805,0.1662127491612394
0.2527251839637756,0.9636353841180907,0.1662127491612394
0.2526931464672088,0.9636353841180907,0.16625222024866784
0.2526690065860748,0.9637431311281112,0.16625222024866784
0.2526539862155914,0.9637431311281112,0.1662916913360963
0.2526171803474426,0.9637970046331215,0.1662916913360963
0.2525937855243683,0.9637970046331215,0.16633116242352478
0.2525663077831268,0.9638508781381316,0.16633116242352478
0.2525526285171509,0.9638508781381316,0.16637063351095321
0.2524902820587158,0.9639047516431419,0.16637063351095321
0.2524352371692657,0.9639047516431419,0.16644957568581015
0.2523932754993438,0.9640124986531624,0.16644957568581015
0.2521061599254608,0.9640124986531624,0.16664693112295242
0.2520512044429779,0.9641202456631829,0.16664693112295242
0.2519170641899109,0.9641202456631829,0.16684428656009473
0.2519026100635528,0.9641741191681931,0.16684428656009473
0.2517310976982116,0.9641741191681931,0.16700217090980857
0.2516770362854004,0.9642818661782135,0.16700217090980857
0.2515902817249298,0.9642818661782135,0.1671600552595224
0.2515628933906555,0.9643357396832238,0.1671600552595224
0.2514688074588775,0.9643357396832238,0.16727846852180778
0.251444399356842,0.964389613188234,0.16727846852180778
0.2514374256134033,0.964389613188234,0.16731793960923624
0.2513639330863952,0.9644973601982545,0.16731793960923624
0.2512493133544922,0.9644973601982545,0.167554766133807
0.2512194812297821,0.9645512337032648,0.167554766133807
0.2511034905910492,0.9645512337032648,0.16767317939609236
0.2511006891727447,0.964605107208275,0.16767317939609236
0.2510197758674621,0.964605107208275,0.1678310637458062
0.2510093152523041,0.9646589807132852,0.1678310637458062
0.250954270362854,0.9646589807132852,0.1679100059206631
0.2509490847587585,0.9647128542182954,0.1679100059206631
0.2508102655410766,0.9647128542182954,0.16806789027037694
0.2507588565349579,0.9647667277233056,0.16806789027037694
0.2507310807704925,0.9647667277233056,0.1681073613578054
0.2507296204566955,0.9648206012283159,0.1681073613578054
0.2507244348526001,0.9648206012283159,0.16814683244523387
0.2506842017173767,0.9648744747333261,0.16814683244523387
0.2506709098815918,0.9648744747333261,0.1681863035326623
0.2506308853626251,0.9650360952483569,0.1681863035326623
0.2501481771469116,0.9650360952483569,0.16854154331951846
0.2501048743724823,0.9651438422583773,0.16854154331951846
0.2498134672641754,0.9651438422583773,0.16889678310637457
0.2497300803661346,0.965305462773408,0.16889678310637457
0.2496829479932785,0.965305462773408,0.16909413854351688
0.2493044286966323,0.9654670832884388,0.16909413854351688
0.2490610927343368,0.9654670832884388,0.16948884941780146
0.2490545809268951,0.965520956793449,0.16948884941780146
0.2488861232995987,0.965520956793449,0.1697256759423722
0.2488493472337722,0.9655748302984593,0.1697256759423722
0.2488457858562469,0.9655748302984593,0.16976514702980067
0.248820275068283,0.9656287038034694,0.16976514702980067
0.2488147914409637,0.9656287038034694,0.16980461811722913
0.2487760037183761,0.9657364508134899,0.16980461811722913
0.2487558871507644,0.9657364508134899,0.1698440892046576
0.2487041652202606,0.9657903243185002,0.1698440892046576
0.2486458271741867,0.9657903243185002,0.1700019735543714
0.2486098259687423,0.9658441978235104,0.1700019735543714
0.2485143393278122,0.9658441978235104,0.17008091572922834
0.2484957724809646,0.9658980713285207,0.17008091572922834
0.2484157085418701,0.9658980713285207,0.17019932899151372
0.2484029978513717,0.9659519448335309,0.17019932899151372
0.2482914626598358,0.9659519448335309,0.17039668442865602
0.2482269555330276,0.9660058183385412,0.17039668442865602
0.2479874640703201,0.9660058183385412,0.17063351095322676
0.247943639755249,0.9660596918435513,0.17063351095322676
0.2479243725538253,0.9660596918435513,0.17067298204065523
0.2479167133569717,0.9661135653485616,0.17067298204065523
0.2478161752223968,0.9661135653485616,0.1707913953029406
0.247801125049591,0.9661674388535718,0.1707913953029406
0.2477172166109085,0.9661674388535718,0.17098875074008288
0.2476556152105331,0.9663290593686025,0.17098875074008288
0.2474938184022903,0.9663290593686025,0.17130451943951056
0.2474868148565292,0.9663829328736128,0.17130451943951056
0.2472221553325653,0.9663829328736128,0.1715413459640813
0.2471950352191925,0.9664906798836332,0.1715413459640813
0.2471427768468856,0.9664906798836332,0.1716597592263667
0.2471276819705963,0.9665445533886434,0.1716597592263667
0.247068166732788,0.9665445533886434,0.17169923031379514
0.2470597326755523,0.9665984268936537,0.17169923031379514
0.2470578700304031,0.9665984268936537,0.1717387014012236
0.2469890862703323,0.9666523003986639,0.1717387014012236
0.2469156980514526,0.9666523003986639,0.1718176435760805
0.2468638569116592,0.9667600474086844,0.1718176435760805
0.2467379570007324,0.9667600474086844,0.17189658575093744
0.246668055653572,0.9669216679237151,0.17189658575093744
0.2466499358415603,0.9669216679237151,0.17197552792579435
0.2465776652097702,0.9671910354487663,0.17197552792579435
0.2465737462043762,0.9671910354487663,0.1720149990132228
0.2465113848447799,0.9672987824587868,0.1720149990132228
0.2464890629053115,0.9672987824587868,0.17205447010065128
0.246389701962471,0.9674065294688072,0.17205447010065128
0.2463704645633697,0.9674065294688072,0.17213341227550819
0.2463700324296951,0.9674604029738175,0.17213341227550819
0.2463435977697372,0.9674604029738175,0.17217288336293665
0.2462843507528305,0.9675142764788277,0.17217288336293665
0.2462566494941711,0.9675142764788277,0.17225182553779356
0.2462251335382461,0.967568149983838,0.17225182553779356
0.2461169362068176,0.967568149983838,0.1723307677126505
0.2460353970527649,0.9676220234888482,0.1723307677126505
0.2459231466054916,0.9676220234888482,0.17248865206236433
0.2458459436893463,0.9677836440038788,0.17248865206236433
0.2456603944301605,0.9677836440038788,0.1726860074995066
0.2456079721450805,0.9678375175088891,0.1726860074995066
0.2454649209976196,0.9678375175088891,0.17304124728636275
0.2454303056001663,0.9678913910138993,0.17304124728636275
0.2454186677932739,0.9678913910138993,0.1730807183737912
0.2453257143497467,0.9679991380239198,0.1730807183737912
0.2451939582824707,0.9679991380239198,0.1732780738109335
0.2451637834310531,0.9680530115289301,0.1732780738109335
0.245012879371643,0.9680530115289301,0.17351490033550424
0.2449613213539123,0.9681607585389506,0.17351490033550424
0.2449442148208618,0.9681607585389506,0.1735543714229327
0.2447268962860107,0.968483999569012,0.1735543714229327
0.2446650713682174,0.968483999569012,0.17359384251036117
0.2446643412113189,0.9685378730740222,0.17359384251036117
0.2445331960916519,0.9685378730740222,0.17371225577264654
0.2445097118616104,0.9685917465790325,0.17371225577264654
0.24445341527462,0.9685917465790325,0.1738306690349319
0.2443711310625076,0.9686994935890529,0.1738306690349319
0.2442458122968673,0.9686994935890529,0.17394908229721728
0.2442383170127868,0.9687533670940631,0.17394908229721728
0.2440650165081024,0.9687533670940631,0.1741464377343596
0.2440567910671234,0.9688072405990734,0.1741464377343596
0.244046077132225,0.9688072405990734,0.17418590882178803
0.243977203965187,0.9689149876090939,0.17418590882178803
0.2439268082380294,0.9689149876090939,0.17430432208407343
0.243840605020523,0.9689688611141041,0.17430432208407343
0.2437432706356048,0.9689688611141041,0.17434379317150187
0.2437046766281128,0.9691304816291348,0.17434379317150187
0.2437028884887695,0.9691304816291348,0.17438326425893033
0.2435355335474014,0.9692921021441655,0.17438326425893033
0.2434012144804,0.9692921021441655,0.17446220643378726
0.2433602511882782,0.969399849154186,0.17446220643378726
0.2432891428470611,0.969399849154186,0.1745016775212157
0.2432856559753418,0.9694537226591962,0.1745016775212157
0.2432278841733932,0.9694537226591962,0.17458061969607264
0.2432052344083786,0.9695075961642065,0.17458061969607264
0.243184894323349,0.9695075961642065,0.17462009078350108
0.2431846708059311,0.9695614696692166,0.17462009078350108
0.243085041642189,0.9695614696692166,0.17481744622064338
0.2429727166891098,0.9696692166792371,0.17481744622064338
0.2429385483264923,0.9696692166792371,0.17485691730807185
0.2429142743349075,0.9697769636892576,0.17485691730807185
0.2428624182939529,0.9697769636892576,0.17489638839550029
0.2428454607725143,0.9698308371942679,0.17489638839550029
0.2427353709936142,0.9698308371942679,0.17513321492007106
0.2426529675722122,0.9699385842042884,0.17513321492007106
0.2419731318950653,0.9699385842042884,0.17608052101835406
0.2419576346874237,0.9699924577092985,0.17608052101835406
0.2417856305837631,0.9699924577092985,0.17627787645549634
0.2417248338460922,0.9700463312143088,0.17627787645549634
0.2416377961635589,0.9700463312143088,0.17643576080521017
0.2416365444660186,0.970100204719319,0.17643576080521017
0.2416154593229293,0.970100204719319,0.17647523189263864
0.2415668666362762,0.9701540782243293,0.17647523189263864
0.2415487766265869,0.9701540782243293,0.1765147029800671
0.2415084987878799,0.9702079517293395,0.1765147029800671
0.2414729446172714,0.9702079517293395,0.17663311624235248
0.2414511144161224,0.9702618252343498,0.17663311624235248
0.2413231283426284,0.9702618252343498,0.17679100059206632
0.241321787238121,0.97031569873936,0.17679100059206632
0.2412357926368713,0.97031569873936,0.1769094138543517
0.241160586476326,0.9704234457493804,0.1769094138543517
0.2411079853773117,0.9704234457493804,0.1769883560292086
0.2410870045423507,0.9704773192543907,0.1769883560292086
0.240962415933609,0.9704773192543907,0.17722518255377936
0.2409403175115585,0.9705311927594009,0.17722518255377936
0.2407180666923523,0.9705311927594009,0.17730412472863627
0.240623727440834,0.9705850662644112,0.17730412472863627
0.2405730336904525,0.9705850662644112,0.17734359581606474
0.2405501306056976,0.9706389397694214,0.17734359581606474
0.2404938042163849,0.9706389397694214,0.17742253799092164
0.2404257208108902,0.9706928132744317,0.17742253799092164
0.2402499914169311,0.9706928132744317,0.17769883560292085
0.2401497662067413,0.9707466867794419,0.17769883560292085
0.2399365007877349,0.9707466867794419,0.17789619104006316
0.2398142516613006,0.9709083072944725,0.17789619104006316
0.239667996764183,0.9709083072944725,0.1781330175646339
0.239656776189804,0.9709621807994828,0.1781330175646339
0.2396030575037002,0.9709621807994828,0.17829090191434774
0.2395898699760437,0.971016054304493,0.17829090191434774
0.2394329607486724,0.971016054304493,0.17844878626406158
0.2394054234027862,0.9710699278095033,0.17844878626406158
0.2392942905426025,0.9710699278095033,0.17860667061377541
0.2392928749322891,0.9711238013145135,0.17860667061377541
0.2389027625322342,0.9711238013145135,0.17939609236234458
0.2388913333415985,0.9711776748195238,0.17939609236234458
0.2388831824064254,0.9711776748195238,0.17943556344977304
0.2388655245304107,0.971231548324534,0.17943556344977304
0.2387707382440567,0.971231548324534,0.17959344779948688
0.2387385815382003,0.9712854218295442,0.17959344779948688
0.2387364953756332,0.9712854218295442,0.17963291888691532
0.2387305796146392,0.9713392953345544,0.17963291888691532
0.2386727780103683,0.9713392953345544,0.1798697454114861
0.238663300871849,0.9713931688395647,0.1798697454114861
0.2384967356920242,0.9713931688395647,0.17998815867377146
0.2384462207555771,0.9714470423445749,0.17998815867377146
0.2383118867874145,0.9714470423445749,0.18002762976119993
0.2382688224315643,0.9715009158495852,0.18002762976119993
0.2382345348596573,0.9715009158495852,0.18006710084862837
0.2381946146488189,0.9716086628596057,0.18006710084862837
0.2380661070346832,0.9716086628596057,0.18018551411091377
0.2380468845367431,0.9716625363646159,0.18018551411091377
0.2379392087459564,0.9716625363646159,0.18030392737319914
0.2378772944211959,0.9717702833746363,0.18030392737319914
0.2378635853528976,0.9717702833746363,0.18034339846062758
0.237855315208435,0.9718241568796466,0.18034339846062758
0.2374857664108276,0.9718241568796466,0.18069863824748372
0.2374539673328399,0.9718780303846568,0.18069863824748372
0.2373986691236496,0.9718780303846568,0.1808170515097691
0.2373759895563125,0.9719319038896671,0.1808170515097691
0.2373486459255218,0.9719319038896671,0.180895993684626
0.2373039126396179,0.9719857773946773,0.180895993684626
0.2371009439229965,0.9719857773946773,0.18121176238405368
0.2370859980583191,0.9720396508996876,0.18121176238405368
0.2370501905679702,0.9720396508996876,0.18125123347148214
0.2370246201753616,0.972147397909708,0.18125123347148214
0.2369386851787567,0.972147397909708,0.18136964673376751
0.2368730455636978,0.9722012714147182,0.18136964673376751
0.2367209643125534,0.9722012714147182,0.18164594434576672
0.2366888672113418,0.9722551449197285,0.18164594434576672
0.2366318106651306,0.9722551449197285,0.1817643576080521
0.23662731051445,0.9723090184247387,0.1817643576080521
0.236603245139122,0.9723090184247387,0.18184329978290903
0.2365858107805252,0.9723628919297489,0.18184329978290903
0.2361133396625518,0.9723628919297489,0.18247483718176435
0.2360484898090362,0.9724167654347592,0.18247483718176435
0.2359537184238433,0.9724167654347592,0.18275113479376356
0.2359439581632614,0.9724706389397694,0.18275113479376356
0.2352122217416763,0.9724706389397694,0.18373791197947503
0.2351863384246826,0.9725245124447797,0.18373791197947503
0.235120803117752,0.9725245124447797,0.18389579632918887
0.2350810170173645,0.9725783859497898,0.18389579632918887
0.2345610409975052,0.9725783859497898,0.18484310242747187
0.234551340341568,0.9726322594548001,0.18484310242747187
0.2345190048217773,0.9726322594548001,0.1850009867771857
0.2345057427883148,0.9726861329598103,0.1850009867771857
0.2344127595424652,0.9726861329598103,0.18504045786461418
0.2344117015600204,0.9727400064648206,0.18504045786461418
0.2344054728746414,0.9727400064648206,0.18507992895204262
0.2343106865882873,0.9727938799698308,0.18507992895204262
0.2342989295721054,0.9727938799698308,0.18511940003947108
0.2342355102300644,0.9729016269798513,0.18511940003947108
0.2340943217277526,0.9729016269798513,0.18527728438918492
0.2340552657842636,0.9729555004848616,0.18527728438918492
0.2339895963668823,0.9729555004848616,0.18547463982632723
0.2339868694543838,0.9730093739898718,0.18547463982632723
0.233951449394226,0.9730093739898718,0.18555358200118413
0.2339354306459427,0.973063247494882,0.18555358200118413
0.2338228970766067,0.973063247494882,0.18575093743832644
0.2337485700845718,0.9731709945049025,0.18575093743832644
0.2336713671684265,0.9731709945049025,0.1858693507006118
0.2336436212062835,0.9732248680099127,0.1858693507006118
0.2336258739233017,0.9732248680099127,0.18590882178804027
0.233599305152893,0.973278741514923,0.18590882178804027
0.2335212528705597,0.973278741514923,0.18606670613775408
0.2334702908992767,0.9733326150199332,0.18606670613775408
0.2333328872919082,0.9733326150199332,0.1862640615748964
0.2333080470561981,0.9734403620299537,0.1862640615748964
0.2331904172897339,0.9734403620299537,0.18642194592461023
0.2331538051366806,0.9736019825449844,0.18642194592461023
0.2329558283090591,0.9736019825449844,0.18665877244918097
0.2329235672950744,0.9736558560499946,0.18665877244918097
0.2327405363321304,0.9736558560499946,0.1868166567988948
0.2326151430606842,0.9737097295550049,0.1868166567988948
0.232601061463356,0.9737097295550049,0.18685612788632328
0.2325623631477356,0.9737636030600151,0.18685612788632328
0.2325524538755417,0.9737636030600151,0.18689559897375171
0.232548177242279,0.9738174765650254,0.18689559897375171
0.2321126013994217,0.9738174765650254,0.18732978093546476
0.2320877611637115,0.9738713500700356,0.18732978093546476
0.2318966090679168,0.9738713500700356,0.18756660746003553
0.2318916916847229,0.9739252235750457,0.18756660746003553
0.2317700684070587,0.9739252235750457,0.1877639628971778
0.2317699044942855,0.973979097080056,0.1877639628971778
0.2314934879541397,0.973979097080056,0.18819814485889086
0.2314570248126983,0.9740329705850662,0.18819814485889086
0.2311291098594665,0.9740329705850662,0.1887112689954608
0.2310658991336822,0.9740868440900765,0.1887112689954608
0.2310297936201095,0.9740868440900765,0.18890862443260312
0.230992779135704,0.9741407175950867,0.18890862443260312
0.2306580692529678,0.9741407175950867,0.1893033353068877
0.2306565940380096,0.974194591100097,0.1893033353068877
0.2305590659379959,0.974194591100097,0.18950069074403
0.2305487692356109,0.9743023381101175,0.18950069074403
0.2303639501333236,0.9743023381101175,0.18965857509374384
0.230345532298088,0.9743562116151276,0.18965857509374384
0.2303415387868881,0.9743562116151276,0.18969804618117228
0.2303356975317001,0.9744100851201379,0.18969804618117228
0.2296656966209411,0.9744100851201379,0.190447996842313
0.229659765958786,0.9744639586251481,0.190447996842313
0.2296376973390579,0.9744639586251481,0.19048746792974147
0.2296142429113388,0.9745178321301584,0.19048746792974147
0.229395642876625,0.9745178321301584,0.19092164989145452
0.229384496808052,0.9745717056351686,0.19092164989145452
0.2287203073501587,0.9745717056351686,0.19222419577659364
0.2287051081657409,0.9746255791401789,0.19222419577659364
0.2285932600498199,0.9746255791401789,0.19238208012630748
0.2285830378532409,0.9746794526451891,0.19238208012630748
0.2285783588886261,0.9746794526451891,0.19242155121373594
0.2285441905260086,0.9747333261501994,0.19242155121373594
0.2284892797470092,0.9747333261501994,0.1925399644760213
0.2284716367721557,0.9747871996552095,0.1925399644760213
0.2283022254705429,0.9747871996552095,0.192855733175449
0.2282817810773849,0.9748410731602198,0.192855733175449
0.2281707227230072,0.9748410731602198,0.19305308861259127
0.2281700819730758,0.97489494666523,0.19305308861259127
0.2281672060489654,0.97489494666523,0.19309255970001973
0.2281629592180252,0.9749488201702403,0.19309255970001973
0.2275889217853546,0.9749488201702403,0.19368462601144662
0.2275656759738922,0.9750026936752505,0.19368462601144662
0.2274817824363708,0.9750026936752505,0.19384251036116046
0.22746641933918,0.9750565671802608,0.19384251036116046
0.2274392545223236,0.9750565671802608,0.1938819814485889
0.2274122089147567,0.975110440685271,0.1938819814485889
0.227407157421112,0.975110440685271,0.19392145253601736
0.2273730933666229,0.9751643141902813,0.19392145253601736
0.2272965759038925,0.9751643141902813,0.1940003947108743
0.2272741645574569,0.9752181876952914,0.1940003947108743
0.2270123660564422,0.9752181876952914,0.19431616341030195
0.2269623577594757,0.9752720612003017,0.19431616341030195
0.2269555181264877,0.9752720612003017,0.1943556344977304
0.2268500179052353,0.9753259347053119,0.1943556344977304
0.2267345637083053,0.9753259347053119,0.19451351884744425
0.2267070710659027,0.9753798082103222,0.19451351884744425
0.2266389578580856,0.9753798082103222,0.19459246102230116
0.2265828102827072,0.9754336817153324,0.19459246102230116
0.2263352572917938,0.9754336817153324,0.1950266429840142
0.2263348549604416,0.9754875552203426,0.1950266429840142
0.2262999415397644,0.9754875552203426,0.19506611407144267
0.2262943089008331,0.9755414287253529,0.19506611407144267
0.2261828184127807,0.9755414287253529,0.1953029405960134
0.2261561602354049,0.9755953022303631,0.1953029405960134
0.2261148989200592,0.9755953022303631,0.19534241168344188
0.2260989248752594,0.9756491757353734,0.19534241168344188
0.2260808795690536,0.9756491757353734,0.19542135385829879
0.2260303050279617,0.9757030492403835,0.19542135385829879
0.2256066352128982,0.9757030492403835,0.19593447799486877
0.2255278080701828,0.9757569227453938,0.19593447799486877
0.2255052030086517,0.9757569227453938,0.1959739490822972
0.2254937589168548,0.975810796250404,0.1959739490822972
0.2254860401153564,0.975810796250404,0.19601342016972567
0.2254737317562103,0.9758646697554143,0.19601342016972567
0.2251382917165756,0.9758646697554143,0.19644760213143872
0.2251043766736984,0.9759185432604245,0.19644760213143872
0.2248576581478119,0.9759185432604245,0.19672389974343793
0.2248212844133377,0.9759724167654348,0.19672389974343793
0.2247361093759536,0.9759724167654348,0.19692125518058023
0.2246112674474716,0.9760801637754553,0.19692125518058023
0.2245614379644394,0.9760801637754553,0.1970396684428656
0.2245403081178665,0.9761340372804654,0.1970396684428656
0.2242608517408371,0.9761340372804654,0.19747385040457865
0.2242513298988342,0.9761879107854757,0.19747385040457865
0.2241893708705902,0.9761879107854757,0.19759226366686403
0.2241811007261276,0.9762417842904859,0.19759226366686403
0.2236627638339996,0.9762417842904859,0.19826327215314782
0.2236541658639907,0.9762956577954962,0.19826327215314782
0.2231910228729248,0.9762956577954962,0.19889480955200317
0.2231721878051757,0.9764572783105269,0.19889480955200317
0.22307650744915,0.9764572783105269,0.19901322281428854
0.2230023145675659,0.9765650253205473,0.19901322281428854
0.2229762226343155,0.9765650253205473,0.19905269390171698
0.2229516059160232,0.9766188988255576,0.19905269390171698
0.2228056341409683,0.9766188988255576,0.19921057825143082
0.2227506637573242,0.9766727723305678,0.19921057825143082
0.2226842939853668,0.9766727723305678,0.19928952042628775
0.2226525396108627,0.9767266458355781,0.19928952042628775
0.2225931137800216,0.9767266458355781,0.1995263469508585
0.2225715219974517,0.9767805193405883,0.1995263469508585
0.2223908901214599,0.9767805193405883,0.1996052891257154
0.2223810404539108,0.9768343928455986,0.1996052891257154
0.2223683446645736,0.9768343928455986,0.19968423130057233
0.2222908437252044,0.9768882663506088,0.19968423130057233
0.2217385470867157,0.9768882663506088,0.20031576869942766
0.2217251360416412,0.976942139855619,0.20031576869942766
0.2216605991125106,0.976942139855619,0.2003947108742846
0.2216459363698959,0.9769960133606292,0.2003947108742846
0.2216271460056305,0.9769960133606292,0.2004736530491415
0.2216258198022842,0.9770498868656394,0.2004736530491415
0.2209345549345016,0.9770498868656394,0.20157884349713834
0.2209313064813614,0.9771037603706497,0.20157884349713834
0.2208222150802612,0.9771037603706497,0.2016972567594237
0.2207511067390442,0.9772115073806702,0.2016972567594237
0.2204340100288391,0.9772115073806702,0.20213143872113676
0.220419242978096,0.9772653808856804,0.20213143872113676
0.22017802298069,0.9772653808856804,0.2024866785079929
0.2201225906610489,0.9773192543906907,0.2024866785079929
0.2198112457990646,0.9773192543906907,0.20284191829484902
0.2197939157485962,0.9773731278957009,0.20284191829484902
0.2196216732263565,0.9773731278957009,0.20288138938227748
0.2196188569068908,0.9774270014007111,0.20288138938227748
0.2194313555955886,0.9774270014007111,0.20319715808170516
0.2194183021783828,0.9774808749057213,0.20319715808170516
0.2192953675985336,0.9774808749057213,0.20331557134399053
0.2192937433719635,0.9775347484107316,0.20331557134399053
0.2192936539649963,0.9775347484107316,0.203355042431419
0.2192719727754593,0.9775886219157418,0.203355042431419
0.2189013361930847,0.9775886219157418,0.20378922439313202
0.2188998162746429,0.9776424954207521,0.20378922439313202
0.2188835144042968,0.9776424954207521,0.20390763765541742
0.2188532650470733,0.9776963689257623,0.20390763765541742
0.2188289612531662,0.9776963689257623,0.20394710874284586
0.2188058644533157,0.9777502424307726,0.20394710874284586
0.2181776762008667,0.9777502424307726,0.20485494375370042
0.2181772887706756,0.9778041159357828,0.20485494375370042
0.2181735187768936,0.9778041159357828,0.20489441484112889
0.2181135416030883,0.977857989440793,0.20489441484112889
0.2179647088050842,0.977857989440793,0.20513124136569963
0.2179643809795379,0.9779118629458032,0.20513124136569963
0.2178476601839065,0.9779118629458032,0.2053285968028419
0.2178135812282562,0.9779657364508135,0.2053285968028419
0.2175030708312988,0.9779657364508135,0.2055259522399842
0.2174685150384903,0.9780196099558237,0.2055259522399842
0.2172941863536834,0.9780196099558237,0.20596013420169726
0.2172934114933014,0.978073483460834,0.20596013420169726
0.217161938548088,0.978073483460834,0.20631537398855337
0.2171105742454528,0.9781273569658442,0.20631537398855337
0.2170666754245758,0.9781273569658442,0.2063943161634103
0.2170531451702118,0.9781812304708545,0.2063943161634103
0.2169647216796875,0.9781812304708545,0.20671008486283798
0.2169630080461502,0.9782351039758647,0.20671008486283798
0.2167842537164688,0.9782351039758647,0.20694691138740873
0.2167774140834808,0.978288977480875,0.20694691138740873
0.2166969925165176,0.978288977480875,0.20710479573712257
0.2166969180107116,0.9783428509858851,0.20710479573712257
0.2163805514574051,0.9783428509858851,0.2075389776988356
0.2163798660039901,0.9783967244908954,0.2075389776988356
0.2157021313905716,0.9783967244908954,0.20884152358397473
0.2156842947006225,0.9784505979959056,0.20884152358397473
0.2151063382625579,0.9784505979959056,0.2098283007696862
0.2150872200727462,0.9785583450059261,0.2098283007696862
0.2148301005363464,0.9785583450059261,0.21026248273139925
0.214796781539917,0.9786122185109363,0.21026248273139925
0.2147031426429748,0.9786122185109363,0.21057825143082692
0.2146440744400024,0.9786660920159466,0.21057825143082692
0.214397057890892,0.9786660920159466,0.2109729623051115
0.214372456073761,0.9787199655209567,0.2109729623051115
0.2140216082334518,0.9787199655209567,0.2115650286165384
0.2139303535223007,0.978773839025967,0.2115650286165384
0.2137945145368576,0.978773839025967,0.2118413262285376
0.2137602716684341,0.9788277125309772,0.2118413262285376
0.2133320271968841,0.9788277125309772,0.21247286362739293
0.2133170366287231,0.9788815860359875,0.21247286362739293
0.2131110876798629,0.9788815860359875,0.21267021906453523
0.2131109237670898,0.9789354595409977,0.21267021906453523
0.2130028754472732,0.9789354595409977,0.21274916123939214
0.212864801287651,0.978989333046008,0.21274916123939214
0.211829662322998,0.978989333046008,0.21420959147424512
0.2118216156959533,0.9790432065510182,0.21420959147424512
0.211505502462387,0.9790432065510182,0.2146832445233866
0.211487203836441,0.9790970800560285,0.2146832445233866
0.211322620511055,0.9790970800560285,0.21492007104795738
0.2112778127193451,0.9791509535610387,0.21492007104795738
0.2107984572649002,0.9791509535610387,0.21586737714624038
0.2107704430818557,0.9792048270660489,0.21586737714624038
0.2101796120405197,0.9792048270660489,0.21724886520623643
0.2101677358150482,0.9792587005710591,0.21724886520623643
0.2101127058267593,0.9792587005710591,0.21732780738109334
0.2101019769906997,0.9793125740760694,0.21732780738109334
0.2087741494178772,0.9793125740760694,0.21953818827708704
0.2087719887495041,0.9793664475810796,0.21953818827708704
0.2077705562114715,0.9793664475810796,0.22111703177422537
0.2077593803405761,0.9794203210860899,0.22111703177422537
0.2071894705295562,0.9794203210860899,0.2217880402605092
0.207179844379425,0.9794741945911001,0.2217880402605092
0.2069123536348343,0.9794741945911001,0.22218275113479377
0.206900879740715,0.9795280680961104,0.22218275113479377
0.2061613202095031,0.9795280680961104,0.2234852970199329
0.2061042338609695,0.9795819416011206,0.2234852970199329
0.2057424485683441,0.9795819416011206,0.2240378922439313
0.205658420920372,0.9796358151061308,0.2240378922439313
0.2055237889289856,0.9796358151061308,0.22427471876850208
0.2054130136966705,0.9797974356211615,0.22427471876850208
0.2052321135997772,0.9797974356211615,0.22451154529307282
0.2052207291126251,0.9798513091261718,0.22451154529307282
0.2050205767154693,0.9798513091261718,0.22478784290507203
0.2050063163042068,0.979905182631182,0.22478784290507203
0.204852744936943,0.979905182631182,0.2251036116044997
0.2048478871583938,0.9799590561361923,0.2251036116044997
0.2038739025592804,0.9799590561361923,0.22668245510163806
0.2038466185331344,0.9800129296412025,0.22668245510163806
0.2034125626087188,0.9800129296412025,0.2275113479376357
0.2034122049808502,0.9800668031462126,0.2275113479376357
0.2033399641513824,0.9800668031462126,0.22774817446220644
0.2033386528491974,0.9801206766512229,0.22774817446220644
0.2031544297933578,0.9801206766512229,0.22802447207420565
0.2031412273645401,0.9801745501562331,0.22802447207420565
0.2022786140441894,0.9801745501562331,0.22956384448391554
0.2022514343261718,0.9802284236612434,0.22956384448391554
0.2017142623662948,0.9802284236612434,0.23059009275705547
0.2017050385475158,0.9802822971662536,0.23059009275705547
0.2010540515184402,0.9802822971662536,0.23185316755476612
0.2010539025068283,0.9803361706712639,0.23185316755476612
0.2010343223810196,0.9803361706712639,0.23193210972962305
0.2009869813919067,0.9803900441762741,0.23193210972962305
0.2007781714200973,0.9803900441762741,0.23220840734162226
0.2007651925086975,0.9804439176812844,0.23220840734162226
0.1999397277832031,0.9804439176812844,0.2335109532267614
0.1999329477548599,0.9804977911862945,0.2335109532267614
0.1996389329433441,0.9804977911862945,0.233905664101046
0.1996230185031891,0.9805516646913048,0.233905664101046
0.1991413682699203,0.9805516646913048,0.23516873889875667
0.1991189569234848,0.980605538196315,0.23516873889875667
0.1987212300300598,0.980605538196315,0.235800276297612
0.1987162977457046,0.9806594117013253,0.235800276297612
0.1983626186847686,0.9806594117013253,0.2363528715216104
0.1983360797166824,0.9807132852063355,0.2363528715216104
0.1978448331356048,0.9807132852063355,0.2371422932701796
0.1978296041488647,0.9807671587113458,0.2371422932701796
0.1976920515298843,0.9807671587113458,0.23765541740674956
0.1976863592863083,0.980821032216356,0.23765541740674956
0.1972604095935821,0.980821032216356,0.23832642589303335
0.1972154080867767,0.9808749057213663,0.23832642589303335
0.196919709444046,0.9808749057213663,0.23907637655417407
0.1968783438205719,0.9809287792263764,0.23907637655417407
0.1968200951814651,0.9809287792263764,0.23919478981645945
0.1967586129903793,0.9809826527313867,0.23919478981645945
0.1967546939849853,0.9809826527313867,0.2392342609038879
0.1967203170061111,0.9810365262363969,0.2392342609038879
0.19656503200531,0.9810365262363969,0.23958950069074403
0.1965623497962951,0.9810903997414072,0.23958950069074403
0.1954634338617324,0.9810903997414072,0.24227353463587922
0.1954596936702728,0.9811442732464174,0.24227353463587922
0.1945763081312179,0.9811442732464174,0.2442076179198737
0.194523274898529,0.9811981467514277,0.2442076179198737
0.194512665271759,0.9811981467514277,0.24432603118215906
0.1945002824068069,0.9812520202564379,0.24432603118215906
0.1942963749170303,0.9812520202564379,0.2446812709690152
0.1942537277936935,0.9813597672664583,0.2446812709690152
0.1933227628469467,0.9813597672664583,0.246299585553582
0.1932991445064544,0.9814136407714686,0.246299585553582
0.1930751353502273,0.9814136407714686,0.24704953621472273
0.193069040775299,0.9814675142764788,0.24704953621472273
0.1928075700998306,0.9814675142764788,0.24764160252614958
0.1927955001592636,0.9815213877814891,0.24764160252614958
0.1920158118009567,0.9815213877814891,0.24918097493585947
0.1920064985752105,0.9815752612864993,0.24918097493585947
0.1915074288845062,0.9815752612864993,0.25044404973357015
0.1915056109428405,0.9816291347915095,0.25044404973357015
0.1911511868238449,0.9816291347915095,0.25119400039471085
0.1911052465438842,0.9816830082965198,0.25119400039471085
0.1910478174686432,0.9816830082965198,0.2513518847444247
0.1910405606031417,0.98173688180153,0.2513518847444247
0.1909797638654709,0.98173688180153,0.25158871126899546
0.1909534335136413,0.9817907553065403,0.25158871126899546
0.1899831593036651,0.9817907553065403,0.25379909216498914
0.1899775564670562,0.9818446288115504,0.25379909216498914
0.1891302913427353,0.9818446288115504,0.25581211762384054
0.1890995353460312,0.9818985023165607,0.25581211762384054
0.1889210641384124,0.9818985023165607,0.2564436550226959
0.1889093071222305,0.9819523758215709,0.2564436550226959
0.1880620568990707,0.9819523758215709,0.25829879613183343
0.1880338191986084,0.9820062493265812,0.25829879613183343
0.1879143416881561,0.9820062493265812,0.25857509374383264
0.1878919452428817,0.9820601228315914,0.25857509374383264
0.1877194941043853,0.9820601228315914,0.25885139135583185
0.1876832097768783,0.9821139963366017,0.25885139135583185
0.187624454498291,0.9821139963366017,0.2590487467929741
0.1876222789287567,0.9821678698416119,0.2590487467929741
0.1866978108882904,0.9821678698416119,0.2612985987763963
0.1866945326328277,0.9822217433466222,0.2612985987763963
0.1836472451686859,0.9822217433466222,0.26800868363923425
0.1836272329092025,0.9822756168516323,0.26800868363923425
0.1835497617721557,0.9822756168516323,0.26828498125123346
0.1835473775863647,0.9823294903566426,0.26828498125123346
0.1831270903348922,0.9823294903566426,0.26887704756266034
0.1830967366695404,0.9823833638616528,0.26887704756266034
0.1821991503238678,0.9823833638616528,0.27089007302151175
0.1821962296962738,0.9824372373666631,0.27089007302151175
0.1821796596050262,0.9824372373666631,0.2709690151963687
0.1819996237754821,0.9824372373666631,0.27132425498322477
0.1819957196712494,0.9824911108716733,0.27132425498322477
0.1814237087965011,0.9824911108716733,0.27262680086836394
0.1813843101263046,0.9825449843766836,0.27262680086836394
0.1796859204769134,0.9825449843766836,0.2759818432997829
0.1796669363975525,0.9825988578816938,0.2759818432997829
0.1795424818992614,0.9825988578816938,0.2762976119992106
0.179531067609787,0.9826527313867041,0.2762976119992106
0.1794298142194748,0.9826527313867041,0.2767712650483521
0.1794214993715286,0.9827066048917142,0.2767712650483521
0.1782010197639465,0.9827066048917142,0.2801263074797711
0.1781928390264511,0.9827604783967245,0.2801263074797711
0.1780871897935867,0.9827604783967245,0.2805604894414841
0.1780815124511718,0.9828143519017347,0.2805604894414841
0.1777218580245971,0.9828143519017347,0.2813893822774817
0.1776521205902099,0.982868225406745,0.2813893822774817
0.1773219108581543,0.982868225406745,0.28217880402605094
0.1773098707199096,0.9829220989117552,0.28217880402605094
0.1764795631170272,0.9829220989117552,0.28466548253404383
0.1764564216136932,0.9829759724167655,0.28466548253404383
0.1754865199327469,0.9829759724167655,0.287783698440892
0.1754843741655349,0.9830298459217757,0.287783698440892
0.1746084243059158,0.9830298459217757,0.28987566607460036
0.1746003329753875,0.9830837194267859,0.28987566607460036
0.1741000115871429,0.9830837194267859,0.29121768304716794
0.1740919053554535,0.9831375929317961,0.29121768304716794
0.1724473088979721,0.9831375929317961,0.29626998223801065
0.1724081486463546,0.9831914664368063,0.29626998223801065
0.1718950867652893,0.9831914664368063,0.2974541148608644
0.1718739867210388,0.9832453399418166,0.2974541148608644
0.1716849207878112,0.9832453399418166,0.29816459443457666
0.1716844588518142,0.9832992134468268,0.29816459443457666
0.1710889488458633,0.9832992134468268,0.2998223801065719
0.1710708737373352,0.9833530869518371,0.2998223801065719
0.1688846051692962,0.9833530869518371,0.3053878034339846
0.1688782721757888,0.9834069604568473,0.3053878034339846
0.1686816662549972,0.9834069604568473,0.3059009275705546
0.1686808913946151,0.9834608339618576,0.3059009275705546
0.1681008636951446,0.9834608339618576,0.30755871324254985
0.1680998504161834,0.9835147074668678,0.30755871324254985
0.1671588569879531,0.9835147074668678,0.3098480363134004
0.1671006679534912,0.983568580971878,0.3098480363134004
0.1663907319307327,0.983568580971878,0.31233471482139336
0.1663904786109924,0.9836224544768882,0.31233471482139336
0.1654428094625473,0.9836224544768882,0.31541345964081313
0.1654378771781921,0.9836763279818985,0.31541345964081313
0.1652472019195556,0.9836763279818985,0.3157686994276692
0.1652453988790512,0.9837302014869087,0.3157686994276692
0.1645231544971466,0.9837302014869087,0.31805802249851983
0.1645177155733108,0.983784074991919,0.31805802249851983
0.1622548103332519,0.983784074991919,0.3249654627985001
0.1622504889965057,0.9838379484969292,0.3249654627985001
0.1615647375583648,0.9838379484969292,0.3272547858693507
0.1615574955940246,0.9838918220019395,0.3272547858693507
0.1585814505815506,0.9838918220019395,0.3370830866390369
0.1585756838321685,0.9839456955069497,0.3370830866390369
0.1583190858364105,0.9839456955069497,0.33775409512532073
0.1583165824413299,0.98399956901196,0.33775409512532073
0.158032476902008,0.98399956901196,0.33878034339846064
0.1580142676830291,0.9840534425169701,0.33878034339846064
0.1576467007398605,0.9840534425169701,0.34008288928359975
0.1576457768678665,0.9841073160219804,0.34008288928359975
0.1566869914531707,0.9841073160219804,0.3433589895401618
0.1566652804613113,0.9841611895269906,0.3433589895401618
0.156540036201477,0.9841611895269906,0.34371422932701795
0.1565303057432174,0.9842150630320009,0.34371422932701795
0.1556222736835479,0.9842150630320009,0.346556147621867
0.1556162387132644,0.9842689365370111,0.346556147621867
0.154921069741249,0.9842689365370111,0.3490033550424314
0.1549204289913177,0.9843228100420214,0.3490033550424314
0.1542108058929443,0.9843228100420214,0.35137162028813895
0.1542011946439743,0.9843766835470316,0.35137162028813895
0.1516740769147873,0.9843766835470316,0.3600157884349714
0.1516157388687133,0.984484430557052,0.3600157884349714
0.1512368023395538,0.984484430557052,0.36198934280639433
0.1512311547994613,0.9845383040620623,0.36198934280639433
0.1497434228658676,0.9845383040620623,0.36704164199723704
0.1497239768505096,0.9845921775670725,0.36704164199723704
0.1493521928787231,0.9845921775670725,0.3686994276692323
0.1493403017520904,0.9846460510720827,0.3686994276692323
0.1490916013717651,0.9846460510720827,0.3697651470298007
0.149084985256195,0.984699924577093,0.3697651470298007
0.1481183171272277,0.984699924577093,0.3726070653246497
0.1481172293424606,0.9847537980821032,0.3726070653246497
0.148104578256607,0.9847537980821032,0.3726465364120782
0.1481038779020309,0.9848076715871135,0.3726465364120782
0.1479462683200836,0.9848076715871135,0.37343595816064734
0.1479286253452301,0.9848615450921236,0.37343595816064734
0.1464867442846298,0.9848615450921236,0.37943556344977303
0.1464847326278686,0.9849154185971339,0.37943556344977303
0.1464597582817077,0.9849154185971339,0.37971186106177224
0.1464504301548004,0.9849692921021441,0.37971186106177224
0.1463866531848907,0.9849692921021441,0.3800276297611999
0.1463779062032699,0.9850231656071544,0.3800276297611999
0.1458598524332046,0.9850231656071544,0.3820406552200513
0.1458455175161361,0.9850770391121646,0.3820406552200513
0.1441515535116195,0.9850770391121646,0.38894809552003157
0.1441245377063751,0.9851309126171749,0.38894809552003157
0.1427797079086303,0.9851309126171749,0.39471087428458657
0.1427664458751678,0.9851847861221851,0.39471087428458657
0.1420713663101196,0.9851847861221851,0.39782909019143475
0.1420712620019912,0.9852386596271954,0.39782909019143475
0.1417798101902008,0.9852386596271954,0.39909216498914546
0.1417597532272339,0.9852386596271954,0.3991711071640024
0.1404173970222473,0.9852386596271954,0.4054075389776988
0.1404119282960891,0.9852925331322056,0.4054075389776988
0.1403734385967254,0.9852925331322056,0.4055259522399842
0.1403571814298629,0.9853464066372158,0.4055259522399842
0.1398985981941223,0.9853464066372158,0.40722320899940795
0.13986237347126,0.985400280142226,0.40722320899940795
0.1391770392656326,0.985400280142226,0.41045983816854154
0.1391748338937759,0.9854541536472363,0.41045983816854154
0.1388893872499466,0.9854541536472363,0.4118018551411091
0.1388871222734451,0.9855080271522465,0.4118018551411091
0.1388275921344757,0.9855080271522465,0.4121176238405368
0.1388251930475235,0.9855619006572568,0.4121176238405368
0.1385471224784851,0.9855619006572568,0.41342016972567597
0.1385463923215866,0.9855619006572568,0.41349911190053285
0.1384746730327606,0.9855619006572568,0.4138148805999605
0.1384729146957397,0.985615774162267,0.4138148805999605
0.1381829530000686,0.985615774162267,0.41511742648509964
0.1381805539131164,0.9856696476672773,0.41511742648509964
0.1381178498268127,0.9856696476672773,0.4154331951845273
0.1381116956472396,0.9857235211722875,0.4154331951845273
0.1377320438623428,0.9857235211722875,0.41713045194395104
0.1377314776182174,0.9857773946772977,0.41713045194395104
0.1372890323400497,0.9857773946772977,0.4192224195776594
0.1372875720262527,0.9858851416873182,0.4192224195776594
0.1368975043296814,0.9858851416873182,0.42115650286165385
0.1368951797485351,0.9859390151923284,0.42115650286165385
0.1368800103664398,0.9859390151923284,0.4212354450365108
0.1368673741817474,0.9859928886973387,0.4212354450365108
0.1366956979036331,0.9859928886973387,0.4219853956976515
0.1366887837648391,0.9860467622023489,0.4219853956976515
0.1362020522356033,0.9860467622023489,0.4235642391947898
0.1362019330263137,0.9861006357073592,0.4235642391947898
0.1350933313369751,0.9861006357073592,0.4294059601342017
0.1350715309381485,0.9861545092123694,0.4294059601342017
0.134909451007843,0.9861545092123694,0.4303532662324847
0.1348944306373596,0.9862083827173795,0.4303532662324847
0.1346920132637024,0.9862083827173795,0.43173475429248076
0.1346903145313263,0.9862622562223898,0.43173475429248076
0.1343579143285751,0.9862622562223898,0.4332741267021906
0.1343177258968353,0.9863161297274,0.4332741267021906
0.1342155337333679,0.9863161297274,0.4339846062759029
0.1342151463031768,0.9863161297274,0.43406354845075984
0.13272325694561,0.9863161297274,0.44187882376159465
0.1327229589223861,0.9863700032324103,0.44187882376159465
0.1324628293514251,0.9863700032324103,0.44337872508387605
0.1324595957994461,0.9863700032324103,0.443457667258733
0.1314489841461181,0.9863700032324103,0.4479179001381488
0.1314470469951629,0.9863700032324103,0.44799684231300574
0.1303902864456176,0.9863700032324103,0.453443852378133
0.1303879618644714,0.9864238767374205,0.453443852378133
0.1298764497041702,0.9864238767374205,0.45597000197355436
0.1298721432685852,0.9864777502424308,0.45597000197355436
0.1295924037694931,0.9864777502424308,0.4571936056838366
0.1295838505029678,0.986531623747441,0.4571936056838366
0.1295622885227203,0.986531623747441,0.45727254785869353
0.1295468956232071,0.9865854972524513,0.45727254785869353
0.1288731396198272,0.9865854972524513,0.46062759029011247
0.1288716793060302,0.9866393707574614,0.46062759029011247
0.1287608444690704,0.9866393707574614,0.46133806986382475
0.1287584751844406,0.9866932442624717,0.46133806986382475
0.1279898285865783,0.9866932442624717,0.4658772449180975
0.1279785633087158,0.9866932442624717,0.4659561870929544
0.127580389380455,0.9866932442624717,0.46773238602723505
0.1275510936975479,0.9867471177674819,0.46773238602723505
0.1272263079881668,0.9867471177674819,0.4691138740872311
0.1272163689136505,0.9867471177674819,0.46919281626208803
0.1259921938180923,0.9867471177674819,0.47542924807578446
0.1259754598140716,0.9868009912724922,0.47542924807578446
0.1251049488782882,0.9868009912724922,0.48052101835405564
0.1250965148210525,0.9868009912724922,0.4805999605289126
0.123557448387146,0.9868009912724922,0.4873889875666075
0.1235414966940879,0.9868548647775024,0.4873889875666075
0.1235160306096077,0.9868548647775024,0.4875468719163213
0.1235099583864212,0.9869087382825127,0.4875468719163213
0.1231811493635177,0.9869087382825127,0.48920465758831655
0.1231722086668014,0.9869626117875229,0.48920465758831655
0.1221775487065315,0.9869626117875229,0.49409907242944545
0.1221767365932464,0.9870164852925332,0.49409907242944545
0.1216923967003822,0.9870164852925332,0.4966646931122952
0.1216884925961494,0.9870703587975433,0.4966646931122952
0.1216205283999443,0.9870703587975433,0.49701993289915136
0.1216196864843368,0.9871242323025536,0.49701993289915136
0.1210843473672866,0.9871242323025536,0.49994079336885733
0.1210819855332374,0.9871781058075638,0.49994079336885733
0.1207701489329338,0.9871781058075638,0.5017169923031379
0.120769202709198,0.9872319793125741,0.5017169923031379
0.1194759756326675,0.9872319793125741,0.5088217880402605
0.1194740682840347,0.9872858528175843,0.5088217880402605
0.1192712113261222,0.9872858528175843,0.5096112097888297
0.1192687079310417,0.9873397263225946,0.5096112097888297
0.1192179471254348,0.9873397263225946,0.5098875074008289
0.1192169860005378,0.9873935998276048,0.5098875074008289
0.1188896223902702,0.9873935998276048,0.511782119597395
0.118882417678833,0.9874474733326151,0.511782119597395
0.1167468279600143,0.9874474733326151,0.5237023880007894
0.1167464181780815,0.9875013468376252,0.5237023880007894
0.1155485734343528,0.9875013468376252,0.5298598776396289
0.1155419871211052,0.9875552203426355,0.5298598776396289
0.1152853518724441,0.9875552203426355,0.531241365699625
0.115283578634262,0.9876090938476457,0.531241365699625
0.1149374321103096,0.9876090938476457,0.5333333333333333
0.1149369329214096,0.987662967352656,0.5333333333333333
0.1147377714514732,0.987662967352656,0.5346358792184724
0.1147373467683792,0.9877168408576662,0.5346358792184724
0.1146831959486007,0.9877168408576662,0.5349516479179002
0.1146770417690277,0.9877707143626764,0.5349516479179002
0.1136542931199073,0.9877707143626764,0.5415038484310243
0.1136374324560165,0.9878245878676867,0.5415038484310243
0.1129413172602653,0.9878245878676867,0.5460824945727255
0.1129350215196609,0.9878784613726969,0.5460824945727255
0.1123158931732177,0.9878784613726969,0.549477008091573
0.1123110651969909,0.9879323348777072,0.549477008091573
0.112076386809349,0.9879323348777072,0.5508190250641405
0.1120675057172775,0.9879862083827173,0.5508190250641405
0.1116006821393966,0.9879862083827173,0.5534241168344188
0.1115969642996788,0.9880400818877276,0.5534241168344188
0.1115774512290954,0.9880400818877276,0.553700414446418
0.1115771532058715,0.9880939553927378,0.553700414446418
0.1107584089040756,0.9880939553927378,0.5589105979869745
0.1107557415962219,0.9881478288977481,0.5589105979869745
0.1107446551322937,0.9881478288977481,0.5589895401618314
0.1107386574149131,0.9882017024027583,0.5589895401618314
0.1106643602252006,0.9882017024027583,0.5592658377738307
0.1106632947921752,0.9882555759077686,0.5592658377738307
0.1106348931789398,0.9882555759077686,0.5593447799486876
0.1106344610452652,0.9883094494127788,0.5593447799486876
0.1103751808404922,0.9883094494127788,0.5609630945332544
0.1103672608733177,0.9883633229177891,0.5609630945332544
0.1102349460124969,0.9883633229177891,0.5616735741069666
0.1102330610156059,0.9884171964227992,0.5616735741069666
0.1092686057090759,0.9884171964227992,0.5673574106966647
0.1092670559883117,0.9884710699278095,0.5673574106966647
0.1087148785591125,0.9884710699278095,0.5704756266035129
0.1087043955922126,0.9885249434328197,0.5704756266035129
0.1084577590227127,0.9885249434328197,0.5725675942372213
0.1084568575024604,0.98857881693783,0.5725675942372213
0.108227252960205,0.98857881693783,0.5742648509966449
0.1082189977169036,0.9886326904428402,0.5742648509966449
0.1077450513839721,0.9886326904428402,0.5768304716794947
0.1077441647648811,0.9886865639478505,0.5768304716794947
0.1073712930083274,0.9886865639478505,0.5794355634497731
0.1073701158165931,0.9887404374528607,0.5794355634497731
0.1066771745681762,0.9887404374528607,0.5838957963291889
0.1066694110631942,0.988794310957871,0.5838957963291889
0.1056753173470497,0.988794310957871,0.5891849220446024
0.1056705042719841,0.9888481844628811,0.5891849220446024
0.1041871532797813,0.9888481844628811,0.5987763962897178
0.1041806489229202,0.9889020579678914,0.5987763962897178
0.1036640331149101,0.9889020579678914,0.6022498519834222
0.1036615446209907,0.9889559314729016,0.6022498519834222
0.1035402864217758,0.9889559314729016,0.6029603315571344
0.1035310700535774,0.9890098049779119,0.6029603315571344
0.1031736582517623,0.9890098049779119,0.605170712453128
0.1031688451766967,0.9890636784829221,0.605170712453128
0.1020677983760833,0.9890636784829221,0.6118413262285376
0.1020668596029281,0.9891175519879324,0.6118413262285376
0.1019067168235778,0.9891175519879324,0.612907045589106
0.1019062921404838,0.9891714254929426,0.612907045589106
0.1016805469989776,0.9891714254929426,0.6148805999605289
0.1016714572906494,0.9892252989979529,0.6148805999605289
0.1015150547027587,0.9892252989979529,0.6158279060588119
0.1015148758888244,0.989279172502963,0.6158279060588119
0.1014422327280044,0.989279172502963,0.6161436747582396
0.101438470184803,0.9893330460079732,0.6161436747582396
0.1013431772589683,0.9893330460079732,0.6168541543319519
0.1013403162360191,0.9893869195129835,0.6168541543319519
0.101032055914402,0.9893869195129835,0.6193803039273732
0.1010249108076095,0.9894407930179937,0.6193803039273732
0.0999253466725349,0.9894407930179937,0.6259325044404973
0.0999087169766426,0.989494666523004,0.6259325044404973
0.0996479243040084,0.989494666523004,0.6275113479376356
0.0996474102139473,0.9895485400280142,0.6275113479376356
0.099439263343811,0.9895485400280142,0.6288928359976317
0.0994392558932304,0.9896024135330245,0.6288928359976317
0.0981989949941635,0.9896024135330245,0.636747582395895
0.0981975719332695,0.9896562870380347,0.636747582395895
0.0980623438954353,0.9896562870380347,0.637694888494178
0.0980593040585517,0.989710160543045,0.637694888494178
0.0980104506015777,0.989710160543045,0.6378527728438919
0.0980068072676658,0.9897640340480551,0.6378527728438919
0.0979860052466392,0.9897640340480551,0.6379711861061772
0.0979858264327049,0.9898179075530654,0.6379711861061772
0.0978076383471489,0.9898179075530654,0.6391947898164595
0.0978059917688369,0.9898717810580756,0.6391947898164595
0.0973434150218963,0.9898717810580756,0.6424708900730215
0.0973432213068008,0.9899256545630859,0.6424708900730215
0.0968557447195053,0.9899256545630859,0.6456680481547267
0.0968456491827964,0.9899795280680961,0.6456680481547267
0.0965990796685218,0.9899795280680961,0.6467732386027235
0.0965966954827308,0.9900334015731064,0.6467732386027235
0.0964917913079261,0.9900334015731064,0.6472863627392935
0.0964884161949157,0.9900872750781166,0.6472863627392935
0.0952499881386756,0.9900872750781166,0.6552989934872706
0.0952417850494384,0.9901411485831269,0.6552989934872706
0.0951951146125793,0.9901411485831269,0.6554963489244129
0.0951673984527587,0.990195022088137,0.6554963489244129
0.0945832356810569,0.990195022088137,0.6592855733175449
0.0945713594555854,0.9902488955931473,0.6592855733175449
0.0936965867877006,0.9902488955931473,0.6654430629563844
0.0936925634741783,0.9902488955931473,0.6655220051312414
0.0934016853570938,0.9902488955931473,0.6677323860272351
0.0933968946337699,0.9903027690981575,0.6677323860272351
0.0929908230900764,0.9903027690981575,0.6702980067100849
0.0929894372820854,0.9903566426031678,0.6702980067100849
0.0924599021673202,0.9903566426031678,0.6735741069666469
0.092453546822071,0.990410516108178,0.6735741069666469
0.0921925157308578,0.990410516108178,0.6753503059009276
0.0921902135014534,0.990410516108178,0.6754292480757845
0.0915929675102233,0.990410516108178,0.679257943556345
0.0915885493159294,0.9904643896131883,0.679257943556345
0.0915414094924926,0.9904643896131883,0.6795737122557727
0.0915384367108345,0.9905182631181985,0.6795737122557727
0.0914032310247421,0.9905182631181985,0.6808367870534833
0.0913976356387138,0.9905721366232088,0.6808367870534833
0.0910280346870422,0.9905721366232088,0.6832050522991908
0.0910257026553154,0.9906260101282189,0.6832050522991908
0.0906506031751632,0.9906260101282189,0.6861653838563252
0.0906490609049797,0.9906798836332292,0.6861653838563252
0.090548999607563,0.9906798836332292,0.6868363923426091
0.0905370265245437,0.9907337571382394,0.6868363923426091
0.0902692824602127,0.9907337571382394,0.6885336491020327
0.0902557596564292,0.9907876306432496,0.6885336491020327
0.0901467576622963,0.9907876306432496,0.6895598973751726
0.0901385247707367,0.9908415041482599,0.6895598973751726
0.0900216251611709,0.9908415041482599,0.6903887902111703
0.0900179520249366,0.9908953776532701,0.6903887902111703
0.0894568338990211,0.9908953776532701,0.6935859482928755
0.0894477888941764,0.9909492511582804,0.6935859482928755
0.0894146636128425,0.9909492511582804,0.6938227748174463
0.0894135311245918,0.9910031246632905,0.6938227748174463
0.0891971439123153,0.9910031246632905,0.6952042628774423
0.0891937166452407,0.9910569981683008,0.6952042628774423
0.0891149565577507,0.9910569981683008,0.6958358002762977
0.0891133472323417,0.991110871673311,0.6958358002762977
0.0889409184455871,0.991110871673311,0.6971778172488652
0.0889301523566246,0.9911647451783213,0.6971778172488652
0.0884252935647964,0.9911647451783213,0.7008880994671404
0.0884246081113815,0.9912186186833315,0.7008880994671404
0.0877161547541618,0.9912186186833315,0.7054667456088415
0.0877144932746887,0.9912724921883418,0.7054667456088415
0.0868786573410034,0.9912724921883418,0.7115847641602526
0.0868778973817825,0.991326365693352,0.7115847641602526
0.0867366641759872,0.991326365693352,0.712216301559108
0.0867363959550857,0.9913802391983623,0.712216301559108
0.0864709839224815,0.9913802391983623,0.7140714426682455
0.0864526852965354,0.9914341127033724,0.7140714426682455
0.0864414572715759,0.9914341127033724,0.7141898559305309
0.0864404588937759,0.9914879862083827,0.7141898559305309
0.0862224921584129,0.9914879862083827,0.7152950463785277
0.0862172245979309,0.9915418597133929,0.7152950463785277
0.0860555469989776,0.9915418597133929,0.7163212946516676
0.0860323831439018,0.9915957332184032,0.7163212946516676
0.0856513231992721,0.9915957332184032,0.7184922044602329
0.0856484770774841,0.9916496067234134,0.7184922044602329
0.0855123177170753,0.9916496067234134,0.7190447996842313
0.0855117365717887,0.9917034802284237,0.7190447996842313
0.0853968635201454,0.9917034802284237,0.7199921057825143
0.0853911787271499,0.9917573537334339,0.7199921057825143
0.0851042196154594,0.9917573537334339,0.7218867179790803
0.0850956290960311,0.9917573537334339,0.7219656601539373
0.0849265754222869,0.9917573537334339,0.723149792776791
0.0849239900708198,0.9918112272384442,0.723149792776791
0.0846285670995712,0.9918112272384442,0.7252022893230708
0.0846235603094101,0.9918651007434544,0.7252022893230708
0.083812341094017,0.9918651007434544,0.7304519439510558
0.0838033556938171,0.9919189742484646,0.7304519439510558
0.0837477520108223,0.9919189742484646,0.730807183737912
0.083737164735794,0.9919728477534748,0.730807183737912
0.0825744196772575,0.9919728477534748,0.7385040457864614
0.0825724080204963,0.9920267212584851,0.7385040457864614
0.0823307484388351,0.9920267212584851,0.7405565423327413
0.0823203772306442,0.9920805947634953,0.7405565423327413
0.081754520535469,0.9920805947634953,0.744148411288731
0.0817503482103347,0.9921344682685056,0.744148411288731
0.0817490220069885,0.9921344682685056,0.7442668245510163
0.0817391201853752,0.9921883417735158,0.7442668245510163
0.0815740823745727,0.9921883417735158,0.7454114860864417
0.0815639644861221,0.9922422152785261,0.7454114860864417
0.0801242589950561,0.9922422152785261,0.7557134399052694
0.080119214951992,0.9922960887835363,0.7557134399052694
0.0794666707515716,0.9922960887835363,0.7597000197355437
0.0794609487056732,0.9923499622885464,0.7597000197355437
0.0793905258178711,0.9923499622885464,0.7602526149595421
0.0793784484267234,0.9924038357935567,0.7602526149595421
0.0792675092816352,0.9924038357935567,0.760844681270969
0.0792639777064323,0.9924577092985669,0.760844681270969
0.0791610404849052,0.9924577092985669,0.7613183343201105
0.0791516602039337,0.9925115828035772,0.7613183343201105
0.0790064632892608,0.9925115828035772,0.7622656404183935
0.0790042355656623,0.9925654563085874,0.7622656404183935
0.0790033414959907,0.9925654563085874,0.762305111505822
0.0790029615163803,0.9926193298135977,0.762305111505822
0.0789080262184143,0.9926193298135977,0.7629761199921058
0.0789057612419128,0.9926732033186079,0.7629761199921058
0.0787240117788314,0.9926732033186079,0.7640813104401026
0.0787233039736747,0.9927270768236182,0.7640813104401026
0.0783763378858566,0.9927270768236182,0.767041641997237
0.0783737674355506,0.9927809503286283,0.767041641997237
0.0783059224486351,0.9927809503286283,0.767633708308664
0.0783019065856933,0.9928348238336386,0.767633708308664
0.0781860128045082,0.9928348238336386,0.76850207223209
0.0781725198030471,0.9928886973386488,0.76850207223209
0.0778005719184875,0.9928886973386488,0.7707913953029406
0.0777992382645607,0.9929425708436591,0.7707913953029406
0.0777204036712646,0.9929425708436591,0.7713045194395105
0.0777085572481155,0.9929964443486693,0.7713045194395105
0.0769998878240585,0.9929964443486693,0.7767910005920663
0.0769959613680839,0.9930503178536796,0.7767910005920663
0.0768776163458824,0.9930503178536796,0.7775014801657786
0.0768771544098854,0.9930503178536796,0.7775804223406355
0.0768648236989975,0.9930503178536796,0.7776593645154924
0.0768604427576065,0.9931041913586898,0.7776593645154924
0.0768142119050026,0.9931041913586898,0.7779356621274917
0.0768100917339325,0.9931580648637001,0.7779356621274917
0.0763530507683754,0.9931580648637001,0.7810933491217683
0.0763412192463874,0.9932119383687102,0.7810933491217683
0.0751729011535644,0.9932119383687102,0.7876455496348924
0.075162835419178,0.9932658118737205,0.7876455496348924
0.0751300975680351,0.9932658118737205,0.7878823761594632
0.0751043558120727,0.9933196853787307,0.7878823761594632
0.0750261917710304,0.9933196853787307,0.7883560292086047
0.0750217288732528,0.993373558883741,0.7883560292086047
0.074760802090168,0.993373558883741,0.7904874679297414
0.0747562646865844,0.993373558883741,0.7905664101045984
0.074702039361,0.993373558883741,0.7910400631537399
0.074694849550724,0.9934274323887512,0.7910400631537399
0.0744170248508453,0.9934274323887512,0.7926189066508782
0.0744096860289573,0.9934813058937615,0.7926189066508782
0.0741961970925331,0.9934813058937615,0.7936846260114466
0.074186660349369,0.9935351793987717,0.7936846260114466
0.0735736861824989,0.9935351793987717,0.7970791395302941
0.073571041226387,0.993589052903782,0.7970791395302941
0.0735573098063469,0.993589052903782,0.797158081705151
0.0735491141676902,0.9936429264087921,0.797158081705151
0.0726154446601867,0.9936429264087921,0.8027235050325636
0.0725953057408332,0.9936967999138024,0.8027235050325636
0.0723946020007133,0.9936967999138024,0.8036708111308467
0.0723864883184433,0.9937506734188126,0.8036708111308467
0.0722060576081276,0.9937506734188126,0.8048549437537004
0.0722055658698082,0.9938045469238229,0.8048549437537004
0.0720289722084999,0.9938045469238229,0.8062759029011249
0.0720139220356941,0.9938584204288331,0.8062759029011249
0.0718466639518737,0.9938584204288331,0.8078942174856917
0.0718465447425842,0.9939122939338433,0.8078942174856917
0.0715566202998161,0.9939122939338433,0.8098677718571147
0.0715450346469879,0.9939661674388536,0.8098677718571147
0.0714062601327896,0.9939661674388536,0.8108940201302546
0.0714053958654403,0.9940200409438638,0.8108940201302546
0.0704582929611206,0.9940200409438638,0.8170515097690941
0.0704561546444892,0.994073914448874,0.8170515097690941
0.070393182337284,0.994073914448874,0.8176041049930926
0.0703848674893379,0.9941277879538842,0.8176041049930926
0.0703660398721695,0.9941277879538842,0.8178409315176633
0.0703634023666381,0.9941277879538842,0.8179198736925203
0.0701228529214859,0.9941277879538842,0.819538188277087
0.0701203718781471,0.9941277879538842,0.819617130451944
0.0697611719369888,0.9941277879538842,0.8216301559107954
0.0697506964206695,0.9941816614588945,0.8216301559107954
0.069457970559597,0.9941816614588945,0.8236431813696468
0.0694416761398315,0.9942355349639047,0.8236431813696468
0.0692121759057045,0.9942355349639047,0.8251825537793567
0.0692049637436866,0.994289408468915,0.8251825537793567
0.068538099527359,0.994289408468915,0.828656009473061
0.068537563085556,0.9943432819739252,0.828656009473061
0.0683225840330123,0.9943432819739252,0.8300769686204855
0.0683090016245842,0.9943971554789355,0.8300769686204855
0.0679298713803291,0.9943971554789355,0.8326820603907638
0.0679289698600769,0.9944510289839457,0.8326820603907638
0.0670098513364791,0.9944510289839457,0.8378922439313203
0.0670044049620628,0.994504902488956,0.8378922439313203
0.066970370709896,0.994504902488956,0.8381685415433195
0.066970095038414,0.9945587759939661,0.8381685415433195
0.0668591409921646,0.9945587759939661,0.8385237813301757
0.0668557733297348,0.9946126494989764,0.8385237813301757
0.0666360855102539,0.9946126494989764,0.8397079139530295
0.0666139721870422,0.9946665230039866,0.8397079139530295
0.0664393603801727,0.9946665230039866,0.8405762778764555
0.0664214715361595,0.9947203965089969,0.8405762778764555
0.0661917552351951,0.9947203965089969,0.84199723702388
0.0661901012063026,0.9947742700140071,0.84199723702388
0.0653255954384803,0.9947742700140071,0.8469705940398657
0.0653167888522148,0.9948281435190174,0.8469705940398657
0.0651637986302375,0.9948281435190174,0.8478784290507203
0.0651636868715286,0.9948820170240276,0.8478784290507203
0.0651322901248931,0.9948820170240276,0.8480363134004342
0.0651313811540603,0.9949358905290379,0.8480363134004342
0.0651042237877845,0.9949358905290379,0.8482336688375764
0.0650990009307861,0.994989764034048,0.8482336688375764
0.0649988055229187,0.994989764034048,0.8487862640615749
0.0649941116571426,0.9950436375390583,0.8487862640615749
0.0646521896123886,0.9950436375390583,0.8507598184329979
0.0646490976214408,0.9950975110440685,0.8507598184329979
0.0645675510168075,0.9950975110440685,0.85147029800671
0.0645639076828956,0.9951513845490788,0.85147029800671
0.064522199332714,0.9951513845490788,0.8517860667061378
0.0645155161619186,0.995205258054089,0.8517860667061378
0.0643848031759262,0.995205258054089,0.8526149595421354
0.0643839240074157,0.9952591315590993,0.8526149595421354
0.0641635209321975,0.9952591315590993,0.8541543319518453
0.0641602203249931,0.9953130050641095,0.8541543319518453
0.0640759393572807,0.9953130050641095,0.8545490428261299
0.0640510022640228,0.9953668785691198,0.8545490428261299
0.0638326853513717,0.9953668785691198,0.8558121176238406
0.063829205930233,0.9954207520741299,0.8558121176238406
0.0637284144759178,0.9954207520741299,0.8565225971975527
0.0637240558862686,0.9954746255791401,0.8565225971975527
0.0635666921734809,0.9954746255791401,0.8572725478586936
0.0635562315583229,0.9955284990841504,0.8572725478586936
0.0634607300162315,0.9955284990841504,0.857746200907835
0.0634462386369705,0.9955823725891606,0.857746200907835
0.0623648315668106,0.9955823725891606,0.8638247483718177
0.062356561422348,0.9956362460941709,0.8638247483718177
0.0623413808643817,0.9956362460941709,0.863943161634103
0.0623396150767803,0.9956901195991811,0.863943161634103
0.0620432086288929,0.9956901195991811,0.8657983027432405
0.06203193962574,0.9957439931041914,0.8657983027432405
0.0619610659778118,0.9957439931041914,0.8663903690546675
0.0619601011276245,0.9957978666092016,0.8663903690546675
0.0618054941296577,0.9957978666092016,0.8674560884152358
0.0618041194975376,0.9958517401142118,0.8674560884152358
0.0609382092952728,0.9958517401142118,0.8721926189066509
0.0609378442168235,0.995905613619222,0.8721926189066509
0.0607952326536178,0.995905613619222,0.8732583382672192
0.0607911869883537,0.9959594871242323,0.8732583382672192
0.0605842024087905,0.9959594871242323,0.8745214130649299
0.0605827905237674,0.9960133606292425,0.8745214130649299
0.0602528527379035,0.9960133606292425,0.8761397276494968
0.0602498203516006,0.9960672341342528,0.8761397276494968
0.0601839460432529,0.9960672341342528,0.8766133806986383
0.0601839423179626,0.996121107639263,0.8766133806986383
0.0598460771143436,0.996121107639263,0.8781527531083482
0.0598447322845459,0.9961749811442733,0.8781527531083482
0.0592967793345451,0.9961749811442733,0.8805999605289125
0.0592879317700862,0.9962288546492835,0.8805999605289125
0.0591097511351108,0.9962288546492835,0.8814288533649102
0.0591033399105072,0.9962827281542938,0.8814288533649102
0.0590944066643714,0.9962827281542938,0.8815472666271956
0.0590850599110126,0.9963366016593039,0.8815472666271956
0.0590210258960723,0.9963366016593039,0.8819814485889086
0.0590203180909156,0.9963904751643142,0.8819814485889086
0.0590137392282485,0.9963904751643142,0.8820603907637655
0.0590020045638084,0.9964443486693244,0.8820603907637655
0.0586830079555511,0.9964443486693244,0.8839550029603316
0.0586771555244922,0.9964982221743347,0.8839550029603316
0.058358397334814,0.9964982221743347,0.885375962107756
0.0583572536706924,0.9965520956793449,0.885375962107756
0.0579595416784286,0.9965520956793449,0.8877442273534636
0.0579533129930496,0.9966059691843552,0.8877442273534636
0.0573614612221717,0.9966059691843552,0.8906650878231696
0.0573558174073696,0.9966598426893654,0.8906650878231696
0.057316243648529,0.9966598426893654,0.8909808565225972
0.0573145262897014,0.9967137161943757,0.8909808565225972
0.056603230535984,0.9967137161943757,0.8939806591671601
0.0566023550927639,0.9967675896993858,0.8939806591671601
0.0563333556056022,0.9967675896993858,0.8952042628774423
0.0563296973705291,0.9968214632043961,0.8952042628774423
0.0557202994823455,0.9968214632043961,0.898796131833432
0.0557104423642158,0.9968753367094063,0.898796131833432
0.0545638687908649,0.9968753367094063,0.9047957371225577
0.0545614510774612,0.9969292102144165,0.9047957371225577
0.0544986240565776,0.9969292102144165,0.9053483323465561
0.0544960983097553,0.9969830837194268,0.9053483323465561
0.0540380924940109,0.9969830837194268,0.9072824156305507
0.0540078580379486,0.997036957224437,0.9072824156305507
0.0539530143141746,0.997036957224437,0.9075587132425499
0.0539505742490291,0.9970908307294473,0.9075587132425499
0.0534409880638122,0.9970908307294473,0.9101243339253996
0.0534353479743003,0.9971447042344574,0.9101243339253996
0.0532561913132667,0.9971447042344574,0.9108742845865404
0.0532235503196716,0.9971985777394677,0.9108742845865404
0.0531362108886241,0.9971985777394677,0.9115847641602526
0.0531323365867137,0.9972524512444779,0.9115847641602526
0.0529854223132133,0.9972524512444779,0.9120189461219657
0.0529851429164409,0.9973063247494882,0.9120189461219657
0.0528598651289939,0.9973063247494882,0.9124925991711071
0.0528556369245052,0.9973601982544984,0.9124925991711071
0.0528125911951065,0.9973601982544984,0.9127688967831064
0.0528095290064811,0.9974140717595087,0.9127688967831064
0.0526918433606624,0.9974140717595087,0.9132030787448194
0.0526878871023654,0.9974679452645189,0.9132030787448194
0.0522522404789924,0.9974679452645189,0.9153345174659562
0.0522491186857223,0.9975218187695292,0.9153345174659562
0.0521677061915397,0.9975218187695292,0.9157686994276693
0.0521672181785106,0.9975756922745393,0.9157686994276693
0.0518822744488716,0.9975756922745393,0.9168738898756661
0.0518807396292686,0.9976295657795496,0.9168738898756661
0.0513909608125686,0.9976295657795496,0.918847444247089
0.0513889454305172,0.9976834392845598,0.918847444247089
0.0508348941802978,0.9976834392845598,0.9214130649299388
0.0508100129663944,0.9977373127895701,0.9214130649299388
0.0505779199302196,0.9977373127895701,0.9228340240773634
0.0505723990499973,0.9977911862945803,0.9228340240773634
0.0500860512256622,0.9977911862945803,0.92547858693507
0.0500789657235145,0.9978450597995906,0.92547858693507
0.050022967159748,0.9978450597995906,0.9257943556344977
0.0500155985355377,0.9978989333046008,0.9257943556344977
0.0497842393815517,0.9978989333046008,0.9265443062956384
0.0497799888253212,0.9979528068096111,0.9265443062956384
0.0496989153325557,0.9979528068096111,0.9268995460824946
0.0496984981000423,0.9980066803146213,0.9268995460824946
0.0493825636804103,0.9980066803146213,0.9280442076179198
0.0493726544082164,0.9980605538196315,0.9280442076179198
0.0492044351994991,0.9980605538196315,0.9287941582790605
0.0492034889757633,0.9981144273246417,0.9287941582790605
0.0489966087043285,0.9981144273246417,0.9296625222024867
0.0489840917289257,0.998168300829652,0.9296625222024867
0.0489355362951755,0.998168300829652,0.9298204065522006
0.0489208810031414,0.9982221743346622,0.9298204065522006
0.0482013076543808,0.9982221743346622,0.9325833826721927
0.0481997020542621,0.9982760478396725,0.9325833826721927
0.048167310655117,0.9982760478396725,0.9329386224590488
0.0481557250022888,0.9983299213446827,0.9329386224590488
0.0475617088377475,0.9983299213446827,0.9351884744424709
0.047560229897499,0.998383794849693,0.9351884744424709
0.0469292923808097,0.998383794849693,0.9374777975133215
0.0469282194972038,0.9984376683547032,0.9374777975133215
0.0464643612504005,0.9984376683547032,0.9390566410104598
0.0464604273438453,0.9984915418597133,0.9390566410104598
0.046367909759283,0.9984915418597133,0.9394908229721729
0.0463525280356407,0.9985454153647236,0.9394908229721729
0.0451887398958206,0.9985454153647236,0.9440694691138741
0.0451709181070327,0.9985992888697338,0.9440694691138741
0.0440032631158828,0.9985992888697338,0.9478981645944345
0.0439843870699405,0.9986531623747441,0.9478981645944345
0.0431490987539291,0.9986531623747441,0.9510953226761397
0.0431394800543785,0.9987070358797543,0.9510953226761397
0.0429944917559623,0.9987070358797543,0.9516479179001381
0.0429728627204895,0.9987609093847646,0.9516479179001381
0.0424240194261074,0.9987609093847646,0.9536214722715611
0.0424102954566478,0.9988147828897748,0.9536214722715611
0.042122758924961,0.9988147828897748,0.9544503651075588
0.0421110615134239,0.9988686563947851,0.9544503651075588
0.0404136069118976,0.9988686563947851,0.9602920860469706
0.0404055453836917,0.9989225298997952,0.9602920860469706
0.0393279045820236,0.9989225298997952,0.9636471284783896
0.03932361677289,0.9989764034048055,0.9636471284783896
0.039235670119524,0.9989764034048055,0.9640418393526742
0.0392277613282203,0.9990302769098157,0.9640418393526742
0.0391869843006134,0.9990302769098157,0.9642786658772449
0.0391756705939769,0.999084150414826,0.9642786658772449
0.0379214584827423,0.999084150414826,0.9683047167949477
0.037913791835308,0.9991380239198362,0.9683047167949477
0.0375973396003246,0.9991380239198362,0.9692125518058022
0.0375825315713882,0.9991918974248465,0.9692125518058022
0.0375347845256328,0.9991918974248465,0.9694888494178014
0.0375293828547,0.9992457709298567,0.9694888494178014
0.0373000353574752,0.9992457709298567,0.9701993289915137
0.0372994616627693,0.999299644434867,0.9701993289915137
0.0372573286294937,0.999299644434867,0.9703572133412276
0.0372553430497646,0.9993535179398771,0.9703572133412276
0.0372304245829582,0.9993535179398771,0.9704361555160844
0.0372215919196605,0.9994073914448874,0.9704361555160844
0.0368033982813358,0.9994073914448874,0.9716202881389382
0.0367974340915679,0.9994612649498976,0.9716202881389382
0.0356980264186859,0.9994612649498976,0.9743043220840735
0.0356151163578033,0.9995151384549079,0.9743043220840735
0.0343564711511135,0.9995151384549079,0.9772251825537793
0.0343237146735191,0.9995690119599181,0.9772251825537793
0.033509112894535,0.9995690119599181,0.9790408525754885
0.0334938280284404,0.9996228854649284,0.9790408525754885
0.0333424769341945,0.9996228854649284,0.9793566212749161
0.0333233997225761,0.9996767589699386,0.9793566212749161
0.0320445708930492,0.9996767589699386,0.9819617130451944
0.0320134200155735,0.9997306324749489,0.9819617130451944
0.0283201672136783,0.9997306324749489,0.9873297809354648
0.0283165741711854,0.999784505979959,0.9873297809354648
0.0278896708041429,0.999784505979959,0.9877244918097493
0.0278245881199836,0.9998383794849693,0.9877244918097493
0.0262799244374036,0.9998383794849693,0.9897375172686007
0.0262650698423385,0.9998922529899795,0.9897375172686007
0.0243678539991378,0.9998922529899795,0.9925004933885928
0.0243429578840732,0.9999461264949898,0.9925004933885928
0.018902001902461,0.9999461264949898,0.9970001973554371
0.0187054686248302,1.0,0.9970001973554371
0.0033547219354659,1.0,1.0
