seed,run_id,calibration_fraction,repeat_id,sample_size,target_fpr,threshold,calibration_empirical_fpr,test_benign_fpr,abs_test_fpr_minus_target_fpr,precision,recall,f1,tp,fp,tn,fn
0,pilot_tcn_wgan_gp_seed0,0.05,0,830,0.01,0.18287256360054016,0.010843373493975903,0.09425695677915927,0.08425695677915927,0.7930675909878683,0.4930503178536796,0.608065909241911,9152,2388,22947,9410
0,pilot_tcn_wgan_gp_seed0,0.05,1,830,0.01,0.18735164403915405,0.010843373493975903,0.09311229524373396,0.08311229524373397,0.7534747622531089,0.38842797112380134,0.5126017560698163,7210,2359,22976,11352
0,pilot_tcn_wgan_gp_seed0,0.05,2,830,0.01,0.18472813069820404,0.010843373493975903,0.0937438326425893,0.0837438326425893,0.7789669613773849,0.45092123693567504,0.5711945951479169,8370,2375,22960,10192
0,pilot_tcn_wgan_gp_seed0,0.05,3,830,0.01,0.18493904173374176,0.010843373493975903,0.0937438326425893,0.0837438326425893,0.7767437488249671,0.4451567718995798,0.565958904109589,8263,2375,22960,10299
0,pilot_tcn_wgan_gp_seed0,0.05,4,830,0.01,0.1896180361509323,0.010843373493975903,0.09283599763173475,0.08283599763173476,0.7274307567504925,0.33816399094925115,0.46169688499871286,6277,2352,22983,12285
0,pilot_tcn_wgan_gp_seed0,0.05,5,830,0.01,0.18624724447727203,0.010843373493975903,0.09350700611801856,0.08350700611801856,0.7644426767425674,0.4141795065186941,0.5372654530207205,7688,2369,22966,10874
0,pilot_tcn_wgan_gp_seed0,0.05,6,830,0.01,0.18463139235973358,0.010843373493975903,0.0937438326425893,0.0837438326425893,0.7798683844656594,0.4532916711561254,0.5733365132363463,8414,2375,22960,10148
0,pilot_tcn_wgan_gp_seed0,0.05,7,830,0.01,0.18487992882728577,0.010843373493975903,0.0937438326425893,0.0837438326425893,0.7772671855950483,0.4465036095248357,0.567185628742515,8288,2375,22960,10274
0,pilot_tcn_wgan_gp_seed0,0.05,8,830,0.01,0.18637345731258392,0.010843373493975903,0.09342806394316164,0.08342806394316164,0.7634182908545727,0.41148583126818233,0.5347428851471979,7638,2367,22968,10924
0,pilot_tcn_wgan_gp_seed0,0.05,9,830,0.01,0.20485426485538483,0.010843373493975903,0.08845470692717584,0.07845470692717585,0.49651763648618286,0.11906044607262148,0.19206535436492417,2210,2241,23094,16352
0,pilot_tcn_wgan_gp_seed0,0.05,10,830,0.01,0.18343932926654816,0.010843373493975903,0.09405960134201698,0.08405960134201698,0.7893759943432915,0.4811442732464174,0.5978712009639845,8931,2383,22952,9631
0,pilot_tcn_wgan_gp_seed0,0.05,11,830,0.01,0.20725636184215546,0.010843373493975903,0.08758634300374975,0.07758634300374975,0.47714420358152687,0.10909384764572783,0.17758484609313338,2025,2219,23116,16537
0,pilot_tcn_wgan_gp_seed0,0.05,12,830,0.01,0.18778344988822937,0.010843373493975903,0.09307282415630551,0.08307282415630551,0.7487212276214834,0.3785152462019179,0.5028268804122236,7026,2358,22977,11536
0,pilot_tcn_wgan_gp_seed0,0.05,13,830,0.01,0.18594801425933838,0.010843373493975903,0.09358594829287546,0.08358594829287547,0.7677766895200784,0.4223144057752397,0.5449047685249548,7839,2371,22964,10723
0,pilot_tcn_wgan_gp_seed0,0.05,14,830,0.01,0.1862075924873352,0.010843373493975903,0.09350700611801856,0.08350700611801856,0.7648868598650258,0.4152031031138886,0.5382359103289336,7707,2369,22966,10855
0,pilot_tcn_wgan_gp_seed0,0.05,15,830,0.01,0.1845284402370453,0.010843373493975903,0.0937438326425893,0.0837438326425893,0.7809444751890795,0.45614696692166795,0.5759080397224867,8467,2375,22960,10095
0,pilot_tcn_wgan_gp_seed0,0.05,16,830,0.01,0.1872738003730774,0.010843373493975903,0.09315176633116243,0.08315176633116243,0.754192271638371,0.3900980497791186,0.5142207861378405,7241,2360,22975,11321
0,pilot_tcn_wgan_gp_seed0,0.05,17,830,0.01,0.1826343834400177,0.010843373493975903,0.0944148411288731,0.08441484112887311,0.7945370211303899,0.4983299213446827,0.6125016554098794,9250,2392,22943,9312
0,pilot_tcn_wgan_gp_seed0,0.05,18,830,0.01,0.1838841587305069,0.010843373493975903,0.09390171699230314,0.08390171699230314,0.7860419102437269,0.47085443378946235,0.5889289444425727,8740,2379,22956,9822
0,pilot_tcn_wgan_gp_seed0,0.05,19,830,0.01,0.18548177182674408,0.010843373493975903,0.09370436155516085,0.08370436155516085,0.771774658719477,0.43249649822217434,0.5543433227454772,8028,2374,22961,10534
0,pilot_tcn_wgan_gp_seed0,0.1,0,1659,0.01,0.2114311009645462,0.010247136829415311,0.08640221038089599,0.076402210380896,0.4435688866293849,0.09400926624286177,0.15513869132290187,1745,2189,23146,16817
0,pilot_tcn_wgan_gp_seed0,0.1,1,1659,0.01,0.1871984750032425,0.010247136829415311,0.09319123741859088,0.08319123741859089,0.7551845707175446,0.39236073698954854,0.5164149471743601,7283,2361,22974,11279
0,pilot_tcn_wgan_gp_seed0,0.1,2,1659,0.01,0.18485787510871887,0.010247136829415311,0.0937438326425893,0.0837438326425893,0.7775384038965905,0.44720396508996874,0.567822696490868,8301,2375,22960,10261
0,pilot_tcn_wgan_gp_seed0,0.1,3,1659,0.01,0.18766410648822784,0.010247136829415311,0.09307282415630551,0.08307282415630551,0.7498143236074271,0.3807240599073376,0.5050201879444027,7067,2358,22977,11495
0,pilot_tcn_wgan_gp_seed0,0.1,4,1659,0.01,0.185441255569458,0.010247136829415311,0.09370436155516085,0.08370436155516085,0.7720157495438394,0.4330891067772869,0.5548921484037963,8039,2374,22961,10523
0,pilot_tcn_wgan_gp_seed0,0.1,5,1659,0.01,0.18650561571121216,0.010247136829415311,0.09330965068087625,0.08330965068087626,0.7620293940004027,0.40782243292748627,0.5313026389668725,7570,2364,22971,10992
0,pilot_tcn_wgan_gp_seed0,0.1,6,1659,0.01,0.1856781244277954,0.010247136829415311,0.09370436155516085,0.08370436155516085,0.7700058128269716,0.4281866178213555,0.5503392881872318,7948,2374,22961,10614
0,pilot_tcn_wgan_gp_seed0,0.1,7,1659,0.01,0.1844351887702942,0.010247136829415311,0.0937438326425893,0.0837438326425893,0.78186994856723,0.4586251481521388,0.578132427843803,8513,2375,22960,10049
0,pilot_tcn_wgan_gp_seed0,0.1,8,1659,0.01,0.18453513085842133,0.010247136829415311,0.0937438326425893,0.0837438326425893,0.7808434068469133,0.45587759939661676,0.5756658389741147,8462,2375,22960,10100
0,pilot_tcn_wgan_gp_seed0,0.1,9,1659,0.01,0.18353551626205444,0.010247136829415311,0.09402013025458851,0.08402013025458852,0.7885861365048371,0.47866609201594656,0.5957289885681719,8885,2382,22953,9677
0,pilot_tcn_wgan_gp_seed0,0.1,10,1659,0.01,0.18644781410694122,0.010247136829415311,0.09330965068087625,0.08330965068087626,0.7627934978928357,0.4095463850878138,0.5329500841278744,7602,2364,22971,10960
0,pilot_tcn_wgan_gp_seed0,0.1,11,1659,0.01,0.18494899570941925,0.010247136829415311,0.0937438326425893,0.0837438326425893,0.7767227601767416,0.44510289839456957,0.5659097914312134,8262,2375,22960,10300
0,pilot_tcn_wgan_gp_seed0,0.1,12,1659,0.01,0.1838071346282959,0.010247136829415311,0.09390171699230314,0.08390171699230314,0.7865602009689575,0.4723090184247387,0.5902113908711457,8767,2379,22956,9795
0,pilot_tcn_wgan_gp_seed0,0.1,13,1659,0.01,0.1840333342552185,0.010247136829415311,0.09390171699230314,0.08390171699230314,0.7849199891510713,0.46772977049886866,0.586166154677109,8682,2379,22956,9880
0,pilot_tcn_wgan_gp_seed0,0.1,14,1659,0.01,0.18509504199028015,0.010247136829415311,0.0937438326425893,0.0837438326425893,0.7751372846051884,0.44106238551880184,0.5622167284713638,8187,2375,22960,10375
0,pilot_tcn_wgan_gp_seed0,0.1,15,1659,0.01,0.18670561909675598,0.010247136829415311,0.09330965068087625,0.08330965068087626,0.7600487210718636,0.4034048055166469,0.5270641233194904,7488,2364,22971,11074
0,pilot_tcn_wgan_gp_seed0,0.1,16,1659,0.01,0.18636684119701385,0.010247136829415311,0.09342806394316164,0.08342806394316164,0.7634655740981313,0.41159357827820275,0.5348454618642585,7640,2367,22968,10922
0,pilot_tcn_wgan_gp_seed0,0.1,17,1659,0.01,0.185474693775177,0.010247136829415311,0.09370436155516085,0.08370436155516085,0.771774658719477,0.43249649822217434,0.5543433227454772,8028,2374,22961,10534
0,pilot_tcn_wgan_gp_seed0,0.1,18,1659,0.01,0.1846764236688614,0.010247136829415311,0.0937438326425893,0.0837438326425893,0.7795005106303964,0.45232194806594117,0.5724610506937579,8396,2375,22960,10166
0,pilot_tcn_wgan_gp_seed0,0.1,19,1659,0.01,0.18685923516750336,0.010247136829415311,0.09330965068087625,0.08330965068087626,0.758282208588957,0.3995259131559099,0.5233222778914686,7416,2364,22971,11146
0,pilot_tcn_wgan_gp_seed0,0.2,0,3318,0.01,0.18727988004684448,0.010247136829415311,0.09315176633116243,0.08315176633116243,0.754115440716816,0.38993642926408795,0.5140625,7238,2360,22975,11324
0,pilot_tcn_wgan_gp_seed0,0.2,1,3318,0.01,0.1855461597442627,0.010247136829415311,0.09370436155516085,0.08370436155516085,0.7712909441233141,0.43131128111194916,0.5532444198742312,8006,2374,22961,10556
0,pilot_tcn_wgan_gp_seed0,0.2,2,3318,0.01,0.1863831877708435,0.010247136829415311,0.09342806394316164,0.08342806394316164,0.7632763276327633,0.4111625902381209,0.534435068800112,7632,2367,22968,10930
0,pilot_tcn_wgan_gp_seed0,0.2,3,3318,0.01,0.18571561574935913,0.010247136829415311,0.09366489046773238,0.08366489046773239,0.7697010869565217,0.42727076823618143,0.5495046074967089,7931,2373,22962,10631
0,pilot_tcn_wgan_gp_seed0,0.2,4,3318,0.01,0.18672505021095276,0.010247136829415311,0.09330965068087625,0.08330965068087626,0.7597560975609756,0.40275832345652407,0.5264417998732484,7476,2364,22971,11086
0,pilot_tcn_wgan_gp_seed0,0.2,5,3318,0.01,0.18489281833171844,0.010247136829415311,0.0937438326425893,0.0837438326425893,0.7770790313497278,0.44601874797974356,0.5667442497261774,8279,2375,22960,10283
0,pilot_tcn_wgan_gp_seed0,0.2,6,3318,0.01,0.18734955787658691,0.010247136829415311,0.09311229524373396,0.08311229524373397,0.7534747622531089,0.38842797112380134,0.5126017560698163,7210,2359,22976,11352
0,pilot_tcn_wgan_gp_seed0,0.2,7,3318,0.01,0.18618552386760712,0.010247136829415311,0.09350700611801856,0.08350700611801856,0.7651432536928721,0.4157957116690012,0.5387971656951377,7718,2369,22966,10844
0,pilot_tcn_wgan_gp_seed0,0.2,8,3318,0.01,0.18587809801101685,0.010247136829415311,0.09362541938030393,0.08362541938030393,0.7682914916479437,0.4237151169055059,0.5461995208166951,7865,2372,22963,10697
0,pilot_tcn_wgan_gp_seed0,0.2,9,3318,0.01,0.1857384592294693,0.010247136829415311,0.09366489046773238,0.08366489046773239,0.7694549693966773,0.42667815968106887,0.5489516548258534,7920,2373,22962,10642
0,pilot_tcn_wgan_gp_seed0,0.2,10,3318,0.01,0.1853693276643753,0.010247136829415311,0.09370436155516085,0.08370436155516085,0.772648917831833,0.43465143842258375,0.556337056957661,8068,2374,22961,10494
0,pilot_tcn_wgan_gp_seed0,0.2,11,3318,0.01,0.18738943338394165,0.010247136829415311,0.09311229524373396,0.08311229524373397,0.7529842931937173,0.3874043745286068,0.5115964712578259,7191,2359,22976,11371
0,pilot_tcn_wgan_gp_seed0,0.2,12,3318,0.01,0.1850578337907791,0.010247136829415311,0.0937438326425893,0.0837438326425893,0.775498629360053,0.4419782351039759,0.5630554888301706,8204,2375,22960,10358
0,pilot_tcn_wgan_gp_seed0,0.2,13,3318,0.01,0.1835784614086151,0.010247136829415311,0.09398065916716006,0.08398065916716006,0.7882802774319758,0.47758862191574186,0.5948067632850242,8865,2381,22954,9697
0,pilot_tcn_wgan_gp_seed0,0.2,14,3318,0.01,0.18661712110042572,0.010247136829415311,0.09330965068087625,0.08330965068087626,0.7607529602266977,0.40496713716194377,0.5285659037372992,7517,2364,22971,11045
0,pilot_tcn_wgan_gp_seed0,0.2,15,3318,0.01,0.18580523133277893,0.010247136829415311,0.09366489046773238,0.08366489046773239,0.7688936501753019,0.425331322055813,0.5476933749566424,7895,2373,22962,10667
0,pilot_tcn_wgan_gp_seed0,0.2,16,3318,0.01,0.1865077018737793,0.010247136829415311,0.09330965068087625,0.08330965068087626,0.7620054364240411,0.40776855942247603,0.5312510966836288,7569,2364,22971,10993
0,pilot_tcn_wgan_gp_seed0,0.2,17,3318,0.01,0.18676301836967468,0.010247136829415311,0.09330965068087625,0.08330965068087626,0.7594627594627594,0.40211184139640127,0.5258189503346249,7464,2364,22971,11098
0,pilot_tcn_wgan_gp_seed0,0.2,18,3318,0.01,0.18498507142066956,0.010247136829415311,0.0937438326425893,0.0837438326425893,0.7762810851544838,0.44397155478935457,0.5648776475426692,8241,2375,22960,10321
0,pilot_tcn_wgan_gp_seed0,0.2,19,3318,0.01,0.18458332121372223,0.010247136829415311,0.0937438326425893,0.0837438326425893,0.7803975959315765,0.4546923822863915,0.5745991762262994,8440,2375,22960,10122
0,pilot_tcn_wgan_gp_seed0,0.4,0,6636,0.01,0.18671569228172302,0.010096443640747438,0.09330965068087625,0.08330965068087626,0.7599024984765387,0.4030815644865855,0.526753027316249,7482,2364,22971,11080
0,pilot_tcn_wgan_gp_seed0,0.4,1,6636,0.01,0.18643230199813843,0.010096443640747438,0.09330965068087625,0.08330965068087626,0.7628172970803652,0.40960025859282406,0.5330015072382488,7603,2364,22971,10959
0,pilot_tcn_wgan_gp_seed0,0.4,2,6636,0.01,0.18643230199813843,0.010096443640747438,0.09330965068087625,0.08330965068087626,0.7628172970803652,0.40960025859282406,0.5330015072382488,7603,2364,22971,10959
0,pilot_tcn_wgan_gp_seed0,0.4,3,6636,0.01,0.186606764793396,0.010096443640747438,0.09330965068087625,0.08330965068087626,0.7608739631802549,0.40523650468699496,0.5288245219347582,7522,2364,22971,11040
0,pilot_tcn_wgan_gp_seed0,0.4,4,6636,0.01,0.18580283224582672,0.010096443640747438,0.09366489046773238,0.08366489046773239,0.7689161554192229,0.42538519556082316,0.5477437480489751,7896,2373,22962,10666
0,pilot_tcn_wgan_gp_seed0,0.4,5,6636,0.01,0.18552705645561218,0.010096443640747438,0.09370436155516085,0.08370436155516085,0.7714230695166571,0.43163452214201053,0.5535442863064806,8012,2374,22961,10550
0,pilot_tcn_wgan_gp_seed0,0.4,6,6636,0.01,0.1855798214673996,0.010096443640747438,0.09370436155516085,0.08370436155516085,0.7709157579851394,0.4303954315267751,0.5523941227312014,7989,2374,22961,10573
0,pilot_tcn_wgan_gp_seed0,0.4,7,6636,0.01,0.18632292747497559,0.010096443640747438,0.09342806394316164,0.08342806394316164,0.7638667198723065,0.4125094278633768,0.5357167844399356,7657,2367,22968,10905
0,pilot_tcn_wgan_gp_seed0,0.4,8,6636,0.01,0.18639929592609406,0.010096443640747438,0.09338859285573317,0.08338859285573318,0.7631631631631631,0.410731602198039,0.5340431493415523,7624,2366,22969,10938
0,pilot_tcn_wgan_gp_seed0,0.4,9,6636,0.01,0.18577228486537933,0.010096443640747438,0.09366489046773238,0.08366489046773239,0.7692307692307693,0.4261394246309665,0.5484486046108511,7910,2373,22962,10652
0,pilot_tcn_wgan_gp_seed0,0.4,10,6636,0.01,0.18620502948760986,0.010096443640747438,0.09350700611801856,0.08350700611801856,0.7649568409564441,0.4153647236289193,0.5383890227296532,7710,2369,22966,10852
0,pilot_tcn_wgan_gp_seed0,0.4,11,6636,0.01,0.1857846975326538,0.010096443640747438,0.09366489046773238,0.08366489046773239,0.7690286159236909,0.42565456308587435,0.5479955611041752,7901,2373,22962,10661
0,pilot_tcn_wgan_gp_seed0,0.4,12,6636,0.01,0.1866065114736557,0.010096443640747438,0.09330965068087625,0.08330965068087626,0.7608739631802549,0.40523650468699496,0.5288245219347582,7522,2364,22971,11040
0,pilot_tcn_wgan_gp_seed0,0.4,13,6636,0.01,0.18512225151062012,0.010096443640747438,0.0937438326425893,0.0837438326425893,0.7748601763200303,0.4403620299536688,0.5615746624987118,8174,2375,22960,10388
0,pilot_tcn_wgan_gp_seed0,0.4,14,6636,0.01,0.18655315041542053,0.010096443640747438,0.09330965068087625,0.08330965068087626,0.7615493241880169,0.40674496282728156,0.5302711054923445,7550,2364,22971,11012
0,pilot_tcn_wgan_gp_seed0,0.4,15,6636,0.01,0.18566472828388214,0.010096443640747438,0.09370436155516085,0.08370436155516085,0.7701616807048117,0.4285637323564271,0.5506905264615278,7955,2374,22961,10607
0,pilot_tcn_wgan_gp_seed0,0.4,16,6636,0.01,0.1855780929327011,0.010096443640747438,0.09370436155516085,0.08370436155516085,0.7709820567239051,0.43055705204180583,0.5525442477876106,7992,2374,22961,10570
0,pilot_tcn_wgan_gp_seed0,0.4,17,6636,0.01,0.1857670396566391,0.010096443640747438,0.09366489046773238,0.08366489046773239,0.7692980750534707,0.4263010451459972,0.5485995562950637,7913,2373,22962,10649
0,pilot_tcn_wgan_gp_seed0,0.4,18,6636,0.01,0.18507370352745056,0.010096443640747438,0.0937438326425893,0.0837438326425893,0.7753287295430896,0.441547247063894,0.5626609000102976,8196,2375,22960,10366
0,pilot_tcn_wgan_gp_seed0,0.4,19,6636,0.01,0.18672782182693481,0.010096443640747438,0.09330965068087625,0.08330965068087626,0.7597560975609756,0.40275832345652407,0.5264417998732484,7476,2364,22971,11086
0,pilot_tcn_wgan_gp_seed0,1.0,0,16591,0.01,0.18584200739860535,0.01000542462781026,0.09366489046773238,0.08366489046773239,0.7686006825938566,0.4246309664906799,0.5470382066141514,7882,2373,22962,10680
0,pilot_tcn_wgan_gp_seed0,1.0,1,16591,0.01,0.18584200739860535,0.01000542462781026,0.09366489046773238,0.08366489046773239,0.7686006825938566,0.4246309664906799,0.5470382066141514,7882,2373,22962,10680
0,pilot_tcn_wgan_gp_seed0,1.0,2,16591,0.01,0.18584200739860535,0.01000542462781026,0.09366489046773238,0.08366489046773239,0.7686006825938566,0.4246309664906799,0.5470382066141514,7882,2373,22962,10680
0,pilot_tcn_wgan_gp_seed0,1.0,3,16591,0.01,0.18584200739860535,0.01000542462781026,0.09366489046773238,0.08366489046773239,0.7686006825938566,0.4246309664906799,0.5470382066141514,7882,2373,22962,10680
0,pilot_tcn_wgan_gp_seed0,1.0,4,16591,0.01,0.18584200739860535,0.01000542462781026,0.09366489046773238,0.08366489046773239,0.7686006825938566,0.4246309664906799,0.5470382066141514,7882,2373,22962,10680
0,pilot_tcn_wgan_gp_seed0,1.0,5,16591,0.01,0.18584200739860535,0.01000542462781026,0.09366489046773238,0.08366489046773239,0.7686006825938566,0.4246309664906799,0.5470382066141514,7882,2373,22962,10680
0,pilot_tcn_wgan_gp_seed0,1.0,6,16591,0.01,0.18584200739860535,0.01000542462781026,0.09366489046773238,0.08366489046773239,0.7686006825938566,0.4246309664906799,0.5470382066141514,7882,2373,22962,10680
0,pilot_tcn_wgan_gp_seed0,1.0,7,16591,0.01,0.18584200739860535,0.01000542462781026,0.09366489046773238,0.08366489046773239,0.7686006825938566,0.4246309664906799,0.5470382066141514,7882,2373,22962,10680
0,pilot_tcn_wgan_gp_seed0,1.0,8,16591,0.01,0.18584200739860535,0.01000542462781026,0.09366489046773238,0.08366489046773239,0.7686006825938566,0.4246309664906799,0.5470382066141514,7882,2373,22962,10680
0,pilot_tcn_wgan_gp_seed0,1.0,9,16591,0.01,0.18584200739860535,0.01000542462781026,0.09366489046773238,0.08366489046773239,0.7686006825938566,0.4246309664906799,0.5470382066141514,7882,2373,22962,10680
0,pilot_tcn_wgan_gp_seed0,1.0,10,16591,0.01,0.18584200739860535,0.01000542462781026,0.09366489046773238,0.08366489046773239,0.7686006825938566,0.4246309664906799,0.5470382066141514,7882,2373,22962,10680
0,pilot_tcn_wgan_gp_seed0,1.0,11,16591,0.01,0.18584200739860535,0.01000542462781026,0.09366489046773238,0.08366489046773239,0.7686006825938566,0.4246309664906799,0.5470382066141514,7882,2373,22962,10680
0,pilot_tcn_wgan_gp_seed0,1.0,12,16591,0.01,0.18584200739860535,0.01000542462781026,0.09366489046773238,0.08366489046773239,0.7686006825938566,0.4246309664906799,0.5470382066141514,7882,2373,22962,10680
0,pilot_tcn_wgan_gp_seed0,1.0,13,16591,0.01,0.18584200739860535,0.01000542462781026,0.09366489046773238,0.08366489046773239,0.7686006825938566,0.4246309664906799,0.5470382066141514,7882,2373,22962,10680
0,pilot_tcn_wgan_gp_seed0,1.0,14,16591,0.01,0.18584200739860535,0.01000542462781026,0.09366489046773238,0.08366489046773239,0.7686006825938566,0.4246309664906799,0.5470382066141514,7882,2373,22962,10680
0,pilot_tcn_wgan_gp_seed0,1.0,15,16591,0.01,0.18584200739860535,0.01000542462781026,0.09366489046773238,0.08366489046773239,0.7686006825938566,0.4246309664906799,0.5470382066141514,7882,2373,22962,10680
0,pilot_tcn_wgan_gp_seed0,1.0,16,16591,0.01,0.18584200739860535,0.01000542462781026,0.09366489046773238,0.08366489046773239,0.7686006825938566,0.4246309664906799,0.5470382066141514,7882,2373,22962,10680
0,pilot_tcn_wgan_gp_seed0,1.0,17,16591,0.01,0.18584200739860535,0.01000542462781026,0.09366489046773238,0.08366489046773239,0.7686006825938566,0.4246309664906799,0.5470382066141514,7882,2373,22962,10680
0,pilot_tcn_wgan_gp_seed0,1.0,18,16591,0.01,0.18584200739860535,0.01000542462781026,0.09366489046773238,0.08366489046773239,0.7686006825938566,0.4246309664906799,0.5470382066141514,7882,2373,22962,10680
0,pilot_tcn_wgan_gp_seed0,1.0,19,16591,0.01,0.18584200739860535,0.01000542462781026,0.09366489046773238,0.08366489046773239,0.7686006825938566,0.4246309664906799,0.5470382066141514,7882,2373,22962,10680
0,pilot_tcn_wgan_gp_seed0,0.05,0,830,0.05,0.17695821821689606,0.05060240963855422,0.09615156897572529,0.04615156897572528,0.8315818584070797,0.6479905182631182,0.7283958093623206,12028,2436,22899,6534
0,pilot_tcn_wgan_gp_seed0,0.05,1,830,0.05,0.17833353579044342,0.05060240963855422,0.0955595026642984,0.045559502664298396,0.8248064259353065,0.6140502101066695,0.7039930823631142,11398,2421,22914,7164
0,pilot_tcn_wgan_gp_seed0,0.05,2,830,0.05,0.17587971687316895,0.05060240963855422,0.09638839550029603,0.046388395500296026,0.8363270777479893,0.6722335955177244,0.7453557135177111,12478,2442,22893,6084
0,pilot_tcn_wgan_gp_seed0,0.05,3,830,0.05,0.17729268968105316,0.05060240963855422,0.09607262680086837,0.04607262680086836,0.8301346918835927,0.6408253420967568,0.7232981666717339,11895,2434,22901,6667
0,pilot_tcn_wgan_gp_seed0,0.05,4,830,0.05,0.17611946165561676,0.05060240963855422,0.09638839550029603,0.046388395500296026,0.8354003774602319,0.6677082210968646,0.7422001317444158,12394,2442,22893,6168
0,pilot_tcn_wgan_gp_seed0,0.05,5,830,0.05,0.1779756397008896,0.05060240963855422,0.09571738701401224,0.045717387014012234,0.8266619013581129,0.623047085443379,0.7105554190218727,11565,2425,22910,6997
0,pilot_tcn_wgan_gp_seed0,0.05,6,830,0.05,0.17732678353786469,0.05060240963855422,0.0960331557134399,0.0460331557134399,0.8300384212364652,0.6401249865316238,0.7228153420324238,11882,2433,22902,6680
0,pilot_tcn_wgan_gp_seed0,0.05,7,830,0.05,0.17783479392528534,0.05060240963855422,0.09575685810144069,0.04575685810144069,0.8275273709654486,0.6270875983191466,0.7134976094152261,11640,2426,22909,6922
0,pilot_tcn_wgan_gp_seed0,0.05,8,830,0.05,0.17834700644016266,0.05060240963855422,0.09552003157686995,0.04552003157686994,0.8247900376484216,0.6137269690766082,0.7037746339655279,11392,2420,22915,7170
0,pilot_tcn_wgan_gp_seed0,0.05,9,830,0.05,0.17648901045322418,0.05060240963855422,0.09626998223801066,0.046269982238010654,0.833730997341332,0.6588729662751859,0.7360597032890974,12230,2439,22896,6332
0,pilot_tcn_wgan_gp_seed0,0.05,10,830,0.05,0.17791704833507538,0.05060240963855422,0.09575685810144069,0.04575685810144069,0.8269491404522434,0.6245555435836656,0.7116417543967344,11593,2426,22909,6969
0,pilot_tcn_wgan_gp_seed0,0.05,11,830,0.05,0.17819106578826904,0.05060240963855422,0.09563844483915532,0.045638444839155315,0.8253567824708087,0.616905505872212,0.7060673325934147,11451,2423,22912,7111
0,pilot_tcn_wgan_gp_seed0,0.05,12,830,0.05,0.17679229378700256,0.05060240963855422,0.0962305111505822,0.0462305111505822,0.8323361529468399,0.6520310311388859,0.7312328187777541,12103,2438,22897,6459
0,pilot_tcn_wgan_gp_seed0,0.05,13,830,0.05,0.17682428658008575,0.05060240963855422,0.09619104006315374,0.046191040063153735,0.8321394131423061,0.6508458140286607,0.7304111245465539,12081,2437,22898,6481
0,pilot_tcn_wgan_gp_seed0,0.05,14,830,0.05,0.17571426928043365,0.05060240963855422,0.09650680876258141,0.04650680876258141,0.8370325934813038,0.6765434759185432,0.7482794577685088,12558,2445,22890,6004
0,pilot_tcn_wgan_gp_seed0,0.05,15,830,0.05,0.1785004884004593,0.05060240963855422,0.09552003157686995,0.04552003157686994,0.8239487851011204,0.6101713177459326,0.7011266559366102,11326,2420,22915,7236
0,pilot_tcn_wgan_gp_seed0,0.05,16,830,0.05,0.1775328367948532,0.05060240963855422,0.09599368462601145,0.045993684626011444,0.828889045240273,0.6346837625255899,0.7189016018306635,11781,2432,22903,6781
0,pilot_tcn_wgan_gp_seed0,0.05,17,830,0.05,0.17702622711658478,0.05060240963855422,0.09607262680086837,0.04607262680086836,0.8314054166378056,0.6466436806378623,0.7274765901997031,12003,2434,22901,6559
0,pilot_tcn_wgan_gp_seed0,0.05,18,830,0.05,0.1752493679523468,0.05060240963855422,0.09654627985000987,0.046546279850009864,0.8390154008161116,0.6867794418704881,0.7553027609906386,12748,2446,22889,5814
0,pilot_tcn_wgan_gp_seed0,0.05,19,830,0.05,0.17577506601810455,0.05060240963855422,0.0964278665877245,0.04642786658772449,0.836719689881032,0.674442409223144,0.7468679155232072,12519,2443,22892,6043
0,pilot_tcn_wgan_gp_seed0,0.1,0,1659,0.05,0.17751829326152802,0.050030138637733576,0.09599368462601145,0.045993684626011444,0.8289973280832513,0.6351686240706821,0.7192532942898976,11790,2432,22903,6772
0,pilot_tcn_wgan_gp_seed0,0.1,1,1659,0.05,0.17772114276885986,0.050030138637733576,0.09587527136372608,0.04587527136372607,0.8279745042492918,0.6298351470746687,0.7154396915733431,11691,2429,22906,6871
0,pilot_tcn_wgan_gp_seed0,0.1,2,1659,0.05,0.17670544981956482,0.050030138637733576,0.09626998223801066,0.046269982238010654,0.8328536184210527,0.6547247063893977,0.7331242082403331,12153,2439,22896,6409
0,pilot_tcn_wgan_gp_seed0,0.1,3,1659,0.05,0.17705586552619934,0.050030138637733576,0.09607262680086837,0.04607262680086836,0.831265164644714,0.6459971985777395,0.7270136720526268,11991,2434,22901,6571
0,pilot_tcn_wgan_gp_seed0,0.1,4,1659,0.05,0.17710617184638977,0.050030138637733576,0.09607262680086837,0.04607262680086836,0.8309956950423553,0.644758107962504,0.726125470209926,11968,2434,22901,6594
0,pilot_tcn_wgan_gp_seed0,0.1,5,1659,0.05,0.17800778150558472,0.050030138637733576,0.09571738701401224,0.045717387014012234,0.8264758497316637,0.6222389828682254,0.7099609675139072,11550,2425,22910,7012
0,pilot_tcn_wgan_gp_seed0,0.1,6,1659,0.05,0.1772611439228058,0.050030138637733576,0.09607262680086837,0.04607262680086836,0.8303004950149899,0.6415795711669001,0.7238413614952135,11909,2434,22901,6653
0,pilot_tcn_wgan_gp_seed0,0.1,7,1659,0.05,0.1766548454761505,0.050030138637733576,0.09626998223801066,0.046269982238010654,0.8330252618607517,0.6555328089645512,0.733697126835298,12168,2439,22896,6394
0,pilot_tcn_wgan_gp_seed0,0.1,8,1659,0.05,0.17651769518852234,0.050030138637733576,0.09626998223801066,0.046269982238010654,0.8335835152838428,0.6581726107100528,0.7355650550906134,12217,2439,22896,6345
0,pilot_tcn_wgan_gp_seed0,0.1,9,1659,0.05,0.1763502061367035,0.050030138637733576,0.09634892441286758,0.04634892441286757,0.8342837746096402,0.6620515030707897,0.7382554367415595,12289,2441,22894,6273
0,pilot_tcn_wgan_gp_seed0,0.1,10,1659,0.05,0.177316352725029,0.050030138637733576,0.0960331557134399,0.0460331557134399,0.8300740326861293,0.6402866070466544,0.7229318734793186,11885,2433,22902,6677
0,pilot_tcn_wgan_gp_seed0,0.1,11,1659,0.05,0.17741088569164276,0.050030138637733576,0.0960331557134399,0.0460331557134399,0.8295502311895755,0.637916172826204,0.7212206115239372,11841,2433,22902,6721
0,pilot_tcn_wgan_gp_seed0,0.1,12,1659,0.05,0.17709867656230927,0.050030138637733576,0.09607262680086837,0.04607262680086836,0.8310191613440711,0.6448658549725245,0.7262027543529697,11970,2434,22901,6592
0,pilot_tcn_wgan_gp_seed0,0.1,13,1659,0.05,0.1769680678844452,0.050030138637733576,0.09615156897572529,0.04615156897572528,0.831523618507504,0.647721150738067,0.7282032645892008,12023,2436,22899,6539
0,pilot_tcn_wgan_gp_seed0,0.1,14,1659,0.05,0.1769847571849823,0.050030138637733576,0.09611209788829682,0.046112097888296816,0.8315112095211735,0.6473979097080056,0.7279941842854546,12017,2435,22900,6545
0,pilot_tcn_wgan_gp_seed0,0.1,15,1659,0.05,0.1761293113231659,0.050030138637733576,0.09638839550029603,0.046388395500296026,0.8353892821031345,0.6676543475918544,0.7421624696829056,12393,2442,22893,6169
0,pilot_tcn_wgan_gp_seed0,0.1,16,1659,0.05,0.1788717359304428,0.050030138637733576,0.09540161831458456,0.04540161831458456,0.8218733878694082,0.6007973278741515,0.6941582895023498,11152,2417,22918,7410
0,pilot_tcn_wgan_gp_seed0,0.1,17,1659,0.05,0.17595817148685455,0.050030138637733576,0.09638839550029603,0.046388395500296026,0.8359532446594116,0.6704018963473763,0.7440803635493901,12444,2442,22893,6118
0,pilot_tcn_wgan_gp_seed0,0.1,18,1659,0.05,0.177061527967453,0.050030138637733576,0.09607262680086837,0.04607262680086836,0.8312417666227553,0.645889451567719,0.7269364862816432,11989,2434,22901,6573
0,pilot_tcn_wgan_gp_seed0,0.1,19,1659,0.05,0.17732641100883484,0.050030138637733576,0.0960331557134399,0.0460331557134399,0.8300384212364652,0.6401249865316238,0.7228153420324238,11882,2433,22902,6680
0,pilot_tcn_wgan_gp_seed0,0.2,0,3318,0.05,0.17728687822818756,0.050030138637733576,0.09607262680086837,0.04607262680086836,0.8301820972580758,0.6410408361167977,0.7234534123727011,11899,2434,22901,6663
0,pilot_tcn_wgan_gp_seed0,0.2,1,3318,0.05,0.17740890383720398,0.050030138637733576,0.0960331557134399,0.0460331557134399,0.8295502311895755,0.637916172826204,0.7212206115239372,11841,2433,22902,6721
0,pilot_tcn_wgan_gp_seed0,0.2,2,3318,0.05,0.17677603662014008,0.050030138637733576,0.09626998223801066,0.046269982238010654,0.83239417262232,0.6525697661889882,0.731593887781603,12113,2439,22896,6449
0,pilot_tcn_wgan_gp_seed0,0.2,3,3318,0.05,0.17666400969028473,0.050030138637733576,0.09626998223801066,0.046269982238010654,0.8329795247551873,0.6553173149445103,0.7335443992160411,12164,2439,22896,6398
0,pilot_tcn_wgan_gp_seed0,0.2,4,3318,0.05,0.17789842188358307,0.050030138637733576,0.09575685810144069,0.04575685810144069,0.8270724926937059,0.6250942786337679,0.7120370654475161,11603,2426,22909,6959
0,pilot_tcn_wgan_gp_seed0,0.2,5,3318,0.05,0.1777651607990265,0.050030138637733576,0.09587527136372608,0.04587527136372607,0.8278037714447752,0.6290809180045254,0.7148891881964,11677,2429,22906,6885
0,pilot_tcn_wgan_gp_seed0,0.2,6,3318,0.05,0.17803266644477844,0.050030138637733576,0.09571738701401224,0.045717387014012234,0.8263391578344313,0.6216463743131128,0.709524687941954,11539,2425,22910,7023
0,pilot_tcn_wgan_gp_seed0,0.2,7,3318,0.05,0.1768702268600464,0.050030138637733576,0.09619104006315374,0.046191040063153735,0.8319194427201876,0.6498222174334662,0.729681497837331,12062,2437,22898,6500
0,pilot_tcn_wgan_gp_seed0,0.2,8,3318,0.05,0.1776779294013977,0.050030138637733576,0.09587527136372608,0.04587527136372607,0.8281692133559706,0.6306971231548325,0.716068261055722,11707,2429,22906,6855
0,pilot_tcn_wgan_gp_seed0,0.2,9,3318,0.05,0.17713788151741028,0.050030138637733576,0.09607262680086837,0.04607262680086836,0.8308312482624409,0.6440038788923608,0.7255842185128983,11954,2434,22901,6608
0,pilot_tcn_wgan_gp_seed0,0.2,10,3318,0.05,0.17744077742099762,0.050030138637733576,0.09599368462601145,0.045993684626011444,0.8294051627384961,0.6370003232410301,0.7205801694192211,11824,2432,22903,6738
0,pilot_tcn_wgan_gp_seed0,0.2,11,3318,0.05,0.17780417203903198,0.050030138637733576,0.09583580027629761,0.045835800276297606,0.8275568181818181,0.6277340803792695,0.7139268427179707,11652,2428,22907,6910
0,pilot_tcn_wgan_gp_seed0,0.2,12,3318,0.05,0.17734232544898987,0.050030138637733576,0.0960331557134399,0.0460331557134399,0.8298839323171584,0.6394246309664907,0.7223101265822784,11869,2433,22902,6693
0,pilot_tcn_wgan_gp_seed0,0.2,13,3318,0.05,0.1768752485513687,0.050030138637733576,0.09619104006315374,0.046191040063153735,0.8318846578366446,0.6496605969184355,0.7295662169520236,12059,2437,22898,6503
0,pilot_tcn_wgan_gp_seed0,0.2,14,3318,0.05,0.1785936802625656,0.050030138637733576,0.09552003157686995,0.04552003157686994,0.8232931726907631,0.6074237689904105,0.6990730694112905,11275,2420,22915,7287
0,pilot_tcn_wgan_gp_seed0,0.2,15,3318,0.05,0.17717161774635315,0.050030138637733576,0.09607262680086837,0.04607262680086836,0.8306900389538119,0.6433573968322379,0.7251199222782198,11942,2434,22901,6620
0,pilot_tcn_wgan_gp_seed0,0.2,16,3318,0.05,0.17688100039958954,0.050030138637733576,0.09619104006315374,0.046191040063153735,0.8318498585524046,0.6494989764034048,0.7294509151414309,12056,2437,22898,6506
0,pilot_tcn_wgan_gp_seed0,0.2,17,3318,0.05,0.1767793446779251,0.050030138637733576,0.0962305111505822,0.0462305111505822,0.8324513779121709,0.6525697661889882,0.7316159816386313,12113,2438,22897,6449
0,pilot_tcn_wgan_gp_seed0,0.2,18,3318,0.05,0.17698511481285095,0.050030138637733576,0.09611209788829682,0.046112097888296816,0.8315112095211735,0.6473979097080056,0.7279941842854546,12017,2435,22900,6545
0,pilot_tcn_wgan_gp_seed0,0.2,19,3318,0.05,0.17604711651802063,0.050030138637733576,0.09638839550029603,0.046388395500296026,0.8356219709208401,0.6687856911970693,0.7429528996349273,12414,2442,22893,6148
0,pilot_tcn_wgan_gp_seed0,0.4,0,6636,0.05,0.1774299442768097,0.050030138637733576,0.09599368462601145,0.045993684626011444,0.82945301542777,0.637215817261071,0.7207360916458474,11828,2432,22903,6734
0,pilot_tcn_wgan_gp_seed0,0.4,1,6636,0.05,0.17761114239692688,0.050030138637733576,0.095954213538583,0.04595421353858299,0.8285734433396799,0.6330136838702726,0.7177106557126713,11750,2431,22904,6812
0,pilot_tcn_wgan_gp_seed0,0.4,2,6636,0.05,0.17724227905273438,0.050030138637733576,0.09607262680086837,0.04607262680086836,0.8303596320044605,0.6418489386919513,0.7240352476450926,11914,2434,22901,6648
0,pilot_tcn_wgan_gp_seed0,0.4,3,6636,0.05,0.17731249332427979,0.050030138637733576,0.09607262680086837,0.04607262680086836,0.8300398016898262,0.6403943540566749,0.7229875619621081,11887,2434,22901,6675
0,pilot_tcn_wgan_gp_seed0,0.4,4,6636,0.05,0.17687970399856567,0.050030138637733576,0.09619104006315374,0.046191040063153735,0.8318498585524046,0.6494989764034048,0.7294509151414309,12056,2437,22898,6506
0,pilot_tcn_wgan_gp_seed0,0.4,5,6636,0.05,0.17725923657417297,0.050030138637733576,0.09607262680086837,0.04607262680086836,0.8303123257110987,0.6416334446719103,0.7238801434388865,11910,2434,22901,6652
0,pilot_tcn_wgan_gp_seed0,0.4,6,6636,0.05,0.1773207038640976,0.050030138637733576,0.0960331557134399,0.0460331557134399,0.8300502933780386,0.6401788600366339,0.7228541882109618,11883,2433,22902,6679
0,pilot_tcn_wgan_gp_seed0,0.4,7,6636,0.05,0.1773911416530609,0.050030138637733576,0.0960331557134399,0.0460331557134399,0.8296099166608306,0.6381855403512553,0.7214153040406809,11846,2433,22902,6716
0,pilot_tcn_wgan_gp_seed0,0.4,8,6636,0.05,0.17713427543640137,0.050030138637733576,0.09607262680086837,0.04607262680086836,0.8308665137933431,0.6441654994073914,0.7257002397353807,11957,2434,22901,6605
0,pilot_tcn_wgan_gp_seed0,0.4,9,6636,0.05,0.17713576555252075,0.050030138637733576,0.09607262680086837,0.04607262680086836,0.8308430050733199,0.644057752397371,0.7256228946010742,11955,2434,22901,6607
0,pilot_tcn_wgan_gp_seed0,0.4,10,6636,0.05,0.17742618918418884,0.050030138637733576,0.09599368462601145,0.045993684626011444,0.8294769317066331,0.6373235642710915,0.7208140385084084,11830,2432,22903,6732
0,pilot_tcn_wgan_gp_seed0,0.4,11,6636,0.05,0.17731249332427979,0.050030138637733576,0.09607262680086837,0.04607262680086836,0.8300398016898262,0.6403943540566749,0.7229875619621081,11887,2434,22901,6675
0,pilot_tcn_wgan_gp_seed0,0.4,12,6636,0.05,0.17767441272735596,0.050030138637733576,0.09587527136372608,0.04587527136372607,0.8281692133559706,0.6306971231548325,0.716068261055722,11707,2429,22906,6855
0,pilot_tcn_wgan_gp_seed0,0.4,13,6636,0.05,0.17740710079669952,0.050030138637733576,0.0960331557134399,0.0460331557134399,0.8295502311895755,0.637916172826204,0.7212206115239372,11841,2433,22902,6721
0,pilot_tcn_wgan_gp_seed0,0.4,14,6636,0.05,0.1774238646030426,0.050030138637733576,0.0960331557134399,0.0460331557134399,0.8294307347167695,0.6373774377761017,0.720831048559069,11831,2433,22902,6731
0,pilot_tcn_wgan_gp_seed0,0.4,15,6636,0.05,0.17708466947078705,0.050030138637733576,0.09607262680086837,0.04607262680086836,0.831101242106724,0.6452429695075962,0.7264731750219876,11977,2434,22901,6585
0,pilot_tcn_wgan_gp_seed0,0.4,16,6636,0.05,0.17709890007972717,0.050030138637733576,0.09607262680086837,0.04607262680086836,0.8310191613440711,0.6448658549725245,0.7262027543529697,11970,2434,22901,6592
0,pilot_tcn_wgan_gp_seed0,0.4,17,6636,0.05,0.17728742957115173,0.050030138637733576,0.09607262680086837,0.04607262680086836,0.8301820972580758,0.6410408361167977,0.7234534123727011,11899,2434,22901,6663
0,pilot_tcn_wgan_gp_seed0,0.4,18,6636,0.05,0.17739324271678925,0.050030138637733576,0.0960331557134399,0.0460331557134399,0.8295979829107718,0.638131666846245,0.7213763702801461,11845,2433,22902,6717
0,pilot_tcn_wgan_gp_seed0,0.4,19,6636,0.05,0.17768201231956482,0.050030138637733576,0.09587527136372608,0.04587527136372607,0.828132738979693,0.6305355026398017,0.715950451139318,11704,2429,22906,6858
0,pilot_tcn_wgan_gp_seed0,1.0,0,16591,0.05,0.1773054003715515,0.05002712313905129,0.09607262680086837,0.04607262680086836,0.8300753979335381,0.6405559745717057,0.7231040564373898,11890,2434,22901,6672
0,pilot_tcn_wgan_gp_seed0,1.0,1,16591,0.05,0.1773054003715515,0.05002712313905129,0.09607262680086837,0.04607262680086836,0.8300753979335381,0.6405559745717057,0.7231040564373898,11890,2434,22901,6672
0,pilot_tcn_wgan_gp_seed0,1.0,2,16591,0.05,0.1773054003715515,0.05002712313905129,0.09607262680086837,0.04607262680086836,0.8300753979335381,0.6405559745717057,0.7231040564373898,11890,2434,22901,6672
0,pilot_tcn_wgan_gp_seed0,1.0,3,16591,0.05,0.1773054003715515,0.05002712313905129,0.09607262680086837,0.04607262680086836,0.8300753979335381,0.6405559745717057,0.7231040564373898,11890,2434,22901,6672
0,pilot_tcn_wgan_gp_seed0,1.0,4,16591,0.05,0.1773054003715515,0.05002712313905129,0.09607262680086837,0.04607262680086836,0.8300753979335381,0.6405559745717057,0.7231040564373898,11890,2434,22901,6672
0,pilot_tcn_wgan_gp_seed0,1.0,5,16591,0.05,0.1773054003715515,0.05002712313905129,0.09607262680086837,0.04607262680086836,0.8300753979335381,0.6405559745717057,0.7231040564373898,11890,2434,22901,6672
0,pilot_tcn_wgan_gp_seed0,1.0,6,16591,0.05,0.1773054003715515,0.05002712313905129,0.09607262680086837,0.04607262680086836,0.8300753979335381,0.6405559745717057,0.7231040564373898,11890,2434,22901,6672
0,pilot_tcn_wgan_gp_seed0,1.0,7,16591,0.05,0.1773054003715515,0.05002712313905129,0.09607262680086837,0.04607262680086836,0.8300753979335381,0.6405559745717057,0.7231040564373898,11890,2434,22901,6672
0,pilot_tcn_wgan_gp_seed0,1.0,8,16591,0.05,0.1773054003715515,0.05002712313905129,0.09607262680086837,0.04607262680086836,0.8300753979335381,0.6405559745717057,0.7231040564373898,11890,2434,22901,6672
0,pilot_tcn_wgan_gp_seed0,1.0,9,16591,0.05,0.1773054003715515,0.05002712313905129,0.09607262680086837,0.04607262680086836,0.8300753979335381,0.6405559745717057,0.7231040564373898,11890,2434,22901,6672
0,pilot_tcn_wgan_gp_seed0,1.0,10,16591,0.05,0.1773054003715515,0.05002712313905129,0.09607262680086837,0.04607262680086836,0.8300753979335381,0.6405559745717057,0.7231040564373898,11890,2434,22901,6672
0,pilot_tcn_wgan_gp_seed0,1.0,11,16591,0.05,0.1773054003715515,0.05002712313905129,0.09607262680086837,0.04607262680086836,0.8300753979335381,0.6405559745717057,0.7231040564373898,11890,2434,22901,6672
0,pilot_tcn_wgan_gp_seed0,1.0,12,16591,0.05,0.1773054003715515,0.05002712313905129,0.09607262680086837,0.04607262680086836,0.8300753979335381,0.6405559745717057,0.7231040564373898,11890,2434,22901,6672
0,pilot_tcn_wgan_gp_seed0,1.0,13,16591,0.05,0.1773054003715515,0.05002712313905129,0.09607262680086837,0.04607262680086836,0.8300753979335381,0.6405559745717057,0.7231040564373898,11890,2434,22901,6672
0,pilot_tcn_wgan_gp_seed0,1.0,14,16591,0.05,0.1773054003715515,0.05002712313905129,0.09607262680086837,0.04607262680086836,0.8300753979335381,0.6405559745717057,0.7231040564373898,11890,2434,22901,6672
0,pilot_tcn_wgan_gp_seed0,1.0,15,16591,0.05,0.1773054003715515,0.05002712313905129,0.09607262680086837,0.04607262680086836,0.8300753979335381,0.6405559745717057,0.7231040564373898,11890,2434,22901,6672
0,pilot_tcn_wgan_gp_seed0,1.0,16,16591,0.05,0.1773054003715515,0.05002712313905129,0.09607262680086837,0.04607262680086836,0.8300753979335381,0.6405559745717057,0.7231040564373898,11890,2434,22901,6672
0,pilot_tcn_wgan_gp_seed0,1.0,17,16591,0.05,0.1773054003715515,0.05002712313905129,0.09607262680086837,0.04607262680086836,0.8300753979335381,0.6405559745717057,0.7231040564373898,11890,2434,22901,6672
0,pilot_tcn_wgan_gp_seed0,1.0,18,16591,0.05,0.1773054003715515,0.05002712313905129,0.09607262680086837,0.04607262680086836,0.8300753979335381,0.6405559745717057,0.7231040564373898,11890,2434,22901,6672
0,pilot_tcn_wgan_gp_seed0,1.0,19,16591,0.05,0.1773054003715515,0.05002712313905129,0.09607262680086837,0.04607262680086836,0.8300753979335381,0.6405559745717057,0.7231040564373898,11890,2434,22901,6672
0,pilot_tcn_wgan_gp_seed0,0.05,0,830,0.1,0.16810794174671173,0.1,0.0982435366094336,0.0017564633905664123,0.8558522036254126,0.7961426570412671,0.8249183622205476,14778,2489,22846,3784
0,pilot_tcn_wgan_gp_seed0,0.05,1,830,0.1,0.17046400904655457,0.1,0.09776988356029209,0.002230116439707913,0.852515629651682,0.7713608447365585,0.8099103430720932,14318,2477,22858,4244
0,pilot_tcn_wgan_gp_seed0,0.05,2,830,0.1,0.16365309059619904,0.1,0.09962502466942964,0.00037497533057036236,0.8594106834512337,0.8312143088029307,0.8450773654662467,15429,2524,22811,3133
0,pilot_tcn_wgan_gp_seed0,0.05,3,830,0.1,0.16786709427833557,0.1,0.09836194987171896,0.0016380501282810406,0.8560951665992955,0.7986747117767482,0.8263886953371052,14825,2492,22843,3737
0,pilot_tcn_wgan_gp_seed0,0.05,4,830,0.1,0.16398829221725464,0.1,0.09954608249457272,0.0004539175054272815,0.8591061452513966,0.8284667600474087,0.8435083100213921,15378,2522,22813,3184
0,pilot_tcn_wgan_gp_seed0,0.05,5,830,0.1,0.1674981713294983,0.1,0.09863824748371817,0.0013617525162818306,0.8562140391254315,0.8016916280573214,0.8280563129486394,14881,2499,22836,3681
0,pilot_tcn_wgan_gp_seed0,0.05,6,830,0.1,0.16954322159290314,0.1,0.09800671008486284,0.0019932899151371697,0.8539755351681957,0.7822971662536364,0.8165663836248102,14521,2483,22852,4041
0,pilot_tcn_wgan_gp_seed0,0.05,7,830,0.1,0.16944783926010132,0.1,0.09800671008486284,0.0019932899151371697,0.8541299494771473,0.7832668893438207,0.8171650179856115,14539,2483,22852,4023
0,pilot_tcn_wgan_gp_seed0,0.05,8,830,0.1,0.17200008034706116,0.1,0.09733570159857904,0.0026642984014209614,0.8493677844969764,0.7491110871673311,0.7960953825895286,13905,2466,22869,4657
0,pilot_tcn_wgan_gp_seed0,0.05,9,830,0.1,0.16482043266296387,0.1,0.0994671403197158,0.0005328596802842006,0.8584826191946987,0.8235642710914772,0.8406610025021308,15287,2520,22815,3275
0,pilot_tcn_wgan_gp_seed0,0.05,10,830,0.1,0.17130117118358612,0.1,0.09753305703572134,0.0024669429642786705,0.8509650180940893,0.7601012821894192,0.8029708041659553,14109,2471,22864,4453
0,pilot_tcn_wgan_gp_seed0,0.05,11,830,0.1,0.17108303308486938,0.1,0.09769094138543517,0.0023090586145648323,0.8512530801129876,0.7630643249649822,0.8047498650606517,14164,2475,22860,4398
0,pilot_tcn_wgan_gp_seed0,0.05,12,830,0.1,0.16831927001476288,0.1,0.0982435366094336,0.0017564633905664123,0.8554755545232842,0.7937183493158065,0.8234406438631792,14733,2489,22846,3829
0,pilot_tcn_wgan_gp_seed0,0.05,13,830,0.1,0.16110804677009583,0.1,0.10037497533057035,0.0003749753305703485,0.8601902248611798,0.8429048593901519,0.85145982422247,15646,2543,22792,2916
0,pilot_tcn_wgan_gp_seed0,0.05,14,830,0.1,0.16464847326278687,0.1,0.0994671403197158,0.0005328596802842006,0.8586889474569618,0.8249649822217433,0.8414892155515866,15313,2520,22815,3249
0,pilot_tcn_wgan_gp_seed0,0.05,15,830,0.1,0.16997867822647095,0.1,0.09780935464772054,0.0021906453522794606,0.8534768211920529,0.7776101713177459,0.8137791058239837,14434,2478,22857,4128
0,pilot_tcn_wgan_gp_seed0,0.05,16,830,0.1,0.167228564620018,0.1,0.09879613183343201,0.0012038681665679923,0.8564875867209449,0.8047624178429048,0.8298197372441186,14938,2503,22832,3624
0,pilot_tcn_wgan_gp_seed0,0.05,17,830,0.1,0.16817177832126617,0.1,0.0982435366094336,0.0017564633905664123,0.8557352344519794,0.7953884279711237,0.8244590255479548,14764,2489,22846,3798
0,pilot_tcn_wgan_gp_seed0,0.05,18,830,0.1,0.1649254560470581,0.1,0.09942766923228735,0.0005723307677126532,0.8584672435105068,0.8231332830513953,0.8404290429042905,15279,2519,22816,3283
0,pilot_tcn_wgan_gp_seed0,0.05,19,830,0.1,0.1668906807899475,0.1,0.09887507400828893,0.0011249259917110732,0.8568080484737625,0.8075099665984269,0.8314288883958287,14989,2505,22830,3573
0,pilot_tcn_wgan_gp_seed0,0.1,0,1659,0.1,0.1717531681060791,0.10006027727546715,0.09749358594829288,0.002506414051707123,0.8497201265514723,0.7523973709729554,0.7981027487284987,13966,2470,22865,4596
0,pilot_tcn_wgan_gp_seed0,0.1,1,1659,0.1,0.17135421931743622,0.10006027727546715,0.09753305703572134,0.0024669429642786705,0.8508660752006759,0.7595086736343066,0.8025959978366684,14098,2471,22864,4464
0,pilot_tcn_wgan_gp_seed0,0.1,2,1659,0.1,0.16909706592559814,0.10006027727546715,0.0980461811722913,0.001953818827708703,0.8545326774420239,0.7861221851093633,0.8189011729053257,14592,2484,22851,3970
0,pilot_tcn_wgan_gp_seed0,0.1,3,1659,0.1,0.16959074139595032,0.10006027727546715,0.09800671008486284,0.0019932899151371697,0.8538810098275761,0.7817045576985239,0.8162002531289552,14510,2483,22852,4052
0,pilot_tcn_wgan_gp_seed0,0.1,4,1659,0.1,0.1695021241903305,0.10006027727546715,0.09800671008486284,0.0019932899151371697,0.8540270429159318,0.7826204072836979,0.8167659957269763,14527,2483,22852,4035
0,pilot_tcn_wgan_gp_seed0,0.1,5,1659,0.1,0.16811881959438324,0.10006027727546715,0.0982435366094336,0.0017564633905664123,0.8558438549750955,0.7960887835362569,0.824885564363068,14777,2489,22846,3785
0,pilot_tcn_wgan_gp_seed0,0.1,6,1659,0.1,0.16707035899162292,0.10006027727546715,0.09883560292086047,0.0011643970791395397,0.8566767786617824,0.8063247494882017,0.8307384897177587,14967,2504,22831,3595
0,pilot_tcn_wgan_gp_seed0,0.1,7,1659,0.1,0.1666610687971115,0.10006027727546715,0.0989934872705743,0.0010065127294257015,0.8570206943731828,0.8098804008188772,0.832783979170706,15033,2508,22827,3529
0,pilot_tcn_wgan_gp_seed0,0.1,8,1659,0.1,0.16827529668807983,0.10006027727546715,0.0982435366094336,0.0017564633905664123,0.8555594243268339,0.7942570843659088,0.8237693468179025,14743,2489,22846,3819
0,pilot_tcn_wgan_gp_seed0,0.1,9,1659,0.1,0.16650867462158203,0.10006027727546715,0.09903295835800276,0.0009670416419972488,0.8571591232564759,0.8111194914341127,0.8335040274586875,15056,2509,22826,3506
0,pilot_tcn_wgan_gp_seed0,0.1,10,1659,0.1,0.16927027702331543,0.10006027727546715,0.0980461811722913,0.001953818827708703,0.854336480384683,0.7848830944941277,0.8181384248210024,14569,2484,22851,3993
0,pilot_tcn_wgan_gp_seed0,0.1,11,1659,0.1,0.16792146861553192,0.10006027727546715,0.09836194987171896,0.0016380501282810406,0.8560036981393736,0.7980821032216356,0.8260287721646035,14814,2492,22843,3748
0,pilot_tcn_wgan_gp_seed0,0.1,12,1659,0.1,0.1689731925725937,0.10006027727546715,0.09808565225971975,0.0019143477402802506,0.8546443612540945,0.7871457817045577,0.8195075438891692,14611,2485,22850,3951
0,pilot_tcn_wgan_gp_seed0,0.1,13,1659,0.1,0.17006506025791168,0.10006027727546715,0.09780935464772054,0.0021906453522794606,0.8532251377124919,0.7760478396724491,0.8128085766680774,14405,2478,22857,4157
0,pilot_tcn_wgan_gp_seed0,0.1,14,1659,0.1,0.16734254360198975,0.10006027727546715,0.0987171896585751,0.0012828103414249115,0.8563634275212497,0.8033078332076284,0.8289876021571135,14911,2501,22834,3651
0,pilot_tcn_wgan_gp_seed0,0.1,15,1659,0.1,0.16678112745285034,0.10006027727546715,0.09891454509571738,0.0010854549042826206,0.8569144684252598,0.8085335631936214,0.8320212883911742,15008,2506,22829,3554
0,pilot_tcn_wgan_gp_seed0,0.1,16,1659,0.1,0.17266130447387695,0.10006027727546715,0.09721728833629366,0.002782711663706347,0.8476054943695087,0.7380131451352225,0.7890220020734939,13699,2463,22872,4863
0,pilot_tcn_wgan_gp_seed0,0.1,17,1659,0.1,0.16472133994102478,0.10006027727546715,0.0994671403197158,0.0005328596802842006,0.8585858585858586,0.8242646266566103,0.8410752569952175,15300,2520,22815,3262
0,pilot_tcn_wgan_gp_seed0,0.1,18,1659,0.1,0.1652812361717224,0.10006027727546715,0.09926978488257351,0.0007302151174264915,0.8583338027375654,0.8209244693459756,0.8392124466473909,15238,2515,22820,3324
0,pilot_tcn_wgan_gp_seed0,0.1,19,1659,0.1,0.1711300015449524,0.10006027727546715,0.0976514702980067,0.002348529701993299,0.8511700655717981,0.7622562223898287,0.8042631803325281,14149,2474,22861,4413
0,pilot_tcn_wgan_gp_seed0,0.2,0,3318,0.1,0.16963666677474976,0.10006027727546715,0.09796723899743438,0.0020327610025656223,0.8538538538538538,0.7812196961534318,0.8159234772823182,14501,2482,22853,4061
0,pilot_tcn_wgan_gp_seed0,0.2,1,3318,0.1,0.16941186785697937,0.10006027727546715,0.09800671008486284,0.0019932899151371697,0.854189911327735,0.7836440038788923,0.8173976567109662,14546,2483,22852,4016
0,pilot_tcn_wgan_gp_seed0,0.2,2,3318,0.1,0.16827942430973053,0.10006027727546715,0.0982435366094336,0.0017564633905664123,0.8555510417271197,0.7942032108608986,0.8237364847875284,14742,2489,22846,3820
0,pilot_tcn_wgan_gp_seed0,0.2,3,3318,0.1,0.1686367690563202,0.10006027727546715,0.09812512334714821,0.001874876652851798,0.8551872779169336,0.7909169270552742,0.821797419463181,14681,2486,22849,3881
0,pilot_tcn_wgan_gp_seed0,0.2,4,3318,0.1,0.16979239881038666,0.10006027727546715,0.09788829682257746,0.0021117031774225414,0.8537304629902683,0.7798189850231656,0.8151026269110567,14475,2480,22855,4087
0,pilot_tcn_wgan_gp_seed0,0.2,5,3318,0.1,0.16957798600196838,0.10006027727546715,0.09800671008486284,0.0019932899151371697,0.8539325842696629,0.7820277987285853,0.8163999887517224,14516,2483,22852,4046
0,pilot_tcn_wgan_gp_seed0,0.2,6,3318,0.1,0.17064200341701508,0.10006027727546715,0.09776988356029209,0.002230116439707913,0.8522164548654615,0.7695291455662105,0.808764827449537,14284,2477,22858,4278
0,pilot_tcn_wgan_gp_seed0,0.2,7,3318,0.1,0.1692388653755188,0.10006027727546715,0.0980461811722913,0.001953818827708703,0.8543706396200973,0.7850985885141687,0.81827114742132,14573,2484,22851,3989
0,pilot_tcn_wgan_gp_seed0,0.2,8,3318,0.1,0.16940099000930786,0.10006027727546715,0.09800671008486284,0.0019932899151371697,0.8542155941756693,0.7838056243939231,0.8174973310108445,14549,2483,22852,4013
0,pilot_tcn_wgan_gp_seed0,0.2,9,3318,0.1,0.16975770890712738,0.10006027727546715,0.09792776791000592,0.002072232089994089,0.8536973699728742,0.7799267320331861,0.8151463963963963,14477,2481,22854,4085
0,pilot_tcn_wgan_gp_seed0,0.2,10,3318,0.1,0.1692579686641693,0.10006027727546715,0.0980461811722913,0.001953818827708703,0.8543450216957899,0.784936967999138,0.8181716082659479,14570,2484,22851,3992
0,pilot_tcn_wgan_gp_seed0,0.2,11,3318,0.1,0.17069178819656372,0.10006027727546715,0.09776988356029209,0.002230116439707913,0.852110573765598,0.7688826635060877,0.8083600011327915,14272,2477,22858,4290
0,pilot_tcn_wgan_gp_seed0,0.2,12,3318,0.1,0.16826021671295166,0.10006027727546715,0.0982435366094336,0.0017564633905664123,0.8555678059536935,0.7943109578709191,0.8238022070121526,14744,2489,22846,3818
0,pilot_tcn_wgan_gp_seed0,0.2,13,3318,0.1,0.1672675609588623,0.10006027727546715,0.09875666074600355,0.0012433392539964588,0.8564873236205116,0.8044391768128435,0.8296477386376264,14932,2502,22833,3630
0,pilot_tcn_wgan_gp_seed0,0.2,14,3318,0.1,0.17189770936965942,0.10006027727546715,0.09741464377343596,0.0025853562265640423,0.8494479350942475,0.7501885572675359,0.796738663996567,13925,2468,22867,4637
0,pilot_tcn_wgan_gp_seed0,0.2,15,3318,0.1,0.17006587982177734,0.10006027727546715,0.09780935464772054,0.0021906453522794606,0.8532164435493425,0.7759939661674389,0.8127750818192078,14404,2478,22857,4158
0,pilot_tcn_wgan_gp_seed0,0.2,16,3318,0.1,0.16840146481990814,0.10006027727546715,0.09820406552200513,0.0017959344779948788,0.8554328878558978,0.7931257407606939,0.8231018673823102,14722,2488,22847,3840
0,pilot_tcn_wgan_gp_seed0,0.2,17,3318,0.1,0.16732527315616608,0.10006027727546715,0.0987171896585751,0.0012828103414249115,0.8564046621117299,0.8035772007326797,0.8291503376969899,14916,2501,22834,3646
0,pilot_tcn_wgan_gp_seed0,0.2,18,3318,0.1,0.16952328383922577,0.10006027727546715,0.09800671008486284,0.0019932899151371697,0.8540098777046096,0.7825126602736774,0.8166994658420016,14525,2483,22852,4037
0,pilot_tcn_wgan_gp_seed0,0.2,19,3318,0.1,0.16599999368190765,0.10006027727546715,0.0991908427077166,0.0008091572922834106,0.8576365284387039,0.8155909923499622,0.8360854917987518,15139,2513,22822,3423
0,pilot_tcn_wgan_gp_seed0,0.4,0,6636,0.1,0.16941490769386292,0.10006027727546715,0.09800671008486284,0.0019932899151371697,0.854189911327735,0.7836440038788923,0.8173976567109662,14546,2483,22852,4016
0,pilot_tcn_wgan_gp_seed0,0.4,1,6636,0.1,0.1693013608455658,0.10006027727546715,0.09800671008486284,0.0019932899151371697,0.8543524167057719,0.7846676004740868,0.8180286436394271,14565,2483,22852,3997
0,pilot_tcn_wgan_gp_seed0,0.4,2,6636,0.1,0.1689082682132721,0.10006027727546715,0.09808565225971975,0.0019143477402802506,0.8547548074113039,0.7878461372696908,0.8199377645706597,14624,2485,22850,3938
0,pilot_tcn_wgan_gp_seed0,0.4,3,6636,0.1,0.16897542774677277,0.10006027727546715,0.09808565225971975,0.0019143477402802506,0.8546443612540945,0.7871457817045577,0.8195075438891692,14611,2485,22850,3951
0,pilot_tcn_wgan_gp_seed0,0.4,4,6636,0.1,0.16820195317268372,0.10006027727546715,0.0982435366094336,0.0017564633905664123,0.8556766786501218,0.7950113134360521,0.8242292225201072,14757,2489,22846,3805
0,pilot_tcn_wgan_gp_seed0,0.4,5,6636,0.1,0.16899314522743225,0.10006027727546715,0.09808565225971975,0.0019143477402802506,0.8546188498215643,0.786984161189527,0.8194082176412845,14608,2485,22850,3954
0,pilot_tcn_wgan_gp_seed0,0.4,6,6636,0.1,0.1693086326122284,0.10006027727546715,0.09800671008486284,0.0019932899151371697,0.8543524167057719,0.7846676004740868,0.8180286436394271,14565,2483,22852,3997
0,pilot_tcn_wgan_gp_seed0,0.4,7,6636,0.1,0.16927936673164368,0.10006027727546715,0.09800671008486284,0.0019932899151371697,0.8543695014662757,0.7847753474841073,0.8180950241491632,14567,2483,22852,3995
0,pilot_tcn_wgan_gp_seed0,0.4,8,6636,0.1,0.16899055242538452,0.10006027727546715,0.09808565225971975,0.0019143477402802506,0.8546188498215643,0.786984161189527,0.8194082176412845,14608,2485,22850,3954
0,pilot_tcn_wgan_gp_seed0,0.4,9,6636,0.1,0.16835278272628784,0.10006027727546715,0.0982435366094336,0.0017564633905664123,0.8554167876851583,0.7933412347807348,0.8232104424630349,14726,2489,22846,3836
0,pilot_tcn_wgan_gp_seed0,0.4,10,6636,0.1,0.16919071972370148,0.10006027727546715,0.0980461811722913,0.001953818827708703,0.8544389100498095,0.7855295765542506,0.8185365032138546,14581,2484,22851,3981
0,pilot_tcn_wgan_gp_seed0,0.4,11,6636,0.1,0.16874292492866516,0.10006027727546715,0.09812512334714821,0.001874876652851798,0.8549760821374403,0.7895700894300183,0.8209724400627381,14656,2486,22849,3906
0,pilot_tcn_wgan_gp_seed0,0.4,12,6636,0.1,0.1700434535741806,0.10006027727546715,0.09780935464772054,0.0021906453522794606,0.8532599040682182,0.77626333369249,0.8129425371660695,14409,2478,22857,4153
0,pilot_tcn_wgan_gp_seed0,0.4,13,6636,0.1,0.1696731448173523,0.10006027727546715,0.09796723899743438,0.0020327610025656223,0.8538108139945813,0.7809503286283805,0.8157568936409679,14496,2482,22853,4066
0,pilot_tcn_wgan_gp_seed0,0.4,14,6636,0.1,0.1692478358745575,0.10006027727546715,0.0980461811722913,0.001953818827708703,0.854353562005277,0.7849908415041482,0.8182047898475446,14571,2484,22851,3991
0,pilot_tcn_wgan_gp_seed0,0.4,15,6636,0.1,0.1683655083179474,0.10006027727546715,0.0982435366094336,0.0017564633905664123,0.8554167876851583,0.7933412347807348,0.8232104424630349,14726,2489,22846,3836
0,pilot_tcn_wgan_gp_seed0,0.4,16,6636,0.1,0.16859368979930878,0.10006027727546715,0.09812512334714821,0.001874876652851798,0.8552715840950108,0.7914556621053765,0.8221270880550658,14691,2486,22849,3871
0,pilot_tcn_wgan_gp_seed0,0.4,17,6636,0.1,0.16953995823860168,0.10006027727546715,0.09800671008486284,0.0019932899151371697,0.8540012935849944,0.7824587867686672,0.8166661980938459,14524,2483,22852,4038
0,pilot_tcn_wgan_gp_seed0,0.4,18,6636,0.1,0.16953140497207642,0.10006027727546715,0.09800671008486284,0.0019932899151371697,0.8540012935849944,0.7824587867686672,0.8166661980938459,14524,2483,22852,4038
0,pilot_tcn_wgan_gp_seed0,0.4,19,6636,0.1,0.16887208819389343,0.10006027727546715,0.09808565225971975,0.0019143477402802506,0.8548311718658722,0.7883309988147829,0.8202354260089685,14633,2485,22850,3929
0,pilot_tcn_wgan_gp_seed0,1.0,0,16591,0.1,0.16919629275798798,0.10005424627810258,0.0980461811722913,0.001953818827708703,0.8544133161411324,0.7853679560392199,0.8184370087581407,14578,2484,22851,3984
0,pilot_tcn_wgan_gp_seed0,1.0,1,16591,0.1,0.16919629275798798,0.10005424627810258,0.0980461811722913,0.001953818827708703,0.8544133161411324,0.7853679560392199,0.8184370087581407,14578,2484,22851,3984
0,pilot_tcn_wgan_gp_seed0,1.0,2,16591,0.1,0.16919629275798798,0.10005424627810258,0.0980461811722913,0.001953818827708703,0.8544133161411324,0.7853679560392199,0.8184370087581407,14578,2484,22851,3984
0,pilot_tcn_wgan_gp_seed0,1.0,3,16591,0.1,0.16919629275798798,0.10005424627810258,0.0980461811722913,0.001953818827708703,0.8544133161411324,0.7853679560392199,0.8184370087581407,14578,2484,22851,3984
0,pilot_tcn_wgan_gp_seed0,1.0,4,16591,0.1,0.16919629275798798,0.10005424627810258,0.0980461811722913,0.001953818827708703,0.8544133161411324,0.7853679560392199,0.8184370087581407,14578,2484,22851,3984
0,pilot_tcn_wgan_gp_seed0,1.0,5,16591,0.1,0.16919629275798798,0.10005424627810258,0.0980461811722913,0.001953818827708703,0.8544133161411324,0.7853679560392199,0.8184370087581407,14578,2484,22851,3984
0,pilot_tcn_wgan_gp_seed0,1.0,6,16591,0.1,0.16919629275798798,0.10005424627810258,0.0980461811722913,0.001953818827708703,0.8544133161411324,0.7853679560392199,0.8184370087581407,14578,2484,22851,3984
0,pilot_tcn_wgan_gp_seed0,1.0,7,16591,0.1,0.16919629275798798,0.10005424627810258,0.0980461811722913,0.001953818827708703,0.8544133161411324,0.7853679560392199,0.8184370087581407,14578,2484,22851,3984
0,pilot_tcn_wgan_gp_seed0,1.0,8,16591,0.1,0.16919629275798798,0.10005424627810258,0.0980461811722913,0.001953818827708703,0.8544133161411324,0.7853679560392199,0.8184370087581407,14578,2484,22851,3984
0,pilot_tcn_wgan_gp_seed0,1.0,9,16591,0.1,0.16919629275798798,0.10005424627810258,0.0980461811722913,0.001953818827708703,0.8544133161411324,0.7853679560392199,0.8184370087581407,14578,2484,22851,3984
0,pilot_tcn_wgan_gp_seed0,1.0,10,16591,0.1,0.16919629275798798,0.10005424627810258,0.0980461811722913,0.001953818827708703,0.8544133161411324,0.7853679560392199,0.8184370087581407,14578,2484,22851,3984
0,pilot_tcn_wgan_gp_seed0,1.0,11,16591,0.1,0.16919629275798798,0.10005424627810258,0.0980461811722913,0.001953818827708703,0.8544133161411324,0.7853679560392199,0.8184370087581407,14578,2484,22851,3984
0,pilot_tcn_wgan_gp_seed0,1.0,12,16591,0.1,0.16919629275798798,0.10005424627810258,0.0980461811722913,0.001953818827708703,0.8544133161411324,0.7853679560392199,0.8184370087581407,14578,2484,22851,3984
0,pilot_tcn_wgan_gp_seed0,1.0,13,16591,0.1,0.16919629275798798,0.10005424627810258,0.0980461811722913,0.001953818827708703,0.8544133161411324,0.7853679560392199,0.8184370087581407,14578,2484,22851,3984
0,pilot_tcn_wgan_gp_seed0,1.0,14,16591,0.1,0.16919629275798798,0.10005424627810258,0.0980461811722913,0.001953818827708703,0.8544133161411324,0.7853679560392199,0.8184370087581407,14578,2484,22851,3984
0,pilot_tcn_wgan_gp_seed0,1.0,15,16591,0.1,0.16919629275798798,0.10005424627810258,0.0980461811722913,0.001953818827708703,0.8544133161411324,0.7853679560392199,0.8184370087581407,14578,2484,22851,3984
0,pilot_tcn_wgan_gp_seed0,1.0,16,16591,0.1,0.16919629275798798,0.10005424627810258,0.0980461811722913,0.001953818827708703,0.8544133161411324,0.7853679560392199,0.8184370087581407,14578,2484,22851,3984
0,pilot_tcn_wgan_gp_seed0,1.0,17,16591,0.1,0.16919629275798798,0.10005424627810258,0.0980461811722913,0.001953818827708703,0.8544133161411324,0.7853679560392199,0.8184370087581407,14578,2484,22851,3984
0,pilot_tcn_wgan_gp_seed0,1.0,18,16591,0.1,0.16919629275798798,0.10005424627810258,0.0980461811722913,0.001953818827708703,0.8544133161411324,0.7853679560392199,0.8184370087581407,14578,2484,22851,3984
0,pilot_tcn_wgan_gp_seed0,1.0,19,16591,0.1,0.16919629275798798,0.10005424627810258,0.0980461811722913,0.001953818827708703,0.8544133161411324,0.7853679560392199,0.8184370087581407,14578,2484,22851,3984
0,pilot_tcn_wgan_gp_seed0,0.05,0,830,0.15,0.15402831137180328,0.15060240963855423,0.10258535622656405,0.04741464377343595,0.8604638677118007,0.8634306647990518,0.861944713348392,16027,2599,22736,2535
0,pilot_tcn_wgan_gp_seed0,0.05,1,830,0.15,0.15556837618350983,0.15060240963855423,0.10223011643970792,0.047769883560292076,0.8604751387168023,0.8605214955284991,0.8604983164983165,15973,2590,22745,2589
0,pilot_tcn_wgan_gp_seed0,0.05,2,830,0.15,0.1501464992761612,0.15060240963855423,0.10412472863627394,0.04587527136372606,0.859576280208666,0.8699493589052903,0.8647317125415016,16148,2638,22697,2414
0,pilot_tcn_wgan_gp_seed0,0.05,3,830,0.15,0.15677231550216675,0.15060240963855423,0.10179593447799487,0.048204065522005124,0.8605116555789929,0.8571274647128542,0.8588162262826915,15910,2579,22756,2652
0,pilot_tcn_wgan_gp_seed0,0.05,4,830,0.15,0.1532999724149704,0.15060240963855423,0.10282218275113479,0.0471778172488652,0.8604115314542922,0.8650468699493589,0.8627229744251022,16057,2605,22730,2505
0,pilot_tcn_wgan_gp_seed0,0.05,5,830,0.15,0.15749534964561462,0.15060240963855423,0.10155910795342411,0.04844089204657588,0.8604890744455891,0.8549725245124448,0.8577219294689907,15870,2573,22762,2692
0,pilot_tcn_wgan_gp_seed0,0.05,6,830,0.15,0.15555138885974884,0.15060240963855423,0.10226958752713637,0.04773041247286362,0.8604287868993752,0.8605214955284991,0.8604751387168023,15973,2591,22744,2589
0,pilot_tcn_wgan_gp_seed0,0.05,7,830,0.15,0.15557394921779633,0.15060240963855423,0.10223011643970792,0.047769883560292076,0.8604751387168023,0.8605214955284991,0.8604983164983165,15973,2590,22745,2589
0,pilot_tcn_wgan_gp_seed0,0.05,8,830,0.15,0.1581023931503296,0.15060240963855423,0.1012828103414249,0.04871718965857509,0.8606116573415178,0.8535179398771684,0.85705012036461,15843,2566,22769,2719
0,pilot_tcn_wgan_gp_seed0,0.05,9,830,0.15,0.14888304471969604,0.15060240963855423,0.1044404973357016,0.045559502664298396,0.8594198278610137,0.871457817045577,0.8653969612668521,16176,2646,22689,2386
0,pilot_tcn_wgan_gp_seed0,0.05,10,830,0.15,0.15891075134277344,0.15060240963855423,0.1010065127294257,0.0489934872705743,0.8605449591280654,0.8507165176166361,0.8556025140875596,15791,2559,22776,2771
0,pilot_tcn_wgan_gp_seed0,0.05,11,830,0.15,0.1555129587650299,0.15060240963855423,0.10226958752713637,0.04773041247286362,0.8604438220402887,0.8606292425385196,0.8605365223012282,15975,2591,22744,2587
0,pilot_tcn_wgan_gp_seed0,0.05,12,830,0.15,0.15437045693397522,0.15060240963855423,0.10258535622656405,0.04741464377343595,0.8603514050830154,0.8626225622238983,0.8614854867780379,16012,2599,22736,2550
0,pilot_tcn_wgan_gp_seed0,0.05,13,830,0.15,0.14783670008182526,0.15060240963855423,0.1049141503848431,0.045085849615156895,0.8590518612790328,0.8727507811658226,0.8658471405665419,16200,2658,22677,2362
0,pilot_tcn_wgan_gp_seed0,0.05,14,830,0.15,0.15101754665374756,0.15060240963855423,0.10380895993684626,0.046191040063153735,0.8597408138232627,0.868494774270014,0.8640956235092326,16121,2630,22705,2441
0,pilot_tcn_wgan_gp_seed0,0.05,15,830,0.15,0.15879185497760773,0.15060240963855423,0.1010065127294257,0.0489934872705743,0.8606360962858076,0.851362999676759,0.8559744339724841,15803,2559,22776,2759
0,pilot_tcn_wgan_gp_seed0,0.05,16,830,0.15,0.15702013671398163,0.15060240963855423,0.1016775212157095,0.048322478784290496,0.86057588222559,0.8565887296627519,0.8585776769803986,15900,2576,22759,2662
0,pilot_tcn_wgan_gp_seed0,0.05,17,830,0.15,0.15383486449718475,0.15060240963855423,0.1026248273139925,0.047375172686007494,0.8604476410283936,0.8636461588190928,0.8620439329981449,16031,2600,22735,2531
0,pilot_tcn_wgan_gp_seed0,0.05,18,830,0.15,0.15196610987186432,0.15060240963855423,0.10345372014999013,0.046546279850009864,0.8600192266609699,0.8675250511798298,0.8637558332886338,16103,2621,22714,2459
0,pilot_tcn_wgan_gp_seed0,0.05,19,830,0.15,0.14975060522556305,0.15060240963855423,0.10420367081113084,0.04579632918886915,0.8595296371182293,0.8702725999353518,0.8648677588606917,16154,2640,22695,2408
0,pilot_tcn_wgan_gp_seed0,0.1,0,1659,0.15,0.15976403653621674,0.15009041591320071,0.10073021511742648,0.04926978488257351,0.8605464480874317,0.848399956901196,0.8544300363517986,15748,2552,22783,2814
0,pilot_tcn_wgan_gp_seed0,0.1,1,1659,0.15,0.15813767910003662,0.15009041591320071,0.1012828103414249,0.04871718965857509,0.860596512196447,0.8534101928671479,0.8569882874841082,15841,2566,22769,2721
0,pilot_tcn_wgan_gp_seed0,0.1,2,1659,0.15,0.1553889662027359,0.15009041591320071,0.10230905861456484,0.04769094138543516,0.8604275483280384,0.8608447365585605,0.8606360918859236,15979,2592,22743,2583
0,pilot_tcn_wgan_gp_seed0,0.1,3,1659,0.15,0.1553419977426529,0.15009041591320071,0.10230905861456484,0.04769094138543516,0.8604275483280384,0.8608447365585605,0.8606360918859236,15979,2592,22743,2583
0,pilot_tcn_wgan_gp_seed0,0.1,4,1659,0.15,0.15580689907073975,0.15009041591320071,0.10211170317742253,0.04788829682257746,0.8605315650439377,0.8599288869733865,0.8602301204494626,15962,2587,22748,2600
0,pilot_tcn_wgan_gp_seed0,0.1,5,1659,0.15,0.15592066943645477,0.15009041591320071,0.10207223208999408,0.047927767910005914,0.8605253222587779,0.8595517724383148,0.8600382718378569,15955,2586,22749,2607
0,pilot_tcn_wgan_gp_seed0,0.1,6,1659,0.15,0.1520443707704544,0.15009041591320071,0.10345372014999013,0.046546279850009864,0.8600042730477513,0.8674173041698093,0.8636948825233345,16101,2621,22714,2461
0,pilot_tcn_wgan_gp_seed0,0.1,7,1659,0.15,0.15280160307884216,0.15009041591320071,0.10325636471284784,0.046743635287152155,0.8600620519952926,0.8661782135545738,0.8631092978312219,16078,2616,22719,2484
0,pilot_tcn_wgan_gp_seed0,0.1,8,1659,0.15,0.15565231442451477,0.15009041591320071,0.10223011643970792,0.047769883560292076,0.8604601045202306,0.8604137485184786,0.8604369258949978,15971,2590,22745,2591
0,pilot_tcn_wgan_gp_seed0,0.1,9,1659,0.15,0.15097862482070923,0.15009041591320071,0.10380895993684626,0.046191040063153735,0.8597408138232627,0.868494774270014,0.8640956235092326,16121,2630,22705,2441
0,pilot_tcn_wgan_gp_seed0,0.1,10,1659,0.15,0.15362894535064697,0.15009041591320071,0.10274324057627787,0.04725675942372212,0.8603840377601373,0.8641848938691952,0.862280277374617,16041,2603,22732,2521
0,pilot_tcn_wgan_gp_seed0,0.1,11,1659,0.15,0.1545831263065338,0.15009041591320071,0.10250641405170713,0.047493585948292866,0.8604063642227477,0.8623531946988471,0.8613786794381962,16007,2597,22738,2555
0,pilot_tcn_wgan_gp_seed0,0.1,12,1659,0.15,0.15626664459705353,0.15009041591320071,0.10199328991513716,0.04800671008486283,0.8604902278371667,0.8586359228531408,0.8595620752885342,15938,2584,22751,2624
0,pilot_tcn_wgan_gp_seed0,0.1,13,1659,0.15,0.1560240536928177,0.15009041591320071,0.10203276100256561,0.04796723899743438,0.8605416486836427,0.8593362784182739,0.8599385411612486,15951,2585,22750,2611
0,pilot_tcn_wgan_gp_seed0,0.1,14,1659,0.15,0.15362444519996643,0.15009041591320071,0.10274324057627787,0.04725675942372212,0.8603840377601373,0.8641848938691952,0.862280277374617,16041,2603,22732,2521
0,pilot_tcn_wgan_gp_seed0,0.1,15,1659,0.15,0.15177848935127258,0.15009041591320071,0.10353266232484705,0.046467337675152945,0.8599498104543756,0.8676866716948605,0.8638009171113674,16106,2623,22712,2456
0,pilot_tcn_wgan_gp_seed0,0.1,16,1659,0.15,0.15988598763942719,0.15009041591320071,0.10065127294256956,0.04934872705743043,0.860556679608465,0.8478073483460834,0.8541344405546962,15737,2550,22785,2825
0,pilot_tcn_wgan_gp_seed0,0.1,17,1659,0.15,0.15113131701946259,0.15009041591320071,0.10369054667456089,0.04630945332543911,0.8598634375333405,0.8683870272599935,0.8641042135734963,16119,2627,22708,2443
0,pilot_tcn_wgan_gp_seed0,0.1,18,1659,0.15,0.1526377946138382,0.15009041591320071,0.10325636471284784,0.046743635287152155,0.8600919884479623,0.8663937075746148,0.8632313472893182,16082,2616,22719,2480
0,pilot_tcn_wgan_gp_seed0,0.1,19,1659,0.15,0.15589338541030884,0.15009041591320071,0.10211170317742253,0.04788829682257746,0.8604864369303781,0.8596056459433251,0.8600458159277726,15956,2587,22748,2606
0,pilot_tcn_wgan_gp_seed0,0.2,0,3318,0.15,0.15527942776679993,0.15009041591320071,0.10234852970199329,0.047651470298006704,0.8604263106900635,0.861167977588622,0.8607969843834141,15985,2593,22742,2577
0,pilot_tcn_wgan_gp_seed0,0.2,1,3318,0.15,0.1559775322675705,0.15009041591320071,0.10203276100256561,0.04796723899743438,0.8605566943575359,0.8594440254282943,0.86,15953,2585,22750,2609
0,pilot_tcn_wgan_gp_seed0,0.2,2,3318,0.15,0.15493564307689667,0.15009041591320071,0.10238800078942174,0.04761199921057825,0.8604776247848537,0.861868333153755,0.8611724175055175,15998,2594,22741,2564
0,pilot_tcn_wgan_gp_seed0,0.2,3,3318,0.15,0.15535394847393036,0.15009041591320071,0.10230905861456484,0.04769094138543516,0.8604275483280384,0.8608447365585605,0.8606360918859236,15979,2592,22743,2583
0,pilot_tcn_wgan_gp_seed0,0.2,4,3318,0.15,0.15611304342746735,0.15009041591320071,0.10199328991513716,0.04800671008486283,0.8605504587155963,0.8590669108932227,0.8598080448614256,15946,2584,22751,2616
0,pilot_tcn_wgan_gp_seed0,0.2,5,3318,0.15,0.15488702058792114,0.15009041591320071,0.10238800078942174,0.04761199921057825,0.8604776247848537,0.861868333153755,0.8611724175055175,15998,2594,22741,2564
0,pilot_tcn_wgan_gp_seed0,0.2,6,3318,0.15,0.15798422694206238,0.15009041591320071,0.10144069469113874,0.04855930530886125,0.8604625909436421,0.8537873074022196,0.8571119524067062,15848,2570,22765,2714
0,pilot_tcn_wgan_gp_seed0,0.2,7,3318,0.15,0.1561698019504547,0.15009041591320071,0.10199328991513716,0.04800671008486283,0.8605278782317699,0.858905290378192,0.8597158187063549,15943,2584,22751,2619
0,pilot_tcn_wgan_gp_seed0,0.2,8,3318,0.15,0.15538904070854187,0.15009041591320071,0.10230905861456484,0.04769094138543516,0.8604275483280384,0.8608447365585605,0.8606360918859236,15979,2592,22743,2583
0,pilot_tcn_wgan_gp_seed0,0.2,9,3318,0.15,0.15703736245632172,0.15009041591320071,0.1016775212157095,0.048322478784290496,0.8605683355886333,0.8565348561577416,0.8585468585468585,15899,2576,22759,2663
0,pilot_tcn_wgan_gp_seed0,0.2,10,3318,0.15,0.1550423502922058,0.15009041591320071,0.10238800078942174,0.04761199921057825,0.8604551078594868,0.8617067126387242,0.8610804554386153,15995,2594,22741,2567
0,pilot_tcn_wgan_gp_seed0,0.2,11,3318,0.15,0.15740349888801575,0.15009041591320071,0.10159857904085258,0.048401420959147415,0.8604953661048181,0.8553496390475165,0.8579147866965662,15877,2574,22761,2685
0,pilot_tcn_wgan_gp_seed0,0.2,12,3318,0.15,0.1549506038427353,0.15009041591320071,0.10238800078942174,0.04761199921057825,0.8604701199505137,0.8618144596487447,0.8611417651333674,15997,2594,22741,2565
0,pilot_tcn_wgan_gp_seed0,0.2,13,3318,0.15,0.15136727690696716,0.15009041591320071,0.10369054667456089,0.04630945332543911,0.8598036076422244,0.8679560392199116,0.8638605898123324,16111,2627,22708,2451
0,pilot_tcn_wgan_gp_seed0,0.2,14,3318,0.15,0.1565682739019394,0.15009041591320071,0.10183540556542332,0.04816459443457667,0.86056315192131,0.8578278202779873,0.859193309051666,15923,2580,22755,2639
0,pilot_tcn_wgan_gp_seed0,0.2,15,3318,0.15,0.15508323907852173,0.15009041591320071,0.10234852970199329,0.047651470298006704,0.8604863876035725,0.8615989656287038,0.8610423172176159,15993,2593,22742,2569
0,pilot_tcn_wgan_gp_seed0,0.2,16,3318,0.15,0.15503717958927155,0.15009041591320071,0.10238800078942174,0.04761199921057825,0.8604551078594868,0.8617067126387242,0.8610804554386153,15995,2594,22741,2567
0,pilot_tcn_wgan_gp_seed0,0.2,17,3318,0.15,0.15393929183483124,0.15009041591320071,0.10258535622656405,0.04741464377343595,0.8604713587802653,0.863484538304062,0.8619753152814004,16028,2599,22736,2534
0,pilot_tcn_wgan_gp_seed0,0.2,18,3318,0.15,0.1563083380460739,0.15009041591320071,0.10195381882770871,0.048046181172291286,0.8604839580857729,0.8582588083180692,0.8593699428201532,15931,2583,22752,2631
0,pilot_tcn_wgan_gp_seed0,0.2,19,3318,0.15,0.15274222195148468,0.15009041591320071,0.10325636471284784,0.046743635287152155,0.8600770218228498,0.8662859605645943,0.863170325836062,16080,2616,22719,2482
0,pilot_tcn_wgan_gp_seed0,0.4,0,6636,0.15,0.15581271052360535,0.15009041591320071,0.10211170317742253,0.04788829682257746,0.8605315650439377,0.8599288869733865,0.8602301204494626,15962,2587,22748,2600
0,pilot_tcn_wgan_gp_seed0,0.4,1,6636,0.15,0.15555164217948914,0.15009041591320071,0.10226958752713637,0.04773041247286362,0.8604287868993752,0.8605214955284991,0.8604751387168023,15973,2591,22744,2589
0,pilot_tcn_wgan_gp_seed0,0.4,2,6636,0.15,0.1551562249660492,0.15009041591320071,0.10234852970199329,0.047651470298006704,0.8604788808178638,0.8615450921236936,0.8610116563921716,15992,2593,22742,2570
0,pilot_tcn_wgan_gp_seed0,0.4,3,6636,0.15,0.15559226274490356,0.15009041591320071,0.10223011643970792,0.047769883560292076,0.8604676220234888,0.8604676220234888,0.8604676220234888,15972,2590,22745,2590
0,pilot_tcn_wgan_gp_seed0,0.4,4,6636,0.15,0.1535596251487732,0.15009041591320071,0.10274324057627787,0.04725675942372212,0.8603915258782515,0.8642387673742054,0.8623108554841831,16042,2603,22732,2520
0,pilot_tcn_wgan_gp_seed0,0.4,5,6636,0.15,0.15391692519187927,0.15009041591320071,0.10258535622656405,0.04741464377343595,0.8604788490444493,0.8635384118090723,0.8620059155687013,16029,2599,22736,2533
0,pilot_tcn_wgan_gp_seed0,0.4,6,6636,0.15,0.15494348108768463,0.15009041591320071,0.10238800078942174,0.04761199921057825,0.8604776247848537,0.861868333153755,0.8611724175055175,15998,2594,22741,2564
0,pilot_tcn_wgan_gp_seed0,0.4,7,6636,0.15,0.1555403769016266,0.15009041591320071,0.10226958752713637,0.04773041247286362,0.8604287868993752,0.8605214955284991,0.8604751387168023,15973,2591,22744,2589
0,pilot_tcn_wgan_gp_seed0,0.4,8,6636,0.15,0.15493635833263397,0.15009041591320071,0.10238800078942174,0.04761199921057825,0.8604776247848537,0.861868333153755,0.8611724175055175,15998,2594,22741,2564
0,pilot_tcn_wgan_gp_seed0,0.4,9,6636,0.15,0.15472730994224548,0.15009041591320071,0.10250641405170713,0.047493585948292866,0.8603688370342492,0.862083827173796,0.8612254783240494,16002,2597,22738,2560
0,pilot_tcn_wgan_gp_seed0,0.4,10,6636,0.15,0.1551760584115982,0.15009041591320071,0.10234852970199329,0.047651470298006704,0.8604563556129587,0.8613834716086629,0.8609196640103383,15989,2593,22742,2573
0,pilot_tcn_wgan_gp_seed0,0.4,11,6636,0.15,0.15466928482055664,0.15009041591320071,0.10250641405170713,0.047493585948292866,0.8603838503306274,0.8621915741838164,0.8612867637165998,16004,2597,22738,2558
0,pilot_tcn_wgan_gp_seed0,0.4,12,6636,0.15,0.15591688454151154,0.15009041591320071,0.10207223208999408,0.047927767910005914,0.8605253222587779,0.8595517724383148,0.8600382718378569,15955,2586,22749,2607
0,pilot_tcn_wgan_gp_seed0,0.4,13,6636,0.15,0.1572514921426773,0.15009041591320071,0.1016775212157095,0.048322478784290496,0.8604474781949185,0.8556728800775778,0.8580535371815996,15883,2576,22759,2679
0,pilot_tcn_wgan_gp_seed0,0.4,14,6636,0.15,0.15559327602386475,0.15009041591320071,0.10223011643970792,0.047769883560292076,0.8604676220234888,0.8604676220234888,0.8604676220234888,15972,2590,22745,2590
0,pilot_tcn_wgan_gp_seed0,0.4,15,6636,0.15,0.1548304259777069,0.15009041591320071,0.10246694296427866,0.04753305703572133,0.8603925786501748,0.8619222066587652,0.8611567134052803,15999,2596,22739,2563
0,pilot_tcn_wgan_gp_seed0,0.4,16,6636,0.15,0.15463456511497498,0.15009041591320071,0.10250641405170713,0.047493585948292866,0.8603988603988604,0.8622993211938369,0.8613480425131173,16006,2597,22738,2556
0,pilot_tcn_wgan_gp_seed0,0.4,17,6636,0.15,0.15493598580360413,0.15009041591320071,0.10238800078942174,0.04761199921057825,0.8604776247848537,0.861868333153755,0.8611724175055175,15998,2594,22741,2564
0,pilot_tcn_wgan_gp_seed0,0.4,18,6636,0.15,0.1567828357219696,0.15009041591320071,0.10179593447799487,0.048204065522005124,0.8605041107745565,0.857073591207844,0.8587854251012145,15909,2579,22756,2653
0,pilot_tcn_wgan_gp_seed0,0.4,19,6636,0.15,0.15514761209487915,0.15009041591320071,0.10234852970199329,0.047651470298006704,0.8604863876035725,0.8615989656287038,0.8610423172176159,15993,2593,22742,2569
0,pilot_tcn_wgan_gp_seed0,1.0,0,16591,0.15,0.155391663312912,0.15002109577481768,0.10230905861456484,0.04769094138543516,0.8604275483280384,0.8608447365585605,0.8606360918859236,15979,2592,22743,2583
0,pilot_tcn_wgan_gp_seed0,1.0,1,16591,0.15,0.155391663312912,0.15002109577481768,0.10230905861456484,0.04769094138543516,0.8604275483280384,0.8608447365585605,0.8606360918859236,15979,2592,22743,2583
0,pilot_tcn_wgan_gp_seed0,1.0,2,16591,0.15,0.155391663312912,0.15002109577481768,0.10230905861456484,0.04769094138543516,0.8604275483280384,0.8608447365585605,0.8606360918859236,15979,2592,22743,2583
0,pilot_tcn_wgan_gp_seed0,1.0,3,16591,0.15,0.155391663312912,0.15002109577481768,0.10230905861456484,0.04769094138543516,0.8604275483280384,0.8608447365585605,0.8606360918859236,15979,2592,22743,2583
0,pilot_tcn_wgan_gp_seed0,1.0,4,16591,0.15,0.155391663312912,0.15002109577481768,0.10230905861456484,0.04769094138543516,0.8604275483280384,0.8608447365585605,0.8606360918859236,15979,2592,22743,2583
0,pilot_tcn_wgan_gp_seed0,1.0,5,16591,0.15,0.155391663312912,0.15002109577481768,0.10230905861456484,0.04769094138543516,0.8604275483280384,0.8608447365585605,0.8606360918859236,15979,2592,22743,2583
0,pilot_tcn_wgan_gp_seed0,1.0,6,16591,0.15,0.155391663312912,0.15002109577481768,0.10230905861456484,0.04769094138543516,0.8604275483280384,0.8608447365585605,0.8606360918859236,15979,2592,22743,2583
0,pilot_tcn_wgan_gp_seed0,1.0,7,16591,0.15,0.155391663312912,0.15002109577481768,0.10230905861456484,0.04769094138543516,0.8604275483280384,0.8608447365585605,0.8606360918859236,15979,2592,22743,2583
0,pilot_tcn_wgan_gp_seed0,1.0,8,16591,0.15,0.155391663312912,0.15002109577481768,0.10230905861456484,0.04769094138543516,0.8604275483280384,0.8608447365585605,0.8606360918859236,15979,2592,22743,2583
0,pilot_tcn_wgan_gp_seed0,1.0,9,16591,0.15,0.155391663312912,0.15002109577481768,0.10230905861456484,0.04769094138543516,0.8604275483280384,0.8608447365585605,0.8606360918859236,15979,2592,22743,2583
0,pilot_tcn_wgan_gp_seed0,1.0,10,16591,0.15,0.155391663312912,0.15002109577481768,0.10230905861456484,0.04769094138543516,0.8604275483280384,0.8608447365585605,0.8606360918859236,15979,2592,22743,2583
0,pilot_tcn_wgan_gp_seed0,1.0,11,16591,0.15,0.155391663312912,0.15002109577481768,0.10230905861456484,0.04769094138543516,0.8604275483280384,0.8608447365585605,0.8606360918859236,15979,2592,22743,2583
0,pilot_tcn_wgan_gp_seed0,1.0,12,16591,0.15,0.155391663312912,0.15002109577481768,0.10230905861456484,0.04769094138543516,0.8604275483280384,0.8608447365585605,0.8606360918859236,15979,2592,22743,2583
0,pilot_tcn_wgan_gp_seed0,1.0,13,16591,0.15,0.155391663312912,0.15002109577481768,0.10230905861456484,0.04769094138543516,0.8604275483280384,0.8608447365585605,0.8606360918859236,15979,2592,22743,2583
0,pilot_tcn_wgan_gp_seed0,1.0,14,16591,0.15,0.155391663312912,0.15002109577481768,0.10230905861456484,0.04769094138543516,0.8604275483280384,0.8608447365585605,0.8606360918859236,15979,2592,22743,2583
0,pilot_tcn_wgan_gp_seed0,1.0,15,16591,0.15,0.155391663312912,0.15002109577481768,0.10230905861456484,0.04769094138543516,0.8604275483280384,0.8608447365585605,0.8606360918859236,15979,2592,22743,2583
0,pilot_tcn_wgan_gp_seed0,1.0,16,16591,0.15,0.155391663312912,0.15002109577481768,0.10230905861456484,0.04769094138543516,0.8604275483280384,0.8608447365585605,0.8606360918859236,15979,2592,22743,2583
0,pilot_tcn_wgan_gp_seed0,1.0,17,16591,0.15,0.155391663312912,0.15002109577481768,0.10230905861456484,0.04769094138543516,0.8604275483280384,0.8608447365585605,0.8606360918859236,15979,2592,22743,2583
0,pilot_tcn_wgan_gp_seed0,1.0,18,16591,0.15,0.155391663312912,0.15002109577481768,0.10230905861456484,0.04769094138543516,0.8604275483280384,0.8608447365585605,0.8606360918859236,15979,2592,22743,2583
0,pilot_tcn_wgan_gp_seed0,1.0,19,16591,0.15,0.155391663312912,0.15002109577481768,0.10230905861456484,0.04769094138543516,0.8604275483280384,0.8608447365585605,0.8606360918859236,15979,2592,22743,2583
0,pilot_tcn_wgan_gp_seed0,0.05,0,830,0.25,0.11328916251659393,0.25060240963855424,0.13530688770475627,0.11469311229524373,0.8286428392901775,0.8930610925546816,0.8596468483418467,16577,3428,21907,1985
0,pilot_tcn_wgan_gp_seed0,0.05,1,830,0.25,0.12952011823654175,0.25060240963855424,0.11596605486481153,0.13403394513518846,0.8485332783420116,0.8867040189634737,0.8671988197792356,16459,2938,22397,2103
0,pilot_tcn_wgan_gp_seed0,0.05,2,830,0.25,0.10975711047649384,0.25060240963855424,0.14209591474245115,0.10790408525754885,0.8218439154748355,0.8946772977049887,0.8567154169568469,16607,3600,21735,1955
0,pilot_tcn_wgan_gp_seed0,0.05,3,830,0.25,0.13019299507141113,0.25060240963855424,0.11549240181567003,0.13450759818432997,0.8490351872871736,0.8865423984484431,0.867383512544803,16456,2926,22409,2106
0,pilot_tcn_wgan_gp_seed0,0.05,4,830,0.25,0.11933303624391556,0.25060240963855424,0.12654430629563845,0.12345569370436155,0.837646224742999,0.8911216463743131,0.8635568665326686,16541,3206,22129,2021
0,pilot_tcn_wgan_gp_seed0,0.05,5,830,0.25,0.13304278254508972,0.25060240963855424,0.11347937635681864,0.13652062364318135,0.8510594208154173,0.8850339403081564,0.8677142479862671,16428,2875,22460,2134
0,pilot_tcn_wgan_gp_seed0,0.05,6,830,0.25,0.12546366453170776,0.25060240963855424,0.11963686599565818,0.13036313400434182,0.8448346472816627,0.8890744531839242,0.866390172196556,16503,3031,22304,2059
0,pilot_tcn_wgan_gp_seed0,0.05,7,830,0.25,0.12312394380569458,0.25060240963855424,0.12204460232879416,0.12795539767120584,0.8423333843251236,0.8899364292640879,0.8654808372409817,16519,3092,22243,2043
0,pilot_tcn_wgan_gp_seed0,0.05,8,830,0.25,0.13194206357002258,0.25060240963855424,0.11446615354253009,0.1355338464574699,0.8500129299198345,0.8854110548432281,0.867350977649946,16435,2900,22435,2127
0,pilot_tcn_wgan_gp_seed0,0.05,9,830,0.25,0.11568965017795563,0.25060240963855424,0.13151766331162423,0.11848233668837577,0.8325038958427587,0.8921991164745179,0.8613184241321025,16561,3332,22003,2001
0,pilot_tcn_wgan_gp_seed0,0.05,10,830,0.25,0.1280827671289444,0.25060240963855424,0.11738701401223604,0.13261298598776394,0.8470793911970382,0.8875121215386274,0.8668245198631939,16474,2974,22361,2088
0,pilot_tcn_wgan_gp_seed0,0.05,11,830,0.25,0.12031839042901993,0.25060240963855424,0.12520228932307084,0.12479771067692916,0.8390419647840869,0.8907984053442517,0.8641459144477254,16535,3172,22163,2027
0,pilot_tcn_wgan_gp_seed0,0.05,12,830,0.25,0.11551156640052795,0.25060240963855424,0.13175448983619498,0.11824551016380502,0.8322613065326633,0.8922529899795281,0.8612136654360147,16562,3338,21997,2000
0,pilot_tcn_wgan_gp_seed0,0.05,13,830,0.25,0.10041707754135132,0.25060240963855424,0.16041049930925597,0.08958950069074403,0.8132181266660539,0.9532377976511152,0.8776785714285713,17694,4064,21271,868
0,pilot_tcn_wgan_gp_seed0,0.05,14,830,0.25,0.10825417935848236,0.25060240963855424,0.14497730412472865,0.10502269587527135,0.8190016261765141,0.8953776532701218,0.8554883541371767,16620,3673,21662,1942
0,pilot_tcn_wgan_gp_seed0,0.05,15,830,0.25,0.1254272758960724,0.25060240963855424,0.11963686599565818,0.13036313400434182,0.8448425902226773,0.8891283266889344,0.8664199280783264,16504,3031,22304,2058
0,pilot_tcn_wgan_gp_seed0,0.05,16,830,0.25,0.12963534891605377,0.25060240963855424,0.11588711268995461,0.1341128873100454,0.848620778551173,0.8867040189634737,0.8672445135284664,16459,2936,22399,2103
0,pilot_tcn_wgan_gp_seed0,0.05,17,830,0.25,0.11813800036907196,0.25060240963855424,0.1280047365304914,0.12199526346950859,0.8361707501894418,0.8917142549294257,0.8630497692728837,16552,3243,22092,2010
0,pilot_tcn_wgan_gp_seed0,0.05,18,830,0.25,0.1211223378777504,0.25060240963855424,0.12437339648707321,0.1256266035129268,0.8399126149469085,0.890636784829221,0.8645313112825207,16532,3151,22184,2030
0,pilot_tcn_wgan_gp_seed0,0.05,19,830,0.25,0.1153690367937088,0.25060240963855424,0.13199131636076575,0.11800868363923425,0.8320104491108209,0.8922529899795281,0.8610793386711032,16562,3344,21991,2000
0,pilot_tcn_wgan_gp_seed0,0.1,0,1659,0.25,0.1246500313282013,0.2501506931886679,0.12054470100651273,0.1294552989934873,0.8438730126271663,0.889289947203965,0.8659864124019621,16507,3054,22281,2055
0,pilot_tcn_wgan_gp_seed0,0.1,1,1659,0.25,0.12962153553962708,0.2501506931886679,0.11588711268995461,0.1341128873100454,0.848620778551173,0.8867040189634737,0.8672445135284664,16459,2936,22399,2103
0,pilot_tcn_wgan_gp_seed0,0.1,2,1659,0.25,0.12012968957424164,0.2501506931886679,0.1254391158476416,0.12456088415235839,0.8388029419223941,0.8909061523542722,0.8640698069336679,16537,3178,22157,2025
0,pilot_tcn_wgan_gp_seed0,0.1,3,1659,0.25,0.12025280296802521,0.2501506931886679,0.12532070258535621,0.12467929741464379,0.8389142567224759,0.8907984053442517,0.8640781772575251,16535,3175,22160,2027
0,pilot_tcn_wgan_gp_seed0,0.1,4,1659,0.25,0.12037205696105957,0.2501506931886679,0.12512334714821394,0.12487665285178606,0.8391271250951535,0.8907984053442517,0.8641910784749262,16535,3170,22165,2027
0,pilot_tcn_wgan_gp_seed0,0.1,5,1659,0.25,0.12308768182992935,0.2501506931886679,0.122202486678508,0.127797513321492,0.8421616110119806,0.8899364292640879,0.8653901563768762,16519,3096,22239,2043
0,pilot_tcn_wgan_gp_seed0,0.1,6,1659,0.25,0.11781840026378632,0.2501506931886679,0.12847838957963292,0.12152161042036708,0.8356807511737089,0.8918220019394462,0.8628391232962394,16554,3255,22080,2008
0,pilot_tcn_wgan_gp_seed0,0.1,7,1659,0.25,0.118669793009758,0.2501506931886679,0.12737319913163608,0.12262680086836392,0.8368141592920354,0.8914987609093847,0.8632913373503404,16548,3227,22108,2014
0,pilot_tcn_wgan_gp_seed0,0.1,8,1659,0.25,0.12458071857690811,0.2501506931886679,0.12066311426879811,0.1293368857312019,0.8437515972399693,0.8893438207089753,0.8659480158417919,16508,3057,22278,2054
0,pilot_tcn_wgan_gp_seed0,0.1,9,1659,0.25,0.11229964345693588,0.2501506931886679,0.1373593842510361,0.11264061574896389,0.8265550239234449,0.8934382070897533,0.8586962149847254,16584,3480,21855,1978
0,pilot_tcn_wgan_gp_seed0,0.1,10,1659,0.25,0.11749857664108276,0.2501506931886679,0.1289520426287744,0.12104795737122559,0.8351831298557159,0.8918758754444565,0.8625989995831596,16555,3267,22068,2007
0,pilot_tcn_wgan_gp_seed0,0.1,11,1659,0.25,0.12045605480670929,0.2501506931886679,0.125044404973357,0.124955595026643,0.8392123026950211,0.8907984053442517,0.864236247223311,16535,3168,22167,2027
0,pilot_tcn_wgan_gp_seed0,0.1,12,1659,0.25,0.1246328353881836,0.2501506931886679,0.12054470100651273,0.1294552989934873,0.8438730126271663,0.889289947203965,0.8659864124019621,16507,3054,22281,2055
0,pilot_tcn_wgan_gp_seed0,0.1,13,1659,0.25,0.12580201029777527,0.2501506931886679,0.11947898164594435,0.13052101835405566,0.844960049170252,0.8887512121538628,0.866302578375256,16497,3027,22308,2065
0,pilot_tcn_wgan_gp_seed0,0.1,14,1659,0.25,0.12439912557601929,0.2501506931886679,0.12089994079336885,0.12910005920663115,0.8434929232026979,0.8893438207089753,0.8658117640888469,16508,3063,22272,2054
0,pilot_tcn_wgan_gp_seed0,0.1,15,1659,0.25,0.12181510031223297,0.2501506931886679,0.12346556147621866,0.12653443852378132,0.8408628408628409,0.8904212908091801,0.8649327541995918,16528,3128,22207,2034
0,pilot_tcn_wgan_gp_seed0,0.1,16,1659,0.25,0.1256306767463684,0.2501506931886679,0.1195184527333728,0.1304815472666272,0.8449405981155265,0.8889128326688934,0.8663691257547913,16500,3028,22307,2062
0,pilot_tcn_wgan_gp_seed0,0.1,17,1659,0.25,0.11471614241600037,0.2501506931886679,0.13297809354647722,0.11702190645352278,0.831026181161601,0.8926301045145997,0.8607272727272728,16569,3369,21966,1993
0,pilot_tcn_wgan_gp_seed0,0.1,18,1659,0.25,0.1109236478805542,0.2501506931886679,0.1396881784093152,0.11031182159068481,0.8242364042711696,0.894084689149876,0.8577409101480735,16596,3539,21796,1966
0,pilot_tcn_wgan_gp_seed0,0.1,19,1659,0.25,0.12639451026916504,0.2501506931886679,0.11880797315966055,0.13119202684033945,0.845688506100687,0.8886973386488525,0.8666596616580855,16496,3010,22325,2066
0,pilot_tcn_wgan_gp_seed0,0.2,0,3318,0.25,0.12504614889621735,0.2501506931886679,0.1199921057825143,0.1300078942174857,0.8444694566663256,0.8892360736989549,0.8662747979426892,16506,3040,22295,2056
0,pilot_tcn_wgan_gp_seed0,0.2,1,3318,0.25,0.1284431666135788,0.2501506931886679,0.11687388987566608,0.13312611012433392,0.8476146364057434,0.8872966275185864,0.8670018161240228,16470,2961,22374,2092
0,pilot_tcn_wgan_gp_seed0,0.2,2,3318,0.25,0.11865963786840439,0.2501506931886679,0.12741267021906452,0.12258732978093548,0.8367718446601942,0.8914987609093847,0.8632688194480671,16548,3228,22107,2014
0,pilot_tcn_wgan_gp_seed0,0.2,3,3318,0.25,0.1231483668088913,0.2501506931886679,0.12204460232879416,0.12795539767120584,0.8423333843251236,0.8899364292640879,0.8654808372409817,16519,3092,22243,2043
0,pilot_tcn_wgan_gp_seed0,0.2,4,3318,0.25,0.1258820742368698,0.2501506931886679,0.11940003947108743,0.13059996052891257,0.8450466140764266,0.8887512121538628,0.8663480726814411,16497,3025,22310,2065
0,pilot_tcn_wgan_gp_seed0,0.2,5,3318,0.25,0.12480893731117249,0.2501506931886679,0.12026840339451352,0.1297315966054865,0.8441751048378848,0.889289947203965,0.8661454507293526,16507,3047,22288,2055
0,pilot_tcn_wgan_gp_seed0,0.2,6,3318,0.25,0.1261911690235138,0.2501506931886679,0.1190447996842313,0.13095520031576868,0.8454284542845428,0.8886973386488525,0.8665230866207911,16496,3016,22319,2066
0,pilot_tcn_wgan_gp_seed0,0.2,7,3318,0.25,0.1261509209871292,0.2501506931886679,0.11908427077165976,0.13091572922834024,0.8453851278634756,0.8886973386488525,0.8665003282994089,16496,3017,22318,2066
0,pilot_tcn_wgan_gp_seed0,0.2,8,3318,0.25,0.1222914606332779,0.2501506931886679,0.12295243733964871,0.12704756266035128,0.8414112615823236,0.8903674173041698,0.8651973615328237,16527,3115,22220,2035
0,pilot_tcn_wgan_gp_seed0,0.2,9,3318,0.25,0.1231590285897255,0.2501506931886679,0.12204460232879416,0.12795539767120584,0.8423333843251236,0.8899364292640879,0.8654808372409817,16519,3092,22243,2043
0,pilot_tcn_wgan_gp_seed0,0.2,10,3318,0.25,0.11963168531656265,0.2501506931886679,0.1259127688967831,0.1240872311032169,0.838309088144356,0.8910138993642926,0.8638583479146535,16539,3190,22145,2023
0,pilot_tcn_wgan_gp_seed0,0.2,11,3318,0.25,0.1255592256784439,0.2501506931886679,0.11955792382080126,0.13044207617919873,0.8449132148891506,0.8890205796789139,0.866405901346704,16502,3029,22306,2060
0,pilot_tcn_wgan_gp_seed0,0.2,12,3318,0.25,0.11996464431285858,0.2501506931886679,0.12551805802249852,0.12448194197750148,0.8387178576862606,0.8909061523542722,0.864024661041302,16537,3180,22155,2025
0,pilot_tcn_wgan_gp_seed0,0.2,13,3318,0.25,0.11632660776376724,0.2501506931886679,0.13057035721334123,0.11942964278665877,0.8334843451122521,0.8920374959594871,0.8617674612261893,16558,3308,22027,2004
0,pilot_tcn_wgan_gp_seed0,0.2,14,3318,0.25,0.1239493116736412,0.2501506931886679,0.1213341227550819,0.1286658772449181,0.8430511589911162,0.8895593147290163,0.8656810317709971,16512,3074,22261,2050
0,pilot_tcn_wgan_gp_seed0,0.2,15,3318,0.25,0.11848665773868561,0.2501506931886679,0.12761002565620683,0.12238997434379317,0.8365685977150945,0.891552634414395,0.863185896098477,16549,3233,22102,2013
0,pilot_tcn_wgan_gp_seed0,0.2,16,3318,0.25,0.1194700300693512,0.2501506931886679,0.12626800868363924,0.12373199131636076,0.8379432624113475,0.8911216463743131,0.8637146885280143,16541,3199,22136,2021
0,pilot_tcn_wgan_gp_seed0,0.2,17,3318,0.25,0.12327530235052109,0.2501506931886679,0.12196566015393724,0.12803433984606277,0.8424112607099143,0.8898825557590777,0.8654964631909877,16518,3090,22245,2044
0,pilot_tcn_wgan_gp_seed0,0.2,18,3318,0.25,0.1258639395236969,0.2501506931886679,0.11943951055851589,0.13056048944148413,0.8450033294063413,0.8887512121538628,0.8663253249310753,16497,3026,22309,2065
0,pilot_tcn_wgan_gp_seed0,0.2,19,3318,0.25,0.11738951504230499,0.2501506931886679,0.12914939806591672,0.12085060193408328,0.8349808351825702,0.8919297489494666,0.8625162802813233,16556,3272,22063,2006
0,pilot_tcn_wgan_gp_seed0,0.4,0,6636,0.25,0.12391494959592819,0.25,0.1213341227550819,0.1286658772449181,0.8430511589911162,0.8895593147290163,0.8656810317709971,16512,3074,22261,2050
0,pilot_tcn_wgan_gp_seed0,0.4,1,6636,0.25,0.12149696052074432,0.25,0.12405762778764555,0.12594237221235444,0.8402297681984546,0.8904751643141903,0.864623110320657,16529,3143,22192,2033
0,pilot_tcn_wgan_gp_seed0,0.4,2,6636,0.25,0.1206759661436081,0.25,0.12480757844878626,0.12519242155121374,0.8394597887896019,0.8907445318392415,0.8643420983846515,16534,3162,22173,2028
0,pilot_tcn_wgan_gp_seed0,0.4,3,6636,0.25,0.12407352030277252,0.25,0.12121570949279653,0.12878429050720347,0.8431803094520758,0.8895593147290163,0.865749115218246,16512,3071,22264,2050
0,pilot_tcn_wgan_gp_seed0,0.4,4,6636,0.25,0.11769228428602219,0.25,0.12863627392934676,0.12136372607065324,0.8355120375511028,0.8918220019394462,0.8627491856677525,16554,3259,22076,2008
0,pilot_tcn_wgan_gp_seed0,0.4,5,6636,0.25,0.1179201677441597,0.25,0.12832050522991909,0.12167949477008091,0.8358412441930924,0.891768128434436,0.8628994422144607,16553,3251,22084,2009
0,pilot_tcn_wgan_gp_seed0,0.4,6,6636,0.25,0.12090082466602325,0.25,0.12464969409907244,0.12535030590092755,0.8396221624092225,0.8906906583342312,0.8644027919378873,16533,3158,22177,2029
0,pilot_tcn_wgan_gp_seed0,0.4,7,6636,0.25,0.12200243026018143,0.25,0.12318926386421945,0.12681073613578053,0.8411624001221436,0.8904212908091801,0.8650912041035304,16528,3121,22214,2034
0,pilot_tcn_wgan_gp_seed0,0.4,8,6636,0.25,0.12049143016338348,0.25,0.12500493388592857,0.12499506611407143,0.8392548979799005,0.8907984053442517,0.8642588333681789,16535,3167,22168,2027
0,pilot_tcn_wgan_gp_seed0,0.4,9,6636,0.25,0.12057564407587051,0.25,0.12480757844878626,0.12519242155121374,0.8394597887896019,0.8907445318392415,0.8643420983846515,16534,3162,22173,2028
0,pilot_tcn_wgan_gp_seed0,0.4,10,6636,0.25,0.11937699466943741,0.25,0.12650483520821,0.12349516479179001,0.8376886458016813,0.8911216463743131,0.8635794090007309,16541,3205,22130,2021
0,pilot_tcn_wgan_gp_seed0,0.4,11,6636,0.25,0.12218216061592102,0.25,0.12307085060193408,0.12692914939806593,0.8412827691524561,0.8903674173041698,0.865129426544874,16527,3118,22217,2035
0,pilot_tcn_wgan_gp_seed0,0.4,12,6636,0.25,0.12534235417842865,0.25,0.1197158081705151,0.13028419182948492,0.8447561038030403,0.8891283266889344,0.8663744455235045,16504,3033,22302,2058
0,pilot_tcn_wgan_gp_seed0,0.4,13,6636,0.25,0.12601420283317566,0.25,0.1192421551213736,0.1307578448786264,0.8452197971103597,0.8887512121538628,0.866439075630252,16497,3021,22314,2065
0,pilot_tcn_wgan_gp_seed0,0.4,14,6636,0.25,0.1206333339214325,0.25,0.12480757844878626,0.12519242155121374,0.8394597887896019,0.8907445318392415,0.8643420983846515,16534,3162,22173,2028
0,pilot_tcn_wgan_gp_seed0,0.4,15,6636,0.25,0.12225063890218735,0.25,0.12295243733964871,0.12704756266035128,0.8414112615823236,0.8903674173041698,0.8651973615328237,16527,3115,22220,2035
0,pilot_tcn_wgan_gp_seed0,0.4,16,6636,0.25,0.12339810281991959,0.25,0.12188671797908032,0.12811328202091968,0.8424730908534408,0.8897209352440469,0.8654526398532687,16515,3088,22247,2047
0,pilot_tcn_wgan_gp_seed0,0.4,17,6636,0.25,0.11977706104516983,0.25,0.12579435563449773,0.12420564436550227,0.8384365811619183,0.8910138993642926,0.8639260342666111,16539,3187,22148,2023
0,pilot_tcn_wgan_gp_seed0,0.4,18,6636,0.25,0.12399575114250183,0.25,0.12129465166765345,0.12870534833234654,0.843094204748532,0.8895593147290163,0.8657037250635699,16512,3073,22262,2050
0,pilot_tcn_wgan_gp_seed0,0.4,19,6636,0.25,0.12225063890218735,0.25,0.12295243733964871,0.12704756266035128,0.8414112615823236,0.8903674173041698,0.8651973615328237,16527,3115,22220,2035
0,pilot_tcn_wgan_gp_seed0,1.0,0,16591,0.25,0.12253917753696442,0.2500150684105841,0.12283402407736334,0.12716597592263668,0.8415075120957474,0.8901519232841288,0.8651464774720528,16523,3112,22223,2039
0,pilot_tcn_wgan_gp_seed0,1.0,1,16591,0.25,0.12253917753696442,0.2500150684105841,0.12283402407736334,0.12716597592263668,0.8415075120957474,0.8901519232841288,0.8651464774720528,16523,3112,22223,2039
0,pilot_tcn_wgan_gp_seed0,1.0,2,16591,0.25,0.12253917753696442,0.2500150684105841,0.12283402407736334,0.12716597592263668,0.8415075120957474,0.8901519232841288,0.8651464774720528,16523,3112,22223,2039
0,pilot_tcn_wgan_gp_seed0,1.0,3,16591,0.25,0.12253917753696442,0.2500150684105841,0.12283402407736334,0.12716597592263668,0.8415075120957474,0.8901519232841288,0.8651464774720528,16523,3112,22223,2039
0,pilot_tcn_wgan_gp_seed0,1.0,4,16591,0.25,0.12253917753696442,0.2500150684105841,0.12283402407736334,0.12716597592263668,0.8415075120957474,0.8901519232841288,0.8651464774720528,16523,3112,22223,2039
0,pilot_tcn_wgan_gp_seed0,1.0,5,16591,0.25,0.12253917753696442,0.2500150684105841,0.12283402407736334,0.12716597592263668,0.8415075120957474,0.8901519232841288,0.8651464774720528,16523,3112,22223,2039
0,pilot_tcn_wgan_gp_seed0,1.0,6,16591,0.25,0.12253917753696442,0.2500150684105841,0.12283402407736334,0.12716597592263668,0.8415075120957474,0.8901519232841288,0.8651464774720528,16523,3112,22223,2039
0,pilot_tcn_wgan_gp_seed0,1.0,7,16591,0.25,0.12253917753696442,0.2500150684105841,0.12283402407736334,0.12716597592263668,0.8415075120957474,0.8901519232841288,0.8651464774720528,16523,3112,22223,2039
0,pilot_tcn_wgan_gp_seed0,1.0,8,16591,0.25,0.12253917753696442,0.2500150684105841,0.12283402407736334,0.12716597592263668,0.8415075120957474,0.8901519232841288,0.8651464774720528,16523,3112,22223,2039
0,pilot_tcn_wgan_gp_seed0,1.0,9,16591,0.25,0.12253917753696442,0.2500150684105841,0.12283402407736334,0.12716597592263668,0.8415075120957474,0.8901519232841288,0.8651464774720528,16523,3112,22223,2039
0,pilot_tcn_wgan_gp_seed0,1.0,10,16591,0.25,0.12253917753696442,0.2500150684105841,0.12283402407736334,0.12716597592263668,0.8415075120957474,0.8901519232841288,0.8651464774720528,16523,3112,22223,2039
0,pilot_tcn_wgan_gp_seed0,1.0,11,16591,0.25,0.12253917753696442,0.2500150684105841,0.12283402407736334,0.12716597592263668,0.8415075120957474,0.8901519232841288,0.8651464774720528,16523,3112,22223,2039
0,pilot_tcn_wgan_gp_seed0,1.0,12,16591,0.25,0.12253917753696442,0.2500150684105841,0.12283402407736334,0.12716597592263668,0.8415075120957474,0.8901519232841288,0.8651464774720528,16523,3112,22223,2039
0,pilot_tcn_wgan_gp_seed0,1.0,13,16591,0.25,0.12253917753696442,0.2500150684105841,0.12283402407736334,0.12716597592263668,0.8415075120957474,0.8901519232841288,0.8651464774720528,16523,3112,22223,2039
0,pilot_tcn_wgan_gp_seed0,1.0,14,16591,0.25,0.12253917753696442,0.2500150684105841,0.12283402407736334,0.12716597592263668,0.8415075120957474,0.8901519232841288,0.8651464774720528,16523,3112,22223,2039
0,pilot_tcn_wgan_gp_seed0,1.0,15,16591,0.25,0.12253917753696442,0.2500150684105841,0.12283402407736334,0.12716597592263668,0.8415075120957474,0.8901519232841288,0.8651464774720528,16523,3112,22223,2039
0,pilot_tcn_wgan_gp_seed0,1.0,16,16591,0.25,0.12253917753696442,0.2500150684105841,0.12283402407736334,0.12716597592263668,0.8415075120957474,0.8901519232841288,0.8651464774720528,16523,3112,22223,2039
0,pilot_tcn_wgan_gp_seed0,1.0,17,16591,0.25,0.12253917753696442,0.2500150684105841,0.12283402407736334,0.12716597592263668,0.8415075120957474,0.8901519232841288,0.8651464774720528,16523,3112,22223,2039
0,pilot_tcn_wgan_gp_seed0,1.0,18,16591,0.25,0.12253917753696442,0.2500150684105841,0.12283402407736334,0.12716597592263668,0.8415075120957474,0.8901519232841288,0.8651464774720528,16523,3112,22223,2039
0,pilot_tcn_wgan_gp_seed0,1.0,19,16591,0.25,0.12253917753696442,0.2500150684105841,0.12283402407736334,0.12716597592263668,0.8415075120957474,0.8901519232841288,0.8651464774720528,16523,3112,22223,2039
1,formal_tcn_wgan_gp_seed1,0.05,0,830,0.01,0.2038974016904831,0.010843373493975903,0.06927175843694494,0.05927175843694494,0.5794392523364486,0.13026613511475058,0.21271167802946997,2418,1755,23580,16144
1,formal_tcn_wgan_gp_seed1,0.05,1,830,0.01,0.20376695692539215,0.010843373493975903,0.06935070061180186,0.05935070061180186,0.5989500114129194,0.14136407714685917,0.2287407923985529,2624,1757,23578,15938
1,formal_tcn_wgan_gp_seed1,0.05,2,830,0.01,0.20383352041244507,0.010843373493975903,0.0693112295243734,0.05931122952437339,0.5888550690704752,0.13549186510074346,0.22029518679104804,2515,1756,23579,16047
1,formal_tcn_wgan_gp_seed1,0.05,3,830,0.01,0.2039112001657486,0.010843373493975903,0.06927175843694494,0.05927175843694494,0.5780235633565761,0.12951190604460727,0.2116104044716342,2404,1755,23580,16158
1,formal_tcn_wgan_gp_seed1,0.05,4,830,0.01,0.20389756560325623,0.010843373493975903,0.06927175843694494,0.05927175843694494,0.5793384467881112,0.13021226160974034,0.21263306061405823,2417,1755,23580,16145
1,formal_tcn_wgan_gp_seed1,0.05,5,830,0.01,0.20404261350631714,0.010843373493975903,0.06927175843694494,0.05927175843694494,0.5605908863294943,0.12062277771791832,0.19852810782053557,2239,1755,23580,16323
1,formal_tcn_wgan_gp_seed1,0.05,6,830,0.01,0.20334723591804504,0.010843373493975903,0.06950858496151568,0.05950858496151568,0.6479408236705317,0.17460402973817477,0.27508063147173656,3241,1761,23574,15321
1,formal_tcn_wgan_gp_seed1,0.05,7,830,0.01,0.20394325256347656,0.010843373493975903,0.06927175843694494,0.05927175843694494,0.5743390734901771,0.12757245986423876,0.20877231650870617,2368,1755,23580,16194
1,formal_tcn_wgan_gp_seed1,0.05,8,830,0.01,0.203775554895401,0.010843373493975903,0.06935070061180186,0.05935070061180186,0.598124428179323,0.14087921560176705,0.22804569634603644,2615,1757,23578,15947
1,formal_tcn_wgan_gp_seed1,0.05,9,830,0.01,0.20388227701187134,0.010843373493975903,0.0693112295243734,0.05931122952437339,0.5810069195895967,0.13118198469992456,0.21403770931305757,2435,1756,23579,16127
1,formal_tcn_wgan_gp_seed1,0.05,10,830,0.01,0.2037670910358429,0.010843373493975903,0.06935070061180186,0.05935070061180186,0.5989500114129194,0.14136407714685917,0.2287407923985529,2624,1757,23578,15938
1,formal_tcn_wgan_gp_seed1,0.05,11,830,0.01,0.20365376770496368,0.010843373493975903,0.06935070061180186,0.05935070061180186,0.6154519588531407,0.15149229608878353,0.2431369158272448,2812,1757,23578,15750
1,formal_tcn_wgan_gp_seed1,0.05,12,830,0.01,0.20402266085147858,0.010843373493975903,0.06927175843694494,0.05927175843694494,0.5636499254102436,0.12213123585820493,0.20076160113354585,2267,1755,23580,16295
1,formal_tcn_wgan_gp_seed1,0.05,13,830,0.01,0.2040083408355713,0.010843373493975903,0.06927175843694494,0.05927175843694494,0.5653789004457652,0.12299321193836871,0.20203539823008848,2283,1755,23580,16279
1,formal_tcn_wgan_gp_seed1,0.05,14,830,0.01,0.20371639728546143,0.010843373493975903,0.06935070061180186,0.05935070061180186,0.6069351230425056,0.14615881909277018,0.23558527266411947,2713,1757,23578,15849
1,formal_tcn_wgan_gp_seed1,0.05,15,830,0.01,0.20382700860500336,0.010843373493975903,0.0693112295243734,0.05931122952437339,0.5901027077497666,0.13619222066587652,0.22130788759520265,2528,1756,23579,16034
1,formal_tcn_wgan_gp_seed1,0.05,16,830,0.01,0.2036077380180359,0.010843373493975903,0.06935070061180186,0.05935070061180186,0.6203543647363872,0.15467083288438746,0.24760672703751618,2871,1757,23578,15691
1,formal_tcn_wgan_gp_seed1,0.05,17,830,0.01,0.2038988471031189,0.010843373493975903,0.06927175843694494,0.05927175843694494,0.5793384467881112,0.13021226160974034,0.21263306061405823,2417,1755,23580,16145
1,formal_tcn_wgan_gp_seed1,0.05,18,830,0.01,0.20353484153747559,0.010843373493975903,0.06939017169923031,0.05939017169923031,0.6291921535541025,0.16070466544553388,0.2560185383856156,2983,1758,23577,15579
1,formal_tcn_wgan_gp_seed1,0.05,19,830,0.01,0.2037097066640854,0.010843373493975903,0.06935070061180186,0.05935070061180186,0.6080749498103948,0.14685917465790324,0.23658060316771531,2726,1757,23578,15836
1,formal_tcn_wgan_gp_seed1,0.1,0,1659,0.01,0.20348817110061646,0.010247136829415311,0.06942964278665877,0.059429642786658764,0.6350622406639004,0.1649067988363323,0.26182533572833805,3061,1759,23576,15501
1,formal_tcn_wgan_gp_seed1,0.1,1,1659,0.01,0.20396453142166138,0.010247136829415311,0.06927175843694494,0.05927175843694494,0.5719512195121951,0.12633336924900335,0.20695437295913868,2345,1755,23580,16217
1,formal_tcn_wgan_gp_seed1,0.1,2,1659,0.01,0.20379887521266937,0.010247136829415311,0.0693112295243734,0.05931122952437339,0.5945509120295543,0.13872427540135762,0.2249595946359149,2575,1756,23579,15987
1,formal_tcn_wgan_gp_seed1,0.1,3,1659,0.01,0.20397420227527618,0.010247136829415311,0.06927175843694494,0.05927175843694494,0.5702742409402547,0.12547139316883957,0.2056875386381701,2329,1755,23580,16233
1,formal_tcn_wgan_gp_seed1,0.1,4,1659,0.01,0.20396362245082855,0.010247136829415311,0.06927175843694494,0.05927175843694494,0.5722641969290763,0.12649498976403406,0.20719170527244654,2348,1755,23580,16214
1,formal_tcn_wgan_gp_seed1,0.1,5,1659,0.01,0.20378869771957397,0.010247136829415311,0.0693112295243734,0.05931122952437339,0.5960432482171613,0.1395862514815214,0.22619931031472348,2591,1756,23579,15971
1,formal_tcn_wgan_gp_seed1,0.1,6,1659,0.01,0.2037617415189743,0.010247136829415311,0.06935070061180186,0.05935070061180186,0.5999544626593807,0.14195668570197176,0.22958961401062997,2635,1757,23578,15927
1,formal_tcn_wgan_gp_seed1,0.1,7,1659,0.01,0.20397476851940155,0.010247136829415311,0.06927175843694494,0.05927175843694494,0.5701689933872153,0.12541751966382933,0.20560830205343344,2328,1755,23580,16234
1,formal_tcn_wgan_gp_seed1,0.1,8,1659,0.01,0.20395778119564056,0.010247136829415311,0.06927175843694494,0.05927175843694494,0.5727848101265823,0.12676435728908522,0.20758711954124395,2353,1755,23580,16209
1,formal_tcn_wgan_gp_seed1,0.1,9,1659,0.01,0.20379997789859772,0.010247136829415311,0.0693112295243734,0.05931122952437339,0.5941761035359371,0.13850878138131667,0.22464939490584993,2571,1756,23579,15991
1,formal_tcn_wgan_gp_seed1,0.1,10,1659,0.01,0.2037416398525238,0.010247136829415311,0.06935070061180186,0.05935070061180186,0.6029378531073446,0.14373451136730955,0.2321312045939009,2668,1757,23578,15894
1,formal_tcn_wgan_gp_seed1,0.1,11,1659,0.01,0.20374883711338043,0.010247136829415311,0.06935070061180186,0.05935070061180186,0.6020385050962628,0.1431957763172072,0.23136179657918787,2658,1757,23578,15904
1,formal_tcn_wgan_gp_seed1,0.1,12,1659,0.01,0.2037501335144043,0.010247136829415311,0.06935070061180186,0.05935070061180186,0.6016776241215144,0.14298028229716625,0.2310538458190049,2654,1757,23578,15908
1,formal_tcn_wgan_gp_seed1,0.1,13,1659,0.01,0.20380902290344238,0.010247136829415311,0.0693112295243734,0.05931122952437339,0.5925754060324826,0.13759293179614265,0.22332983560685554,2554,1756,23579,16008
1,formal_tcn_wgan_gp_seed1,0.1,14,1659,0.01,0.2038181722164154,0.010247136829415311,0.0693112295243734,0.05931122952437339,0.5915329146313096,0.13700032324103006,0.22247495735094705,2543,1756,23579,16019
1,formal_tcn_wgan_gp_seed1,0.1,15,1659,0.01,0.20372670888900757,0.010247136829415311,0.06935070061180186,0.05935070061180186,0.6057886470720215,0.1454584635276371,0.23458881793301184,2700,1757,23578,15862
1,formal_tcn_wgan_gp_seed1,0.1,16,1659,0.01,0.2040162980556488,0.010247136829415311,0.06927175843694494,0.05927175843694494,0.5645161290322581,0.12256222389828682,0.20139872521246457,2275,1755,23580,16287
1,formal_tcn_wgan_gp_seed1,0.1,17,1659,0.01,0.20378297567367554,0.010247136829415311,0.0693112295243734,0.05931122952437339,0.596692696371153,0.13996336601659304,0.22674114156048175,2598,1756,23579,15964
1,formal_tcn_wgan_gp_seed1,0.1,18,1659,0.01,0.20392777025699615,0.010247136829415311,0.06927175843694494,0.05927175843694494,0.5763939174511223,0.1286499299644435,0.21035014314027747,2388,1755,23580,16174
1,formal_tcn_wgan_gp_seed1,0.1,19,1659,0.01,0.20397531986236572,0.010247136829415311,0.06927175843694494,0.05927175843694494,0.5700636942675159,0.1253636461588191,0.20552905847023495,2327,1755,23580,16235
1,formal_tcn_wgan_gp_seed1,0.2,0,3318,0.01,0.2036791890859604,0.010247136829415311,0.06935070061180186,0.05935070061180186,0.6122268814831163,0.14944510289839458,0.24024596197982073,2774,1757,23578,15788
1,formal_tcn_wgan_gp_seed1,0.2,1,3318,0.01,0.20375123620033264,0.010247136829415311,0.06935070061180186,0.05935070061180186,0.6016776241215144,0.14298028229716625,0.2310538458190049,2654,1757,23578,15908
1,formal_tcn_wgan_gp_seed1,0.2,2,3318,0.01,0.20388853549957275,0.010247136829415311,0.06927175843694494,0.05927175843694494,0.5806451612903226,0.1309126171748734,0.21365454785246404,2430,1755,23580,16132
1,formal_tcn_wgan_gp_seed1,0.2,3,3318,0.01,0.20393553376197815,0.010247136829415311,0.06927175843694494,0.05927175843694494,0.5750605326876513,0.12794957439931043,0.209324872201657,2375,1755,23580,16187
1,formal_tcn_wgan_gp_seed1,0.2,4,3318,0.01,0.20387926697731018,0.010247136829415311,0.0693112295243734,0.05931122952437339,0.5815061963775023,0.13145135222497575,0.21443009051762016,2440,1756,23579,16122
1,formal_tcn_wgan_gp_seed1,0.2,5,3318,0.01,0.20377592742443085,0.010247136829415311,0.06935070061180186,0.05935070061180186,0.598124428179323,0.14087921560176705,0.22804569634603644,2615,1757,23578,15947
1,formal_tcn_wgan_gp_seed1,0.2,6,3318,0.01,0.2038210928440094,0.010247136829415311,0.0693112295243734,0.05931122952437339,0.5910572892408011,0.13673095571597887,0.22208610430521525,2538,1756,23579,16024
1,formal_tcn_wgan_gp_seed1,0.2,7,3318,0.01,0.2038353532552719,0.010247136829415311,0.0693112295243734,0.05931122952437339,0.5884696508085305,0.1352763710807025,0.21998335450523457,2511,1756,23579,16051
1,formal_tcn_wgan_gp_seed1,0.2,8,3318,0.01,0.20375213027000427,0.010247136829415311,0.06935070061180186,0.05935070061180186,0.6014065335753176,0.14281866178213554,0.23082281236395297,2651,1757,23578,15911
1,formal_tcn_wgan_gp_seed1,0.2,9,3318,0.01,0.2036745697259903,0.010247136829415311,0.06935070061180186,0.05935070061180186,0.6127396958342517,0.14976834392845598,0.2407030607385601,2780,1757,23578,15782
1,formal_tcn_wgan_gp_seed1,0.2,10,3318,0.01,0.20377108454704285,0.010247136829415311,0.06935070061180186,0.05935070061180186,0.5984,0.14104083611679777,0.22827745563936003,2618,1757,23578,15944
1,formal_tcn_wgan_gp_seed1,0.2,11,3318,0.01,0.2039492428302765,0.010247136829415311,0.06927175843694494,0.05927175843694494,0.5736151603498543,0.12719534532916713,0.2082194197019138,2361,1755,23580,16201
1,formal_tcn_wgan_gp_seed1,0.2,12,3318,0.01,0.20371657609939575,0.010247136829415311,0.06935070061180186,0.05935070061180186,0.6069351230425056,0.14615881909277018,0.23558527266411947,2713,1757,23578,15849
1,formal_tcn_wgan_gp_seed1,0.2,13,3318,0.01,0.20368757843971252,0.010247136829415311,0.06935070061180186,0.05935070061180186,0.6111111111111112,0.1487447473332615,0.23925476603119586,2761,1757,23578,15801
1,formal_tcn_wgan_gp_seed1,0.2,14,3318,0.01,0.20389100909233093,0.010247136829415311,0.06927175843694494,0.05927175843694494,0.5803443328550932,0.1307509966598427,0.2134189236721773,2427,1755,23580,16135
1,formal_tcn_wgan_gp_seed1,0.2,15,3318,0.01,0.20383800566196442,0.010247136829415311,0.0693112295243734,0.05931122952437339,0.5875998121183654,0.1347915095356104,0.21928133216476778,2502,1756,23579,16060
1,formal_tcn_wgan_gp_seed1,0.2,16,3318,0.01,0.2037060409784317,0.010247136829415311,0.06935070061180186,0.05935070061180186,0.6082497212931995,0.14696692166792372,0.2367336312752202,2728,1757,23578,15834
1,formal_tcn_wgan_gp_seed1,0.2,17,3318,0.01,0.20380406081676483,0.010247136829415311,0.0693112295243734,0.05931122952437339,0.5934244037971753,0.13807779334123477,0.22402867007560856,2563,1756,23579,15999
1,formal_tcn_wgan_gp_seed1,0.2,18,3318,0.01,0.2037186175584793,0.010247136829415311,0.06935070061180186,0.05935070061180186,0.6067591763652641,0.1460510720827497,0.23543204515848895,2711,1757,23578,15851
1,formal_tcn_wgan_gp_seed1,0.2,19,3318,0.01,0.20375964045524597,0.010247136829415311,0.06935070061180186,0.05935070061180186,0.600409370025017,0.14222605322702295,0.22997517313471838,2640,1757,23578,15922
1,formal_tcn_wgan_gp_seed1,0.4,0,6636,0.01,0.20378477871418,0.010096443640747438,0.0693112295243734,0.05931122952437339,0.5962290181650954,0.13969399849154185,0.2263541530269303,2593,1756,23579,15969
1,formal_tcn_wgan_gp_seed1,0.4,1,6636,0.01,0.20378610491752625,0.010096443640747438,0.0693112295243734,0.05931122952437339,0.5960432482171613,0.1395862514815214,0.22619931031472348,2591,1756,23579,15971
1,formal_tcn_wgan_gp_seed1,0.4,2,6636,0.01,0.2038150131702423,0.010096443640747438,0.0693112295243734,0.05931122952437339,0.5917228551499651,0.13710807025105054,0.22263045094694486,2545,1756,23579,16017
1,formal_tcn_wgan_gp_seed1,0.4,3,6636,0.01,0.2039312869310379,0.010096443640747438,0.06927175843694494,0.05927175843694494,0.5756769825918762,0.12827281542937183,0.20979822010749843,2381,1755,23580,16181
1,formal_tcn_wgan_gp_seed1,0.4,4,6636,0.01,0.20384171605110168,0.010096443640747438,0.0693112295243734,0.05931122952437339,0.5872120357310766,0.13457601551556944,0.21896914446002808,2498,1756,23579,16064
1,formal_tcn_wgan_gp_seed1,0.4,5,6636,0.01,0.20388121902942657,0.010096443640747438,0.0693112295243734,0.05931122952437339,0.5811068702290076,0.1312358582049348,0.2141161993495649,2436,1756,23579,16126
1,formal_tcn_wgan_gp_seed1,0.4,6,6636,0.01,0.2038397341966629,0.010096443640747438,0.0693112295243734,0.05931122952437339,0.5875029363401456,0.13473763603060016,0.21920329549936457,2501,1756,23579,16061
1,formal_tcn_wgan_gp_seed1,0.4,7,6636,0.01,0.20381160080432892,0.010096443640747438,0.0693112295243734,0.05931122952437339,0.5921969345099861,0.1373774377761017,0.22301906594367674,2550,1756,23579,16012
1,formal_tcn_wgan_gp_seed1,0.4,8,6636,0.01,0.20393623411655426,0.010096443640747438,0.06927175843694494,0.05927175843694494,0.5749576168563817,0.1278957008943002,0.20924595654664846,2374,1755,23580,16188
1,formal_tcn_wgan_gp_seed1,0.4,9,6636,0.01,0.20379029214382172,0.010096443640747438,0.0693112295243734,0.05931122952437339,0.5957642725598526,0.1394246309664907,0.22596699554701824,2588,1756,23579,15974
1,formal_tcn_wgan_gp_seed1,0.4,10,6636,0.01,0.20380491018295288,0.010096443640747438,0.0693112295243734,0.05931122952437339,0.5933302454840204,0.13802391983622456,0.22395104895104898,2562,1756,23579,16000
1,formal_tcn_wgan_gp_seed1,0.4,11,6636,0.01,0.20380699634552002,0.010096443640747438,0.0693112295243734,0.05931122952437339,0.5930475086906142,0.13786229932119384,0.22371814486165145,2559,1756,23579,16003
1,formal_tcn_wgan_gp_seed1,0.4,12,6636,0.01,0.20383407175540924,0.010096443640747438,0.0693112295243734,0.05931122952437339,0.5886624502225346,0.13538411809072298,0.2201392843064255,2513,1756,23579,16049
1,formal_tcn_wgan_gp_seed1,0.4,13,6636,0.01,0.2038470208644867,0.010096443640747438,0.0693112295243734,0.05931122952437339,0.586336866902238,0.13409115397047733,0.21826632174332444,2489,1756,23579,16073
1,formal_tcn_wgan_gp_seed1,0.4,14,6636,0.01,0.20392142236232758,0.010096443640747438,0.06927175843694494,0.05927175843694494,0.5768025078369906,0.12886542398448442,0.210665374961469,2392,1755,23580,16170
1,formal_tcn_wgan_gp_seed1,0.4,15,6636,0.01,0.20392268896102905,0.010096443640747438,0.06927175843694494,0.05927175843694494,0.5767004341534009,0.1288115504794742,0.21058657741765016,2391,1755,23580,16171
1,formal_tcn_wgan_gp_seed1,0.4,16,6636,0.01,0.20387820899486542,0.010096443640747438,0.0693112295243734,0.05931122952437339,0.5818051917123125,0.13161297274000647,0.21466543649224548,2443,1756,23579,16119
1,formal_tcn_wgan_gp_seed1,0.4,17,6636,0.01,0.2037908285856247,0.010096443640747438,0.0693112295243734,0.05931122952437339,0.5956711950264794,0.13937075746148045,0.22588954376773632,2587,1756,23579,15975
1,formal_tcn_wgan_gp_seed1,0.4,18,6636,0.01,0.2038182020187378,0.010096443640747438,0.0693112295243734,0.05931122952437339,0.5915329146313096,0.13700032324103006,0.22247495735094705,2543,1756,23579,16019
1,formal_tcn_wgan_gp_seed1,0.4,19,6636,0.01,0.20375356078147888,0.010096443640747438,0.06935070061180186,0.05935070061180186,0.6010445049954587,0.1426031677620946,0.23051467386571456,2647,1757,23578,15915
1,formal_tcn_wgan_gp_seed1,1.0,0,16591,0.01,0.20382173359394073,0.01000542462781026,0.0693112295243734,0.05931122952437339,0.5909620312136036,0.13667708221096864,0.22200831327936993,2537,1756,23579,16025
1,formal_tcn_wgan_gp_seed1,1.0,1,16591,0.01,0.20382173359394073,0.01000542462781026,0.0693112295243734,0.05931122952437339,0.5909620312136036,0.13667708221096864,0.22200831327936993,2537,1756,23579,16025
1,formal_tcn_wgan_gp_seed1,1.0,2,16591,0.01,0.20382173359394073,0.01000542462781026,0.0693112295243734,0.05931122952437339,0.5909620312136036,0.13667708221096864,0.22200831327936993,2537,1756,23579,16025
1,formal_tcn_wgan_gp_seed1,1.0,3,16591,0.01,0.20382173359394073,0.01000542462781026,0.0693112295243734,0.05931122952437339,0.5909620312136036,0.13667708221096864,0.22200831327936993,2537,1756,23579,16025
1,formal_tcn_wgan_gp_seed1,1.0,4,16591,0.01,0.20382173359394073,0.01000542462781026,0.0693112295243734,0.05931122952437339,0.5909620312136036,0.13667708221096864,0.22200831327936993,2537,1756,23579,16025
1,formal_tcn_wgan_gp_seed1,1.0,5,16591,0.01,0.20382173359394073,0.01000542462781026,0.0693112295243734,0.05931122952437339,0.5909620312136036,0.13667708221096864,0.22200831327936993,2537,1756,23579,16025
1,formal_tcn_wgan_gp_seed1,1.0,6,16591,0.01,0.20382173359394073,0.01000542462781026,0.0693112295243734,0.05931122952437339,0.5909620312136036,0.13667708221096864,0.22200831327936993,2537,1756,23579,16025
1,formal_tcn_wgan_gp_seed1,1.0,7,16591,0.01,0.20382173359394073,0.01000542462781026,0.0693112295243734,0.05931122952437339,0.5909620312136036,0.13667708221096864,0.22200831327936993,2537,1756,23579,16025
1,formal_tcn_wgan_gp_seed1,1.0,8,16591,0.01,0.20382173359394073,0.01000542462781026,0.0693112295243734,0.05931122952437339,0.5909620312136036,0.13667708221096864,0.22200831327936993,2537,1756,23579,16025
1,formal_tcn_wgan_gp_seed1,1.0,9,16591,0.01,0.20382173359394073,0.01000542462781026,0.0693112295243734,0.05931122952437339,0.5909620312136036,0.13667708221096864,0.22200831327936993,2537,1756,23579,16025
1,formal_tcn_wgan_gp_seed1,1.0,10,16591,0.01,0.20382173359394073,0.01000542462781026,0.0693112295243734,0.05931122952437339,0.5909620312136036,0.13667708221096864,0.22200831327936993,2537,1756,23579,16025
1,formal_tcn_wgan_gp_seed1,1.0,11,16591,0.01,0.20382173359394073,0.01000542462781026,0.0693112295243734,0.05931122952437339,0.5909620312136036,0.13667708221096864,0.22200831327936993,2537,1756,23579,16025
1,formal_tcn_wgan_gp_seed1,1.0,12,16591,0.01,0.20382173359394073,0.01000542462781026,0.0693112295243734,0.05931122952437339,0.5909620312136036,0.13667708221096864,0.22200831327936993,2537,1756,23579,16025
1,formal_tcn_wgan_gp_seed1,1.0,13,16591,0.01,0.20382173359394073,0.01000542462781026,0.0693112295243734,0.05931122952437339,0.5909620312136036,0.13667708221096864,0.22200831327936993,2537,1756,23579,16025
1,formal_tcn_wgan_gp_seed1,1.0,14,16591,0.01,0.20382173359394073,0.01000542462781026,0.0693112295243734,0.05931122952437339,0.5909620312136036,0.13667708221096864,0.22200831327936993,2537,1756,23579,16025
1,formal_tcn_wgan_gp_seed1,1.0,15,16591,0.01,0.20382173359394073,0.01000542462781026,0.0693112295243734,0.05931122952437339,0.5909620312136036,0.13667708221096864,0.22200831327936993,2537,1756,23579,16025
1,formal_tcn_wgan_gp_seed1,1.0,16,16591,0.01,0.20382173359394073,0.01000542462781026,0.0693112295243734,0.05931122952437339,0.5909620312136036,0.13667708221096864,0.22200831327936993,2537,1756,23579,16025
1,formal_tcn_wgan_gp_seed1,1.0,17,16591,0.01,0.20382173359394073,0.01000542462781026,0.0693112295243734,0.05931122952437339,0.5909620312136036,0.13667708221096864,0.22200831327936993,2537,1756,23579,16025
1,formal_tcn_wgan_gp_seed1,1.0,18,16591,0.01,0.20382173359394073,0.01000542462781026,0.0693112295243734,0.05931122952437339,0.5909620312136036,0.13667708221096864,0.22200831327936993,2537,1756,23579,16025
1,formal_tcn_wgan_gp_seed1,1.0,19,16591,0.01,0.20382173359394073,0.01000542462781026,0.0693112295243734,0.05931122952437339,0.5909620312136036,0.13667708221096864,0.22200831327936993,2537,1756,23579,16025
1,formal_tcn_wgan_gp_seed1,0.05,0,830,0.05,0.20264558494091034,0.05060240963855422,0.06962699822380107,0.019626998223801068,0.6809549647314161,0.2028337463635384,0.312564858245818,3765,1764,23571,14797
1,formal_tcn_wgan_gp_seed1,0.05,1,830,0.05,0.2023521065711975,0.05060240963855422,0.06966646931122952,0.01966646931122952,0.684990183830091,0.20676651222928563,0.31764949306848744,3838,1765,23570,14724
1,formal_tcn_wgan_gp_seed1,0.05,2,830,0.05,0.20202232897281647,0.05060240963855422,0.0697848825735149,0.019784882573514892,0.6896067415730337,0.21161512768020688,0.3238519251380988,3928,1768,23567,14634
1,formal_tcn_wgan_gp_seed1,0.05,3,830,0.05,0.20191743969917297,0.05060240963855422,0.0697848825735149,0.019784882573514892,0.6919323924028576,0.21393168839564702,0.326817826426896,3971,1768,23567,14591
1,formal_tcn_wgan_gp_seed1,0.05,4,830,0.05,0.20240771770477295,0.05060240963855422,0.06966646931122952,0.01966646931122952,0.6844269622742714,0.20622777717918328,0.3169530117987994,3828,1765,23570,14734
1,formal_tcn_wgan_gp_seed1,0.05,5,830,0.05,0.20274591445922852,0.05060240963855422,0.0695875271363726,0.0195875271363726,0.6786365293474298,0.2005710591531085,0.3096307385229541,3723,1763,23572,14839
1,formal_tcn_wgan_gp_seed1,0.05,6,830,0.05,0.2020215541124344,0.05060240963855422,0.0697848825735149,0.019784882573514892,0.689661225206249,0.21166900118521711,0.32392101900325654,3929,1768,23567,14633
1,formal_tcn_wgan_gp_seed1,0.05,7,830,0.05,0.2026422768831253,0.05060240963855422,0.06962699822380107,0.019626998223801068,0.6809549647314161,0.2028337463635384,0.312564858245818,3765,1764,23571,14797
1,formal_tcn_wgan_gp_seed1,0.05,8,830,0.05,0.20279008150100708,0.05060240963855422,0.0695875271363726,0.0195875271363726,0.6774606659348701,0.1994935890529038,0.30822373897120026,3703,1763,23572,14859
1,formal_tcn_wgan_gp_seed1,0.05,9,830,0.05,0.2026800513267517,0.05060240963855422,0.06962699822380107,0.019626998223801068,0.6798548094373865,0.20181014976834394,0.31123296776337656,3746,1764,23571,14816
1,formal_tcn_wgan_gp_seed1,0.05,10,830,0.05,0.20247933268547058,0.05060240963855422,0.06966646931122952,0.01966646931122952,0.6832944554100125,0.20515030707897855,0.31555831779573235,3808,1765,23570,14754
1,formal_tcn_wgan_gp_seed1,0.05,11,830,0.05,0.20202066004276276,0.05060240963855422,0.0697848825735149,0.019784882573514892,0.689661225206249,0.21166900118521711,0.32392101900325654,3929,1768,23567,14633
1,formal_tcn_wgan_gp_seed1,0.05,12,830,0.05,0.20263494551181793,0.05060240963855422,0.06962699822380107,0.019626998223801068,0.6810126582278481,0.20288761986854864,0.31263489955171836,3766,1764,23571,14796
1,formal_tcn_wgan_gp_seed1,0.05,13,830,0.05,0.20294742286205292,0.05060240963855422,0.0695875271363726,0.0195875271363726,0.6715110862679337,0.19416011205689043,0.3012244556813908,3604,1763,23572,14958
1,formal_tcn_wgan_gp_seed1,0.05,14,830,0.05,0.20194658637046814,0.05060240963855422,0.0697848825735149,0.019784882573514892,0.6912329724065666,0.21323133283051396,0.32592226613965747,3958,1768,23567,14604
1,formal_tcn_wgan_gp_seed1,0.05,15,830,0.05,0.20294764637947083,0.05060240963855422,0.0695875271363726,0.0195875271363726,0.6715110862679337,0.19416011205689043,0.3012244556813908,3604,1763,23572,14958
1,formal_tcn_wgan_gp_seed1,0.05,16,830,0.05,0.20250853896141052,0.05060240963855422,0.06966646931122952,0.01966646931122952,0.6828391734052112,0.20471931903889667,0.31499979276329426,3800,1765,23570,14762
1,formal_tcn_wgan_gp_seed1,0.05,17,830,0.05,0.20274853706359863,0.05060240963855422,0.0695875271363726,0.0195875271363726,0.6785779398359162,0.20051718564809826,0.30956044413024497,3722,1763,23572,14840
1,formal_tcn_wgan_gp_seed1,0.05,18,830,0.05,0.20242546498775482,0.05060240963855422,0.06966646931122952,0.01966646931122952,0.684031507339778,0.20585066264411161,0.31646513168792445,3821,1765,23570,14741
1,formal_tcn_wgan_gp_seed1,0.05,19,830,0.05,0.20211727917194366,0.05060240963855422,0.0697848825735149,0.019784882573514892,0.6879632897987998,0.2099989225298998,0.32177645699191015,3898,1768,23567,14664
1,formal_tcn_wgan_gp_seed1,0.1,0,1659,0.05,0.2018231302499771,0.050030138637733576,0.0697848825735149,0.019784882573514892,0.693746752121947,0.21576338756599506,0.3291555372919663,4005,1768,23567,14557
1,formal_tcn_wgan_gp_seed1,0.1,1,1659,0.05,0.20245835185050964,0.050030138637733576,0.06966646931122952,0.01966646931122952,0.6835783434922912,0.20541967460402974,0.31590720795360394,3813,1765,23570,14749
1,formal_tcn_wgan_gp_seed1,0.1,2,1659,0.05,0.20240505039691925,0.050030138637733576,0.06966646931122952,0.01966646931122952,0.6844269622742714,0.20622777717918328,0.3169530117987994,3828,1765,23570,14734
1,formal_tcn_wgan_gp_seed1,0.1,3,1659,0.05,0.2026745229959488,0.050030138637733576,0.06962699822380107,0.019626998223801068,0.6801450589301904,0.2020795172933951,0.31158366906176016,3751,1764,23571,14811
1,formal_tcn_wgan_gp_seed1,0.1,4,1659,0.05,0.20245689153671265,0.050030138637733576,0.06966646931122952,0.01966646931122952,0.6835783434922912,0.20541967460402974,0.31590720795360394,3813,1765,23570,14749
1,formal_tcn_wgan_gp_seed1,0.1,5,1659,0.05,0.2024545669555664,0.050030138637733576,0.06966646931122952,0.01966646931122952,0.6835783434922912,0.20541967460402974,0.31590720795360394,3813,1765,23570,14749
1,formal_tcn_wgan_gp_seed1,0.1,6,1659,0.05,0.2017810344696045,0.050030138637733576,0.0697848825735149,0.019784882573514892,0.6949094046591889,0.21694860467622024,0.33066469598062154,4027,1768,23567,14535
1,formal_tcn_wgan_gp_seed1,0.1,7,1659,0.05,0.20249824225902557,0.050030138637733576,0.06966646931122952,0.01966646931122952,0.6829531165798455,0.20482706604891715,0.3151394587425919,3802,1765,23570,14760
1,formal_tcn_wgan_gp_seed1,0.1,8,1659,0.05,0.20247696340084076,0.050030138637733576,0.06966646931122952,0.01966646931122952,0.6832944554100125,0.20515030707897855,0.31555831779573235,3808,1765,23570,14754
1,formal_tcn_wgan_gp_seed1,0.1,9,1659,0.05,0.20248493552207947,0.050030138637733576,0.06966646931122952,0.01966646931122952,0.6832944554100125,0.20515030707897855,0.31555831779573235,3808,1765,23570,14754
1,formal_tcn_wgan_gp_seed1,0.1,10,1659,0.05,0.202406644821167,0.050030138637733576,0.06966646931122952,0.01966646931122952,0.6844269622742714,0.20622777717918328,0.3169530117987994,3828,1765,23570,14734
1,formal_tcn_wgan_gp_seed1,0.1,11,1659,0.05,0.202617347240448,0.050030138637733576,0.06962699822380107,0.019626998223801068,0.6811856135911802,0.20304924038357935,0.3128449885868438,3769,1764,23571,14793
1,formal_tcn_wgan_gp_seed1,0.1,12,1659,0.05,0.20232628285884857,0.050030138637733576,0.06966646931122952,0.01966646931122952,0.6852710413694721,0.20703587975433682,0.3179975175837816,3843,1765,23570,14719
1,formal_tcn_wgan_gp_seed1,0.1,13,1659,0.05,0.2022479623556137,0.050030138637733576,0.06970594039865799,0.019705940398657987,0.6859327760981683,0.20779010882448012,0.31895803183791605,3857,1766,23569,14705
1,formal_tcn_wgan_gp_seed1,0.1,14,1659,0.05,0.20255634188652039,0.050030138637733576,0.06966646931122952,0.01966646931122952,0.681981981981982,0.20391121646374313,0.31395155938951563,3785,1765,23570,14777
1,formal_tcn_wgan_gp_seed1,0.1,15,1659,0.05,0.2026677131652832,0.050030138637733576,0.06962699822380107,0.019626998223801068,0.6803768798695415,0.20229501131343605,0.3118641252439683,3755,1764,23571,14807
1,formal_tcn_wgan_gp_seed1,0.1,16,1659,0.05,0.20200470089912415,0.050030138637733576,0.0697848825735149,0.019784882573514892,0.6899877257583727,0.21199224221527851,0.32433546260045326,3935,1768,23567,14627
1,formal_tcn_wgan_gp_seed1,0.1,17,1659,0.05,0.2022971510887146,0.050030138637733576,0.06966646931122952,0.01966646931122952,0.6856074100463128,0.20735912078439822,0.318414956982131,3849,1765,23570,14713
1,formal_tcn_wgan_gp_seed1,0.1,18,1659,0.05,0.20247884094715118,0.050030138637733576,0.06966646931122952,0.01966646931122952,0.6832944554100125,0.20515030707897855,0.31555831779573235,3808,1765,23570,14754
1,formal_tcn_wgan_gp_seed1,0.1,19,1659,0.05,0.20261697471141815,0.050030138637733576,0.06962699822380107,0.019626998223801068,0.6811856135911802,0.20304924038357935,0.3128449885868438,3769,1764,23571,14793
1,formal_tcn_wgan_gp_seed1,0.2,0,3318,0.05,0.20225822925567627,0.050030138637733576,0.06970594039865799,0.019705940398657987,0.6858210282867817,0.20768236181445965,0.3188190050862176,3855,1766,23569,14707
1,formal_tcn_wgan_gp_seed1,0.2,1,3318,0.05,0.20239140093326569,0.050030138637733576,0.06966646931122952,0.01966646931122952,0.6846524924066464,0.20644327119922423,0.31723167349641956,3832,1765,23570,14730
1,formal_tcn_wgan_gp_seed1,0.2,2,3318,0.05,0.20230644941329956,0.050030138637733576,0.06966646931122952,0.01966646931122952,0.6854953670705631,0.20725137377437777,0.31827583354016714,3847,1765,23570,14715
1,formal_tcn_wgan_gp_seed1,0.2,3,3318,0.05,0.20224809646606445,0.050030138637733576,0.06970594039865799,0.019705940398657987,0.6859327760981683,0.20779010882448012,0.31895803183791605,3857,1766,23569,14705
1,formal_tcn_wgan_gp_seed1,0.2,4,3318,0.05,0.20243921875953674,0.050030138637733576,0.06966646931122952,0.01966646931122952,0.6838617230879456,0.20568904212908093,0.3162559536135846,3818,1765,23570,14744
1,formal_tcn_wgan_gp_seed1,0.2,5,3318,0.05,0.20208492875099182,0.050030138637733576,0.0697848825735149,0.019784882573514892,0.6887323943661972,0.2107531516000431,0.32274564804884087,3912,1768,23567,14650
1,formal_tcn_wgan_gp_seed1,0.2,6,3318,0.05,0.20240819454193115,0.050030138637733576,0.06966646931122952,0.01966646931122952,0.6844269622742714,0.20622777717918328,0.3169530117987994,3828,1765,23570,14734
1,formal_tcn_wgan_gp_seed1,0.2,7,3318,0.05,0.2024095505475998,0.050030138637733576,0.06966646931122952,0.01966646931122952,0.6843140761938831,0.2061200301691628,0.316813646337929,3826,1765,23570,14736
1,formal_tcn_wgan_gp_seed1,0.2,8,3318,0.05,0.20207129418849945,0.050030138637733576,0.0697848825735149,0.019784882573514892,0.6888967094844273,0.2109147721150738,0.3229531862239637,3915,1768,23567,14647
1,formal_tcn_wgan_gp_seed1,0.2,9,3318,0.05,0.202245831489563,0.050030138637733576,0.06970594039865799,0.019705940398657987,0.6859886201991465,0.20784398232949036,0.31902753659141647,3858,1766,23569,14704
1,formal_tcn_wgan_gp_seed1,0.2,10,3318,0.05,0.2024022936820984,0.050030138637733576,0.06966646931122952,0.01966646931122952,0.6844269622742714,0.20622777717918328,0.3169530117987994,3828,1765,23570,14734
1,formal_tcn_wgan_gp_seed1,0.2,11,3318,0.05,0.2024376541376114,0.050030138637733576,0.06966646931122952,0.01966646931122952,0.6838617230879456,0.20568904212908093,0.3162559536135846,3818,1765,23570,14744
1,formal_tcn_wgan_gp_seed1,0.2,12,3318,0.05,0.2025391161441803,0.050030138637733576,0.06966646931122952,0.01966646931122952,0.6823825805290624,0.20428833099881477,0.3144408972179609,3792,1765,23570,14770
1,formal_tcn_wgan_gp_seed1,0.2,13,3318,0.05,0.20240488648414612,0.050030138637733576,0.06966646931122952,0.01966646931122952,0.6844269622742714,0.20622777717918328,0.3169530117987994,3828,1765,23570,14734
1,formal_tcn_wgan_gp_seed1,0.2,14,3318,0.05,0.2022898942232132,0.050030138637733576,0.06966646931122952,0.01966646931122952,0.6856634016028496,0.20741299428940846,0.3184845100715556,3850,1765,23570,14712
1,formal_tcn_wgan_gp_seed1,0.2,15,3318,0.05,0.2023683339357376,0.050030138637733576,0.06966646931122952,0.01966646931122952,0.684877700410641,0.20665876521926516,0.31751024293341057,3836,1765,23570,14726
1,formal_tcn_wgan_gp_seed1,0.2,16,3318,0.05,0.2024003565311432,0.050030138637733576,0.06966646931122952,0.01966646931122952,0.6844833750446907,0.20628165068419352,0.31702268587514487,3829,1765,23570,14733
1,formal_tcn_wgan_gp_seed1,0.2,17,3318,0.05,0.20229490101337433,0.050030138637733576,0.06966646931122952,0.01966646931122952,0.6856074100463128,0.20735912078439822,0.318414956982131,3849,1765,23570,14713
1,formal_tcn_wgan_gp_seed1,0.2,18,3318,0.05,0.20236782729625702,0.050030138637733576,0.06966646931122952,0.01966646931122952,0.684877700410641,0.20665876521926516,0.31751024293341057,3836,1765,23570,14726
1,formal_tcn_wgan_gp_seed1,0.2,19,3318,0.05,0.2024548202753067,0.050030138637733576,0.06966646931122952,0.01966646931122952,0.6835783434922912,0.20541967460402974,0.31590720795360394,3813,1765,23570,14749
1,formal_tcn_wgan_gp_seed1,0.4,0,6636,0.05,0.20218083262443542,0.050030138637733576,0.06970594039865799,0.019705940398657987,0.6869904289259128,0.20881370541967462,0.32027764005949433,3876,1766,23569,14686
1,formal_tcn_wgan_gp_seed1,0.4,1,6636,0.05,0.20214518904685974,0.050030138637733576,0.06974541148608644,0.01974541148608644,0.6876988335100742,0.20962180799482813,0.3213047068538398,3891,1767,23568,14671
1,formal_tcn_wgan_gp_seed1,0.4,2,6636,0.05,0.20240338146686554,0.050030138637733576,0.06966646931122952,0.01966646931122952,0.6844269622742714,0.20622777717918328,0.3169530117987994,3828,1765,23570,14734
1,formal_tcn_wgan_gp_seed1,0.4,3,6636,0.05,0.20254173874855042,0.050030138637733576,0.06966646931122952,0.01966646931122952,0.6822682268226823,0.20418058398879432,0.31430111539577893,3790,1765,23570,14772
1,formal_tcn_wgan_gp_seed1,0.4,4,6636,0.05,0.20247343182563782,0.050030138637733576,0.06966646931122952,0.01966646931122952,0.6832944554100125,0.20515030707897855,0.31555831779573235,3808,1765,23570,14754
1,formal_tcn_wgan_gp_seed1,0.4,5,6636,0.05,0.20240959525108337,0.050030138637733576,0.06966646931122952,0.01966646931122952,0.6843140761938831,0.2061200301691628,0.316813646337929,3826,1765,23570,14736
1,formal_tcn_wgan_gp_seed1,0.4,6,6636,0.05,0.20234254002571106,0.050030138637733576,0.06966646931122952,0.01966646931122952,0.6851025869759143,0.2068742592393061,0.317788720155584,3840,1765,23570,14722
1,formal_tcn_wgan_gp_seed1,0.4,7,6636,0.05,0.20246665179729462,0.050030138637733576,0.06966646931122952,0.01966646931122952,0.683408071748879,0.20525805408899903,0.315697891204375,3810,1765,23570,14752
1,formal_tcn_wgan_gp_seed1,0.4,8,6636,0.05,0.20243269205093384,0.050030138637733576,0.06966646931122952,0.01966646931122952,0.683974932855864,0.20579678913910138,0.3163954114382739,3820,1765,23570,14742
1,formal_tcn_wgan_gp_seed1,0.4,9,6636,0.05,0.20244240760803223,0.050030138637733576,0.06966646931122952,0.01966646931122952,0.6838617230879456,0.20568904212908093,0.3162559536135846,3818,1765,23570,14744
1,formal_tcn_wgan_gp_seed1,0.4,10,6636,0.05,0.20227117836475372,0.050030138637733576,0.06970594039865799,0.019705940398657987,0.6856532573869705,0.20752074129942893,0.31861042183622834,3852,1766,23569,14710
1,formal_tcn_wgan_gp_seed1,0.4,11,6636,0.05,0.20229782164096832,0.050030138637733576,0.06966646931122952,0.01966646931122952,0.6856074100463128,0.20735912078439822,0.318414956982131,3849,1765,23570,14713
1,formal_tcn_wgan_gp_seed1,0.4,12,6636,0.05,0.2024088054895401,0.050030138637733576,0.06966646931122952,0.01966646931122952,0.6843705293276109,0.20617390367417304,0.3168833319532996,3827,1765,23570,14735
1,formal_tcn_wgan_gp_seed1,0.4,13,6636,0.05,0.20228049159049988,0.050030138637733576,0.06966646931122952,0.01966646931122952,0.6857193732193733,0.2074668677944187,0.31855405740756054,3851,1765,23570,14711
1,formal_tcn_wgan_gp_seed1,0.4,14,6636,0.05,0.20251846313476562,0.050030138637733576,0.06966646931122952,0.01966646931122952,0.6827251483012763,0.2046115720288762,0.314860103626943,3798,1765,23570,14764
1,formal_tcn_wgan_gp_seed1,0.4,15,6636,0.05,0.20235642790794373,0.050030138637733576,0.06966646931122952,0.01966646931122952,0.6849339521599429,0.2067126387242754,0.31757987088230427,3837,1765,23570,14725
1,formal_tcn_wgan_gp_seed1,0.4,16,6636,0.05,0.2024603933095932,0.050030138637733576,0.06966646931122952,0.01966646931122952,0.6835216065985297,0.2053658010990195,0.3158374414847343,3812,1765,23570,14750
1,formal_tcn_wgan_gp_seed1,0.4,17,6636,0.05,0.2024088054895401,0.050030138637733576,0.06966646931122952,0.01966646931122952,0.6843705293276109,0.20617390367417304,0.3168833319532996,3827,1765,23570,14735
1,formal_tcn_wgan_gp_seed1,0.4,18,6636,0.05,0.20247700810432434,0.050030138637733576,0.06966646931122952,0.01966646931122952,0.6832944554100125,0.20515030707897855,0.31555831779573235,3808,1765,23570,14754
1,formal_tcn_wgan_gp_seed1,0.4,19,6636,0.05,0.2023291289806366,0.050030138637733576,0.06966646931122952,0.01966646931122952,0.6851587584730646,0.20692813274431635,0.3178583250579279,3841,1765,23570,14721
1,formal_tcn_wgan_gp_seed1,1.0,0,16591,0.05,0.20241384208202362,0.05002712313905129,0.06966646931122952,0.01966646931122952,0.6843140761938831,0.2061200301691628,0.316813646337929,3826,1765,23570,14736
1,formal_tcn_wgan_gp_seed1,1.0,1,16591,0.05,0.20241384208202362,0.05002712313905129,0.06966646931122952,0.01966646931122952,0.6843140761938831,0.2061200301691628,0.316813646337929,3826,1765,23570,14736
1,formal_tcn_wgan_gp_seed1,1.0,2,16591,0.05,0.20241384208202362,0.05002712313905129,0.06966646931122952,0.01966646931122952,0.6843140761938831,0.2061200301691628,0.316813646337929,3826,1765,23570,14736
1,formal_tcn_wgan_gp_seed1,1.0,3,16591,0.05,0.20241384208202362,0.05002712313905129,0.06966646931122952,0.01966646931122952,0.6843140761938831,0.2061200301691628,0.316813646337929,3826,1765,23570,14736
1,formal_tcn_wgan_gp_seed1,1.0,4,16591,0.05,0.20241384208202362,0.05002712313905129,0.06966646931122952,0.01966646931122952,0.6843140761938831,0.2061200301691628,0.316813646337929,3826,1765,23570,14736
1,formal_tcn_wgan_gp_seed1,1.0,5,16591,0.05,0.20241384208202362,0.05002712313905129,0.06966646931122952,0.01966646931122952,0.6843140761938831,0.2061200301691628,0.316813646337929,3826,1765,23570,14736
1,formal_tcn_wgan_gp_seed1,1.0,6,16591,0.05,0.20241384208202362,0.05002712313905129,0.06966646931122952,0.01966646931122952,0.6843140761938831,0.2061200301691628,0.316813646337929,3826,1765,23570,14736
1,formal_tcn_wgan_gp_seed1,1.0,7,16591,0.05,0.20241384208202362,0.05002712313905129,0.06966646931122952,0.01966646931122952,0.6843140761938831,0.2061200301691628,0.316813646337929,3826,1765,23570,14736
1,formal_tcn_wgan_gp_seed1,1.0,8,16591,0.05,0.20241384208202362,0.05002712313905129,0.06966646931122952,0.01966646931122952,0.6843140761938831,0.2061200301691628,0.316813646337929,3826,1765,23570,14736
1,formal_tcn_wgan_gp_seed1,1.0,9,16591,0.05,0.20241384208202362,0.05002712313905129,0.06966646931122952,0.01966646931122952,0.6843140761938831,0.2061200301691628,0.316813646337929,3826,1765,23570,14736
1,formal_tcn_wgan_gp_seed1,1.0,10,16591,0.05,0.20241384208202362,0.05002712313905129,0.06966646931122952,0.01966646931122952,0.6843140761938831,0.2061200301691628,0.316813646337929,3826,1765,23570,14736
1,formal_tcn_wgan_gp_seed1,1.0,11,16591,0.05,0.20241384208202362,0.05002712313905129,0.06966646931122952,0.01966646931122952,0.6843140761938831,0.2061200301691628,0.316813646337929,3826,1765,23570,14736
1,formal_tcn_wgan_gp_seed1,1.0,12,16591,0.05,0.20241384208202362,0.05002712313905129,0.06966646931122952,0.01966646931122952,0.6843140761938831,0.2061200301691628,0.316813646337929,3826,1765,23570,14736
1,formal_tcn_wgan_gp_seed1,1.0,13,16591,0.05,0.20241384208202362,0.05002712313905129,0.06966646931122952,0.01966646931122952,0.6843140761938831,0.2061200301691628,0.316813646337929,3826,1765,23570,14736
1,formal_tcn_wgan_gp_seed1,1.0,14,16591,0.05,0.20241384208202362,0.05002712313905129,0.06966646931122952,0.01966646931122952,0.6843140761938831,0.2061200301691628,0.316813646337929,3826,1765,23570,14736
1,formal_tcn_wgan_gp_seed1,1.0,15,16591,0.05,0.20241384208202362,0.05002712313905129,0.06966646931122952,0.01966646931122952,0.6843140761938831,0.2061200301691628,0.316813646337929,3826,1765,23570,14736
1,formal_tcn_wgan_gp_seed1,1.0,16,16591,0.05,0.20241384208202362,0.05002712313905129,0.06966646931122952,0.01966646931122952,0.6843140761938831,0.2061200301691628,0.316813646337929,3826,1765,23570,14736
1,formal_tcn_wgan_gp_seed1,1.0,17,16591,0.05,0.20241384208202362,0.05002712313905129,0.06966646931122952,0.01966646931122952,0.6843140761938831,0.2061200301691628,0.316813646337929,3826,1765,23570,14736
1,formal_tcn_wgan_gp_seed1,1.0,18,16591,0.05,0.20241384208202362,0.05002712313905129,0.06966646931122952,0.01966646931122952,0.6843140761938831,0.2061200301691628,0.316813646337929,3826,1765,23570,14736
1,formal_tcn_wgan_gp_seed1,1.0,19,16591,0.05,0.20241384208202362,0.05002712313905129,0.06966646931122952,0.01966646931122952,0.6843140761938831,0.2061200301691628,0.316813646337929,3826,1765,23570,14736
1,formal_tcn_wgan_gp_seed1,0.05,0,830,0.1,0.1994214951992035,0.1,0.07021906453522794,0.029780935464772063,0.7532251352476071,0.2925331322055813,0.4214039036125878,5430,1779,23556,13132
1,formal_tcn_wgan_gp_seed1,0.05,1,830,0.1,0.19777697324752808,0.1,0.07081113084665483,0.029188869153345176,0.7645669291338583,0.31386704018963474,0.4450385761209992,5826,1794,23541,12736
1,formal_tcn_wgan_gp_seed1,0.05,2,830,0.1,0.19421571493148804,0.1,0.07160055259522399,0.028399447404776013,0.7802543912780133,0.34699924577092983,0.4803669314240966,6441,1814,23521,12121
1,formal_tcn_wgan_gp_seed1,0.05,3,830,0.1,0.19693022966384888,0.1,0.07096901519636865,0.02903098480363135,0.7689836823846846,0.32243292748626223,0.4543556652116151,5985,1798,23537,12577
1,formal_tcn_wgan_gp_seed1,0.05,4,830,0.1,0.19921669363975525,0.1,0.07033747779751331,0.02966252220248669,0.7543424317617866,0.2947958194160112,0.423923148435079,5472,1782,23553,13090
1,formal_tcn_wgan_gp_seed1,0.05,5,830,0.1,0.19960157573223114,0.1,0.07017959344779949,0.029820406552200515,0.751987724926768,0.2904320655101821,0.41902763203917454,5391,1778,23557,13171
1,formal_tcn_wgan_gp_seed1,0.05,6,830,0.1,0.1950448602437973,0.1,0.07132425498322478,0.028675745016775223,0.7775178527456291,0.34021118413964013,0.47331734372657774,6315,1807,23528,12247
1,formal_tcn_wgan_gp_seed1,0.05,7,830,0.1,0.1983114629983902,0.1,0.07065324649694099,0.029346753503059014,0.7608869890462197,0.3068634845383041,0.43734643734643736,5696,1790,23545,12866
1,formal_tcn_wgan_gp_seed1,0.05,8,830,0.1,0.1990991085767746,0.1,0.07041641997237023,0.02958358002762977,0.7548777136575983,0.2959810365262364,0.4252321981424149,5494,1784,23551,13068
1,formal_tcn_wgan_gp_seed1,0.05,9,830,0.1,0.20049968361854553,0.1,0.07002170909808565,0.029978290901914353,0.7362866062137654,0.26683547031569876,0.3917118114595279,4953,1774,23561,13609
1,formal_tcn_wgan_gp_seed1,0.05,10,830,0.1,0.19698788225650787,0.1,0.07096901519636865,0.02903098480363135,0.7685971685971686,0.3217325719211292,0.4535925869664287,5972,1798,23537,12590
1,formal_tcn_wgan_gp_seed1,0.05,11,830,0.1,0.19441722333431244,0.1,0.07148213933293862,0.028517860667061384,0.779871155949921,0.34565240814567394,0.47900257568404936,6416,1811,23524,12146
1,formal_tcn_wgan_gp_seed1,0.05,12,830,0.1,0.19996283948421478,0.1,0.07010065127294257,0.029899348727057434,0.7475479744136461,0.28332076284883095,0.410907528225964,5259,1776,23559,13303
1,formal_tcn_wgan_gp_seed1,0.05,13,830,0.1,0.19929100573062897,0.1,0.07029800671008486,0.029701993289915143,0.7540734603700635,0.2942032108608986,0.4232677104324911,5461,1781,23554,13101
1,formal_tcn_wgan_gp_seed1,0.05,14,830,0.1,0.1974327266216278,0.1,0.07089007302151175,0.029109926978488257,0.7662371469478069,0.31715332399525914,0.4486187845303868,5887,1796,23539,12675
1,formal_tcn_wgan_gp_seed1,0.05,15,830,0.1,0.2001948207616806,0.1,0.07010065127294257,0.029899348727057434,0.7435008665511266,0.27734080379269477,0.403986502393471,5148,1776,23559,13414
1,formal_tcn_wgan_gp_seed1,0.05,16,830,0.1,0.19891399145126343,0.1,0.07049536214722715,0.029504637852772853,0.756110883517684,0.29829759724167654,0.42781533706779984,5537,1786,23549,13025
1,formal_tcn_wgan_gp_seed1,0.05,17,830,0.1,0.19794942438602448,0.1,0.07073218867179791,0.029267811328202095,0.7631822386679001,0.3111194914341127,0.44203758276244787,5775,1792,23543,12787
1,formal_tcn_wgan_gp_seed1,0.05,18,830,0.1,0.19757065176963806,0.1,0.07085060193408328,0.029149398065916723,0.7656963842840361,0.3160219803900442,0.4473935095145483,5866,1795,23540,12696
1,formal_tcn_wgan_gp_seed1,0.05,19,830,0.1,0.19799686968326569,0.1,0.07073218867179791,0.029267811328202095,0.762962962962963,0.31074237689904105,0.4416200903453028,5768,1792,23543,12794
1,formal_tcn_wgan_gp_seed1,0.1,0,1659,0.1,0.19507281482219696,0.10006027727546715,0.07132425498322478,0.028675745016775223,0.7774356447838404,0.3400495636246094,0.4731456841947453,6312,1807,23528,12250
1,formal_tcn_wgan_gp_seed1,0.1,1,1659,0.1,0.19626472890377045,0.10006027727546715,0.07112689954608249,0.028873100453917513,0.7726469846076205,0.3299213446826851,0.46239806704922987,6124,1802,23533,12438
1,formal_tcn_wgan_gp_seed1,0.1,2,1659,0.1,0.1983157992362976,0.10006027727546715,0.07065324649694099,0.029346753503059014,0.7608230892570818,0.3067557375282836,0.43722644551946555,5694,1790,23545,12868
1,formal_tcn_wgan_gp_seed1,0.1,3,1659,0.1,0.19859179854393005,0.10006027727546715,0.07057430432208407,0.029425695677915933,0.7590296495956873,0.303415580217649,0.4335309060118544,5632,1788,23547,12930
1,formal_tcn_wgan_gp_seed1,0.1,4,1659,0.1,0.19785349071025848,0.10006027727546715,0.07073218867179791,0.029267811328202095,0.763993151586988,0.31252020256437885,0.443586312368572,5801,1792,23543,12761
1,formal_tcn_wgan_gp_seed1,0.1,5,1659,0.1,0.19772809743881226,0.10006027727546715,0.07081113084665483,0.029188869153345176,0.7648446716476602,0.3143519017347269,0.4455729067236837,5835,1794,23541,12727
1,formal_tcn_wgan_gp_seed1,0.1,6,1659,0.1,0.1945570558309555,0.10006027727546715,0.0714031971580817,0.028596802841918303,0.7795246800731261,0.34457493804546924,0.47790189412336087,6396,1809,23526,12166
1,formal_tcn_wgan_gp_seed1,0.1,7,1659,0.1,0.19873280823230743,0.10006027727546715,0.07049536214722715,0.029504637852772853,0.7580601463018152,0.30147613403728046,0.431390687634906,5596,1786,23549,12966
1,formal_tcn_wgan_gp_seed1,0.1,8,1659,0.1,0.19879575073719025,0.10006027727546715,0.07049536214722715,0.029504637852772853,0.7574028796522684,0.30039866393707576,0.43018052769634313,5576,1786,23549,12986
1,formal_tcn_wgan_gp_seed1,0.1,9,1659,0.1,0.1978730857372284,0.10006027727546715,0.07073218867179791,0.029267811328202095,0.7638376383763837,0.31225083503932766,0.4432887189292543,5796,1792,23543,12766
1,formal_tcn_wgan_gp_seed1,0.1,10,1659,0.1,0.19626472890377045,0.10006027727546715,0.07112689954608249,0.028873100453917513,0.7726469846076205,0.3299213446826851,0.46239806704922987,6124,1802,23533,12438
1,formal_tcn_wgan_gp_seed1,0.1,11,1659,0.1,0.19853860139846802,0.10006027727546715,0.07061377540951254,0.029386224590487467,0.7592841765339075,0.30400818877276153,0.4341771177964145,5643,1789,23546,12919
1,formal_tcn_wgan_gp_seed1,0.1,12,1659,0.1,0.19925640523433685,0.10006027727546715,0.07029800671008486,0.029701993289915143,0.7542092188793817,0.2944187048809396,0.42351208927464357,5465,1781,23554,13097
1,formal_tcn_wgan_gp_seed1,0.1,13,1659,0.1,0.19743749499320984,0.10006027727546715,0.07089007302151175,0.029109926978488257,0.7661762791303216,0.31704557698523866,0.4485005525282933,5885,1796,23539,12677
1,formal_tcn_wgan_gp_seed1,0.1,14,1659,0.1,0.19865170121192932,0.10006027727546715,0.07053483323465562,0.029465166765344386,0.7586439762290653,0.3026074776424954,0.43264268659015637,5617,1787,23548,12945
1,formal_tcn_wgan_gp_seed1,0.1,15,1659,0.1,0.19886361062526703,0.10006027727546715,0.07049536214722715,0.029504637852772853,0.7567088952458793,0.29926732033186076,0.4289078485117554,5555,1786,23549,13007
1,formal_tcn_wgan_gp_seed1,0.1,16,1659,0.1,0.1929827779531479,0.10006027727546715,0.07175843694493783,0.028241563055062174,0.7828735220351128,0.35314082534209673,0.4867273064785595,6555,1818,23517,12007
1,formal_tcn_wgan_gp_seed1,0.1,17,1659,0.1,0.19623351097106934,0.10006027727546715,0.07120584172093941,0.028794158279060594,0.7726241492311571,0.33024458571274645,0.46271135265700486,6130,1804,23531,12432
1,formal_tcn_wgan_gp_seed1,0.1,18,1659,0.1,0.1985996961593628,0.10006027727546715,0.07057430432208407,0.029425695677915933,0.7590296495956873,0.303415580217649,0.4335309060118544,5632,1788,23547,12930
1,formal_tcn_wgan_gp_seed1,0.1,19,1659,0.1,0.19765600562095642,0.10006027727546715,0.07085060193408328,0.029149398065916723,0.7652674251340394,0.31526775131990087,0.4465641573505284,5852,1795,23540,12710
1,formal_tcn_wgan_gp_seed1,0.2,0,3318,0.1,0.19550111889839172,0.10006027727546715,0.07128478389579633,0.028715216104203675,0.7756521739130435,0.33638616528391335,0.4692619870735007,6244,1806,23529,12318
1,formal_tcn_wgan_gp_seed1,0.2,1,3318,0.1,0.1967141330242157,0.10006027727546715,0.07108742845865404,0.028912571541345966,0.7699284619315279,0.32469561469669217,0.45676392572944297,6027,1801,23534,12535
1,formal_tcn_wgan_gp_seed1,0.2,2,3318,0.1,0.1989356279373169,0.10006027727546715,0.0704558910597987,0.029544108940201305,0.7559808612440191,0.29792048270660487,0.42740657726938974,5530,1785,23550,13032
1,formal_tcn_wgan_gp_seed1,0.2,3,3318,0.1,0.19745740294456482,0.10006027727546715,0.07089007302151175,0.029109926978488257,0.7661153796067196,0.3169378299752182,0.4483823025037155,5883,1796,23539,12679
1,formal_tcn_wgan_gp_seed1,0.2,4,3318,0.1,0.19818849861621857,0.10006027727546715,0.07073218867179791,0.029267811328202095,0.7615118445568273,0.3082641956685702,0.43887099248350975,5722,1792,23543,12840
1,formal_tcn_wgan_gp_seed1,0.2,5,3318,0.1,0.19627192616462708,0.10006027727546715,0.07108742845865404,0.028912571541345966,0.7726584195910123,0.32975972416765437,0.46224135326989885,6121,1801,23534,12441
1,formal_tcn_wgan_gp_seed1,0.2,6,3318,0.1,0.1973508894443512,0.10006027727546715,0.0709295441089402,0.029070455891059804,0.7668050869452375,0.3183385411054843,0.44990102025277906,5909,1797,23538,12653
1,formal_tcn_wgan_gp_seed1,0.2,7,3318,0.1,0.19856944680213928,0.10006027727546715,0.07057430432208407,0.029425695677915933,0.7591594827586207,0.3036310742376899,0.43377203109366586,5636,1788,23547,12926
1,formal_tcn_wgan_gp_seed1,0.2,8,3318,0.1,0.19607944786548615,0.10006027727546715,0.07120584172093941,0.028794158279060594,0.7732813874575846,0.3314836763279819,0.4640446472340585,6153,1804,23531,12409
1,formal_tcn_wgan_gp_seed1,0.2,9,3318,0.1,0.19694094359874725,0.10006027727546715,0.07096901519636865,0.02903098480363135,0.7689243027888446,0.32232518047624176,0.45423831757962263,5983,1798,23537,12579
1,formal_tcn_wgan_gp_seed1,0.2,10,3318,0.1,0.1976487636566162,0.10006027727546715,0.07085060193408328,0.029149398065916723,0.7652674251340394,0.31526775131990087,0.4465641573505284,5852,1795,23540,12710
1,formal_tcn_wgan_gp_seed1,0.2,11,3318,0.1,0.1983177363872528,0.10006027727546715,0.07065324649694099,0.029346753503059014,0.7608230892570818,0.3067557375282836,0.43722644551946555,5694,1790,23545,12868
1,formal_tcn_wgan_gp_seed1,0.2,12,3318,0.1,0.19837020337581635,0.10006027727546715,0.07065324649694099,0.029346753503059014,0.7605991707904239,0.30637862299321195,0.4368063289680864,5687,1790,23545,12875
1,formal_tcn_wgan_gp_seed1,0.2,13,3318,0.1,0.1980658322572708,0.10006027727546715,0.07073218867179791,0.029267811328202095,0.7625231910946196,0.3099881478288978,0.44078443388999544,5754,1792,23543,12808
1,formal_tcn_wgan_gp_seed1,0.2,14,3318,0.1,0.19731184840202332,0.10006027727546715,0.0709295441089402,0.029070455891059804,0.7671073094867807,0.3188772761555867,0.4504909049394932,5919,1797,23538,12643
1,formal_tcn_wgan_gp_seed1,0.2,15,3318,0.1,0.198081836104393,0.10006027727546715,0.07073218867179791,0.029267811328202095,0.7624602332979852,0.3098804008188773,0.44066498123036857,5752,1792,23543,12810
1,formal_tcn_wgan_gp_seed1,0.2,16,3318,0.1,0.19798718392848969,0.10006027727546715,0.07073218867179791,0.029267811328202095,0.7630569879677377,0.31090399741407176,0.44179904306220097,5771,1792,23543,12791
1,formal_tcn_wgan_gp_seed1,0.2,17,3318,0.1,0.1978585422039032,0.10006027727546715,0.07073218867179791,0.029267811328202095,0.7639620653319283,0.3124663290593686,0.4435268027835131,5800,1792,23543,12762
1,formal_tcn_wgan_gp_seed1,0.2,18,3318,0.1,0.19761958718299866,0.10006027727546715,0.07085060193408328,0.029149398065916723,0.7653901450790747,0.3154832453399418,0.44680120550871705,5856,1795,23540,12706
1,formal_tcn_wgan_gp_seed1,0.2,19,3318,0.1,0.19700750708580017,0.10006027727546715,0.07096901519636865,0.02903098480363135,0.7685673831895997,0.32167869841611896,0.45353385743040525,5971,1798,23537,12591
1,formal_tcn_wgan_gp_seed1,0.4,0,6636,0.1,0.19718047976493835,0.10006027727546715,0.0709295441089402,0.029070455891059804,0.7677094105480868,0.3199547462557914,0.451669328466043,5939,1797,23538,12623
1,formal_tcn_wgan_gp_seed1,0.4,1,6636,0.1,0.19579298794269562,0.10006027727546715,0.07128478389579633,0.028715216104203675,0.773995745213365,0.3332076284883094,0.4658607313674537,6185,1806,23529,12377
1,formal_tcn_wgan_gp_seed1,0.4,2,6636,0.1,0.19730675220489502,0.10006027727546715,0.0709295441089402,0.029070455891059804,0.7671073094867807,0.3188772761555867,0.4504909049394932,5919,1797,23538,12643
1,formal_tcn_wgan_gp_seed1,0.4,3,6636,0.1,0.19742605090141296,0.10006027727546715,0.07089007302151175,0.029109926978488257,0.7662979830839297,0.3172610710052796,0.4487369985141159,5889,1796,23539,12673
1,formal_tcn_wgan_gp_seed1,0.4,4,6636,0.1,0.19786150753498077,0.10006027727546715,0.07073218867179791,0.029267811328202095,0.7639620653319283,0.3124663290593686,0.4435268027835131,5800,1792,23543,12762
1,formal_tcn_wgan_gp_seed1,0.4,5,6636,0.1,0.19812455773353577,0.10006027727546715,0.07073218867179791,0.029267811328202095,0.7620185922974767,0.30912617174873397,0.4398282998620267,5738,1792,23543,12824
1,formal_tcn_wgan_gp_seed1,0.4,6,6636,0.1,0.19762703776359558,0.10006027727546715,0.07085060193408328,0.029149398065916723,0.7653901450790747,0.3154832453399418,0.44680120550871705,5856,1795,23540,12706
1,formal_tcn_wgan_gp_seed1,0.4,7,6636,0.1,0.1975395232439041,0.10006027727546715,0.07085060193408328,0.029149398065916723,0.7658186562296151,0.3162374744100851,0.447630304647882,5870,1795,23540,12692
1,formal_tcn_wgan_gp_seed1,0.4,8,6636,0.1,0.19806227087974548,0.10006027727546715,0.07073218867179791,0.029267811328202095,0.7625231910946196,0.3099881478288978,0.44078443388999544,5754,1792,23543,12808
1,formal_tcn_wgan_gp_seed1,0.4,9,6636,0.1,0.19760607182979584,0.10006027727546715,0.07085060193408328,0.029149398065916723,0.7654514569449888,0.3155909923499623,0.44691970246042345,5858,1795,23540,12704
1,formal_tcn_wgan_gp_seed1,0.4,10,6636,0.1,0.1975451111793518,0.10006027727546715,0.07085060193408328,0.029149398065916723,0.7657881002087683,0.31618360090507486,0.4475711126363151,5869,1795,23540,12693
1,formal_tcn_wgan_gp_seed1,0.4,11,6636,0.1,0.19670452177524567,0.10006027727546715,0.07108742845865404,0.028912571541345966,0.7699872286079182,0.32480336170671265,0.45688087299181573,6029,1801,23534,12533
1,formal_tcn_wgan_gp_seed1,0.4,12,6636,0.1,0.19727811217308044,0.10006027727546715,0.0709295441089402,0.029070455891059804,0.767137488661397,0.31893114966059694,0.45054986871646563,5920,1797,23538,12642
1,formal_tcn_wgan_gp_seed1,0.4,13,6636,0.1,0.1971750408411026,0.10006027727546715,0.0709295441089402,0.029070455891059804,0.767799457294224,0.3201163667708221,0.45184593741682827,5942,1797,23538,12620
1,formal_tcn_wgan_gp_seed1,0.4,14,6636,0.1,0.1978311985731125,0.10006027727546715,0.07073218867179791,0.029267811328202095,0.7642105263157895,0.3128973170994505,0.4440027520831741,5808,1792,23543,12754
1,formal_tcn_wgan_gp_seed1,0.4,15,6636,0.1,0.19785039126873016,0.10006027727546715,0.07073218867179791,0.029267811328202095,0.763993151586988,0.31252020256437885,0.443586312368572,5801,1792,23543,12761
1,formal_tcn_wgan_gp_seed1,0.4,16,6636,0.1,0.19766348600387573,0.10006027727546715,0.07085060193408328,0.029149398065916723,0.7652367250850117,0.31521387781489063,0.446504884004884,5851,1795,23540,12711
1,formal_tcn_wgan_gp_seed1,0.4,17,6636,0.1,0.1971750408411026,0.10006027727546715,0.0709295441089402,0.029070455891059804,0.767799457294224,0.3201163667708221,0.45184593741682827,5942,1797,23538,12620
1,formal_tcn_wgan_gp_seed1,0.4,18,6636,0.1,0.19788306951522827,0.10006027727546715,0.07073218867179791,0.029267811328202095,0.763744232036915,0.31208921452429694,0.44311010823421426,5793,1792,23543,12769
1,formal_tcn_wgan_gp_seed1,0.4,19,6636,0.1,0.19780686497688293,0.10006027727546715,0.07077165975922636,0.029228340240773643,0.764388961892247,0.3133821786445426,0.4445208619899129,5817,1793,23542,12745
1,formal_tcn_wgan_gp_seed1,1.0,0,16591,0.1,0.1975957751274109,0.10005424627810258,0.07085060193408328,0.029149398065916723,0.7654821008622942,0.31564486585497253,0.44697894415624045,5859,1795,23540,12703
1,formal_tcn_wgan_gp_seed1,1.0,1,16591,0.1,0.1975957751274109,0.10005424627810258,0.07085060193408328,0.029149398065916723,0.7654821008622942,0.31564486585497253,0.44697894415624045,5859,1795,23540,12703
1,formal_tcn_wgan_gp_seed1,1.0,2,16591,0.1,0.1975957751274109,0.10005424627810258,0.07085060193408328,0.029149398065916723,0.7654821008622942,0.31564486585497253,0.44697894415624045,5859,1795,23540,12703
1,formal_tcn_wgan_gp_seed1,1.0,3,16591,0.1,0.1975957751274109,0.10005424627810258,0.07085060193408328,0.029149398065916723,0.7654821008622942,0.31564486585497253,0.44697894415624045,5859,1795,23540,12703
1,formal_tcn_wgan_gp_seed1,1.0,4,16591,0.1,0.1975957751274109,0.10005424627810258,0.07085060193408328,0.029149398065916723,0.7654821008622942,0.31564486585497253,0.44697894415624045,5859,1795,23540,12703
1,formal_tcn_wgan_gp_seed1,1.0,5,16591,0.1,0.1975957751274109,0.10005424627810258,0.07085060193408328,0.029149398065916723,0.7654821008622942,0.31564486585497253,0.44697894415624045,5859,1795,23540,12703
1,formal_tcn_wgan_gp_seed1,1.0,6,16591,0.1,0.1975957751274109,0.10005424627810258,0.07085060193408328,0.029149398065916723,0.7654821008622942,0.31564486585497253,0.44697894415624045,5859,1795,23540,12703
1,formal_tcn_wgan_gp_seed1,1.0,7,16591,0.1,0.1975957751274109,0.10005424627810258,0.07085060193408328,0.029149398065916723,0.7654821008622942,0.31564486585497253,0.44697894415624045,5859,1795,23540,12703
1,formal_tcn_wgan_gp_seed1,1.0,8,16591,0.1,0.1975957751274109,0.10005424627810258,0.07085060193408328,0.029149398065916723,0.7654821008622942,0.31564486585497253,0.44697894415624045,5859,1795,23540,12703
1,formal_tcn_wgan_gp_seed1,1.0,9,16591,0.1,0.1975957751274109,0.10005424627810258,0.07085060193408328,0.029149398065916723,0.7654821008622942,0.31564486585497253,0.44697894415624045,5859,1795,23540,12703
1,formal_tcn_wgan_gp_seed1,1.0,10,16591,0.1,0.1975957751274109,0.10005424627810258,0.07085060193408328,0.029149398065916723,0.7654821008622942,0.31564486585497253,0.44697894415624045,5859,1795,23540,12703
1,formal_tcn_wgan_gp_seed1,1.0,11,16591,0.1,0.1975957751274109,0.10005424627810258,0.07085060193408328,0.029149398065916723,0.7654821008622942,0.31564486585497253,0.44697894415624045,5859,1795,23540,12703
1,formal_tcn_wgan_gp_seed1,1.0,12,16591,0.1,0.1975957751274109,0.10005424627810258,0.07085060193408328,0.029149398065916723,0.7654821008622942,0.31564486585497253,0.44697894415624045,5859,1795,23540,12703
1,formal_tcn_wgan_gp_seed1,1.0,13,16591,0.1,0.1975957751274109,0.10005424627810258,0.07085060193408328,0.029149398065916723,0.7654821008622942,0.31564486585497253,0.44697894415624045,5859,1795,23540,12703
1,formal_tcn_wgan_gp_seed1,1.0,14,16591,0.1,0.1975957751274109,0.10005424627810258,0.07085060193408328,0.029149398065916723,0.7654821008622942,0.31564486585497253,0.44697894415624045,5859,1795,23540,12703
1,formal_tcn_wgan_gp_seed1,1.0,15,16591,0.1,0.1975957751274109,0.10005424627810258,0.07085060193408328,0.029149398065916723,0.7654821008622942,0.31564486585497253,0.44697894415624045,5859,1795,23540,12703
1,formal_tcn_wgan_gp_seed1,1.0,16,16591,0.1,0.1975957751274109,0.10005424627810258,0.07085060193408328,0.029149398065916723,0.7654821008622942,0.31564486585497253,0.44697894415624045,5859,1795,23540,12703
1,formal_tcn_wgan_gp_seed1,1.0,17,16591,0.1,0.1975957751274109,0.10005424627810258,0.07085060193408328,0.029149398065916723,0.7654821008622942,0.31564486585497253,0.44697894415624045,5859,1795,23540,12703
1,formal_tcn_wgan_gp_seed1,1.0,18,16591,0.1,0.1975957751274109,0.10005424627810258,0.07085060193408328,0.029149398065916723,0.7654821008622942,0.31564486585497253,0.44697894415624045,5859,1795,23540,12703
1,formal_tcn_wgan_gp_seed1,1.0,19,16591,0.1,0.1975957751274109,0.10005424627810258,0.07085060193408328,0.029149398065916723,0.7654821008622942,0.31564486585497253,0.44697894415624045,5859,1795,23540,12703
1,formal_tcn_wgan_gp_seed1,0.05,0,830,0.15,0.19058027863502502,0.15060240963855423,0.07231103216893625,0.07768896783106374,0.7872735717603344,0.3652623639693999,0.4990064031795099,6780,1832,23503,11782
1,formal_tcn_wgan_gp_seed1,0.05,1,830,0.15,0.18742962181568146,0.15060240963855423,0.07345569370436156,0.07654430629563844,0.7902153083079698,0.37765327012175415,0.5110633179017972,7010,1861,23474,11552
1,formal_tcn_wgan_gp_seed1,0.05,2,830,0.15,0.18607604503631592,0.15060240963855423,0.07373199131636077,0.07626800868363923,0.7914945864493805,0.38201702402758325,0.5153155771955962,7091,1868,23467,11471
1,formal_tcn_wgan_gp_seed1,0.05,3,830,0.15,0.1833607405424118,0.15060240963855423,0.0743635287152161,0.07563647128478389,0.7941883329691938,0.39166038142441545,0.5246067253571944,7270,1884,23451,11292
1,formal_tcn_wgan_gp_seed1,0.05,4,830,0.15,0.187118262052536,0.15060240963855423,0.07353463587921848,0.07646536412078152,0.7905564924114671,0.3788384872319793,0.5122191062388461,7032,1863,23472,11530
1,formal_tcn_wgan_gp_seed1,0.05,5,830,0.15,0.19211535155773163,0.15060240963855423,0.07199526346950859,0.0780047365304914,0.7844735909252039,0.3576661997629566,0.491322849213691,6639,1824,23511,11923
1,formal_tcn_wgan_gp_seed1,0.05,6,830,0.15,0.1832333505153656,0.15060240963855423,0.07448194197750148,0.07551805802249852,0.794175392670157,0.39225298997952807,0.5251352326000721,7281,1887,23448,11281
1,formal_tcn_wgan_gp_seed1,0.05,7,830,0.15,0.1873745620250702,0.15060240963855423,0.07345569370436156,0.07654430629563844,0.7903571026247607,0.3779765111518155,0.5113888990123546,7016,1861,23474,11546
1,formal_tcn_wgan_gp_seed1,0.05,8,830,0.15,0.18683932721614838,0.15060240963855423,0.07357410696664693,0.07642589303335307,0.7907968574635241,0.3795927163021226,0.5129586488060571,7046,1864,23471,11516
1,formal_tcn_wgan_gp_seed1,0.05,9,830,0.15,0.1903793215751648,0.15060240963855423,0.07246891651865009,0.0775310834813499,0.7870069605568445,0.36547785798944077,0.4991538518137002,6784,1836,23499,11778
1,formal_tcn_wgan_gp_seed1,0.05,10,830,0.15,0.18576715886592865,0.15060240963855423,0.07385040457864614,0.07614959542135386,0.7916481069042316,0.3829867471177675,0.5162297581874955,7109,1871,23464,11453
1,formal_tcn_wgan_gp_seed1,0.05,11,830,0.15,0.18307068943977356,0.15060240963855423,0.0745608841523584,0.0754391158476416,0.7942041616733849,0.3927378515246202,0.5255758624418732,7290,1889,23446,11272
1,formal_tcn_wgan_gp_seed1,0.05,12,830,0.15,0.18955670297145844,0.15060240963855423,0.07298204065522006,0.07701795934477994,0.7873001265385943,0.36871026829005493,0.5022197761878555,6844,1849,23486,11718
1,formal_tcn_wgan_gp_seed1,0.05,13,830,0.15,0.1871487945318222,0.15060240963855423,0.07353463587921848,0.07646536412078152,0.7904622652120121,0.3786229932119384,0.5120023312570574,7028,1863,23472,11534
1,formal_tcn_wgan_gp_seed1,0.05,14,830,0.15,0.1869494765996933,0.15060240963855423,0.07357410696664693,0.07642589303335307,0.7906793935991017,0.3793233487770714,0.5126879528161066,7041,1864,23471,11521
1,formal_tcn_wgan_gp_seed1,0.05,15,830,0.15,0.18918558955192566,0.15060240963855423,0.07306098283007696,0.07693901716992303,0.7878266850068776,0.3702725999353518,0.5037748295829363,6873,1851,23484,11689
1,formal_tcn_wgan_gp_seed1,0.05,16,830,0.15,0.1891491562128067,0.15060240963855423,0.07310045391750543,0.07689954608249457,0.7878579610538373,0.37054196746040297,0.5040304851238457,6878,1852,23483,11684
1,formal_tcn_wgan_gp_seed1,0.05,17,830,0.15,0.19019530713558197,0.15060240963855423,0.07254785869350701,0.07745214130649299,0.7872192637184533,0.3663398340696046,0.5,6800,1838,23497,11762
1,formal_tcn_wgan_gp_seed1,0.05,18,830,0.15,0.18923410773277283,0.15060240963855423,0.07306098283007696,0.07693901716992303,0.7877293577981651,0.3700571059153108,0.503555457811011,6869,1851,23484,11693
1,formal_tcn_wgan_gp_seed1,0.05,19,830,0.15,0.18616846203804016,0.15060240963855423,0.07365304914150385,0.07634695085849615,0.7916480571683787,0.381963150522573,0.515299076967803,7090,1866,23469,11472
1,formal_tcn_wgan_gp_seed1,0.1,0,1659,0.15,0.1860215663909912,0.15009041591320071,0.07373199131636077,0.07626800868363923,0.7915643829502343,0.38217864454261397,0.5154774015404737,7094,1868,23467,11468
1,formal_tcn_wgan_gp_seed1,0.1,1,1659,0.15,0.18791969120502472,0.15009041591320071,0.07341622261693309,0.0765837773830669,0.7892828820663872,0.375336709406314,0.5087443864325094,6967,1860,23475,11595
1,formal_tcn_wgan_gp_seed1,0.1,2,1659,0.15,0.18574872612953186,0.15009041591320071,0.07385040457864614,0.07614959542135386,0.7916945001113338,0.38309449412778795,0.5163374963694453,7111,1871,23464,11451
1,formal_tcn_wgan_gp_seed1,0.1,3,1659,0.15,0.18907436728477478,0.15009041591320071,0.07317939609236235,0.07682060390763765,0.7878233005264362,0.3708652084904644,0.5043223443223444,6884,1854,23481,11678
1,formal_tcn_wgan_gp_seed1,0.1,4,1659,0.15,0.18754731118679047,0.15009041591320071,0.07341622261693309,0.0765837773830669,0.7900203206141341,0.3770067880616313,0.5104303428154632,6998,1860,23475,11564
1,formal_tcn_wgan_gp_seed1,0.1,5,1659,0.15,0.18704473972320557,0.15009041591320071,0.07357410696664693,0.07642589303335307,0.790561797752809,0.3790539812520203,0.5124171582550433,7036,1864,23471,11526
1,formal_tcn_wgan_gp_seed1,0.1,6,1659,0.15,0.18479540944099426,0.15009041591320071,0.07400828892835998,0.07599171107164002,0.792932081722805,0.38681176597349426,0.5199695839519137,7180,1875,23460,11382
1,formal_tcn_wgan_gp_seed1,0.1,7,1659,0.15,0.18795260787010193,0.15009041591320071,0.07341622261693309,0.0765837773830669,0.7892351274787536,0.3752289623962935,0.5086354839887538,6965,1860,23475,11597
1,formal_tcn_wgan_gp_seed1,0.1,8,1659,0.15,0.18884332478046417,0.15009041591320071,0.0732188671797908,0.0767811328202092,0.7882178330859687,0.3719426785906691,0.5053987774971633,6904,1855,23480,11658
1,formal_tcn_wgan_gp_seed1,0.1,9,1659,0.15,0.18665406107902527,0.15009041591320071,0.0736135780540754,0.0763864219459246,0.7910129986553115,0.3802930718672557,0.5136433093211089,7059,1865,23470,11503
1,formal_tcn_wgan_gp_seed1,0.1,10,1659,0.15,0.18554218113422394,0.15009041591320071,0.0738898756660746,0.07611012433392539,0.7920462119528994,0.3841180907229824,0.5173414598751995,7130,1872,23463,11432
1,formal_tcn_wgan_gp_seed1,0.1,11,1659,0.15,0.1882239580154419,0.15009041591320071,0.07333728044207619,0.07666271955792381,0.7889595638346206,0.37420536580109903,0.507637214061244,6946,1858,23477,11616
1,formal_tcn_wgan_gp_seed1,0.1,12,1659,0.15,0.18766827881336212,0.15009041591320071,0.07341622261693309,0.0765837773830669,0.7897830018083183,0.3764680530115289,0.5098869025902955,6988,1860,23475,11574
1,formal_tcn_wgan_gp_seed1,0.1,13,1659,0.15,0.1867968738079071,0.15009041591320071,0.07357410696664693,0.07642589303335307,0.7908438061041293,0.3797004633121431,0.5130668996141806,7048,1864,23471,11514
1,formal_tcn_wgan_gp_seed1,0.1,14,1659,0.15,0.1878068745136261,0.15009041591320071,0.07341622261693309,0.0765837773830669,0.7896165592127588,0.3760909384764573,0.5095062584388571,6981,1860,23475,11581
1,formal_tcn_wgan_gp_seed1,0.1,15,1659,0.15,0.18830177187919617,0.15009041591320071,0.07333728044207619,0.07666271955792381,0.7888396408682805,0.37393599827604784,0.5073644969116626,6941,1858,23477,11621
1,formal_tcn_wgan_gp_seed1,0.1,16,1659,0.15,0.18386246263980865,0.15009041591320071,0.07424511545293074,0.07575488454706926,0.7938404208680403,0.3902057967891391,0.5232247345228636,7243,1881,23454,11319
1,formal_tcn_wgan_gp_seed1,0.1,17,1659,0.15,0.18587464094161987,0.15009041591320071,0.07381093349121769,0.07618906650878231,0.7915505517779512,0.3825557590776856,0.5158173827770312,7101,1870,23465,11461
1,formal_tcn_wgan_gp_seed1,0.1,18,1659,0.15,0.18822072446346283,0.15009041591320071,0.07333728044207619,0.07666271955792381,0.7889595638346206,0.37420536580109903,0.507637214061244,6946,1858,23477,11616
1,formal_tcn_wgan_gp_seed1,0.1,19,1659,0.15,0.18708039820194244,0.15009041591320071,0.07357410696664693,0.07642589303335307,0.7905147224095302,0.3789462342419998,0.5123088128186454,7034,1864,23471,11528
1,formal_tcn_wgan_gp_seed1,0.2,0,3318,0.15,0.18497923016548157,0.15009041591320071,0.07396881784093151,0.07603118215906848,0.792905293402586,0.38654239844844307,0.5197204012893413,7175,1874,23461,11387
1,formal_tcn_wgan_gp_seed1,0.2,1,3318,0.15,0.18665209412574768,0.15009041591320071,0.0736135780540754,0.0763864219459246,0.7910129986553115,0.3802930718672557,0.5136433093211089,7059,1865,23470,11503
1,formal_tcn_wgan_gp_seed1,0.2,2,3318,0.15,0.18844731152057648,0.15009041591320071,0.07329780935464772,0.07670219064535228,0.7886891215293582,0.37339726322594546,0.506837294332724,6931,1857,23478,11631
1,formal_tcn_wgan_gp_seed1,0.2,3,3318,0.15,0.18742802739143372,0.15009041591320071,0.07345569370436156,0.07654430629563844,0.7902153083079698,0.37765327012175415,0.5110633179017972,7010,1861,23474,11552
1,formal_tcn_wgan_gp_seed1,0.2,4,3318,0.15,0.18773366510868073,0.15009041591320071,0.07341622261693309,0.0765837773830669,0.789711701526286,0.3763064324964982,0.5097237931915204,6985,1860,23475,11577
1,formal_tcn_wgan_gp_seed1,0.2,5,3318,0.15,0.1857328861951828,0.15009041591320071,0.07385040457864614,0.07614959542135386,0.7917176889680507,0.3831483676327982,0.5163913595933927,7112,1871,23464,11450
1,formal_tcn_wgan_gp_seed1,0.2,6,3318,0.15,0.1866164654493332,0.15009041591320071,0.0736135780540754,0.0763864219459246,0.7910832306485942,0.3804546923822864,0.5138055222088835,7062,1865,23470,11500
1,formal_tcn_wgan_gp_seed1,0.2,7,3318,0.15,0.18835341930389404,0.15009041591320071,0.07329780935464772,0.07670219064535228,0.7888332954287014,0.3737205042560069,0.5071647901740021,6937,1857,23478,11625
1,formal_tcn_wgan_gp_seed1,0.2,8,3318,0.15,0.18625058233737946,0.15009041591320071,0.07365304914150385,0.07634695085849615,0.7915083798882682,0.3816399094925116,0.5149752835126491,7084,1866,23469,11478
1,formal_tcn_wgan_gp_seed1,0.2,9,3318,0.15,0.18619874119758606,0.15009041591320071,0.07365304914150385,0.07634695085849615,0.7915782419300793,0.3818015300075423,0.5151371978920589,7087,1866,23469,11475
1,formal_tcn_wgan_gp_seed1,0.2,10,3318,0.15,0.18636801838874817,0.15009041591320071,0.07365304914150385,0.07634695085849615,0.7912985124706409,0.38115504794741945,0.5144893284368978,7075,1866,23469,11487
1,formal_tcn_wgan_gp_seed1,0.2,11,3318,0.15,0.1876746118068695,0.15009041591320071,0.07341622261693309,0.0765837773830669,0.7897592404204815,0.3764141795065187,0.5098325367579992,6987,1860,23475,11575
1,formal_tcn_wgan_gp_seed1,0.2,12,3318,0.15,0.18879657983779907,0.15009041591320071,0.0732188671797908,0.0767811328202092,0.7882903446701667,0.3721042991056998,0.5055628751280925,6907,1855,23480,11655
1,formal_tcn_wgan_gp_seed1,0.2,13,3318,0.15,0.1863083690404892,0.15009041591320071,0.07365304914150385,0.07634695085849615,0.7913685152057245,0.38131666846245016,0.5146513487966262,7078,1866,23469,11484
1,formal_tcn_wgan_gp_seed1,0.2,14,3318,0.15,0.1868075579404831,0.15009041591320071,0.07357410696664693,0.07642589303335307,0.7908203344181349,0.37964658980713284,0.5130127761802498,7047,1864,23471,11515
1,formal_tcn_wgan_gp_seed1,0.2,15,3318,0.15,0.18793095648288727,0.15009041591320071,0.07341622261693309,0.0765837773830669,0.7892351274787536,0.3752289623962935,0.5086354839887538,6965,1860,23475,11597
1,formal_tcn_wgan_gp_seed1,0.2,16,3318,0.15,0.18723952770233154,0.15009041591320071,0.07349516479179001,0.07650483520820998,0.7905040504050405,0.3785152462019179,0.511912568306011,7026,1862,23473,11536
1,formal_tcn_wgan_gp_seed1,0.2,17,3318,0.15,0.1870141327381134,0.15009041591320071,0.07357410696664693,0.07642589303335307,0.790561797752809,0.3790539812520203,0.5124171582550433,7036,1864,23471,11526
1,formal_tcn_wgan_gp_seed1,0.2,18,3318,0.15,0.18617063760757446,0.15009041591320071,0.07365304914150385,0.07634695085849615,0.7916480571683787,0.381963150522573,0.515299076967803,7090,1866,23469,11472
1,formal_tcn_wgan_gp_seed1,0.2,19,3318,0.15,0.18603317439556122,0.15009041591320071,0.07373199131636077,0.07626800868363923,0.7915411226425623,0.3821247710376037,0.5154234640119173,7093,1868,23467,11469
1,formal_tcn_wgan_gp_seed1,0.4,0,6636,0.15,0.18590842187404633,0.15009041591320071,0.07377146240378922,0.07622853759621077,0.7915923282783229,0.3824480120676651,0.5157282964039229,7099,1869,23466,11463
1,formal_tcn_wgan_gp_seed1,0.4,1,6636,0.15,0.18580761551856995,0.15009041591320071,0.07385040457864614,0.07614959542135386,0.7915552584670231,0.3827712530977265,0.5160142348754447,7105,1871,23464,11457
1,formal_tcn_wgan_gp_seed1,0.4,2,6636,0.15,0.18711446225643158,0.15009041591320071,0.07353463587921848,0.07646536412078152,0.7905564924114671,0.3788384872319793,0.5122191062388461,7032,1863,23472,11530
1,formal_tcn_wgan_gp_seed1,0.4,3,6636,0.15,0.18741771578788757,0.15009041591320071,0.07345569370436156,0.07654430629563844,0.790238954012624,0.37770714362676433,0.5111175913100532,7011,1861,23474,11551
1,formal_tcn_wgan_gp_seed1,0.4,4,6636,0.15,0.18763870000839233,0.15009041591320071,0.07341622261693309,0.0765837773830669,0.789806757825743,0.37652192651653915,0.5099412644558754,6989,1860,23475,11573
1,formal_tcn_wgan_gp_seed1,0.4,5,6636,0.15,0.18744058907032013,0.15009041591320071,0.07345569370436156,0.07654430629563844,0.7901916572717024,0.3775993966167439,0.5110090405365996,7009,1861,23474,11553
1,formal_tcn_wgan_gp_seed1,0.4,6,6636,0.15,0.18698209524154663,0.15009041591320071,0.07357410696664693,0.07642589303335307,0.7906558849955077,0.3792694752720612,0.5126338017913057,7040,1864,23471,11522
1,formal_tcn_wgan_gp_seed1,0.4,7,6636,0.15,0.1869654804468155,0.15009041591320071,0.07357410696664693,0.07642589303335307,0.7906793935991017,0.3793233487770714,0.5126879528161066,7041,1864,23471,11521
1,formal_tcn_wgan_gp_seed1,0.4,8,6636,0.15,0.1869325190782547,0.15009041591320071,0.07357410696664693,0.07642589303335307,0.7907028969234224,0.37937722228208165,0.5127420998980632,7042,1864,23471,11520
1,formal_tcn_wgan_gp_seed1,0.4,9,6636,0.15,0.18714381754398346,0.15009041591320071,0.07353463587921848,0.07646536412078152,0.7904858299595142,0.3786768667169486,0.5120565309244556,7029,1863,23472,11533
1,formal_tcn_wgan_gp_seed1,0.4,10,6636,0.15,0.18708422780036926,0.15009041591320071,0.07357410696664693,0.07642589303335307,0.7905147224095302,0.3789462342419998,0.5123088128186454,7034,1864,23471,11528
1,formal_tcn_wgan_gp_seed1,0.4,11,6636,0.15,0.18633782863616943,0.15009041591320071,0.07365304914150385,0.07634695085849615,0.7913218519346902,0.3812089214524297,0.5145433391506691,7076,1866,23469,11486
1,formal_tcn_wgan_gp_seed1,0.4,12,6636,0.15,0.18632516264915466,0.15009041591320071,0.07365304914150385,0.07634695085849615,0.7913451861791345,0.3812627949574399,0.5145973459371024,7077,1866,23469,11485
1,formal_tcn_wgan_gp_seed1,0.4,13,6636,0.15,0.1861068606376648,0.15009041591320071,0.0736925202289323,0.0763074797710677,0.7915829426211208,0.38201702402758325,0.5153343023255814,7091,1867,23468,11471
1,formal_tcn_wgan_gp_seed1,0.4,14,6636,0.15,0.18704409897327423,0.15009041591320071,0.07357410696664693,0.07642589303335307,0.790561797752809,0.3790539812520203,0.5124171582550433,7036,1864,23471,11526
1,formal_tcn_wgan_gp_seed1,0.4,15,6636,0.15,0.1876092255115509,0.15009041591320071,0.07341622261693309,0.0765837773830669,0.789925457420375,0.37679129404159034,0.51021301429822,6994,1860,23475,11568
1,formal_tcn_wgan_gp_seed1,0.4,16,6636,0.15,0.1866915225982666,0.15009041591320071,0.0736135780540754,0.0763864219459246,0.7908489402265336,0.37991595733218403,0.5132646748426071,7052,1865,23470,11510
1,formal_tcn_wgan_gp_seed1,0.4,17,6636,0.15,0.18611463904380798,0.15009041591320071,0.07365304914150385,0.07634695085849615,0.7916713185218265,0.38201702402758325,0.5153530288164541,7091,1866,23469,11471
1,formal_tcn_wgan_gp_seed1,0.4,18,6636,0.15,0.18720820546150208,0.15009041591320071,0.07349516479179001,0.07650483520820998,0.7905040504050405,0.3785152462019179,0.511912568306011,7026,1862,23473,11536
1,formal_tcn_wgan_gp_seed1,0.4,19,6636,0.15,0.18696637451648712,0.15009041591320071,0.07357410696664693,0.07642589303335307,0.7906793935991017,0.3793233487770714,0.5126879528161066,7041,1864,23471,11521
1,formal_tcn_wgan_gp_seed1,1.0,0,16591,0.15,0.18690551817417145,0.15002109577481768,0.07357410696664693,0.07642589303335307,0.7907498877413561,0.3794849692921021,0.5128503822351657,7044,1864,23471,11518
1,formal_tcn_wgan_gp_seed1,1.0,1,16591,0.15,0.18690551817417145,0.15002109577481768,0.07357410696664693,0.07642589303335307,0.7907498877413561,0.3794849692921021,0.5128503822351657,7044,1864,23471,11518
1,formal_tcn_wgan_gp_seed1,1.0,2,16591,0.15,0.18690551817417145,0.15002109577481768,0.07357410696664693,0.07642589303335307,0.7907498877413561,0.3794849692921021,0.5128503822351657,7044,1864,23471,11518
1,formal_tcn_wgan_gp_seed1,1.0,3,16591,0.15,0.18690551817417145,0.15002109577481768,0.07357410696664693,0.07642589303335307,0.7907498877413561,0.3794849692921021,0.5128503822351657,7044,1864,23471,11518
1,formal_tcn_wgan_gp_seed1,1.0,4,16591,0.15,0.18690551817417145,0.15002109577481768,0.07357410696664693,0.07642589303335307,0.7907498877413561,0.3794849692921021,0.5128503822351657,7044,1864,23471,11518
1,formal_tcn_wgan_gp_seed1,1.0,5,16591,0.15,0.18690551817417145,0.15002109577481768,0.07357410696664693,0.07642589303335307,0.7907498877413561,0.3794849692921021,0.5128503822351657,7044,1864,23471,11518
1,formal_tcn_wgan_gp_seed1,1.0,6,16591,0.15,0.18690551817417145,0.15002109577481768,0.07357410696664693,0.07642589303335307,0.7907498877413561,0.3794849692921021,0.5128503822351657,7044,1864,23471,11518
1,formal_tcn_wgan_gp_seed1,1.0,7,16591,0.15,0.18690551817417145,0.15002109577481768,0.07357410696664693,0.07642589303335307,0.7907498877413561,0.3794849692921021,0.5128503822351657,7044,1864,23471,11518
1,formal_tcn_wgan_gp_seed1,1.0,8,16591,0.15,0.18690551817417145,0.15002109577481768,0.07357410696664693,0.07642589303335307,0.7907498877413561,0.3794849692921021,0.5128503822351657,7044,1864,23471,11518
1,formal_tcn_wgan_gp_seed1,1.0,9,16591,0.15,0.18690551817417145,0.15002109577481768,0.07357410696664693,0.07642589303335307,0.7907498877413561,0.3794849692921021,0.5128503822351657,7044,1864,23471,11518
1,formal_tcn_wgan_gp_seed1,1.0,10,16591,0.15,0.18690551817417145,0.15002109577481768,0.07357410696664693,0.07642589303335307,0.7907498877413561,0.3794849692921021,0.5128503822351657,7044,1864,23471,11518
1,formal_tcn_wgan_gp_seed1,1.0,11,16591,0.15,0.18690551817417145,0.15002109577481768,0.07357410696664693,0.07642589303335307,0.7907498877413561,0.3794849692921021,0.5128503822351657,7044,1864,23471,11518
1,formal_tcn_wgan_gp_seed1,1.0,12,16591,0.15,0.18690551817417145,0.15002109577481768,0.07357410696664693,0.07642589303335307,0.7907498877413561,0.3794849692921021,0.5128503822351657,7044,1864,23471,11518
1,formal_tcn_wgan_gp_seed1,1.0,13,16591,0.15,0.18690551817417145,0.15002109577481768,0.07357410696664693,0.07642589303335307,0.7907498877413561,0.3794849692921021,0.5128503822351657,7044,1864,23471,11518
1,formal_tcn_wgan_gp_seed1,1.0,14,16591,0.15,0.18690551817417145,0.15002109577481768,0.07357410696664693,0.07642589303335307,0.7907498877413561,0.3794849692921021,0.5128503822351657,7044,1864,23471,11518
1,formal_tcn_wgan_gp_seed1,1.0,15,16591,0.15,0.18690551817417145,0.15002109577481768,0.07357410696664693,0.07642589303335307,0.7907498877413561,0.3794849692921021,0.5128503822351657,7044,1864,23471,11518
1,formal_tcn_wgan_gp_seed1,1.0,16,16591,0.15,0.18690551817417145,0.15002109577481768,0.07357410696664693,0.07642589303335307,0.7907498877413561,0.3794849692921021,0.5128503822351657,7044,1864,23471,11518
1,formal_tcn_wgan_gp_seed1,1.0,17,16591,0.15,0.18690551817417145,0.15002109577481768,0.07357410696664693,0.07642589303335307,0.7907498877413561,0.3794849692921021,0.5128503822351657,7044,1864,23471,11518
1,formal_tcn_wgan_gp_seed1,1.0,18,16591,0.15,0.18690551817417145,0.15002109577481768,0.07357410696664693,0.07642589303335307,0.7907498877413561,0.3794849692921021,0.5128503822351657,7044,1864,23471,11518
1,formal_tcn_wgan_gp_seed1,1.0,19,16591,0.15,0.18690551817417145,0.15002109577481768,0.07357410696664693,0.07642589303335307,0.7907498877413561,0.3794849692921021,0.5128503822351657,7044,1864,23471,11518
1,formal_tcn_wgan_gp_seed1,0.05,0,830,0.25,0.16513729095458984,0.25060240963855424,0.08186303532662324,0.16813696467337674,0.8684260610289919,0.7374744100851202,0.7976110706482156,13689,2074,23261,4873
1,formal_tcn_wgan_gp_seed1,0.05,1,830,0.25,0.1429305076599121,0.25060240963855424,0.12646536412078152,0.12353463587921848,0.8334978953385647,0.8640771468591747,0.8485121015738659,16039,3204,22131,2523
1,formal_tcn_wgan_gp_seed1,0.05,2,830,0.25,0.14249347150325775,0.25060240963855424,0.12741267021906452,0.12258732978093548,0.8325118040782442,0.8644003878892361,0.8481564688780231,16045,3228,22107,2517
1,formal_tcn_wgan_gp_seed1,0.05,3,830,0.25,0.1476999968290329,0.25060240963855424,0.1183737911979475,0.1316262088020525,0.8412471547297655,0.85615774162267,0.8486369583210959,15892,2999,22336,2670
1,formal_tcn_wgan_gp_seed1,0.05,4,830,0.25,0.15503084659576416,0.25060240963855424,0.1090191434774028,0.1409808565225972,0.8483001043554677,0.8320762848830945,0.8401098751665804,15445,2762,22573,3117
1,formal_tcn_wgan_gp_seed1,0.05,5,830,0.25,0.1605510115623474,0.25060240963855424,0.10163805012828103,0.14836194987171897,0.8503255056963497,0.7881155047947419,0.8180394788346473,14629,2575,22760,3933
1,formal_tcn_wgan_gp_seed1,0.05,6,830,0.25,0.13907569646835327,0.25060240963855424,0.13420169725675943,0.11579830274324057,0.825757187516015,0.8680637862299321,0.846382140512147,16113,3400,21935,2449
1,formal_tcn_wgan_gp_seed1,0.05,7,830,0.25,0.14460119605064392,0.25060240963855424,0.12303137951450563,0.12696862048549437,0.83688314406824,0.8615450921236936,0.8490350667622308,15992,3117,22218,2570
1,formal_tcn_wgan_gp_seed1,0.05,8,830,0.25,0.14017605781555176,0.25060240963855424,0.13179396092362344,0.11820603907637656,0.8281965526112683,0.8671479366447581,0.8472247809037556,16096,3339,21996,2466
1,formal_tcn_wgan_gp_seed1,0.05,9,830,0.25,0.16203880310058594,0.25060240963855424,0.087349516479179,0.162650483520821,0.8663001449975833,0.7724921883417735,0.8167112832488466,14339,2213,23122,4223
1,formal_tcn_wgan_gp_seed1,0.05,10,830,0.25,0.1373784840106964,0.25060240963855424,0.1381488059996053,0.1118511940003947,0.821819477676526,0.8696799913802392,0.8450726344719277,16143,3500,21835,2419
1,formal_tcn_wgan_gp_seed1,0.05,11,830,0.25,0.12428220361471176,0.25060240963855424,0.17860667061377541,0.07139332938622459,0.7841331933975766,0.8855188018532486,0.8317477988057889,16437,4525,20810,2125
1,formal_tcn_wgan_gp_seed1,0.05,12,830,0.25,0.16446441411972046,0.25060240963855424,0.082099861851194,0.167900138148806,0.8694041564638664,0.7459864238767374,0.8029806605004495,13847,2080,23255,4715
1,formal_tcn_wgan_gp_seed1,0.05,13,830,0.25,0.14804187417030334,0.25060240963855424,0.11805802249851984,0.13194197750148018,0.841528027974992,0.8556728800775778,0.8485415108451758,15883,2991,22344,2679
1,formal_tcn_wgan_gp_seed1,0.05,14,830,0.25,0.16707870364189148,0.25060240963855424,0.08111308466548253,0.16888691533451747,0.865686274509804,0.7135545738605754,0.7822928356269565,13245,2055,23280,5317
1,formal_tcn_wgan_gp_seed1,0.05,15,830,0.25,0.15479788184165955,0.25060240963855424,0.10925597000197355,0.14074402999802643,0.8481790258885477,0.833099881478289,0.8405718323639725,15464,2768,22567,3098
1,formal_tcn_wgan_gp_seed1,0.05,16,830,0.25,0.15999358892440796,0.25060240963855424,0.10254588513913558,0.1474541148608644,0.850181650423851,0.7942570843659088,0.8212684176809737,14743,2598,22737,3819
1,formal_tcn_wgan_gp_seed1,0.05,17,830,0.25,0.158344566822052,0.25060240963855424,0.10487467929741465,0.14512532070258535,0.8497086939306522,0.8092877922637647,0.8290058221351507,15022,2657,22678,3540
1,formal_tcn_wgan_gp_seed1,0.05,18,830,0.25,0.15546222031116486,0.25060240963855424,0.10850601934083284,0.14149398065916716,0.8486066747439145,0.830136838702726,0.8392701525054466,15409,2749,22586,3153
1,formal_tcn_wgan_gp_seed1,0.05,19,830,0.25,0.15538343787193298,0.25060240963855424,0.1085454904282613,0.14145450957173872,0.8486266307040238,0.8305678267428079,0.8395001225189904,15417,2750,22585,3145
1,formal_tcn_wgan_gp_seed1,0.1,0,1659,0.25,0.14182834327220917,0.2501506931886679,0.1285968028419183,0.1214031971580817,0.8313490009317734,0.8652084904643896,0.8479408658922915,16060,3258,22077,2502
1,formal_tcn_wgan_gp_seed1,0.1,1,1659,0.25,0.15922251343727112,0.2501506931886679,0.10361160449970397,0.14638839550029603,0.8500685400959561,0.8017993750673419,0.8252287219295814,14883,2625,22710,3679
1,formal_tcn_wgan_gp_seed1,0.1,2,1659,0.25,0.14309346675872803,0.2501506931886679,0.1261101243339254,0.1238898756660746,0.8338792700046794,0.8640232733541644,0.8486836883185608,16038,3195,22140,2524
1,formal_tcn_wgan_gp_seed1,0.1,3,1659,0.25,0.16010421514511108,0.2501506931886679,0.10230905861456484,0.14769094138543515,0.8503204943119478,0.7932873612757246,0.8208144039688954,14725,2592,22743,3837
1,formal_tcn_wgan_gp_seed1,0.1,4,1659,0.25,0.14705893397331238,0.2501506931886679,0.11912374185908822,0.13087625814091178,0.8405789445882416,0.8572890852278849,0.8488517856666578,15913,3018,22317,2649
1,formal_tcn_wgan_gp_seed1,0.1,5,1659,0.25,0.15936791896820068,0.2501506931886679,0.10341424906256168,0.1465857509374383,0.8500972651333104,0.800452537442086,0.8245283018867925,14858,2620,22715,3704
1,formal_tcn_wgan_gp_seed1,0.1,6,1659,0.25,0.13476330041885376,0.2501506931886679,0.14414841128873102,0.10585158871126898,0.8159459731881866,0.8722120461157203,0.843141339443808,16190,3652,21683,2372
1,formal_tcn_wgan_gp_seed1,0.1,7,1659,0.25,0.1567542850971222,0.2501506931886679,0.10724294454312217,0.14275705545687783,0.8486603910209993,0.8208167223359552,0.8345063672463371,15236,2717,22618,3326
1,formal_tcn_wgan_gp_seed1,0.1,8,1659,0.25,0.1580606997013092,0.2501506931886679,0.10515097690941386,0.14484902309058614,0.8497292418772563,0.8115504794741946,0.8302011573436208,15064,2664,22671,3498
1,formal_tcn_wgan_gp_seed1,0.1,9,1659,0.25,0.15808120369911194,0.2501506931886679,0.10515097690941386,0.14484902309058614,0.8497038081805359,0.8113888589591639,0.8301044451180862,15061,2664,22671,3501
1,formal_tcn_wgan_gp_seed1,0.1,10,1659,0.25,0.14121581614017487,0.2501506931886679,0.1297414643773436,0.1202585356226564,0.8301818557553213,0.8656933520094817,0.8475657998839601,16069,3287,22048,2493
1,formal_tcn_wgan_gp_seed1,0.1,11,1659,0.25,0.14977706968784332,0.2501506931886679,0.11537398855338464,0.13462601144661535,0.8440401237861488,0.8522249757569228,0.8481128029165774,15819,2923,22412,2743
1,formal_tcn_wgan_gp_seed1,0.1,12,1659,0.25,0.15329885482788086,0.2501506931886679,0.1110321689362542,0.1389678310637458,0.84728555917481,0.8408037926947527,0.8440322318965984,15607,2813,22522,2955
1,formal_tcn_wgan_gp_seed1,0.1,13,1659,0.25,0.14907222986221313,0.2501506931886679,0.11600552595223998,0.13399447404776002,0.843578689658843,0.85389505441224,0.8487055232791625,15850,2939,22396,2712
1,formal_tcn_wgan_gp_seed1,0.1,14,1659,0.25,0.14539694786071777,0.2501506931886679,0.12161042036708111,0.1283895796329189,0.8382592262061,0.8602521280034479,0.8491132913243467,15968,3081,22254,2594
1,formal_tcn_wgan_gp_seed1,0.1,15,1659,0.25,0.1508764922618866,0.2501506931886679,0.11387408723110322,0.1361259127688968,0.8453083109919571,0.84931580648637,0.8473073202192841,15765,2885,22450,2797
1,formal_tcn_wgan_gp_seed1,0.1,16,1659,0.25,0.13785289227962494,0.2501506931886679,0.1370830866390369,0.1129169133609631,0.8229145421170712,0.8694644973601983,0.8455493267669095,16139,3473,21862,2423
1,formal_tcn_wgan_gp_seed1,0.1,17,1659,0.25,0.15064726769924164,0.2501506931886679,0.11403197158081706,0.13596802841918293,0.8452100300042863,0.8498545415364723,0.8475259227421694,15775,2889,22446,2787
1,formal_tcn_wgan_gp_seed1,0.1,18,1659,0.25,0.14487610757350922,0.2501506931886679,0.12263666864022103,0.12736333135977895,0.8372616802849361,0.861167977588622,0.849046582036437,15985,3107,22228,2577
1,formal_tcn_wgan_gp_seed1,0.1,19,1659,0.25,0.14414793252944946,0.2501506931886679,0.12386027235050326,0.12613972764949674,0.8361614368506239,0.862784182738929,0.8492642184807107,16015,3138,22197,2547
1,formal_tcn_wgan_gp_seed1,0.2,0,3318,0.25,0.13912488520145416,0.2501506931886679,0.1340438129070456,0.11595618709295441,0.8259175722780397,0.8680099127249219,0.8464407670081429,16112,3396,21939,2450
1,formal_tcn_wgan_gp_seed1,0.2,1,3318,0.25,0.15484976768493652,0.2501506931886679,0.10917702782711664,0.14082297217288336,0.84825543120474,0.8329921344682685,0.8405544985050285,15462,2766,22569,3100
1,formal_tcn_wgan_gp_seed1,0.2,2,3318,0.25,0.1500720977783203,0.2501506931886679,0.11497927767910006,0.13502072232089996,0.8443827127517496,0.8515246201917896,0.8479386282556799,15806,2913,22422,2756
1,formal_tcn_wgan_gp_seed1,0.2,3,3318,0.25,0.15120844542980194,0.2501506931886679,0.11347937635681864,0.13652062364318135,0.8456127161421974,0.8483460833961858,0.8469771944922547,15747,2875,22460,2815
1,formal_tcn_wgan_gp_seed1,0.2,4,3318,0.25,0.1500106304883957,0.2501506931886679,0.11501874876652851,0.1349812512334715,0.8443708609271523,0.8517401142118306,0.8480394786246849,15810,2914,22421,2752
1,formal_tcn_wgan_gp_seed1,0.2,5,3318,0.25,0.14077089726924896,0.2501506931886679,0.1306098283007697,0.1193901716992303,0.829301005932422,0.8660704665445534,0.8472870055603868,16076,3309,22026,2486
1,formal_tcn_wgan_gp_seed1,0.2,6,3318,0.25,0.14755067229270935,0.2501506931886679,0.11845273337280442,0.13154726662719557,0.8411917235540033,0.856373235642711,0.848714594623455,15896,3001,22334,2666
1,formal_tcn_wgan_gp_seed1,0.2,7,3318,0.25,0.14801351726055145,0.2501506931886679,0.11805802249851984,0.13194197750148018,0.841528027974992,0.8556728800775778,0.8485415108451758,15883,2991,22344,2679
1,formal_tcn_wgan_gp_seed1,0.2,8,3318,0.25,0.14455994963645935,0.2501506931886679,0.12307085060193408,0.12692914939806593,0.836856425282545,0.861652839133714,0.8490736316823273,15994,3118,22217,2568
1,formal_tcn_wgan_gp_seed1,0.2,9,3318,0.25,0.1415775865316391,0.2501506931886679,0.12899151371620288,0.12100848628379712,0.8309626028034967,0.8654778579894408,0.8478691120200554,16065,3268,22067,2497
1,formal_tcn_wgan_gp_seed1,0.2,10,3318,0.25,0.14295697212219238,0.2501506931886679,0.12638642194592462,0.12361357805407538,0.8335845330284288,0.8640771468591747,0.8485569928312567,16039,3202,22133,2523
1,formal_tcn_wgan_gp_seed1,0.2,11,3318,0.25,0.1537475436925888,0.2501506931886679,0.1106374580619696,0.13936254193803038,0.8473477834658534,0.8382178644542614,0.8427580977142237,15559,2803,22532,3003
1,formal_tcn_wgan_gp_seed1,0.2,12,3318,0.25,0.15610380470752716,0.2501506931886679,0.1078744819419775,0.14212551805802248,0.8485788686353815,0.8251266027367741,0.8366884269754992,15316,2733,22602,3246
1,formal_tcn_wgan_gp_seed1,0.2,13,3318,0.25,0.14448297023773193,0.2501506931886679,0.123149792776791,0.126850207223209,0.8368115487211675,0.8619222066587652,0.8491812849977441,15999,3120,22215,2563
1,formal_tcn_wgan_gp_seed1,0.2,14,3318,0.25,0.1492312252521515,0.2501506931886679,0.11580817051509769,0.13419182948490233,0.8437699680511183,0.8536795603921992,0.8486958384660704,15846,2934,22401,2716
1,formal_tcn_wgan_gp_seed1,0.2,15,3318,0.25,0.14822769165039062,0.2501506931886679,0.11766331162423525,0.13233668837576473,0.8419154690565838,0.8552957655425062,0.8485528742082898,15876,2981,22354,2686
1,formal_tcn_wgan_gp_seed1,0.2,16,3318,0.25,0.1474972516298294,0.2501506931886679,0.11853167554766134,0.13146832445233866,0.8411195174858473,0.8564809826527314,0.8487307476710354,15898,3003,22332,2664
1,formal_tcn_wgan_gp_seed1,0.2,17,3318,0.25,0.14168012142181396,0.2501506931886679,0.1287941582790606,0.1212058417209394,0.8311426205754502,0.8652623639693998,0.8478593675764136,16061,3263,22072,2501
1,formal_tcn_wgan_gp_seed1,0.2,18,3318,0.25,0.1529119610786438,0.2501506931886679,0.11146635089796723,0.13853364910203275,0.847045442235823,0.8425277448550803,0.844780553679946,15639,2824,22511,2923
1,formal_tcn_wgan_gp_seed1,0.2,19,3318,0.25,0.14132510125637054,0.2501506931886679,0.12958358002762976,0.12041641997237024,0.8303446850291974,0.8656394785044715,0.8476248252578271,16068,3283,22052,2494
1,formal_tcn_wgan_gp_seed1,0.4,0,6636,0.25,0.14377161860466003,0.25,0.1249654627985001,0.1250345372014999,0.8349924427998123,0.8631074237689904,0.8488171872102572,16021,3166,22169,2541
1,formal_tcn_wgan_gp_seed1,0.4,1,6636,0.25,0.14485511183738708,0.25,0.12263666864022103,0.12736333135977895,0.8372616802849361,0.861167977588622,0.849046582036437,15985,3107,22228,2577
1,formal_tcn_wgan_gp_seed1,0.4,2,6636,0.25,0.14776557683944702,0.25,0.11833432011051905,0.13166567988948097,0.8412664795891354,0.8559961211076392,0.848567384976902,15889,2998,22337,2673
1,formal_tcn_wgan_gp_seed1,0.4,3,6636,0.25,0.14740285277366638,0.25,0.11868955989737517,0.13131044010262483,0.8409751969961394,0.8566964766727724,0.848763043420245,15902,3007,22328,2660
1,formal_tcn_wgan_gp_seed1,0.4,4,6636,0.25,0.14865300059318542,0.25,0.11691336096309453,0.13308663903690549,0.8426226024121991,0.8543799159573322,0.8484605301875184,15859,2962,22373,2703
1,formal_tcn_wgan_gp_seed1,0.4,5,6636,0.25,0.14911526441574097,0.25,0.11596605486481153,0.13403394513518846,0.8436069413392953,0.8537873074022196,0.8486665952661454,15848,2938,22397,2714
1,formal_tcn_wgan_gp_seed1,0.4,6,6636,0.25,0.14773818850517273,0.25,0.1183737911979475,0.1316262088020525,0.8412303457038488,0.8560499946126495,0.8485754719500147,15890,2999,22336,2672
1,formal_tcn_wgan_gp_seed1,0.4,7,6636,0.25,0.1433935910463333,0.25,0.1254391158476416,0.12456088415235839,0.8345739420123888,0.8637539058291133,0.8489132449103858,16033,3178,22157,2529
1,formal_tcn_wgan_gp_seed1,0.4,8,6636,0.25,0.1466505229473114,0.25,0.1195184527333728,0.1304815472666272,0.840261658577759,0.8580971878030385,0.8490857721626952,15928,3028,22307,2634
1,formal_tcn_wgan_gp_seed1,0.4,9,6636,0.25,0.14805816113948822,0.25,0.11805802249851984,0.13194197750148018,0.841519631219202,0.8556190065725676,0.8485107519700814,15882,2991,22344,2680
1,formal_tcn_wgan_gp_seed1,0.4,10,6636,0.25,0.1502179205417633,0.25,0.1147424511545293,0.1352575488454707,0.8445703897770411,0.8509858851416873,0.8477660002683483,15796,2907,22428,2766
1,formal_tcn_wgan_gp_seed1,0.4,11,6636,0.25,0.14439646899700165,0.25,0.12330767712650484,0.12669232287349516,0.8366792137181096,0.8621915741838164,0.8492438312549748,16004,3124,22211,2558
1,formal_tcn_wgan_gp_seed1,0.4,12,6636,0.25,0.14764690399169922,0.25,0.1183737911979475,0.1316262088020525,0.8412723615962739,0.8563193621377007,0.8487291755659974,15895,2999,22336,2667
1,formal_tcn_wgan_gp_seed1,0.4,13,6636,0.25,0.14367574453353882,0.25,0.1251628182356424,0.1248371817643576,0.8348093352781829,0.8633229177890314,0.8488267387043805,16025,3171,22164,2537
1,formal_tcn_wgan_gp_seed1,0.4,14,6636,0.25,0.14917859435081482,0.25,0.11584764160252616,0.13415235839747386,0.8437333617293153,0.8537334338972093,0.848703941730934,15847,2935,22400,2715
1,formal_tcn_wgan_gp_seed1,0.4,15,6636,0.25,0.1496807038784027,0.25,0.1154134596408131,0.13458654035918688,0.8440200576122906,0.8523865962719535,0.8481826954004502,15822,2924,22411,2740
1,formal_tcn_wgan_gp_seed1,0.4,16,6636,0.25,0.14578698575496674,0.25,0.12109729623051114,0.12890270376948887,0.8387469778198255,0.8597133929533456,0.8491007768436736,15958,3068,22267,2604
1,formal_tcn_wgan_gp_seed1,0.4,17,6636,0.25,0.14203965663909912,0.25,0.12816262088020525,0.12183737911979475,0.8317878050044034,0.8649929964443487,0.8480654958404859,16056,3247,22088,2506
1,formal_tcn_wgan_gp_seed1,0.4,18,6636,0.25,0.15233176946640015,0.25,0.11225577264653641,0.1377442273534636,0.8464611564001512,0.8446826850554897,0.845570985573682,15679,2844,22491,2883
1,formal_tcn_wgan_gp_seed1,0.4,19,6636,0.25,0.1480231136083603,0.25,0.11805802249851984,0.13194197750148018,0.841528027974992,0.8556728800775778,0.8485415108451758,15883,2991,22344,2679
1,formal_tcn_wgan_gp_seed1,1.0,0,16591,0.25,0.14783844351768494,0.2500150684105841,0.11821590684823367,0.1317840931517663,0.8413833280372842,0.8558883740976188,0.8485738703130007,15887,2995,22340,2675
1,formal_tcn_wgan_gp_seed1,1.0,1,16591,0.25,0.14783844351768494,0.2500150684105841,0.11821590684823367,0.1317840931517663,0.8413833280372842,0.8558883740976188,0.8485738703130007,15887,2995,22340,2675
1,formal_tcn_wgan_gp_seed1,1.0,2,16591,0.25,0.14783844351768494,0.2500150684105841,0.11821590684823367,0.1317840931517663,0.8413833280372842,0.8558883740976188,0.8485738703130007,15887,2995,22340,2675
1,formal_tcn_wgan_gp_seed1,1.0,3,16591,0.25,0.14783844351768494,0.2500150684105841,0.11821590684823367,0.1317840931517663,0.8413833280372842,0.8558883740976188,0.8485738703130007,15887,2995,22340,2675
1,formal_tcn_wgan_gp_seed1,1.0,4,16591,0.25,0.14783844351768494,0.2500150684105841,0.11821590684823367,0.1317840931517663,0.8413833280372842,0.8558883740976188,0.8485738703130007,15887,2995,22340,2675
1,formal_tcn_wgan_gp_seed1,1.0,5,16591,0.25,0.14783844351768494,0.2500150684105841,0.11821590684823367,0.1317840931517663,0.8413833280372842,0.8558883740976188,0.8485738703130007,15887,2995,22340,2675
1,formal_tcn_wgan_gp_seed1,1.0,6,16591,0.25,0.14783844351768494,0.2500150684105841,0.11821590684823367,0.1317840931517663,0.8413833280372842,0.8558883740976188,0.8485738703130007,15887,2995,22340,2675
1,formal_tcn_wgan_gp_seed1,1.0,7,16591,0.25,0.14783844351768494,0.2500150684105841,0.11821590684823367,0.1317840931517663,0.8413833280372842,0.8558883740976188,0.8485738703130007,15887,2995,22340,2675
1,formal_tcn_wgan_gp_seed1,1.0,8,16591,0.25,0.14783844351768494,0.2500150684105841,0.11821590684823367,0.1317840931517663,0.8413833280372842,0.8558883740976188,0.8485738703130007,15887,2995,22340,2675
1,formal_tcn_wgan_gp_seed1,1.0,9,16591,0.25,0.14783844351768494,0.2500150684105841,0.11821590684823367,0.1317840931517663,0.8413833280372842,0.8558883740976188,0.8485738703130007,15887,2995,22340,2675
1,formal_tcn_wgan_gp_seed1,1.0,10,16591,0.25,0.14783844351768494,0.2500150684105841,0.11821590684823367,0.1317840931517663,0.8413833280372842,0.8558883740976188,0.8485738703130007,15887,2995,22340,2675
1,formal_tcn_wgan_gp_seed1,1.0,11,16591,0.25,0.14783844351768494,0.2500150684105841,0.11821590684823367,0.1317840931517663,0.8413833280372842,0.8558883740976188,0.8485738703130007,15887,2995,22340,2675
1,formal_tcn_wgan_gp_seed1,1.0,12,16591,0.25,0.14783844351768494,0.2500150684105841,0.11821590684823367,0.1317840931517663,0.8413833280372842,0.8558883740976188,0.8485738703130007,15887,2995,22340,2675
1,formal_tcn_wgan_gp_seed1,1.0,13,16591,0.25,0.14783844351768494,0.2500150684105841,0.11821590684823367,0.1317840931517663,0.8413833280372842,0.8558883740976188,0.8485738703130007,15887,2995,22340,2675
1,formal_tcn_wgan_gp_seed1,1.0,14,16591,0.25,0.14783844351768494,0.2500150684105841,0.11821590684823367,0.1317840931517663,0.8413833280372842,0.8558883740976188,0.8485738703130007,15887,2995,22340,2675
1,formal_tcn_wgan_gp_seed1,1.0,15,16591,0.25,0.14783844351768494,0.2500150684105841,0.11821590684823367,0.1317840931517663,0.8413833280372842,0.8558883740976188,0.8485738703130007,15887,2995,22340,2675
1,formal_tcn_wgan_gp_seed1,1.0,16,16591,0.25,0.14783844351768494,0.2500150684105841,0.11821590684823367,0.1317840931517663,0.8413833280372842,0.8558883740976188,0.8485738703130007,15887,2995,22340,2675
1,formal_tcn_wgan_gp_seed1,1.0,17,16591,0.25,0.14783844351768494,0.2500150684105841,0.11821590684823367,0.1317840931517663,0.8413833280372842,0.8558883740976188,0.8485738703130007,15887,2995,22340,2675
1,formal_tcn_wgan_gp_seed1,1.0,18,16591,0.25,0.14783844351768494,0.2500150684105841,0.11821590684823367,0.1317840931517663,0.8413833280372842,0.8558883740976188,0.8485738703130007,15887,2995,22340,2675
1,formal_tcn_wgan_gp_seed1,1.0,19,16591,0.25,0.14783844351768494,0.2500150684105841,0.11821590684823367,0.1317840931517663,0.8413833280372842,0.8558883740976188,0.8485738703130007,15887,2995,22340,2675
2,formal_tcn_wgan_gp_seed2,0.05,0,830,0.01,0.2924635708332062,0.010843373493975903,0.012788632326820605,0.0027886323268206045,0.6072727272727273,0.026990626010128218,0.05168411822355186,501,324,25011,18061
2,formal_tcn_wgan_gp_seed2,0.05,1,830,0.01,0.2902615964412689,0.010843373493975903,0.013538582987961319,0.003538582987961319,0.6331550802139038,0.03189311496605969,0.060727291378160735,592,343,24992,17970
2,formal_tcn_wgan_gp_seed2,0.05,2,830,0.01,0.29130685329437256,0.010843373493975903,0.012946516676534438,0.0029465166765344376,0.6255707762557078,0.02952268074560931,0.05638440168741641,548,328,25007,18014
2,formal_tcn_wgan_gp_seed2,0.05,3,830,0.01,0.29358333349227905,0.010843373493975903,0.01263074797710677,0.0026307479771067697,0.5933926302414231,0.025158926839780195,0.04827122848726032,467,320,25015,18095
2,formal_tcn_wgan_gp_seed2,0.05,4,830,0.01,0.28973764181137085,0.010843373493975903,0.01377540951253207,0.0037754095125320693,0.6405767250257467,0.03350932011636677,0.06368709363641019,622,349,24986,17940
2,formal_tcn_wgan_gp_seed2,0.05,5,830,0.01,0.2954450845718384,0.010843373493975903,0.011959739490822973,0.001959739490822973,0.5756302521008403,0.022142010559206983,0.04264370201286575,411,303,25032,18151
2,formal_tcn_wgan_gp_seed2,0.05,6,830,0.01,0.29025694727897644,0.010843373493975903,0.013538582987961319,0.003538582987961319,0.6331550802139038,0.03189311496605969,0.060727291378160735,592,343,24992,17970
2,formal_tcn_wgan_gp_seed2,0.05,7,830,0.01,0.2896706461906433,0.010843373493975903,0.013814880599960529,0.003814880599960529,0.6399176954732511,0.03350932011636677,0.06368383331626908,622,350,24985,17940
2,formal_tcn_wgan_gp_seed2,0.05,8,830,0.01,0.28923535346984863,0.010843373493975903,0.014091178211959739,0.004091178211959739,0.643,0.03464066372158173,0.06573969941723751,643,357,24978,17919
2,formal_tcn_wgan_gp_seed2,0.05,9,830,0.01,0.2922515273094177,0.010843373493975903,0.012828103414249063,0.0028281034142490624,0.6117084826762246,0.027583234565240814,0.052786226094128565,512,325,25010,18050
2,formal_tcn_wgan_gp_seed2,0.05,10,830,0.01,0.2919556498527527,0.010843373493975903,0.01286757450167752,0.00286757450167752,0.615112160566706,0.028068096110332938,0.05368643412849709,521,326,25009,18041
2,formal_tcn_wgan_gp_seed2,0.05,11,830,0.01,0.2959994375705719,0.010843373493975903,0.011880797315966056,0.0018807973159660554,0.5675287356321839,0.021280034479043208,0.041021912971232734,395,301,25034,18167
2,formal_tcn_wgan_gp_seed2,0.05,12,830,0.01,0.2894858717918396,0.010843373493975903,0.013933293862245904,0.003933293862245904,0.6390593047034765,0.03367094063139748,0.06397134083930399,625,353,24982,17937
2,formal_tcn_wgan_gp_seed2,0.05,13,830,0.01,0.29004502296447754,0.010843373493975903,0.013617525162818236,0.0036175251628182362,0.637223974763407,0.032647344036202994,0.062112437861938194,606,345,24990,17956
2,formal_tcn_wgan_gp_seed2,0.05,14,830,0.01,0.29292550683021545,0.010843373493975903,0.012709690151963687,0.002709690151963687,0.6019777503090235,0.026236396939984915,0.05028134840741314,487,322,25013,18075
2,formal_tcn_wgan_gp_seed2,0.05,15,830,0.01,0.29109445214271545,0.010843373493975903,0.012985987763962897,0.002985987763962897,0.629086809470124,0.030061415795711668,0.05738084220268394,558,329,25006,18004
2,formal_tcn_wgan_gp_seed2,0.05,16,830,0.01,0.2915646731853485,0.010843373493975903,0.012946516676534438,0.0029465166765344376,0.6212471131639723,0.02898394569550695,0.055383981881820046,538,328,25007,18024
2,formal_tcn_wgan_gp_seed2,0.05,17,830,0.01,0.2906859517097473,0.010843373493975903,0.01322281428853365,0.0032228142885336493,0.6322722283205269,0.031031138885895915,0.05915883531042983,576,335,25000,17986
2,formal_tcn_wgan_gp_seed2,0.05,18,830,0.01,0.2901217043399811,0.010843373493975903,0.013578054075389777,0.0035780540753897767,0.6371308016877637,0.032539597026182525,0.0619169656586366,604,344,24991,17958
2,formal_tcn_wgan_gp_seed2,0.05,19,830,0.01,0.28857719898223877,0.010843373493975903,0.014446417998815868,0.004446417998815868,0.6446601941747573,0.03577200732679668,0.06778276847692936,664,366,24969,17898
2,formal_tcn_wgan_gp_seed2,0.1,0,1659,0.01,0.2933892011642456,0.010247136829415311,0.01263074797710677,0.0026307479771067697,0.5969773299748111,0.025536041374851846,0.04897706137631742,474,320,25015,18088
2,formal_tcn_wgan_gp_seed2,0.1,1,1659,0.01,0.2920823097229004,0.010247136829415311,0.01286757450167752,0.00286757450167752,0.6132858837485172,0.027852602090291993,0.05328523576397836,517,326,25009,18045
2,formal_tcn_wgan_gp_seed2,0.1,2,1659,0.01,0.2909504473209381,0.010247136829415311,0.013143872113676732,0.003143872113676732,0.6287625418060201,0.030384656825773085,0.05796803535639036,564,333,25002,17998
2,formal_tcn_wgan_gp_seed2,0.1,3,1659,0.01,0.2904629409313202,0.010247136829415311,0.013341227550819025,0.0033412275508190245,0.6334056399132321,0.0314621269259778,0.05994662287004721,584,338,24997,17978
2,formal_tcn_wgan_gp_seed2,0.1,4,1659,0.01,0.29129713773727417,0.010247136829415311,0.012946516676534438,0.0029465166765344376,0.6255707762557078,0.02952268074560931,0.05638440168741641,548,328,25007,18014
2,formal_tcn_wgan_gp_seed2,0.1,5,1659,0.01,0.292255699634552,0.010247136829415311,0.012828103414249063,0.0028281034142490624,0.6117084826762246,0.027583234565240814,0.052786226094128565,512,325,25010,18050
2,formal_tcn_wgan_gp_seed2,0.1,6,1659,0.01,0.29141849279403687,0.010247136829415311,0.012946516676534438,0.0029465166765344376,0.622554660529344,0.029145566210537658,0.05568421594359528,541,328,25007,18021
2,formal_tcn_wgan_gp_seed2,0.1,7,1659,0.01,0.2931183874607086,0.010247136829415311,0.012670219064535228,0.0026702190645352276,0.5997506234413965,0.0259131559099235,0.049679818219376164,481,321,25014,18081
2,formal_tcn_wgan_gp_seed2,0.1,8,1659,0.01,0.2971510887145996,0.010247136829415311,0.011604499703966844,0.0016044997039668437,0.5592203898050975,0.020094817368818015,0.038795569192365695,373,294,25041,18189
2,formal_tcn_wgan_gp_seed2,0.1,9,1659,0.01,0.28932419419288635,0.010247136829415311,0.014012236037102822,0.0040122360371028214,0.641051567239636,0.0341558021764896,0.06485601759500792,634,355,24980,17928
2,formal_tcn_wgan_gp_seed2,0.1,10,1659,0.01,0.28955376148223877,0.010247136829415311,0.013933293862245904,0.003933293862245904,0.6390593047034765,0.03367094063139748,0.06397134083930399,625,353,24982,17937
2,formal_tcn_wgan_gp_seed2,0.1,11,1659,0.01,0.29005393385887146,0.010247136829415311,0.013617525162818236,0.0036175251628182362,0.637223974763407,0.032647344036202994,0.062112437861938194,606,345,24990,17956
2,formal_tcn_wgan_gp_seed2,0.1,12,1659,0.01,0.2903832793235779,0.010247136829415311,0.013420169725675942,0.003420169725675942,0.6340150699677072,0.031731494451028984,0.060438150941460156,589,340,24995,17973
2,formal_tcn_wgan_gp_seed2,0.1,13,1659,0.01,0.29127275943756104,0.010247136829415311,0.012946516676534438,0.0029465166765344376,0.626848691695108,0.029684301260640016,0.05668432693791471,551,328,25007,18011
2,formal_tcn_wgan_gp_seed2,0.1,14,1659,0.01,0.29050904512405396,0.010247136829415311,0.013341227550819025,0.0033412275508190245,0.6326086956521739,0.03135437991595733,0.05974745919310132,582,338,24997,17980
2,formal_tcn_wgan_gp_seed2,0.1,15,1659,0.01,0.28902578353881836,0.010247136829415311,0.014130649299388199,0.004130649299388198,0.645895153313551,0.035179398771684085,0.0667245695601083,653,358,24977,17909
2,formal_tcn_wgan_gp_seed2,0.1,16,1659,0.01,0.29034996032714844,0.010247136829415311,0.013420169725675942,0.003420169725675942,0.6348012889366272,0.03183924146104945,0.06063715179808136,591,340,24995,17971
2,formal_tcn_wgan_gp_seed2,0.1,17,1659,0.01,0.29270660877227783,0.010247136829415311,0.012788632326820605,0.0027886323268206045,0.6024539877300613,0.02645189096002586,0.05067863962429685,491,324,25011,18071
2,formal_tcn_wgan_gp_seed2,0.1,18,1659,0.01,0.289504736661911,0.010247136829415311,0.013933293862245904,0.003933293862245904,0.6390593047034765,0.03367094063139748,0.06397134083930399,625,353,24982,17937
2,formal_tcn_wgan_gp_seed2,0.1,19,1659,0.01,0.2892249822616577,0.010247136829415311,0.014091178211959739,0.004091178211959739,0.643,0.03464066372158173,0.06573969941723751,643,357,24978,17919
2,formal_tcn_wgan_gp_seed2,0.2,0,3318,0.01,0.2927795350551605,0.010247136829415311,0.012749161239392145,0.002749161239392145,0.6027060270602707,0.02639801745501562,0.05058064516129032,490,323,25012,18072
2,formal_tcn_wgan_gp_seed2,0.2,1,3318,0.01,0.29105401039123535,0.010247136829415311,0.013064929938819815,0.0030649299388198145,0.6289237668161435,0.030223036310742378,0.05767451423871697,561,331,25004,18001
2,formal_tcn_wgan_gp_seed2,0.2,2,3318,0.01,0.2928777039051056,0.010247136829415311,0.012749161239392145,0.002749161239392145,0.6022167487684729,0.026344143950005387,0.05048002477547229,489,323,25012,18073
2,formal_tcn_wgan_gp_seed2,0.2,3,3318,0.01,0.2900142967700958,0.010247136829415311,0.013617525162818236,0.0036175251628182362,0.6383647798742138,0.0328089645512337,0.062410329985652796,609,345,24990,17953
2,formal_tcn_wgan_gp_seed2,0.2,4,3318,0.01,0.2901427447795868,0.010247136829415311,0.013578054075389777,0.0035780540753897767,0.6367476240760296,0.03248572352117229,0.061817622635706594,603,344,24991,17959
2,formal_tcn_wgan_gp_seed2,0.2,5,3318,0.01,0.292014479637146,0.010247136829415311,0.01286757450167752,0.00286757450167752,0.6146572104018913,0.028014222605322704,0.05358615004122012,520,326,25009,18042
2,formal_tcn_wgan_gp_seed2,0.2,6,3318,0.01,0.2937692701816559,0.010247136829415311,0.012512334714821393,0.002512334714821393,0.5925449871465296,0.02483568580971878,0.047673216132368156,461,317,25018,18101
2,formal_tcn_wgan_gp_seed2,0.2,7,3318,0.01,0.29106494784355164,0.010247136829415311,0.013064929938819815,0.0030649299388198145,0.6280898876404495,0.030115289300721906,0.057474809788196586,559,331,25004,18003
2,formal_tcn_wgan_gp_seed2,0.2,8,3318,0.01,0.28968387842178345,0.010247136829415311,0.013814880599960529,0.003814880599960529,0.6399176954732511,0.03350932011636677,0.06368383331626908,622,350,24985,17940
2,formal_tcn_wgan_gp_seed2,0.2,9,3318,0.01,0.2900765538215637,0.010247136829415311,0.013578054075389777,0.0035780540753897767,0.6378947368421053,0.032647344036202994,0.06211562115621156,606,344,24991,17956
2,formal_tcn_wgan_gp_seed2,0.2,10,3318,0.01,0.2898494601249695,0.010247136829415311,0.013656996250246694,0.003656996250246694,0.6403326403326404,0.03318607908630535,0.0631018233968449,616,346,24989,17946
2,formal_tcn_wgan_gp_seed2,0.2,11,3318,0.01,0.29007014632225037,0.010247136829415311,0.013578054075389777,0.0035780540753897767,0.6378947368421053,0.032647344036202994,0.06211562115621156,606,344,24991,17956
2,formal_tcn_wgan_gp_seed2,0.2,12,3318,0.01,0.2905585467815399,0.010247136829415311,0.013301756463390567,0.0033017564633905667,0.6324972737186477,0.03124663290593686,0.05955131166897685,580,337,24998,17982
2,formal_tcn_wgan_gp_seed2,0.2,13,3318,0.01,0.29139769077301025,0.010247136829415311,0.012946516676534438,0.0029465166765344376,0.622554660529344,0.029145566210537658,0.05568421594359528,541,328,25007,18021
2,formal_tcn_wgan_gp_seed2,0.2,14,3318,0.01,0.29084834456443787,0.010247136829415311,0.01318334320110519,0.0031833432011051897,0.628476084538376,0.03043853033078332,0.05806484764400595,565,334,25001,17997
2,formal_tcn_wgan_gp_seed2,0.2,15,3318,0.01,0.2905622720718384,0.010247136829415311,0.013301756463390567,0.0033017564633905667,0.6324972737186477,0.03124663290593686,0.05955131166897685,580,337,24998,17982
2,formal_tcn_wgan_gp_seed2,0.2,16,3318,0.01,0.2918663024902344,0.010247136829415311,0.01286757450167752,0.00286757450167752,0.6178194607268465,0.028391337140394355,0.05428792171001803,527,326,25009,18035
2,formal_tcn_wgan_gp_seed2,0.2,17,3318,0.01,0.28963130712509155,0.010247136829415311,0.013893822774817446,0.0038938227748174462,0.638974358974359,0.033563193621377004,0.06377642422070941,623,352,24983,17939
2,formal_tcn_wgan_gp_seed2,0.2,18,3318,0.01,0.29043784737586975,0.010247136829415311,0.013341227550819025,0.0033412275508190245,0.6334056399132321,0.0314621269259778,0.05994662287004721,584,338,24997,17978
2,formal_tcn_wgan_gp_seed2,0.2,19,3318,0.01,0.289727121591568,0.010247136829415311,0.01377540951253207,0.0037754095125320693,0.6405767250257467,0.03350932011636677,0.06368709363641019,622,349,24986,17940
2,formal_tcn_wgan_gp_seed2,0.4,0,6636,0.01,0.29188570380210876,0.010096443640747438,0.01286757450167752,0.00286757450167752,0.6173708920187794,0.028337463635384117,0.05418769959822808,526,326,25009,18036
2,formal_tcn_wgan_gp_seed2,0.4,1,6636,0.01,0.29192018508911133,0.010096443640747438,0.01286757450167752,0.00286757450167752,0.6160188457008245,0.02817584312035341,0.0538869713049302,523,326,25009,18039
2,formal_tcn_wgan_gp_seed2,0.4,2,6636,0.01,0.29086995124816895,0.010096443640747438,0.013143872113676732,0.003143872113676732,0.6291759465478842,0.03043853033078332,0.0580678314491264,565,333,25002,17997
2,formal_tcn_wgan_gp_seed2,0.4,3,6636,0.01,0.29069751501083374,0.010096443640747438,0.01322281428853365,0.0032228142885336493,0.6318681318681318,0.03097726538088568,0.05905916187345934,575,335,25000,17987
2,formal_tcn_wgan_gp_seed2,0.4,4,6636,0.01,0.2910573184490204,0.010096443640747438,0.013064929938819815,0.0030649299388198145,0.6289237668161435,0.030223036310742378,0.05767451423871697,561,331,25004,18001
2,formal_tcn_wgan_gp_seed2,0.4,5,6636,0.01,0.29180312156677246,0.010096443640747438,0.01286757450167752,0.00286757450167752,0.6187134502923977,0.028499084150414827,0.054488334964206624,529,326,25009,18033
2,formal_tcn_wgan_gp_seed2,0.4,6,6636,0.01,0.29071059823036194,0.010096443640747438,0.01318334320110519,0.0031833432011051897,0.6325632563256326,0.03097726538088568,0.05906219505931899,575,334,25001,17987
2,formal_tcn_wgan_gp_seed2,0.4,7,6636,0.01,0.28993573784828186,0.010096443640747438,0.013617525162818236,0.0036175251628182362,0.639874739039666,0.033024458571274645,0.06280737704918032,613,345,24990,17949
2,formal_tcn_wgan_gp_seed2,0.4,8,6636,0.01,0.29217252135276794,0.010096443640747438,0.01286757450167752,0.00286757450167752,0.6114421930870083,0.027637108070251052,0.05288387196536261,513,326,25009,18049
2,formal_tcn_wgan_gp_seed2,0.4,9,6636,0.01,0.2901638448238373,0.010096443640747438,0.013578054075389777,0.0035780540753897767,0.6363636363636364,0.03243185001616205,0.061718269427927,602,344,24991,17960
2,formal_tcn_wgan_gp_seed2,0.4,10,6636,0.01,0.29198065400123596,0.010096443640747438,0.01286757450167752,0.00286757450167752,0.6146572104018913,0.028014222605322704,0.05358615004122012,520,326,25009,18042
2,formal_tcn_wgan_gp_seed2,0.4,11,6636,0.01,0.2920137345790863,0.010096443640747438,0.01286757450167752,0.00286757450167752,0.6146572104018913,0.028014222605322704,0.05358615004122012,520,326,25009,18042
2,formal_tcn_wgan_gp_seed2,0.4,12,6636,0.01,0.29082223773002625,0.010096443640747438,0.01318334320110519,0.0031833432011051897,0.628476084538376,0.03043853033078332,0.05806484764400595,565,334,25001,17997
2,formal_tcn_wgan_gp_seed2,0.4,13,6636,0.01,0.29085859656333923,0.010096443640747438,0.01318334320110519,0.0031833432011051897,0.628476084538376,0.03043853033078332,0.05806484764400595,565,334,25001,17997
2,formal_tcn_wgan_gp_seed2,0.4,14,6636,0.01,0.29023104906082153,0.010096443640747438,0.013538582987961319,0.003538582987961319,0.6339381003201707,0.03200086197608017,0.06092620134365865,594,343,24992,17968
2,formal_tcn_wgan_gp_seed2,0.4,15,6636,0.01,0.29146209359169006,0.010096443640747438,0.012946516676534438,0.0029465166765344376,0.622554660529344,0.029145566210537658,0.05568421594359528,541,328,25007,18021
2,formal_tcn_wgan_gp_seed2,0.4,16,6636,0.01,0.2901723384857178,0.010096443640747438,0.013578054075389777,0.0035780540753897767,0.6363636363636364,0.03243185001616205,0.061718269427927,602,344,24991,17960
2,formal_tcn_wgan_gp_seed2,0.4,17,6636,0.01,0.2900509238243103,0.010096443640747438,0.013617525162818236,0.0036175251628182362,0.637223974763407,0.032647344036202994,0.062112437861938194,606,345,24990,17956
2,formal_tcn_wgan_gp_seed2,0.4,18,6636,0.01,0.2909255027770996,0.010096443640747438,0.013143872113676732,0.003143872113676732,0.6287625418060201,0.030384656825773085,0.05796803535639036,564,333,25002,17998
2,formal_tcn_wgan_gp_seed2,0.4,19,6636,0.01,0.29060471057891846,0.010096443640747438,0.013262285375962107,0.003262285375962107,0.6327868852459017,0.031192759400926626,0.05945474148996253,579,336,24999,17983
2,formal_tcn_wgan_gp_seed2,1.0,0,16591,0.01,0.2908827066421509,0.01000542462781026,0.013143872113676732,0.003143872113676732,0.6291759465478842,0.03043853033078332,0.0580678314491264,565,333,25002,17997
2,formal_tcn_wgan_gp_seed2,1.0,1,16591,0.01,0.2908827066421509,0.01000542462781026,0.013143872113676732,0.003143872113676732,0.6291759465478842,0.03043853033078332,0.0580678314491264,565,333,25002,17997
2,formal_tcn_wgan_gp_seed2,1.0,2,16591,0.01,0.2908827066421509,0.01000542462781026,0.013143872113676732,0.003143872113676732,0.6291759465478842,0.03043853033078332,0.0580678314491264,565,333,25002,17997
2,formal_tcn_wgan_gp_seed2,1.0,3,16591,0.01,0.2908827066421509,0.01000542462781026,0.013143872113676732,0.003143872113676732,0.6291759465478842,0.03043853033078332,0.0580678314491264,565,333,25002,17997
2,formal_tcn_wgan_gp_seed2,1.0,4,16591,0.01,0.2908827066421509,0.01000542462781026,0.013143872113676732,0.003143872113676732,0.6291759465478842,0.03043853033078332,0.0580678314491264,565,333,25002,17997
2,formal_tcn_wgan_gp_seed2,1.0,5,16591,0.01,0.2908827066421509,0.01000542462781026,0.013143872113676732,0.003143872113676732,0.6291759465478842,0.03043853033078332,0.0580678314491264,565,333,25002,17997
2,formal_tcn_wgan_gp_seed2,1.0,6,16591,0.01,0.2908827066421509,0.01000542462781026,0.013143872113676732,0.003143872113676732,0.6291759465478842,0.03043853033078332,0.0580678314491264,565,333,25002,17997
2,formal_tcn_wgan_gp_seed2,1.0,7,16591,0.01,0.2908827066421509,0.01000542462781026,0.013143872113676732,0.003143872113676732,0.6291759465478842,0.03043853033078332,0.0580678314491264,565,333,25002,17997
2,formal_tcn_wgan_gp_seed2,1.0,8,16591,0.01,0.2908827066421509,0.01000542462781026,0.013143872113676732,0.003143872113676732,0.6291759465478842,0.03043853033078332,0.0580678314491264,565,333,25002,17997
2,formal_tcn_wgan_gp_seed2,1.0,9,16591,0.01,0.2908827066421509,0.01000542462781026,0.013143872113676732,0.003143872113676732,0.6291759465478842,0.03043853033078332,0.0580678314491264,565,333,25002,17997
2,formal_tcn_wgan_gp_seed2,1.0,10,16591,0.01,0.2908827066421509,0.01000542462781026,0.013143872113676732,0.003143872113676732,0.6291759465478842,0.03043853033078332,0.0580678314491264,565,333,25002,17997
2,formal_tcn_wgan_gp_seed2,1.0,11,16591,0.01,0.2908827066421509,0.01000542462781026,0.013143872113676732,0.003143872113676732,0.6291759465478842,0.03043853033078332,0.0580678314491264,565,333,25002,17997
2,formal_tcn_wgan_gp_seed2,1.0,12,16591,0.01,0.2908827066421509,0.01000542462781026,0.013143872113676732,0.003143872113676732,0.6291759465478842,0.03043853033078332,0.0580678314491264,565,333,25002,17997
2,formal_tcn_wgan_gp_seed2,1.0,13,16591,0.01,0.2908827066421509,0.01000542462781026,0.013143872113676732,0.003143872113676732,0.6291759465478842,0.03043853033078332,0.0580678314491264,565,333,25002,17997
2,formal_tcn_wgan_gp_seed2,1.0,14,16591,0.01,0.2908827066421509,0.01000542462781026,0.013143872113676732,0.003143872113676732,0.6291759465478842,0.03043853033078332,0.0580678314491264,565,333,25002,17997
2,formal_tcn_wgan_gp_seed2,1.0,15,16591,0.01,0.2908827066421509,0.01000542462781026,0.013143872113676732,0.003143872113676732,0.6291759465478842,0.03043853033078332,0.0580678314491264,565,333,25002,17997
2,formal_tcn_wgan_gp_seed2,1.0,16,16591,0.01,0.2908827066421509,0.01000542462781026,0.013143872113676732,0.003143872113676732,0.6291759465478842,0.03043853033078332,0.0580678314491264,565,333,25002,17997
2,formal_tcn_wgan_gp_seed2,1.0,17,16591,0.01,0.2908827066421509,0.01000542462781026,0.013143872113676732,0.003143872113676732,0.6291759465478842,0.03043853033078332,0.0580678314491264,565,333,25002,17997
2,formal_tcn_wgan_gp_seed2,1.0,18,16591,0.01,0.2908827066421509,0.01000542462781026,0.013143872113676732,0.003143872113676732,0.6291759465478842,0.03043853033078332,0.0580678314491264,565,333,25002,17997
2,formal_tcn_wgan_gp_seed2,1.0,19,16591,0.01,0.2908827066421509,0.01000542462781026,0.013143872113676732,0.003143872113676732,0.6291759465478842,0.03043853033078332,0.0580678314491264,565,333,25002,17997
2,formal_tcn_wgan_gp_seed2,0.05,0,830,0.05,0.284145325422287,0.05060240963855422,0.016538385632524175,0.03346161436747583,0.7448233861144945,0.06588729662751859,0.12106513561670958,1223,419,24916,17339
2,formal_tcn_wgan_gp_seed2,0.05,1,830,0.05,0.2851107120513916,0.05060240963855422,0.01614367475823959,0.03385632524176041,0.7113620324629499,0.054304493050317856,0.10090595124881127,1008,409,24926,17554
2,formal_tcn_wgan_gp_seed2,0.05,2,830,0.05,0.28536662459373474,0.05060240963855422,0.016064732583382674,0.03393526741661733,0.7027027027027027,0.051826311819847,0.09653303898449651,962,407,24928,17600
2,formal_tcn_wgan_gp_seed2,0.05,3,830,0.05,0.285259485244751,0.05060240963855422,0.01610420367081113,0.033895796329188876,0.7058399423215573,0.05274216140502101,0.09815028322221665,979,408,24927,17583
2,formal_tcn_wgan_gp_seed2,0.05,4,830,0.05,0.2844047248363495,0.05060240963855422,0.01638050128281034,0.033619498717189666,0.7368421052631579,0.06260101282189419,0.11539798401112268,1162,415,24920,17400
2,formal_tcn_wgan_gp_seed2,0.05,5,830,0.05,0.28548192977905273,0.05060240963855422,0.016064732583382674,0.03393526741661733,0.698741672834937,0.050856588729662755,0.09481243408828403,944,407,24928,17618
2,formal_tcn_wgan_gp_seed2,0.05,6,830,0.05,0.284450501203537,0.05060240963855422,0.016341030195381884,0.03365896980461812,0.735969387755102,0.06217002478181231,0.11465474416294089,1154,414,24921,17408
2,formal_tcn_wgan_gp_seed2,0.05,7,830,0.05,0.2850884199142456,0.05060240963855422,0.01614367475823959,0.03385632524176041,0.7121745249824067,0.054519987070358794,0.10128609317920231,1012,409,24926,17550
2,formal_tcn_wgan_gp_seed2,0.05,8,830,0.05,0.2852104604244232,0.05060240963855422,0.01610420367081113,0.033895796329188876,0.708779443254818,0.053496390475164315,0.09948404548414568,993,408,24927,17569
2,formal_tcn_wgan_gp_seed2,0.05,9,830,0.05,0.28516003489494324,0.05060240963855422,0.01614367475823959,0.03385632524176041,0.7105449398443029,0.05408899903027691,0.10052565707133919,1004,409,24926,17558
2,formal_tcn_wgan_gp_seed2,0.05,10,830,0.05,0.2838316559791565,0.05060240963855422,0.01673574106966647,0.03326425893033354,0.755054881571346,0.07041267104837841,0.1288128911447297,1307,424,24911,17255
2,formal_tcn_wgan_gp_seed2,0.05,11,830,0.05,0.28531721234321594,0.05060240963855422,0.016064732583382674,0.03393526741661733,0.704644412191582,0.05231117336493912,0.09739217652958877,971,407,24928,17591
2,formal_tcn_wgan_gp_seed2,0.05,12,830,0.05,0.28484389185905457,0.05060240963855422,0.016301559107953424,0.03369844089204658,0.7196198234894773,0.057105915310850124,0.10581482405789867,1060,413,24922,17502
2,formal_tcn_wgan_gp_seed2,0.05,13,830,0.05,0.28536662459373474,0.05060240963855422,0.016064732583382674,0.03393526741661733,0.7027027027027027,0.051826311819847,0.09653303898449651,962,407,24928,17600
2,formal_tcn_wgan_gp_seed2,0.05,14,830,0.05,0.28574061393737793,0.05060240963855422,0.015985790408525755,0.03401420959147425,0.6915460776846916,0.04891714254929426,0.09137106918238995,908,405,24930,17654
2,formal_tcn_wgan_gp_seed2,0.05,15,830,0.05,0.2847660183906555,0.05060240963855422,0.016301559107953424,0.03369844089204658,0.722632639355272,0.0579678913910139,0.10732631788938207,1076,413,24922,17486
2,formal_tcn_wgan_gp_seed2,0.05,16,830,0.05,0.2845207154750824,0.05060240963855422,0.016301559107953424,0.03369844089204658,0.7332041343669251,0.06114642818661782,0.11287916459472899,1135,413,24922,17427
2,formal_tcn_wgan_gp_seed2,0.05,17,830,0.05,0.2848567068576813,0.05060240963855422,0.016301559107953424,0.03369844089204658,0.7194293478260869,0.057052041805839886,0.10572027553159628,1059,413,24922,17503
2,formal_tcn_wgan_gp_seed2,0.05,18,830,0.05,0.28439468145370483,0.05060240963855422,0.01638050128281034,0.033619498717189666,0.7373417721518988,0.0627626333369249,0.11567868136232749,1165,415,24920,17397
2,formal_tcn_wgan_gp_seed2,0.05,19,830,0.05,0.28341159224510193,0.05060240963855422,0.016854154331951844,0.03314584566804816,0.7679347826086956,0.07612326257946342,0.13851583178119792,1413,427,24908,17149
2,formal_tcn_wgan_gp_seed2,0.1,0,1659,0.05,0.284907728433609,0.050030138637733576,0.016301559107953424,0.03369844089204658,0.7163461538461539,0.056190065725676114,0.10420621440703368,1043,413,24922,17519
2,formal_tcn_wgan_gp_seed2,0.1,1,1659,0.05,0.284873902797699,0.050030138637733576,0.016301559107953424,0.03369844089204658,0.719047619047619,0.05694429479581942,0.1055311501597444,1057,413,24922,17505
2,formal_tcn_wgan_gp_seed2,0.1,2,1659,0.05,0.28458911180496216,0.050030138637733576,0.016301559107953424,0.03369844089204658,0.7293577981651376,0.05996121107639263,0.11081242532855436,1113,413,24922,17449
2,formal_tcn_wgan_gp_seed2,0.1,3,1659,0.05,0.2844470143318176,0.050030138637733576,0.016341030195381884,0.03365896980461812,0.735969387755102,0.06217002478181231,0.11465474416294089,1154,414,24921,17408
2,formal_tcn_wgan_gp_seed2,0.1,4,1659,0.05,0.28577181696891785,0.050030138637733576,0.015985790408525755,0.03401420959147425,0.6906035141329259,0.048701648529253315,0.09098686528106287,904,405,24930,17658
2,formal_tcn_wgan_gp_seed2,0.1,5,1659,0.05,0.28517061471939087,0.050030138637733576,0.01614367475823959,0.03385632524176041,0.7101346562721474,0.053981252020256436,0.10033545286136285,1002,409,24926,17560
2,formal_tcn_wgan_gp_seed2,0.1,6,1659,0.05,0.28523316979408264,0.050030138637733576,0.01610420367081113,0.033895796329188876,0.7077363896848138,0.05322702295011313,0.0990079166249123,988,408,24927,17574
2,formal_tcn_wgan_gp_seed2,0.1,7,1659,0.05,0.2854788303375244,0.050030138637733576,0.016064732583382674,0.03393526741661733,0.698741672834937,0.050856588729662755,0.09481243408828403,944,407,24928,17618
2,formal_tcn_wgan_gp_seed2,0.1,8,1659,0.05,0.28535643219947815,0.050030138637733576,0.016064732583382674,0.03393526741661733,0.7029197080291971,0.051880185324857234,0.09662853702588801,963,407,24928,17599
2,formal_tcn_wgan_gp_seed2,0.1,9,1659,0.05,0.283878356218338,0.050030138637733576,0.01669626998223801,0.03330373001776199,0.7542126670540383,0.06992780950328628,0.12798895626879653,1298,423,24912,17264
2,formal_tcn_wgan_gp_seed2,0.1,10,1659,0.05,0.2846202850341797,0.050030138637733576,0.016301559107953424,0.03369844089204658,0.7288246881155613,0.05979959056136192,0.11053024645257654,1110,413,24922,17452
2,formal_tcn_wgan_gp_seed2,0.1,11,1659,0.05,0.285007119178772,0.050030138637733576,0.01622261693309651,0.03377738306690349,0.7155709342560553,0.055705204180583986,0.10336382266206827,1034,411,24924,17528
2,formal_tcn_wgan_gp_seed2,0.1,12,1659,0.05,0.28432363271713257,0.050030138637733576,0.01638050128281034,0.033619498717189666,0.7403003754693367,0.06373235642710914,0.11736111111111111,1183,415,24920,17379
2,formal_tcn_wgan_gp_seed2,0.1,13,1659,0.05,0.28551411628723145,0.050030138637733576,0.016064732583382674,0.03393526741661733,0.6980712166172107,0.05069496821463204,0.09452536413862381,941,407,24928,17621
2,formal_tcn_wgan_gp_seed2,0.1,14,1659,0.05,0.2854585349559784,0.050030138637733576,0.016064732583382674,0.03393526741661733,0.6996309963099631,0.05107208274970369,0.09519505949691219,948,407,24928,17614
2,formal_tcn_wgan_gp_seed2,0.1,15,1659,0.05,0.28424933552742004,0.050030138637733576,0.01645944345766726,0.03354055654233275,0.741635687732342,0.06448658549725245,0.1186558287073751,1197,417,24918,17365
2,formal_tcn_wgan_gp_seed2,0.1,16,1659,0.05,0.2844143211841583,0.050030138637733576,0.01638050128281034,0.033619498717189666,0.7363405336721728,0.06243939230686348,0.11511720301946762,1159,415,24920,17403
2,formal_tcn_wgan_gp_seed2,0.1,17,1659,0.05,0.285476952791214,0.050030138637733576,0.016064732583382674,0.03393526741661733,0.6989644970414202,0.050910462234672986,0.0949081048508587,945,407,24928,17617
2,formal_tcn_wgan_gp_seed2,0.1,18,1659,0.05,0.2847844362258911,0.050030138637733576,0.016301559107953424,0.03369844089204658,0.7218855218855219,0.05775239737097296,0.10694867062403354,1072,413,24922,17490
2,formal_tcn_wgan_gp_seed2,0.1,19,1659,0.05,0.28433656692504883,0.050030138637733576,0.01638050128281034,0.033619498717189666,0.7399749373433584,0.06362460941708868,0.11717432284948903,1181,415,24920,17381
2,formal_tcn_wgan_gp_seed2,0.2,0,3318,0.05,0.2851758897304535,0.050030138637733576,0.01614367475823959,0.03385632524176041,0.7099290780141844,0.053927378515246205,0.10024033647105948,1001,409,24926,17561
2,formal_tcn_wgan_gp_seed2,0.2,1,3318,0.05,0.2849160432815552,0.050030138637733576,0.016301559107953424,0.03369844089204658,0.7159559834938102,0.05608231871565564,0.10401678657074341,1041,413,24922,17521
2,formal_tcn_wgan_gp_seed2,0.2,2,3318,0.05,0.28544846177101135,0.050030138637733576,0.016064732583382674,0.03393526741661733,0.7000736919675755,0.05117982975972417,0.09538631457402481,950,407,24928,17612
2,formal_tcn_wgan_gp_seed2,0.2,3,3318,0.05,0.2849542200565338,0.050030138637733576,0.01622261693309651,0.03377738306690349,0.7161602209944752,0.05586682469561469,0.10364817591204398,1037,411,24924,17525
2,formal_tcn_wgan_gp_seed2,0.2,4,3318,0.05,0.28524622321128845,0.050030138637733576,0.01610420367081113,0.033895796329188876,0.7071069633883704,0.053065402435082426,0.0987221247807567,985,408,24927,17577
2,formal_tcn_wgan_gp_seed2,0.2,5,3318,0.05,0.2853468656539917,0.050030138637733576,0.016064732583382674,0.03393526741661733,0.7035688273852877,0.05204180583988794,0.09691497366440932,966,407,24928,17596
2,formal_tcn_wgan_gp_seed2,0.2,6,3318,0.05,0.28491684794425964,0.050030138637733576,0.016301559107953424,0.03369844089204658,0.7159559834938102,0.05608231871565564,0.10401678657074341,1041,413,24922,17521
2,formal_tcn_wgan_gp_seed2,0.2,7,3318,0.05,0.2850545346736908,0.050030138637733576,0.01614367475823959,0.03385632524176041,0.7147838214783822,0.055220342635491866,0.10252050410082017,1025,409,24926,17537
2,formal_tcn_wgan_gp_seed2,0.2,8,3318,0.05,0.2846347689628601,0.050030138637733576,0.016301559107953424,0.03369844089204658,0.7288246881155613,0.05979959056136192,0.11053024645257654,1110,413,24922,17452
2,formal_tcn_wgan_gp_seed2,0.2,9,3318,0.05,0.284658282995224,0.050030138637733576,0.016301559107953424,0.03369844089204658,0.7275725593667546,0.05942247602629027,0.10987150114553242,1103,413,24922,17459
2,formal_tcn_wgan_gp_seed2,0.2,10,3318,0.05,0.2848673462867737,0.050030138637733576,0.016301559107953424,0.03369844089204658,0.719047619047619,0.05694429479581942,0.1055311501597444,1057,413,24922,17505
2,formal_tcn_wgan_gp_seed2,0.2,11,3318,0.05,0.2846713364124298,0.050030138637733576,0.016301559107953424,0.03369844089204658,0.7270323859881032,0.059260855511259564,0.1095890410958904,1100,413,24922,17462
2,formal_tcn_wgan_gp_seed2,0.2,12,3318,0.05,0.28490573167800903,0.050030138637733576,0.016301559107953424,0.03369844089204658,0.7167352537722909,0.05629781273569658,0.10439560439560439,1045,413,24922,17517
2,formal_tcn_wgan_gp_seed2,0.2,13,3318,0.05,0.284715861082077,0.050030138637733576,0.016301559107953424,0.03369844089204658,0.7252162341982701,0.058722120461157205,0.10864689758285573,1090,413,24922,17472
2,formal_tcn_wgan_gp_seed2,0.2,14,3318,0.05,0.28496861457824707,0.050030138637733576,0.01622261693309651,0.03377738306690349,0.7157676348547718,0.055759077685594224,0.10345861655337867,1035,411,24924,17527
2,formal_tcn_wgan_gp_seed2,0.2,15,3318,0.05,0.2851809859275818,0.050030138637733576,0.01614367475823959,0.03385632524176041,0.7095170454545454,0.05381963150522573,0.100050075112669,999,409,24926,17563
2,formal_tcn_wgan_gp_seed2,0.2,16,3318,0.05,0.28496071696281433,0.050030138637733576,0.01622261693309651,0.03377738306690349,0.7159640635798203,0.05581295119060446,0.1035534009695637,1036,411,24924,17526
2,formal_tcn_wgan_gp_seed2,0.2,17,3318,0.05,0.2843899726867676,0.050030138637733576,0.01638050128281034,0.033619498717189666,0.7375079063883618,0.06281650684193514,0.11577222856575485,1166,415,24920,17396
2,formal_tcn_wgan_gp_seed2,0.2,18,3318,0.05,0.2847488820552826,0.050030138637733576,0.016301559107953424,0.03369844089204658,0.7239304812834224,0.058345005926085554,0.10798683816930901,1083,413,24922,17479
2,formal_tcn_wgan_gp_seed2,0.2,19,3318,0.05,0.2845955491065979,0.050030138637733576,0.016301559107953424,0.03369844089204658,0.7291803278688525,0.05990733757138239,0.11071837506845224,1112,413,24922,17450
2,formal_tcn_wgan_gp_seed2,0.4,0,6636,0.05,0.28472796082496643,0.050030138637733576,0.016301559107953424,0.03369844089204658,0.7248500999333778,0.05861437345113673,0.10845835617803919,1088,413,24922,17474
2,formal_tcn_wgan_gp_seed2,0.4,1,6636,0.05,0.2848754823207855,0.050030138637733576,0.016301559107953424,0.03369844089204658,0.719047619047619,0.05694429479581942,0.1055311501597444,1057,413,24922,17505
2,formal_tcn_wgan_gp_seed2,0.4,2,6636,0.05,0.2847471535205841,0.050030138637733576,0.016301559107953424,0.03369844089204658,0.7241148964595858,0.058398879431095785,0.1080811605762999,1084,413,24922,17478
2,formal_tcn_wgan_gp_seed2,0.4,3,6636,0.05,0.28444865345954895,0.050030138637733576,0.016341030195381884,0.03365896980461812,0.735969387755102,0.06217002478181231,0.11465474416294089,1154,414,24921,17408
2,formal_tcn_wgan_gp_seed2,0.4,4,6636,0.05,0.2848091423511505,0.050030138637733576,0.016301559107953424,0.03369844089204658,0.7201897018970189,0.05726753582588083,0.10609841301527097,1063,413,24922,17499
2,formal_tcn_wgan_gp_seed2,0.4,5,6636,0.05,0.2847939729690552,0.050030138637733576,0.016301559107953424,0.03369844089204658,0.7215104517869184,0.05764465036095248,0.10675979047143926,1070,413,24922,17492
2,formal_tcn_wgan_gp_seed2,0.4,6,6636,0.05,0.28501325845718384,0.050030138637733576,0.01622261693309651,0.03377738306690349,0.7153739612188366,0.055651330675573756,0.10326901929421176,1033,411,24924,17529
2,formal_tcn_wgan_gp_seed2,0.4,7,6636,0.05,0.2847420871257782,0.050030138637733576,0.016301559107953424,0.03369844089204658,0.7241148964595858,0.058398879431095785,0.1080811605762999,1084,413,24922,17478
2,formal_tcn_wgan_gp_seed2,0.4,8,6636,0.05,0.2849174439907074,0.050030138637733576,0.016301559107953424,0.03369844089204658,0.7159559834938102,0.05608231871565564,0.10401678657074341,1041,413,24922,17521
2,formal_tcn_wgan_gp_seed2,0.4,9,6636,0.05,0.28419649600982666,0.050030138637733576,0.016538385632524175,0.03346161436747583,0.7435740514075887,0.0654563085874367,0.12032085561497327,1215,419,24916,17347
2,formal_tcn_wgan_gp_seed2,0.4,10,6636,0.05,0.28505128622055054,0.050030138637733576,0.01614367475823959,0.03385632524176041,0.7151810584958217,0.055328089645512335,0.10271027102710271,1027,409,24926,17535
2,formal_tcn_wgan_gp_seed2,0.4,11,6636,0.05,0.2849896550178528,0.050030138637733576,0.01622261693309651,0.03377738306690349,0.7155709342560553,0.055705204180583986,0.10336382266206827,1034,411,24924,17528
2,formal_tcn_wgan_gp_seed2,0.4,12,6636,0.05,0.2846333384513855,0.050030138637733576,0.016301559107953424,0.03369844089204658,0.7288246881155613,0.05979959056136192,0.11053024645257654,1110,413,24922,17452
2,formal_tcn_wgan_gp_seed2,0.4,13,6636,0.05,0.2849825322628021,0.050030138637733576,0.01622261693309651,0.03377738306690349,0.7155709342560553,0.055705204180583986,0.10336382266206827,1034,411,24924,17528
2,formal_tcn_wgan_gp_seed2,0.4,14,6636,0.05,0.28472715616226196,0.050030138637733576,0.016301559107953424,0.03369844089204658,0.7248500999333778,0.05861437345113673,0.10845835617803919,1088,413,24922,17474
2,formal_tcn_wgan_gp_seed2,0.4,15,6636,0.05,0.2851828336715698,0.050030138637733576,0.01614367475823959,0.03385632524176041,0.7093105899076049,0.05376575800021549,0.09995493014171965,998,409,24926,17564
2,formal_tcn_wgan_gp_seed2,0.4,16,6636,0.05,0.2846214175224304,0.050030138637733576,0.016301559107953424,0.03369844089204658,0.7288246881155613,0.05979959056136192,0.11053024645257654,1110,413,24922,17452
2,formal_tcn_wgan_gp_seed2,0.4,17,6636,0.05,0.2846441864967346,0.050030138637733576,0.016301559107953424,0.03369844089204658,0.7282894736842105,0.059637970046331215,0.11024798326859873,1107,413,24922,17455
2,formal_tcn_wgan_gp_seed2,0.4,18,6636,0.05,0.2848754823207855,0.050030138637733576,0.016301559107953424,0.03369844089204658,0.719047619047619,0.05694429479581942,0.1055311501597444,1057,413,24922,17505
2,formal_tcn_wgan_gp_seed2,0.4,19,6636,0.05,0.28512632846832275,0.050030138637733576,0.01614367475823959,0.03385632524176041,0.7111581920903954,0.05425061954530762,0.10081089198117929,1007,409,24926,17555
2,formal_tcn_wgan_gp_seed2,1.0,0,16591,0.05,0.2848758101463318,0.05002712313905129,0.016301559107953424,0.03369844089204658,0.719047619047619,0.05694429479581942,0.1055311501597444,1057,413,24922,17505
2,formal_tcn_wgan_gp_seed2,1.0,1,16591,0.05,0.2848758101463318,0.05002712313905129,0.016301559107953424,0.03369844089204658,0.719047619047619,0.05694429479581942,0.1055311501597444,1057,413,24922,17505
2,formal_tcn_wgan_gp_seed2,1.0,2,16591,0.05,0.2848758101463318,0.05002712313905129,0.016301559107953424,0.03369844089204658,0.719047619047619,0.05694429479581942,0.1055311501597444,1057,413,24922,17505
2,formal_tcn_wgan_gp_seed2,1.0,3,16591,0.05,0.2848758101463318,0.05002712313905129,0.016301559107953424,0.03369844089204658,0.719047619047619,0.05694429479581942,0.1055311501597444,1057,413,24922,17505
2,formal_tcn_wgan_gp_seed2,1.0,4,16591,0.05,0.2848758101463318,0.05002712313905129,0.016301559107953424,0.03369844089204658,0.719047619047619,0.05694429479581942,0.1055311501597444,1057,413,24922,17505
2,formal_tcn_wgan_gp_seed2,1.0,5,16591,0.05,0.2848758101463318,0.05002712313905129,0.016301559107953424,0.03369844089204658,0.719047619047619,0.05694429479581942,0.1055311501597444,1057,413,24922,17505
2,formal_tcn_wgan_gp_seed2,1.0,6,16591,0.05,0.2848758101463318,0.05002712313905129,0.016301559107953424,0.03369844089204658,0.719047619047619,0.05694429479581942,0.1055311501597444,1057,413,24922,17505
2,formal_tcn_wgan_gp_seed2,1.0,7,16591,0.05,0.2848758101463318,0.05002712313905129,0.016301559107953424,0.03369844089204658,0.719047619047619,0.05694429479581942,0.1055311501597444,1057,413,24922,17505
2,formal_tcn_wgan_gp_seed2,1.0,8,16591,0.05,0.2848758101463318,0.05002712313905129,0.016301559107953424,0.03369844089204658,0.719047619047619,0.05694429479581942,0.1055311501597444,1057,413,24922,17505
2,formal_tcn_wgan_gp_seed2,1.0,9,16591,0.05,0.2848758101463318,0.05002712313905129,0.016301559107953424,0.03369844089204658,0.719047619047619,0.05694429479581942,0.1055311501597444,1057,413,24922,17505
2,formal_tcn_wgan_gp_seed2,1.0,10,16591,0.05,0.2848758101463318,0.05002712313905129,0.016301559107953424,0.03369844089204658,0.719047619047619,0.05694429479581942,0.1055311501597444,1057,413,24922,17505
2,formal_tcn_wgan_gp_seed2,1.0,11,16591,0.05,0.2848758101463318,0.05002712313905129,0.016301559107953424,0.03369844089204658,0.719047619047619,0.05694429479581942,0.1055311501597444,1057,413,24922,17505
2,formal_tcn_wgan_gp_seed2,1.0,12,16591,0.05,0.2848758101463318,0.05002712313905129,0.016301559107953424,0.03369844089204658,0.719047619047619,0.05694429479581942,0.1055311501597444,1057,413,24922,17505
2,formal_tcn_wgan_gp_seed2,1.0,13,16591,0.05,0.2848758101463318,0.05002712313905129,0.016301559107953424,0.03369844089204658,0.719047619047619,0.05694429479581942,0.1055311501597444,1057,413,24922,17505
2,formal_tcn_wgan_gp_seed2,1.0,14,16591,0.05,0.2848758101463318,0.05002712313905129,0.016301559107953424,0.03369844089204658,0.719047619047619,0.05694429479581942,0.1055311501597444,1057,413,24922,17505
2,formal_tcn_wgan_gp_seed2,1.0,15,16591,0.05,0.2848758101463318,0.05002712313905129,0.016301559107953424,0.03369844089204658,0.719047619047619,0.05694429479581942,0.1055311501597444,1057,413,24922,17505
2,formal_tcn_wgan_gp_seed2,1.0,16,16591,0.05,0.2848758101463318,0.05002712313905129,0.016301559107953424,0.03369844089204658,0.719047619047619,0.05694429479581942,0.1055311501597444,1057,413,24922,17505
2,formal_tcn_wgan_gp_seed2,1.0,17,16591,0.05,0.2848758101463318,0.05002712313905129,0.016301559107953424,0.03369844089204658,0.719047619047619,0.05694429479581942,0.1055311501597444,1057,413,24922,17505
2,formal_tcn_wgan_gp_seed2,1.0,18,16591,0.05,0.2848758101463318,0.05002712313905129,0.016301559107953424,0.03369844089204658,0.719047619047619,0.05694429479581942,0.1055311501597444,1057,413,24922,17505
2,formal_tcn_wgan_gp_seed2,1.0,19,16591,0.05,0.2848758101463318,0.05002712313905129,0.016301559107953424,0.03369844089204658,0.719047619047619,0.05694429479581942,0.1055311501597444,1057,413,24922,17505
2,formal_tcn_wgan_gp_seed2,0.05,0,830,0.1,0.2742067575454712,0.1,0.021235445036510755,0.07876455496348925,0.8983371126228269,0.2561146428186618,0.39859143120650625,4754,538,24797,13808
2,formal_tcn_wgan_gp_seed2,0.05,1,830,0.1,0.277164489030838,0.1,0.01965660153937241,0.0803433984606276,0.889086859688196,0.21506303200086196,0.3463473885129273,3992,498,24837,14570
2,formal_tcn_wgan_gp_seed2,0.05,2,830,0.1,0.2802160382270813,0.1,0.018077758042234063,0.08192224195776594,0.8561105874960729,0.146805301152893,0.2506323292710968,2725,458,24877,15837
2,formal_tcn_wgan_gp_seed2,0.05,3,830,0.1,0.27547183632850647,0.1,0.0205249654627985,0.0794750345372015,0.8966202783300199,0.2429695075961642,0.382332994235334,4510,520,24815,14052
2,formal_tcn_wgan_gp_seed2,0.05,4,830,0.1,0.271438330411911,0.1,0.022695875271363727,0.07730412472863628,0.8985174726438404,0.2742700140071113,0.42025755324418024,5091,575,24760,13471
2,formal_tcn_wgan_gp_seed2,0.05,5,830,0.1,0.27404487133026123,0.1,0.021274916123939214,0.0787250838760608,0.8987983477281262,0.25789246848399955,0.4007870060281313,4787,539,24796,13775
2,formal_tcn_wgan_gp_seed2,0.05,6,830,0.1,0.2753696143627167,0.1,0.0205249654627985,0.0794750345372015,0.8971111990502573,0.24426247171640986,0.3839769647696477,4534,520,24815,14028
2,formal_tcn_wgan_gp_seed2,0.05,7,830,0.1,0.2798399329185486,0.1,0.018275113479376357,0.08172488652062365,0.8623253047873922,0.1562331645296843,0.2645381984036488,2900,463,24872,15662
2,formal_tcn_wgan_gp_seed2,0.05,8,830,0.1,0.2777419090270996,0.1,0.019459246102230116,0.08054075389776989,0.8854021385402139,0.2052041805839888,0.3331875437368789,3809,493,24842,14753
2,formal_tcn_wgan_gp_seed2,0.05,9,830,0.1,0.2739328444004059,0.1,0.021353858298796134,0.07864614170120388,0.8987649700598802,0.25875444456416336,0.4018238099221953,4803,541,24794,13759
2,formal_tcn_wgan_gp_seed2,0.05,10,830,0.1,0.27521541714668274,0.1,0.020603907637655416,0.07939609236234459,0.8974862529457973,0.24620191789677837,0.3864039908683521,4570,522,24813,13992
2,formal_tcn_wgan_gp_seed2,0.05,11,830,0.1,0.2752782106399536,0.1,0.02056443655022696,0.07943556344977304,0.89738034272208,0.24544768882663506,0.3854646981682812,4556,521,24814,14006
2,formal_tcn_wgan_gp_seed2,0.05,12,830,0.1,0.2765630781650543,0.1,0.01993289915137162,0.08006710084862839,0.8926901827454313,0.2263225945480013,0.36109678528451095,4201,505,24830,14361
2,formal_tcn_wgan_gp_seed2,0.05,13,830,0.1,0.2722213566303253,0.1,0.02226169330965068,0.07773830669034933,0.8988522238163558,0.27001400711130263,0.41527881348910434,5012,564,24771,13550
2,formal_tcn_wgan_gp_seed2,0.05,14,830,0.1,0.27838292717933655,0.1,0.01930136175251628,0.08069863824748372,0.8783279422741975,0.19017347268613297,0.31265222975067536,3530,489,24846,15032
2,formal_tcn_wgan_gp_seed2,0.05,15,830,0.1,0.2801622450351715,0.1,0.018077758042234063,0.08192224195776594,0.8572764100966033,0.14820601228315913,0.2527215102659501,2751,458,24877,15811
2,formal_tcn_wgan_gp_seed2,0.05,16,830,0.1,0.2742883563041687,0.1,0.0211959739490823,0.07880402605091771,0.8981604399772426,0.2551449197284775,0.397398783301867,4736,537,24798,13826
2,formal_tcn_wgan_gp_seed2,0.05,17,830,0.1,0.2740310728549957,0.1,0.021274916123939214,0.0787250838760608,0.8988742964352721,0.2581079625040405,0.40105474635861377,4791,539,24796,13771
2,formal_tcn_wgan_gp_seed2,0.05,18,830,0.1,0.2733186185359955,0.1,0.021630155910795344,0.07836984408920467,0.8989489212612944,0.2626333369249003,0.40650406504065034,4875,548,24787,13687
2,formal_tcn_wgan_gp_seed2,0.05,19,830,0.1,0.26874831318855286,0.1,0.02399842115650286,0.07600157884349715,0.8976775496465836,0.28736127572459863,0.43535749265426055,5334,608,24727,13228
2,formal_tcn_wgan_gp_seed2,0.1,0,1659,0.1,0.28022047877311707,0.10006027727546715,0.018077758042234063,0.08192224195776594,0.8560653676932747,0.14675142764788277,0.25055187637969095,2724,458,24877,15838
2,formal_tcn_wgan_gp_seed2,0.1,1,1659,0.1,0.272801011800766,0.10006027727546715,0.021945924610223013,0.07805407538977699,0.8989642013447211,0.26651222928563734,0.4111365052981509,4947,556,24779,13615
2,formal_tcn_wgan_gp_seed2,0.1,2,1659,0.1,0.2771405577659607,0.10006027727546715,0.01965660153937241,0.0803433984606276,0.8892348754448398,0.2153862730309234,0.3467776910399862,3998,498,24837,14564
2,formal_tcn_wgan_gp_seed2,0.1,3,1659,0.1,0.2755163311958313,0.10006027727546715,0.0205249654627985,0.0794750345372015,0.8963524018337652,0.24226915203103114,0.38144111285465876,4497,520,24815,14065
2,formal_tcn_wgan_gp_seed2,0.1,4,1659,0.1,0.28150880336761475,0.10006027727546715,0.017564633905664102,0.08243536609433591,0.826171875,0.11394246309664907,0.20026512640848407,2115,445,24890,16447
2,formal_tcn_wgan_gp_seed2,0.1,5,1659,0.1,0.2745429575443268,0.10006027727546715,0.02107756068679692,0.07892243931320309,0.8981693363844394,0.2537442085982114,0.39569856338738135,4710,534,24801,13852
2,formal_tcn_wgan_gp_seed2,0.1,6,1659,0.1,0.2794935405254364,0.10006027727546715,0.018432997829090192,0.08156700217090981,0.8675553034600113,0.16479905182631183,0.27698297718218035,3059,467,24868,15503
2,formal_tcn_wgan_gp_seed2,0.1,7,1659,0.1,0.2765282988548279,0.10006027727546715,0.01993289915137162,0.08006710084862839,0.8931216931216931,0.22734619114319576,0.3624339760381328,4220,505,24830,14342
2,formal_tcn_wgan_gp_seed2,0.1,8,1659,0.1,0.27612999081611633,0.10006027727546715,0.02020919676337083,0.07979080323662918,0.8947151963808349,0.23440362029953668,0.3714834578441835,4351,512,24823,14211
2,formal_tcn_wgan_gp_seed2,0.1,9,1659,0.1,0.2756296992301941,0.10006027727546715,0.0205249654627985,0.0794750345372015,0.8958333333333334,0.24092231440577525,0.3797231892672158,4472,520,24815,14090
2,formal_tcn_wgan_gp_seed2,0.1,10,1659,0.1,0.27655014395713806,0.10006027727546715,0.01993289915137162,0.08006710084862839,0.89280407556782,0.22659196207305246,0.36144888927082885,4206,505,24830,14356
2,formal_tcn_wgan_gp_seed2,0.1,11,1659,0.1,0.2761708199977875,0.10006027727546715,0.02016972567594237,0.07983027432405763,0.8945957095709571,0.23364939122939338,0.37052541648868004,4337,511,24824,14225
2,formal_tcn_wgan_gp_seed2,0.1,12,1659,0.1,0.272489994764328,0.10006027727546715,0.022103808959936848,0.07789619104006315,0.8990809154802667,0.2687749164960672,0.4138360084608685,4989,560,24775,13573
2,formal_tcn_wgan_gp_seed2,0.1,13,1659,0.1,0.27949342131614685,0.10006027727546715,0.018432997829090192,0.08156700217090981,0.8675553034600113,0.16479905182631183,0.27698297718218035,3059,467,24868,15503
2,formal_tcn_wgan_gp_seed2,0.1,14,1659,0.1,0.2794908881187439,0.10006027727546715,0.01847246891651865,0.08152753108348135,0.867384528194956,0.1649067988363323,0.2771264315784709,3061,468,24867,15501
2,formal_tcn_wgan_gp_seed2,0.1,15,1659,0.1,0.27647534012794495,0.10006027727546715,0.020011841326228536,0.07998815867377147,0.8931957025489783,0.2284236612434005,0.36380797116993435,4240,507,24828,14322
2,formal_tcn_wgan_gp_seed2,0.1,16,1659,0.1,0.273637056350708,0.10006027727546715,0.02147227156108151,0.0785277284389185,0.8989974006683995,0.2608555112595625,0.404376148321363,4842,544,24791,13720
2,formal_tcn_wgan_gp_seed2,0.1,17,1659,0.1,0.2770017683506012,0.10006027727546715,0.01965660153937241,0.0803433984606276,0.8902600264433671,0.2176489602413533,0.34978354978354975,4040,498,24837,14522
2,formal_tcn_wgan_gp_seed2,0.1,18,1659,0.1,0.2789226472377777,0.10006027727546715,0.018906650878231696,0.08109334912176831,0.873447820343461,0.1781058075638401,0.29587864142837966,3306,479,24856,15256
2,formal_tcn_wgan_gp_seed2,0.1,19,1659,0.1,0.2765141725540161,0.10006027727546715,0.01993289915137162,0.08006710084862839,0.8932346723044398,0.22761555866824695,0.3627855057530483,4225,505,24830,14337
2,formal_tcn_wgan_gp_seed2,0.2,0,3318,0.1,0.2795098125934601,0.10006027727546715,0.018432997829090192,0.08156700217090981,0.8672918442739415,0.16442193729124016,0.27643675558172187,3052,467,24868,15510
2,formal_tcn_wgan_gp_seed2,0.2,1,3318,0.1,0.27697882056236267,0.10006027727546715,0.019696072626800867,0.08030392737319914,0.8902090209020902,0.21797220127141473,0.35019691002726444,4046,499,24836,14516
2,formal_tcn_wgan_gp_seed2,0.2,2,3318,0.1,0.27800872921943665,0.10006027727546715,0.019419775014801657,0.08058022498519835,0.8822684852835606,0.19863161297274,0.32426014687128973,3687,492,24843,14875
2,formal_tcn_wgan_gp_seed2,0.2,3,3318,0.1,0.27716735005378723,0.10006027727546715,0.01965660153937241,0.0803433984606276,0.8890621519269325,0.21500915849585173,0.3462756496464362,3991,498,24837,14571
2,formal_tcn_wgan_gp_seed2,0.2,4,3318,0.1,0.2791482210159302,0.10006027727546715,0.01878823761594632,0.08121176238405368,0.8708276797829037,0.1728800775778472,0.2884883355059109,3209,476,24859,15353
2,formal_tcn_wgan_gp_seed2,0.2,5,3318,0.1,0.2789527177810669,0.10006027727546715,0.018906650878231696,0.08109334912176831,0.8728093467870419,0.17708221096864563,0.2944285202436403,3287,479,24856,15275
2,formal_tcn_wgan_gp_seed2,0.2,6,3318,0.1,0.2778414487838745,0.10006027727546715,0.019419775014801657,0.08058022498519835,0.8844799248649918,0.20294149337355888,0.33013452521800096,3767,492,24843,14795
2,formal_tcn_wgan_gp_seed2,0.2,7,3318,0.1,0.27782049775123596,0.10006027727546715,0.019419775014801657,0.08058022498519835,0.8847775175644028,0.20353410192867147,0.3309390329362299,3778,492,24843,14784
2,formal_tcn_wgan_gp_seed2,0.2,8,3318,0.1,0.2781451344490051,0.10006027727546715,0.0193803039273732,0.08061969607262681,0.8805062058895108,0.19491434112703374,0.31917427550615324,3618,491,24844,14944
2,formal_tcn_wgan_gp_seed2,0.2,9,3318,0.1,0.274793416261673,0.10006027727546715,0.02088020524965463,0.07911979475034538,0.8980142664353191,0.25094278633767914,0.39226914817466,4658,529,24806,13904
2,formal_tcn_wgan_gp_seed2,0.2,10,3318,0.1,0.2750025987625122,0.10006027727546715,0.020682849812512335,0.07931715018748767,0.8979154490551334,0.24830298459217756,0.3890272209326862,4609,524,24811,13953
2,formal_tcn_wgan_gp_seed2,0.2,11,3318,0.1,0.2775309681892395,0.10006027727546715,0.019538188277087035,0.08046181172291297,0.886779505946935,0.20886757892468483,0.3381006366094009,3877,495,24840,14685
2,formal_tcn_wgan_gp_seed2,0.2,12,3318,0.1,0.2761491537094116,0.10006027727546715,0.02020919676337083,0.07979080323662918,0.8945417095777549,0.2339726322594548,0.37092710424050906,4343,512,24823,14219
2,formal_tcn_wgan_gp_seed2,0.2,13,3318,0.1,0.27712589502334595,0.10006027727546715,0.01965660153937241,0.0803433984606276,0.8892595063375583,0.21544014653593363,0.34684938635673707,3999,498,24837,14563
2,formal_tcn_wgan_gp_seed2,0.2,14,3318,0.1,0.27787697315216064,0.10006027727546715,0.019419775014801657,0.08058022498519835,0.8839896250884225,0.20197177028337462,0.3288163838091479,3749,492,24843,14813
2,formal_tcn_wgan_gp_seed2,0.2,15,3318,0.1,0.27811697125434875,0.10006027727546715,0.0193803039273732,0.08061969607262681,0.880969696969697,0.1957763172071975,0.3203596773482611,3634,491,24844,14928
2,formal_tcn_wgan_gp_seed2,0.2,16,3318,0.1,0.27759113907814026,0.10006027727546715,0.019498717189658576,0.08050128281034143,0.8864628820960698,0.20779010882448012,0.33666477545498186,3857,494,24841,14705
2,formal_tcn_wgan_gp_seed2,0.2,17,3318,0.1,0.27577972412109375,0.10006027727546715,0.020406552200513125,0.07959344779948688,0.8955555555555555,0.23882124771037605,0.3770840421912215,4433,517,24818,14129
2,formal_tcn_wgan_gp_seed2,0.2,18,3318,0.1,0.2773463726043701,0.10006027727546715,0.01965660153937241,0.0803433984606276,0.8876353790613718,0.21193836871026828,0.3421762198834478,3934,498,24837,14628
2,formal_tcn_wgan_gp_seed2,0.2,19,3318,0.1,0.27528485655784607,0.10006027727546715,0.02056443655022696,0.07943556344977304,0.89738034272208,0.24544768882663506,0.3854646981682812,4556,521,24814,14006
2,formal_tcn_wgan_gp_seed2,0.4,0,6636,0.1,0.27677804231643677,0.10006027727546715,0.019814485889086245,0.08018551411091376,0.8917636912462268,0.22282081672233595,0.356551724137931,4136,502,24833,14426
2,formal_tcn_wgan_gp_seed2,0.4,1,6636,0.1,0.27745652198791504,0.10006027727546715,0.01957765936451549,0.08042234063548451,0.8868871151653364,0.20951406098480768,0.33895498322220774,3889,496,24839,14673
2,formal_tcn_wgan_gp_seed2,0.4,2,6636,0.1,0.2768217921257019,0.10006027727546715,0.019814485889086245,0.08018551411091376,0.8912242686890575,0.22158172610710053,0.35492082668162406,4113,502,24833,14449
2,formal_tcn_wgan_gp_seed2,0.4,3,6636,0.1,0.2766295075416565,0.10006027727546715,0.01993289915137162,0.08006710084862839,0.8923240938166311,0.22546061846783752,0.35996903492172716,4185,505,24830,14377
2,formal_tcn_wgan_gp_seed2,0.4,4,6636,0.1,0.2772328853607178,0.10006027727546715,0.01965660153937241,0.0803433984606276,0.8885157824042982,0.21382394138562655,0.3446958183160363,3969,498,24837,14593
2,formal_tcn_wgan_gp_seed2,0.4,5,6636,0.1,0.27614066004753113,0.10006027727546715,0.02020919676337083,0.07979080323662918,0.8946502057613168,0.23424199978450597,0.3712748697805482,4348,512,24823,14214
2,formal_tcn_wgan_gp_seed2,0.4,6,6636,0.1,0.2770368158817291,0.10006027727546715,0.01965660153937241,0.0803433984606276,0.8899447513812154,0.21694860467622024,0.348854333607658,4027,498,24837,14535
2,formal_tcn_wgan_gp_seed2,0.4,7,6636,0.1,0.27742063999176025,0.10006027727546715,0.01957765936451549,0.08042234063548451,0.8872471016140032,0.21026829005495098,0.3399677714385262,3903,496,24839,14659
2,formal_tcn_wgan_gp_seed2,0.4,8,6636,0.1,0.27711746096611023,0.10006027727546715,0.01965660153937241,0.0803433984606276,0.8893333333333333,0.21560176705096434,0.3470644350013009,4002,498,24837,14560
2,formal_tcn_wgan_gp_seed2,0.4,9,6636,0.1,0.27532291412353516,0.10006027727546715,0.0205249654627985,0.0794750345372015,0.8973954222573007,0.24501670078655316,0.38493440541684293,4548,520,24815,14014
2,formal_tcn_wgan_gp_seed2,0.4,10,6636,0.1,0.2770385146141052,0.10006027727546715,0.01965660153937241,0.0803433984606276,0.8899447513812154,0.21694860467622024,0.348854333607658,4027,498,24837,14535
2,formal_tcn_wgan_gp_seed2,0.4,11,6636,0.1,0.276836633682251,0.10006027727546715,0.019775014801657786,0.08022498519834222,0.8912996311564331,0.22131235858204934,0.35458115748133434,4108,501,24834,14454
2,formal_tcn_wgan_gp_seed2,0.4,12,6636,0.1,0.2751297950744629,0.10006027727546715,0.020643378725083875,0.07935662127491613,0.8977117152356737,0.2472793879969831,0.38775079197465684,4590,523,24812,13972
2,formal_tcn_wgan_gp_seed2,0.4,13,6636,0.1,0.27711254358291626,0.10006027727546715,0.01965660153937241,0.0803433984606276,0.8893579204621195,0.21565564055597458,0.34713610545028833,4003,498,24837,14559
2,formal_tcn_wgan_gp_seed2,0.4,14,6636,0.1,0.2752376198768616,0.10006027727546715,0.020603907637655416,0.07939609236234459,0.8973854924316886,0.24593255037172718,0.3860628356378705,4565,522,24813,13997
2,formal_tcn_wgan_gp_seed2,0.4,15,6636,0.1,0.2774431109428406,0.10006027727546715,0.01957765936451549,0.08042234063548451,0.8870159453302962,0.20978342850985884,0.33931683513419314,3894,496,24839,14668
2,formal_tcn_wgan_gp_seed2,0.4,16,6636,0.1,0.2760677933692932,0.10006027727546715,0.020327610025656206,0.0796723899743438,0.8944022964937461,0.2349962288546493,0.372200179188532,4362,515,24820,14200
2,formal_tcn_wgan_gp_seed2,0.4,17,6636,0.1,0.27566057443618774,0.10006027727546715,0.0205249654627985,0.0794750345372015,0.8956870611835507,0.24054519987070358,0.37924151696606784,4465,520,24815,14097
2,formal_tcn_wgan_gp_seed2,0.4,18,6636,0.1,0.2771143615245819,0.10006027727546715,0.01965660153937241,0.0803433984606276,0.8893579204621195,0.21565564055597458,0.34713610545028833,4003,498,24837,14559
2,formal_tcn_wgan_gp_seed2,0.4,19,6636,0.1,0.27854907512664795,0.10006027727546715,0.019143477402802447,0.08085652259719756,0.8769972102460056,0.18629458032539598,0.3073094867807154,3458,485,24850,15104
2,formal_tcn_wgan_gp_seed2,1.0,0,16591,0.1,0.2771283686161041,0.10005424627810258,0.01965660153937241,0.0803433984606276,0.8892595063375583,0.21544014653593363,0.34684938635673707,3999,498,24837,14563
2,formal_tcn_wgan_gp_seed2,1.0,1,16591,0.1,0.2771283686161041,0.10005424627810258,0.01965660153937241,0.0803433984606276,0.8892595063375583,0.21544014653593363,0.34684938635673707,3999,498,24837,14563
2,formal_tcn_wgan_gp_seed2,1.0,2,16591,0.1,0.2771283686161041,0.10005424627810258,0.01965660153937241,0.0803433984606276,0.8892595063375583,0.21544014653593363,0.34684938635673707,3999,498,24837,14563
2,formal_tcn_wgan_gp_seed2,1.0,3,16591,0.1,0.2771283686161041,0.10005424627810258,0.01965660153937241,0.0803433984606276,0.8892595063375583,0.21544014653593363,0.34684938635673707,3999,498,24837,14563
2,formal_tcn_wgan_gp_seed2,1.0,4,16591,0.1,0.2771283686161041,0.10005424627810258,0.01965660153937241,0.0803433984606276,0.8892595063375583,0.21544014653593363,0.34684938635673707,3999,498,24837,14563
2,formal_tcn_wgan_gp_seed2,1.0,5,16591,0.1,0.2771283686161041,0.10005424627810258,0.01965660153937241,0.0803433984606276,0.8892595063375583,0.21544014653593363,0.34684938635673707,3999,498,24837,14563
2,formal_tcn_wgan_gp_seed2,1.0,6,16591,0.1,0.2771283686161041,0.10005424627810258,0.01965660153937241,0.0803433984606276,0.8892595063375583,0.21544014653593363,0.34684938635673707,3999,498,24837,14563
2,formal_tcn_wgan_gp_seed2,1.0,7,16591,0.1,0.2771283686161041,0.10005424627810258,0.01965660153937241,0.0803433984606276,0.8892595063375583,0.21544014653593363,0.34684938635673707,3999,498,24837,14563
2,formal_tcn_wgan_gp_seed2,1.0,8,16591,0.1,0.2771283686161041,0.10005424627810258,0.01965660153937241,0.0803433984606276,0.8892595063375583,0.21544014653593363,0.34684938635673707,3999,498,24837,14563
2,formal_tcn_wgan_gp_seed2,1.0,9,16591,0.1,0.2771283686161041,0.10005424627810258,0.01965660153937241,0.0803433984606276,0.8892595063375583,0.21544014653593363,0.34684938635673707,3999,498,24837,14563
2,formal_tcn_wgan_gp_seed2,1.0,10,16591,0.1,0.2771283686161041,0.10005424627810258,0.01965660153937241,0.0803433984606276,0.8892595063375583,0.21544014653593363,0.34684938635673707,3999,498,24837,14563
2,formal_tcn_wgan_gp_seed2,1.0,11,16591,0.1,0.2771283686161041,0.10005424627810258,0.01965660153937241,0.0803433984606276,0.8892595063375583,0.21544014653593363,0.34684938635673707,3999,498,24837,14563
2,formal_tcn_wgan_gp_seed2,1.0,12,16591,0.1,0.2771283686161041,0.10005424627810258,0.01965660153937241,0.0803433984606276,0.8892595063375583,0.21544014653593363,0.34684938635673707,3999,498,24837,14563
2,formal_tcn_wgan_gp_seed2,1.0,13,16591,0.1,0.2771283686161041,0.10005424627810258,0.01965660153937241,0.0803433984606276,0.8892595063375583,0.21544014653593363,0.34684938635673707,3999,498,24837,14563
2,formal_tcn_wgan_gp_seed2,1.0,14,16591,0.1,0.2771283686161041,0.10005424627810258,0.01965660153937241,0.0803433984606276,0.8892595063375583,0.21544014653593363,0.34684938635673707,3999,498,24837,14563
2,formal_tcn_wgan_gp_seed2,1.0,15,16591,0.1,0.2771283686161041,0.10005424627810258,0.01965660153937241,0.0803433984606276,0.8892595063375583,0.21544014653593363,0.34684938635673707,3999,498,24837,14563
2,formal_tcn_wgan_gp_seed2,1.0,16,16591,0.1,0.2771283686161041,0.10005424627810258,0.01965660153937241,0.0803433984606276,0.8892595063375583,0.21544014653593363,0.34684938635673707,3999,498,24837,14563
2,formal_tcn_wgan_gp_seed2,1.0,17,16591,0.1,0.2771283686161041,0.10005424627810258,0.01965660153937241,0.0803433984606276,0.8892595063375583,0.21544014653593363,0.34684938635673707,3999,498,24837,14563
2,formal_tcn_wgan_gp_seed2,1.0,18,16591,0.1,0.2771283686161041,0.10005424627810258,0.01965660153937241,0.0803433984606276,0.8892595063375583,0.21544014653593363,0.34684938635673707,3999,498,24837,14563
2,formal_tcn_wgan_gp_seed2,1.0,19,16591,0.1,0.2771283686161041,0.10005424627810258,0.01965660153937241,0.0803433984606276,0.8892595063375583,0.21544014653593363,0.34684938635673707,3999,498,24837,14563
2,formal_tcn_wgan_gp_seed2,0.05,0,830,0.15,0.260359525680542,0.15060240963855423,0.028616538385632523,0.12138346161436747,0.8915320167564332,0.3210322163559961,0.47207478412421766,5959,725,24610,12603
2,formal_tcn_wgan_gp_seed2,0.05,1,830,0.15,0.26141613721847534,0.15060240963855423,0.027945529899348728,0.12205447010065126,0.8928084784254353,0.3176920590453615,0.4686295545754361,5897,708,24627,12665
2,formal_tcn_wgan_gp_seed2,0.05,2,830,0.15,0.26206067204475403,0.15060240963855423,0.027708703374777974,0.12229129662522202,0.8927097661623109,0.31467514276478825,0.4653256323441545,5841,702,24633,12721
2,formal_tcn_wgan_gp_seed2,0.05,3,830,0.15,0.2597378194332123,0.15060240963855423,0.02905072034734557,0.12094927965265442,0.8908497701319887,0.32361814459648747,0.474767832444181,6007,736,24599,12555
2,formal_tcn_wgan_gp_seed2,0.05,4,830,0.15,0.25979670882225037,0.15060240963855423,0.02905072034734557,0.12094927965265442,0.8908011869436202,0.32345652408145675,0.47458698917081654,6004,736,24599,12558
2,formal_tcn_wgan_gp_seed2,0.05,5,830,0.15,0.2580682337284088,0.15060240963855423,0.029958555358200117,0.12004144464179987,0.8896802325581395,0.32975972416765437,0.4811728637685717,6121,759,24576,12441
2,formal_tcn_wgan_gp_seed2,0.05,6,830,0.15,0.2589161694049835,0.15060240963855423,0.029484902309058616,0.12051509769094138,0.8901793590120552,0.3262040728369788,0.47744835199495345,6055,747,24588,12507
2,formal_tcn_wgan_gp_seed2,0.05,7,830,0.15,0.26254767179489136,0.15060240963855423,0.027392934675350304,0.12260706532464968,0.893263611196555,0.3128973170994505,0.4634535588892435,5808,694,24641,12754
2,formal_tcn_wgan_gp_seed2,0.05,8,830,0.15,0.2604787051677704,0.15060240963855423,0.028498125123347148,0.12150187487665284,0.8918352059925093,0.32070897532593473,0.47176764274676075,5953,722,24613,12609
2,formal_tcn_wgan_gp_seed2,0.05,9,830,0.15,0.26022085547447205,0.15060240963855423,0.028695480560489442,0.12130451943951055,0.891411501120239,0.32151707790108824,0.4725818584946747,5968,727,24608,12594
2,formal_tcn_wgan_gp_seed2,0.05,10,830,0.15,0.26108109951019287,0.15060240963855423,0.028103414249062562,0.12189658575093743,0.8926579225086688,0.3189850231656072,0.47001389164516766,5921,712,24623,12641
2,formal_tcn_wgan_gp_seed2,0.05,11,830,0.15,0.25673261284828186,0.15060240963855423,0.030708506019340834,0.11929149398065916,0.8886822149091429,0.3346083396185756,0.48616492505185716,6211,778,24557,12351
2,formal_tcn_wgan_gp_seed2,0.05,12,830,0.15,0.261920690536499,0.15060240963855423,0.027787645549634893,0.1222123544503651,0.8926992836457857,0.31553711884495206,0.46626597142061055,5857,704,24631,12705
2,formal_tcn_wgan_gp_seed2,0.05,13,830,0.15,0.2556513845920563,0.15060240963855423,0.031221630155910795,0.1187783698440892,0.8883241564308909,0.3389720935244047,0.4906999415090662,6292,791,24544,12270
2,formal_tcn_wgan_gp_seed2,0.05,14,830,0.15,0.26430025696754456,0.15060240963855423,0.02648509966449576,0.12351490033550423,0.8940470551081636,0.30503178536795605,0.4548704559148423,5662,671,24664,12900
2,formal_tcn_wgan_gp_seed2,0.05,15,830,0.15,0.26570984721183777,0.15060240963855423,0.025695677915926585,0.12430432208407341,0.895152198421646,0.2994289408468915,0.4487505550845747,5558,651,24684,13004
2,formal_tcn_wgan_gp_seed2,0.05,16,830,0.15,0.25859373807907104,0.15060240963855423,0.02956384448391553,0.12043615551608447,0.8903206911700102,0.32755091046223467,0.4789098499468316,6080,749,24586,12482
2,formal_tcn_wgan_gp_seed2,0.05,17,830,0.15,0.25645360350608826,0.15060240963855423,0.03082691928162621,0.11917308071837379,0.8885877318116976,0.33557806270875984,0.48717347098388863,6229,781,24554,12333
2,formal_tcn_wgan_gp_seed2,0.05,18,830,0.15,0.2545643150806427,0.15060240963855423,0.03181369646733768,0.11818630353266232,0.887712454722764,0.3432819739252236,0.49510489510489514,6372,806,24529,12190
2,formal_tcn_wgan_gp_seed2,0.05,19,830,0.15,0.2554149627685547,0.15060240963855423,0.03134004341819617,0.11865995658180382,0.8882319819819819,0.33994181661458894,0.49170108314501676,6310,794,24541,12252
2,formal_tcn_wgan_gp_seed2,0.1,0,1659,0.15,0.26658114790916443,0.15009041591320071,0.02526149595421354,0.12473850404578646,0.8959011060507482,0.2967352655963797,0.4458114123836503,5508,640,24695,13054
2,formal_tcn_wgan_gp_seed2,0.1,1,1659,0.15,0.2595572769641876,0.15009041591320071,0.029129662522202487,0.1208703374777975,0.8906990521327014,0.3239952591315591,0.475152089752706,6014,738,24597,12548
2,formal_tcn_wgan_gp_seed2,0.1,2,1659,0.15,0.2618665397167206,0.15009041591320071,0.027787645549634893,0.1222123544503651,0.8927973199329984,0.3158603598750135,0.46663217796171763,5863,704,24631,12699
2,formal_tcn_wgan_gp_seed2,0.1,3,1659,0.15,0.2585988938808441,0.15009041591320071,0.02956384448391553,0.12043615551608447,0.8903206911700102,0.32755091046223467,0.4789098499468316,6080,749,24586,12482
2,formal_tcn_wgan_gp_seed2,0.1,4,1659,0.15,0.26771724224090576,0.15009041591320071,0.024472074205644366,0.12552792579435562,0.897112512446067,0.29124016808533565,0.4397266959492436,5406,620,24715,13156
2,formal_tcn_wgan_gp_seed2,0.1,5,1659,0.15,0.26099756360054016,0.15009041591320071,0.028103414249062562,0.12189658575093743,0.8927549329718331,0.31930826419566855,0.47037815959684137,5927,712,24623,12635
2,formal_tcn_wgan_gp_seed2,0.1,6,1659,0.15,0.2648904025554657,0.15009041591320071,0.02616933096506809,0.12383066903493191,0.8943762944081568,0.3024458571274647,0.45203108015620597,5614,663,24672,12948
2,formal_tcn_wgan_gp_seed2,0.1,7,1659,0.15,0.26092514395713806,0.15009041591320071,0.028182356423919478,0.12181764357608052,0.8925669575684623,0.31957763172071973,0.47064423992383364,5932,714,24621,12630
2,formal_tcn_wgan_gp_seed2,0.1,8,1659,0.15,0.2585054337978363,0.15009041591320071,0.02964278665877245,0.12035721334122754,0.8901725650775081,0.32792802499730633,0.47929133858267714,6087,751,24584,12475
2,formal_tcn_wgan_gp_seed2,0.1,9,1659,0.15,0.2602786421775818,0.15009041591320071,0.028656009473060982,0.121343990526939,0.8914635969502168,0.32124771037603705,0.4722981268068592,5963,726,24609,12599
2,formal_tcn_wgan_gp_seed2,0.1,10,1659,0.15,0.26109302043914795,0.15009041591320071,0.028063943161634103,0.12193605683836589,0.8927601809954752,0.3188772761555867,0.46991108288345507,5919,711,24624,12643
2,formal_tcn_wgan_gp_seed2,0.1,11,1659,0.15,0.26205191016197205,0.15009041591320071,0.027708703374777974,0.12229129662522202,0.892742551566081,0.3147828897748087,0.46544788306050106,5843,702,24633,12719
2,formal_tcn_wgan_gp_seed2,0.1,12,1659,0.15,0.2575565576553345,0.15009041591320071,0.03019538188277087,0.11980461811722912,0.8894189071986123,0.3314836763279819,0.4829670329670329,6153,765,24570,12409
2,formal_tcn_wgan_gp_seed2,0.1,13,1659,0.15,0.2636446952819824,0.15009041591320071,0.026919281626208803,0.1230807183737912,0.8933541829554339,0.3077793341234781,0.45782746323676726,5713,682,24653,12849
2,formal_tcn_wgan_gp_seed2,0.1,14,1659,0.15,0.2654045522212982,0.15009041591320071,0.025971975527925795,0.1240280244720742,0.8943311385900112,0.3000215494020041,0.4493121949251685,5569,658,24677,12993
2,formal_tcn_wgan_gp_seed2,0.1,15,1659,0.15,0.25721633434295654,0.15009041591320071,0.030590092757055456,0.11940990724294454,0.8884571099597006,0.3325611464281866,0.4839670717365739,6173,775,24560,12389
2,formal_tcn_wgan_gp_seed2,0.1,16,1659,0.15,0.2572241425514221,0.15009041591320071,0.030590092757055456,0.11940990724294454,0.8884571099597006,0.3325611464281866,0.4839670717365739,6173,775,24560,12389
2,formal_tcn_wgan_gp_seed2,0.1,17,1659,0.15,0.2611812651157379,0.15009041591320071,0.028024472074205643,0.12197552792579436,0.8928301886792452,0.31866178213554575,0.4696867431611546,5915,710,24625,12647
2,formal_tcn_wgan_gp_seed2,0.1,18,1659,0.15,0.26315784454345703,0.15009041591320071,0.02699822380106572,0.12300177619893428,0.8937393195588007,0.30993427432388754,0.46025841033641357,5753,684,24651,12809
2,formal_tcn_wgan_gp_seed2,0.1,19,1659,0.15,0.2602311968803406,0.15009041591320071,0.028695480560489442,0.12130451943951055,0.8913952793546459,0.321463204396078,0.4725213810579665,5967,727,24608,12595
2,formal_tcn_wgan_gp_seed2,0.2,0,3318,0.15,0.264320969581604,0.15009041591320071,0.02648509966449576,0.12351490033550423,0.8940135839519823,0.3049240383579356,0.45474631422488254,5660,671,24664,12902
2,formal_tcn_wgan_gp_seed2,0.2,1,3318,0.15,0.26105713844299316,0.15009041591320071,0.028103414249062562,0.12189658575093743,0.8926741031052156,0.3190388966706174,0.47007461501825687,5922,712,24623,12640
2,formal_tcn_wgan_gp_seed2,0.2,2,3318,0.15,0.2611671984195709,0.15009041591320071,0.028063943161634103,0.12193605683836589,0.8927116342236306,0.318715655640556,0.4697288498947953,5916,711,24624,12646
2,formal_tcn_wgan_gp_seed2,0.2,3,3318,0.15,0.26265203952789307,0.15009041591320071,0.02727452141306493,0.12272547858693507,0.8935120973955926,0.31235858204934813,0.46289569278671505,5798,691,24644,12764
2,formal_tcn_wgan_gp_seed2,0.2,4,3318,0.15,0.2639784514904022,0.15009041591320071,0.02672192618906651,0.12327807381093349,0.8936537857367264,0.3064863700032324,0.4564345314505776,5689,677,24658,12873
2,formal_tcn_wgan_gp_seed2,0.2,5,3318,0.15,0.26288753747940063,0.15009041591320071,0.027116637063351094,0.1228833629366489,0.8937190594059405,0.3112272384441332,0.4616798529529289,5777,687,24648,12785
2,formal_tcn_wgan_gp_seed2,0.2,6,3318,0.15,0.26147523522377014,0.15009041591320071,0.02786658772449181,0.12213341227550818,0.8930303030303031,0.3175304385303308,0.4684842222398856,5894,706,24629,12668
2,formal_tcn_wgan_gp_seed2,0.2,7,3318,0.15,0.26160192489624023,0.15009041591320071,0.02786658772449181,0.12213341227550818,0.8928191893122818,0.3168300829651977,0.46769255238776886,5881,706,24629,12681
2,formal_tcn_wgan_gp_seed2,0.2,8,3318,0.15,0.2633605897426605,0.15009041591320071,0.02695875271363726,0.12304124728636273,0.8934975830344613,0.30869518370865207,0.4588588588588588,5730,683,24652,12832
2,formal_tcn_wgan_gp_seed2,0.2,9,3318,0.15,0.2607916593551636,0.15009041591320071,0.028221827511347938,0.12177817248865205,0.8924973688167193,0.3197931257407607,0.4708682029111966,5936,715,24620,12626
2,formal_tcn_wgan_gp_seed2,0.2,10,3318,0.15,0.2587008476257324,0.15009041591320071,0.029524373396487072,0.12047562660351292,0.8903868698710434,0.3273354164421937,0.4786890412038131,6076,748,24587,12486
2,formal_tcn_wgan_gp_seed2,0.2,11,3318,0.15,0.26196739077568054,0.15009041591320071,0.027748174462206433,0.12225182553779357,0.8927536231884058,0.31526775131990087,0.4659792172632082,5852,703,24632,12710
2,formal_tcn_wgan_gp_seed2,0.2,12,3318,0.15,0.25985872745513916,0.15009041591320071,0.028932307085060192,0.1210676929149398,0.8911170528817588,0.32318715655640556,0.4743417411243774,5999,733,24602,12563
2,formal_tcn_wgan_gp_seed2,0.2,13,3318,0.15,0.260917603969574,0.15009041591320071,0.028182356423919478,0.12181764357608052,0.8925669575684623,0.31957763172071973,0.47064423992383364,5932,714,24621,12630
2,formal_tcn_wgan_gp_seed2,0.2,14,3318,0.15,0.2615497410297394,0.15009041591320071,0.02786658772449181,0.12213341227550818,0.8928679817905918,0.3169917034802284,0.4678753180661577,5884,706,24629,12678
2,formal_tcn_wgan_gp_seed2,0.2,15,3318,0.15,0.2618897557258606,0.15009041591320071,0.027787645549634893,0.1222123544503651,0.8927646610814928,0.315752612864993,0.4665101285469813,5861,704,24631,12701
2,formal_tcn_wgan_gp_seed2,0.2,16,3318,0.15,0.2624301314353943,0.15009041591320071,0.027511347937635683,0.12248865206236431,0.8930161166538757,0.31343605214955284,0.4640108465924951,5818,697,24638,12744
2,formal_tcn_wgan_gp_seed2,0.2,17,3318,0.15,0.2607285678386688,0.15009041591320071,0.028261298598776397,0.1217387014012236,0.8924440438636022,0.3200624932658119,0.4711527023276101,5941,716,24619,12621
2,formal_tcn_wgan_gp_seed2,0.2,18,3318,0.15,0.2620363235473633,0.15009041591320071,0.027708703374777974,0.12229129662522202,0.8928244274809161,0.3150522572998599,0.4657534246575342,5848,702,24633,12714
2,formal_tcn_wgan_gp_seed2,0.2,19,3318,0.15,0.2595852315425873,0.15009041591320071,0.029129662522202487,0.1208703374777975,0.8906666666666667,0.3238875121215386,0.475031605562579,6012,738,24597,12550
2,formal_tcn_wgan_gp_seed2,0.4,0,6636,0.15,0.26106059551239014,0.15009041591320071,0.028103414249062562,0.12189658575093743,0.8926741031052156,0.3190388966706174,0.47007461501825687,5922,712,24623,12640
2,formal_tcn_wgan_gp_seed2,0.4,1,6636,0.15,0.262491911649704,0.15009041591320071,0.027471876850207223,0.12252812314979278,0.8930382664822499,0.3130589376144812,0.4636004627228848,5811,696,24639,12751
2,formal_tcn_wgan_gp_seed2,0.4,2,6636,0.15,0.2613391578197479,0.15009041591320071,0.027985000986777187,0.12201499901322281,0.8927707199032063,0.3180153000754229,0.4689759275442918,5903,709,24626,12659
2,formal_tcn_wgan_gp_seed2,0.4,3,6636,0.15,0.26082754135131836,0.15009041591320071,0.028221827511347938,0.12177817248865205,0.8924812030075188,0.31973925223575045,0.47080755195938445,5935,715,24620,12627
2,formal_tcn_wgan_gp_seed2,0.4,4,6636,0.15,0.26080918312072754,0.15009041591320071,0.028221827511347938,0.12177817248865205,0.8924812030075188,0.31973925223575045,0.47080755195938445,5935,715,24620,12627
2,formal_tcn_wgan_gp_seed2,0.4,5,6636,0.15,0.26024970412254333,0.15009041591320071,0.028695480560489442,0.12130451943951055,0.8913790527416704,0.32140933089106777,0.4724608988319144,5966,727,24608,12596
2,formal_tcn_wgan_gp_seed2,0.4,6,6636,0.15,0.2606087625026703,0.15009041591320071,0.028419182948490232,0.12158081705150976,0.891972993248312,0.3202779872858528,0.4713204106711064,5945,720,24615,12617
2,formal_tcn_wgan_gp_seed2,0.4,7,6636,0.15,0.26160499453544617,0.15009041591320071,0.02786658772449181,0.12213341227550818,0.8928191893122818,0.3168300829651977,0.46769255238776886,5881,706,24629,12681
2,formal_tcn_wgan_gp_seed2,0.4,8,6636,0.15,0.26175224781036377,0.15009041591320071,0.027827116637063352,0.12217288336293664,0.8927593550349863,0.31618360090507486,0.46697963080840227,5869,705,24630,12693
2,formal_tcn_wgan_gp_seed2,0.4,9,6636,0.15,0.26014596223831177,0.15009041591320071,0.028774422735346358,0.12122557726465363,0.8912913808529674,0.3220019394461804,0.47308849137248693,5977,729,24606,12585
2,formal_tcn_wgan_gp_seed2,0.4,10,6636,0.15,0.26092368364334106,0.15009041591320071,0.028182356423919478,0.12181764357608052,0.8925669575684623,0.31957763172071973,0.47064423992383364,5932,714,24621,12630
2,formal_tcn_wgan_gp_seed2,0.4,11,6636,0.15,0.26077449321746826,0.15009041591320071,0.028221827511347938,0.12177817248865205,0.8925458370904719,0.3199547462557914,0.4710501269035533,5939,715,24620,12623
2,formal_tcn_wgan_gp_seed2,0.4,12,6636,0.15,0.26149317622184753,0.15009041591320071,0.02786658772449181,0.12213341227550818,0.8929816583295437,0.3173688180153001,0.46830160181247266,5891,706,24629,12671
2,formal_tcn_wgan_gp_seed2,0.4,13,6636,0.15,0.2619504928588867,0.15009041591320071,0.027748174462206433,0.12225182553779357,0.8927699816961562,0.3153216248249111,0.4660402898319931,5853,703,24632,12709
2,formal_tcn_wgan_gp_seed2,0.4,14,6636,0.15,0.26024287939071655,0.15009041591320071,0.028695480560489442,0.12130451943951055,0.8913790527416704,0.32140933089106777,0.4724608988319144,5966,727,24608,12596
2,formal_tcn_wgan_gp_seed2,0.4,15,6636,0.15,0.26213425397872925,0.15009041591320071,0.0275902901124926,0.12240970988750739,0.8930374904361132,0.3144057752397371,0.46507550703271316,5836,699,24636,12726
2,formal_tcn_wgan_gp_seed2,0.4,16,6636,0.15,0.26036500930786133,0.15009041591320071,0.028616538385632523,0.12138346161436747,0.8915320167564332,0.3210322163559961,0.47207478412421766,5959,725,24610,12603
2,formal_tcn_wgan_gp_seed2,0.4,17,6636,0.15,0.2603999972343445,0.15009041591320071,0.028577067298204067,0.12142293270179592,0.8916654197216819,0.3210322163559961,0.4720934838581898,5959,724,24611,12603
2,formal_tcn_wgan_gp_seed2,0.4,18,6636,0.15,0.2617049813270569,0.15009041591320071,0.02786658772449181,0.12213341227550818,0.892639902676399,0.3162374744100851,0.4670220383483173,5870,706,24629,12692
2,formal_tcn_wgan_gp_seed2,0.4,19,6636,0.15,0.26237329840660095,0.15009041591320071,0.027511347937635683,0.12248865206236431,0.8930489489028695,0.3135437991595733,0.4641333386498664,5820,697,24638,12742
2,formal_tcn_wgan_gp_seed2,1.0,0,16591,0.15,0.26149365305900574,0.15002109577481768,0.02786658772449181,0.12213341227550818,0.8929816583295437,0.3173688180153001,0.46830160181247266,5891,706,24629,12671
2,formal_tcn_wgan_gp_seed2,1.0,1,16591,0.15,0.26149365305900574,0.15002109577481768,0.02786658772449181,0.12213341227550818,0.8929816583295437,0.3173688180153001,0.46830160181247266,5891,706,24629,12671
2,formal_tcn_wgan_gp_seed2,1.0,2,16591,0.15,0.26149365305900574,0.15002109577481768,0.02786658772449181,0.12213341227550818,0.8929816583295437,0.3173688180153001,0.46830160181247266,5891,706,24629,12671
2,formal_tcn_wgan_gp_seed2,1.0,3,16591,0.15,0.26149365305900574,0.15002109577481768,0.02786658772449181,0.12213341227550818,0.8929816583295437,0.3173688180153001,0.46830160181247266,5891,706,24629,12671
2,formal_tcn_wgan_gp_seed2,1.0,4,16591,0.15,0.26149365305900574,0.15002109577481768,0.02786658772449181,0.12213341227550818,0.8929816583295437,0.3173688180153001,0.46830160181247266,5891,706,24629,12671
2,formal_tcn_wgan_gp_seed2,1.0,5,16591,0.15,0.26149365305900574,0.15002109577481768,0.02786658772449181,0.12213341227550818,0.8929816583295437,0.3173688180153001,0.46830160181247266,5891,706,24629,12671
2,formal_tcn_wgan_gp_seed2,1.0,6,16591,0.15,0.26149365305900574,0.15002109577481768,0.02786658772449181,0.12213341227550818,0.8929816583295437,0.3173688180153001,0.46830160181247266,5891,706,24629,12671
2,formal_tcn_wgan_gp_seed2,1.0,7,16591,0.15,0.26149365305900574,0.15002109577481768,0.02786658772449181,0.12213341227550818,0.8929816583295437,0.3173688180153001,0.46830160181247266,5891,706,24629,12671
2,formal_tcn_wgan_gp_seed2,1.0,8,16591,0.15,0.26149365305900574,0.15002109577481768,0.02786658772449181,0.12213341227550818,0.8929816583295437,0.3173688180153001,0.46830160181247266,5891,706,24629,12671
2,formal_tcn_wgan_gp_seed2,1.0,9,16591,0.15,0.26149365305900574,0.15002109577481768,0.02786658772449181,0.12213341227550818,0.8929816583295437,0.3173688180153001,0.46830160181247266,5891,706,24629,12671
2,formal_tcn_wgan_gp_seed2,1.0,10,16591,0.15,0.26149365305900574,0.15002109577481768,0.02786658772449181,0.12213341227550818,0.8929816583295437,0.3173688180153001,0.46830160181247266,5891,706,24629,12671
2,formal_tcn_wgan_gp_seed2,1.0,11,16591,0.15,0.26149365305900574,0.15002109577481768,0.02786658772449181,0.12213341227550818,0.8929816583295437,0.3173688180153001,0.46830160181247266,5891,706,24629,12671
2,formal_tcn_wgan_gp_seed2,1.0,12,16591,0.15,0.26149365305900574,0.15002109577481768,0.02786658772449181,0.12213341227550818,0.8929816583295437,0.3173688180153001,0.46830160181247266,5891,706,24629,12671
2,formal_tcn_wgan_gp_seed2,1.0,13,16591,0.15,0.26149365305900574,0.15002109577481768,0.02786658772449181,0.12213341227550818,0.8929816583295437,0.3173688180153001,0.46830160181247266,5891,706,24629,12671
2,formal_tcn_wgan_gp_seed2,1.0,14,16591,0.15,0.26149365305900574,0.15002109577481768,0.02786658772449181,0.12213341227550818,0.8929816583295437,0.3173688180153001,0.46830160181247266,5891,706,24629,12671
2,formal_tcn_wgan_gp_seed2,1.0,15,16591,0.15,0.26149365305900574,0.15002109577481768,0.02786658772449181,0.12213341227550818,0.8929816583295437,0.3173688180153001,0.46830160181247266,5891,706,24629,12671
2,formal_tcn_wgan_gp_seed2,1.0,16,16591,0.15,0.26149365305900574,0.15002109577481768,0.02786658772449181,0.12213341227550818,0.8929816583295437,0.3173688180153001,0.46830160181247266,5891,706,24629,12671
2,formal_tcn_wgan_gp_seed2,1.0,17,16591,0.15,0.26149365305900574,0.15002109577481768,0.02786658772449181,0.12213341227550818,0.8929816583295437,0.3173688180153001,0.46830160181247266,5891,706,24629,12671
2,formal_tcn_wgan_gp_seed2,1.0,18,16591,0.15,0.26149365305900574,0.15002109577481768,0.02786658772449181,0.12213341227550818,0.8929816583295437,0.3173688180153001,0.46830160181247266,5891,706,24629,12671
2,formal_tcn_wgan_gp_seed2,1.0,19,16591,0.15,0.26149365305900574,0.15002109577481768,0.02786658772449181,0.12213341227550818,0.8929816583295437,0.3173688180153001,0.46830160181247266,5891,706,24629,12671
2,formal_tcn_wgan_gp_seed2,0.05,0,830,0.25,0.17717990279197693,0.25060240963855424,0.10171699230313795,0.14828300769686203,0.8615260612573885,0.8637539058291133,0.8626385451415044,16033,2577,22758,2529
2,formal_tcn_wgan_gp_seed2,0.05,1,830,0.25,0.21292337775230408,0.25060240963855424,0.05825932504440497,0.19174067495559502,0.9086181277860327,0.790647559530223,0.8455378233565708,14676,1476,23859,3886
2,formal_tcn_wgan_gp_seed2,0.05,2,830,0.25,0.1766776740550995,0.25060240963855424,0.10223011643970792,0.14776988356029208,0.8609321305841925,0.8638077793341234,0.862367557682999,16034,2590,22745,2528
2,formal_tcn_wgan_gp_seed2,0.05,3,830,0.25,0.19002655148506165,0.25060240963855424,0.07049536214722715,0.17950463785277285,0.8982220196033736,0.8491541859713393,0.8729991692052063,15762,1786,23549,2800
2,formal_tcn_wgan_gp_seed2,0.05,4,830,0.25,0.1870640218257904,0.25060240963855424,0.08991513716202881,0.1600848628379712,0.8743726906744609,0.8541644219372913,0.8641504292137893,15855,2278,23057,2707
2,formal_tcn_wgan_gp_seed2,0.05,5,830,0.25,0.14793971180915833,0.25060240963855424,0.1409117821195974,0.1090882178804026,0.8216694140566462,0.8861652839133713,0.8526995153054613,16449,3570,21765,2113
2,formal_tcn_wgan_gp_seed2,0.05,6,830,0.25,0.15364784002304077,0.25060240963855424,0.13139925004933886,0.11860074995066114,0.8309465772902701,0.8815321624824911,0.8554922361060281,16363,3329,22006,2199
2,formal_tcn_wgan_gp_seed2,0.05,7,830,0.25,0.20366248488426208,0.25060240963855424,0.06327215314781923,0.18672784685218077,0.9049961476915782,0.8226484215063032,0.8618597431917596,15270,1603,23732,3292
2,formal_tcn_wgan_gp_seed2,0.05,8,830,0.25,0.18536508083343506,0.25060240963855424,0.09287546871916322,0.15712453128083678,0.8710755575036985,0.8564809826527314,0.8637166218455437,15898,2353,22982,2664
2,formal_tcn_wgan_gp_seed2,0.05,9,830,0.25,0.17932656407356262,0.25060240963855424,0.09962502466942964,0.15037497533057037,0.8637516869095816,0.8620299536687857,0.8628899614420147,16001,2524,22811,2561
2,formal_tcn_wgan_gp_seed2,0.05,10,830,0.25,0.17757543921470642,0.25060240963855424,0.10132228142885337,0.14867771857114664,0.8619595611959561,0.8635384118090723,0.8627482641692233,16029,2567,22768,2533
2,formal_tcn_wgan_gp_seed2,0.05,11,830,0.25,0.14309810101985931,0.25060240963855424,0.15070061180185515,0.09929938819814485,0.8122356644044457,0.8897748087490572,0.8492389962978197,16516,3818,21517,2046
2,formal_tcn_wgan_gp_seed2,0.05,12,830,0.25,0.18959811329841614,0.25060240963855424,0.07069271758436944,0.17930728241563054,0.8980126416491088,0.8495851740114212,0.8731279240373168,15770,1791,23544,2792
2,formal_tcn_wgan_gp_seed2,0.05,13,830,0.25,0.13987603783607483,0.25060240963855424,0.1573317544898362,0.09266824551016381,0.8061849654770009,0.8932227130697123,0.8474749539971376,16580,3986,21349,1982
2,formal_tcn_wgan_gp_seed2,0.05,14,830,0.25,0.18358007073402405,0.25060240963855424,0.09528320505229919,0.1547167949477008,0.8684827022609644,0.8587975433681715,0.8636129696345857,15941,2414,22921,2621
2,formal_tcn_wgan_gp_seed2,0.05,15,830,0.25,0.17253729701042175,0.25060240963855424,0.10633510953226762,0.1436648904677324,0.8565953369530501,0.8669324426247171,0.8617328906501017,16092,2694,22641,2470
2,formal_tcn_wgan_gp_seed2,0.05,16,830,0.25,0.15661278367042542,0.25060240963855424,0.1268600749950661,0.1231399250049339,0.8354916312637559,0.8793772222820817,0.8568728838027245,16323,3214,22121,2239
2,formal_tcn_wgan_gp_seed2,0.05,17,830,0.25,0.17417019605636597,0.25060240963855424,0.10471679494770081,0.1452832050522992,0.8583101901303141,0.8658010990195022,0.8620393713458134,16071,2653,22682,2491
2,formal_tcn_wgan_gp_seed2,0.05,18,830,0.25,0.16412867605686188,0.25060240963855424,0.11612393921452537,0.13387606078547465,0.8465230319787156,0.874205365801099,0.8601415281863719,16227,2942,22393,2335
2,formal_tcn_wgan_gp_seed2,0.05,19,830,0.25,0.13287274539470673,0.25060240963855424,0.1732780738109335,0.07672192618906651,0.7936060178655383,0.909384764572783,0.8475597509540068,16880,4390,20945,1682
2,formal_tcn_wgan_gp_seed2,0.1,0,1659,0.25,0.22723105549812317,0.2501506931886679,0.04981251233471482,0.20018748766528519,0.9091236408151508,0.680153000754229,0.7781441646892047,12625,1262,24073,5937
2,formal_tcn_wgan_gp_seed2,0.1,1,1659,0.25,0.15562881529331207,0.2501506931886679,0.12808367870534834,0.12191632129465166,0.8342527326591072,0.8799159573321841,0.8564761405348715,16333,3245,22090,2229
2,formal_tcn_wgan_gp_seed2,0.1,2,1659,0.25,0.17488354444503784,0.2501506931886679,0.10392737319913163,0.14607262680086835,0.8591828002994972,0.8654778579894408,0.8623188405797101,16065,2633,22702,2497
2,formal_tcn_wgan_gp_seed2,0.1,3,1659,0.25,0.15876653790473938,0.2501506931886679,0.123149792776791,0.126850207223209,0.8393326123899274,0.878084258161836,0.8582712408835996,16299,3120,22215,2263
2,formal_tcn_wgan_gp_seed2,0.1,4,1659,0.25,0.20992618799209595,0.2501506931886679,0.05983816854154332,0.19016183145845666,0.9075778820947388,0.8020148690873828,0.8515372515372516,14887,1516,23819,3675
2,formal_tcn_wgan_gp_seed2,0.1,5,1659,0.25,0.2111015021800995,0.2501506931886679,0.0592855733175449,0.19071442668245508,0.9078357979996319,0.7970585066264411,0.8488482171031871,14795,1502,23833,3767
2,formal_tcn_wgan_gp_seed2,0.1,6,1659,0.25,0.1888103485107422,0.2501506931886679,0.07124531280836786,0.17875468719163212,0.8974315263098079,0.8508242646266566,0.8735066371681415,15793,1805,23530,2769
2,formal_tcn_wgan_gp_seed2,0.1,7,1659,0.25,0.17896512150764465,0.2501506931886679,0.10001973554371422,0.14998026445628576,0.8633299174801791,0.8623531946988471,0.8628412796808883,16007,2534,22801,2555
2,formal_tcn_wgan_gp_seed2,0.1,8,1659,0.25,0.16083067655563354,0.2501506931886679,0.12042628774422735,0.12957371225577263,0.8421134340716208,0.8766835470315699,0.8590508367206884,16273,3051,22284,2289
2,formal_tcn_wgan_gp_seed2,0.1,9,1659,0.25,0.18060338497161865,0.2501506931886679,0.09840142095914742,0.15159857904085258,0.8650608930987821,0.8610063570735912,0.8630288630288631,15982,2493,22842,2580
2,formal_tcn_wgan_gp_seed2,0.1,10,1659,0.25,0.16764232516288757,0.2501506931886679,0.11178211959739491,0.13821788040260508,0.8508845829823083,0.8705958409654132,0.8606273632635671,16160,2832,22503,2402
2,formal_tcn_wgan_gp_seed2,0.1,11,1659,0.25,0.18206505477428436,0.2501506931886679,0.096901519636866,0.153098480363134,0.8667064827885764,0.8599827604783967,0.8633315305570579,15963,2455,22880,2599
2,formal_tcn_wgan_gp_seed2,0.1,12,1659,0.25,0.17100897431373596,0.2501506931886679,0.10795342411683442,0.14204657588316558,0.854899464162555,0.8681176597349424,0.8614578599877042,16114,2735,22600,2448
2,formal_tcn_wgan_gp_seed2,0.1,13,1659,0.25,0.19944117963314056,0.2501506931886679,0.06532464969409907,0.18467535030590093,0.9034027899375474,0.8338541105484323,0.8672363076061074,15478,1655,23680,3084
2,formal_tcn_wgan_gp_seed2,0.1,14,1659,0.25,0.22701142728328705,0.2501506931886679,0.05008880994671403,0.19991119005328598,0.9089474061849753,0.6824695614696692,0.7795932182528692,12668,1269,24066,5894
2,formal_tcn_wgan_gp_seed2,0.1,15,1659,0.25,0.147477924823761,0.2501506931886679,0.1420564436550227,0.10794355634497729,0.8205166566925992,0.8863807779334123,0.8521779665406329,16453,3599,21736,2109
2,formal_tcn_wgan_gp_seed2,0.1,16,1659,0.25,0.15131449699401855,0.2501506931886679,0.13487270574304322,0.11512729425695678,0.8274503863051053,0.8827712530977265,0.8542160823667405,16386,3417,21918,2176
2,formal_tcn_wgan_gp_seed2,0.1,17,1659,0.25,0.1824154257774353,0.2501506931886679,0.0964278665877245,0.1535721334122755,0.867235476332808,0.8597133929533456,0.863458052647242,15958,2443,22892,2604
2,formal_tcn_wgan_gp_seed2,0.1,18,1659,0.25,0.18451538681983948,0.2501506931886679,0.09394118807973159,0.1560588119202684,0.8699453551912568,0.8576661997629565,0.8637621398730401,15920,2380,22955,2642
2,formal_tcn_wgan_gp_seed2,0.1,19,1659,0.25,0.15658052265644073,0.2501506931886679,0.1268600749950661,0.1231399250049339,0.8354916312637559,0.8793772222820817,0.8568728838027245,16323,3214,22121,2239
2,formal_tcn_wgan_gp_seed2,0.2,0,3318,0.25,0.1911400705575943,0.2501506931886679,0.0700611801855141,0.1799388198144859,0.8986003998857469,0.8474302338110118,0.8722655058640862,15730,1775,23560,2832
2,formal_tcn_wgan_gp_seed2,0.2,1,3318,0.25,0.17732645571231842,0.2501506931886679,0.10159857904085258,0.14840142095914743,0.8616575298290874,0.863700032324103,0.8626775721050365,16032,2574,22761,2530
2,formal_tcn_wgan_gp_seed2,0.2,2,3318,0.25,0.17524534463882446,0.2501506931886679,0.10333530688770476,0.14666469311229524,0.8598576093356887,0.8653701109794203,0.8626050532986065,16063,2618,22717,2499
2,formal_tcn_wgan_gp_seed2,0.2,3,3318,0.25,0.18907707929611206,0.2501506931886679,0.07108742845865404,0.17891257154134596,0.8976006367978167,0.8505010235965952,0.8734163208852006,15787,1801,23534,2775
2,formal_tcn_wgan_gp_seed2,0.2,4,3318,0.25,0.20797431468963623,0.2501506931886679,0.06121965660153937,0.18878034339846061,0.9064366290643663,0.8095032862838056,0.8552320783175388,15026,1551,23784,3536
2,formal_tcn_wgan_gp_seed2,0.2,5,3318,0.25,0.1880951225757599,0.2501506931886679,0.07736333135977896,0.17263666864022104,0.8897513781077736,0.8521711022519125,0.8705558613098514,15818,1960,23375,2744
2,formal_tcn_wgan_gp_seed2,0.2,6,3318,0.25,0.16488131880760193,0.2501506931886679,0.11525557529109927,0.13474442470890075,0.8474160004180383,0.8736666307509967,0.8603411231067137,16217,2920,22415,2345
2,formal_tcn_wgan_gp_seed2,0.2,7,3318,0.25,0.1742309033870697,0.2501506931886679,0.10467732386027236,0.14532267613972766,0.8583560326870694,0.8658010990195022,0.8620624916186134,16071,2652,22683,2491
2,formal_tcn_wgan_gp_seed2,0.2,8,3318,0.25,0.17732617259025574,0.2501506931886679,0.10159857904085258,0.14840142095914743,0.8616575298290874,0.863700032324103,0.8626775721050365,16032,2574,22761,2530
2,formal_tcn_wgan_gp_seed2,0.2,9,3318,0.25,0.18192699551582336,0.2501506931886679,0.09701993289915137,0.15298006710084863,0.8665725762675063,0.8600366339834069,0.8632922344797751,15964,2458,22877,2598
2,formal_tcn_wgan_gp_seed2,0.2,10,3318,0.25,0.16043418645858765,0.2501506931886679,0.12101835405565424,0.12898164594434575,0.841501240694789,0.876952914556621,0.8588613939745687,16278,3066,22269,2284
2,formal_tcn_wgan_gp_seed2,0.2,11,3318,0.25,0.1807776391506195,0.2501506931886679,0.09812512334714821,0.1518748766528518,0.8653596187175043,0.8607908630535502,0.8630691946199968,15978,2486,22849,2584
2,formal_tcn_wgan_gp_seed2,0.2,12,3318,0.25,0.17826056480407715,0.2501506931886679,0.10065127294256956,0.14934872705743044,0.8626595572790434,0.8628919297489495,0.8627757278677045,16017,2550,22785,2545
2,formal_tcn_wgan_gp_seed2,0.2,13,3318,0.25,0.17496180534362793,0.2501506931886679,0.10380895993684626,0.14619104006315375,0.8593206739769992,0.8654778579894408,0.8623882760286657,16065,2630,22705,2497
2,formal_tcn_wgan_gp_seed2,0.2,14,3318,0.25,0.16771066188812256,0.2501506931886679,0.11166370633510954,0.13833629366489048,0.8510190110063721,0.8705958409654132,0.8606961199435434,16160,2829,22506,2402
2,formal_tcn_wgan_gp_seed2,0.2,15,3318,0.25,0.18595093488693237,0.2501506931886679,0.09200710479573712,0.15799289520426288,0.8720355731225297,0.8557806270875983,0.8638316384795258,15885,2331,23004,2677
2,formal_tcn_wgan_gp_seed2,0.2,16,3318,0.25,0.17512841522693634,0.2501506931886679,0.10337477797513321,0.14662522202486677,0.8598115833422546,0.8653701109794203,0.8625818923853507,16063,2619,22716,2499
2,formal_tcn_wgan_gp_seed2,0.2,17,3318,0.25,0.16365233063697815,0.2501506931886679,0.11683441878823761,0.1331655812117624,0.8457931753060692,0.8746363538411809,0.859972985141828,16235,2960,22375,2327
2,formal_tcn_wgan_gp_seed2,0.2,18,3318,0.25,0.17824040353298187,0.2501506931886679,0.10065127294256956,0.14934872705743044,0.8626595572790434,0.8628919297489495,0.8627757278677045,16017,2550,22785,2545
2,formal_tcn_wgan_gp_seed2,0.2,19,3318,0.25,0.17910227179527283,0.2501506931886679,0.0999407933688573,0.1500592066311427,0.8634156866975942,0.8622993211938369,0.8628571428571429,16006,2532,22803,2556
2,formal_tcn_wgan_gp_seed2,0.4,0,6636,0.25,0.17580464482307434,0.25,0.10298006710084863,0.14701993289915138,0.8602121731675954,0.8649391229393384,0.8625691720840273,16055,2609,22726,2507
2,formal_tcn_wgan_gp_seed2,0.4,1,6636,0.25,0.1824079304933548,0.25,0.0964278665877245,0.1535721334122755,0.867235476332808,0.8597133929533456,0.863458052647242,15958,2443,22892,2604
2,formal_tcn_wgan_gp_seed2,0.4,2,6636,0.25,0.18318434059619904,0.25,0.0955595026642984,0.1544404973357016,0.8681875102085261,0.8590669108932227,0.8636031303311761,15946,2421,22914,2616
2,formal_tcn_wgan_gp_seed2,0.4,3,6636,0.25,0.15810807049274445,0.25,0.12397868561278863,0.12602131438721137,0.8384674723579326,0.8783536256868872,0.8579472202489016,16304,3141,22194,2258
2,formal_tcn_wgan_gp_seed2,0.4,4,6636,0.25,0.17335815727710724,0.25,0.10574304322084073,0.14425695677915928,0.8571961620469083,0.8663398340696046,0.8617437436364611,16081,2679,22656,2481
2,formal_tcn_wgan_gp_seed2,0.4,5,6636,0.25,0.17293494939804077,0.25,0.10617722518255378,0.1438227748174462,0.8567319982956967,0.8666092015946557,0.8616422947131609,16086,2690,22645,2476
2,formal_tcn_wgan_gp_seed2,0.4,6,6636,0.25,0.17625661194324493,0.25,0.10270376948884942,0.1472962305111506,0.8604376743188157,0.8642387673742054,0.862334032145353,16042,2602,22733,2520
2,formal_tcn_wgan_gp_seed2,0.4,7,6636,0.25,0.1793011724948883,0.25,0.0996644957568581,0.1503355042431419,0.8637197754749568,0.8621377006788061,0.8629280129414936,16003,2525,22810,2559
2,formal_tcn_wgan_gp_seed2,0.4,8,6636,0.25,0.17183390259742737,0.25,0.10688770475626604,0.14311229524373398,0.8560110597118095,0.8673095571597889,0.8616232706253847,16099,2708,22627,2463
2,formal_tcn_wgan_gp_seed2,0.4,9,6636,0.25,0.16500157117843628,0.25,0.11501874876652851,0.1349812512334715,0.8476738107684265,0.8736127572459864,0.8604478403905338,16216,2914,22421,2346
2,formal_tcn_wgan_gp_seed2,0.4,10,6636,0.25,0.16073907911777496,0.25,0.12058417209394119,0.12941582790605882,0.8419555095706156,0.8767912940415904,0.8590203736936557,16275,3055,22280,2287
2,formal_tcn_wgan_gp_seed2,0.4,11,6636,0.25,0.1679306924343109,0.25,0.11158476416025262,0.13841523583974738,0.8510772796712849,0.8703803469453723,0.8606205886269809,16156,2827,22508,2406
2,formal_tcn_wgan_gp_seed2,0.4,12,6636,0.25,0.16980670392513275,0.25,0.10957173870140122,0.14042826129859878,0.8531993654151243,0.8691951298351471,0.8611229718189582,16134,2776,22559,2428
2,formal_tcn_wgan_gp_seed2,0.4,13,6636,0.25,0.17954352498054504,0.25,0.09926978488257351,0.15073021511742649,0.8641641911963273,0.8619760801637755,0.8630687488200232,16000,2515,22820,2562
2,formal_tcn_wgan_gp_seed2,0.4,14,6636,0.25,0.16237714886665344,0.25,0.11872903098480363,0.13127096901519636,0.8437889488990444,0.875336709406314,0.8592733618911629,16248,3008,22327,2314
2,formal_tcn_wgan_gp_seed2,0.4,15,6636,0.25,0.17875699698925018,0.25,0.10025656206828498,0.14974343793171502,0.8630580116454605,0.8624070682038574,0.8627324171382377,16008,2540,22795,2554
2,formal_tcn_wgan_gp_seed2,0.4,16,6636,0.25,0.16849076747894287,0.25,0.11099269784882573,0.13900730215117427,0.8516877637130802,0.8699493589052903,0.8607217099301744,16148,2812,22523,2414
2,formal_tcn_wgan_gp_seed2,0.4,17,6636,0.25,0.16565510630607605,0.25,0.11411091375567396,0.13588908624432605,0.848599109714585,0.8729662751858636,0.8606102451071515,16204,2891,22444,2358
2,formal_tcn_wgan_gp_seed2,0.4,18,6636,0.25,0.17871426045894623,0.25,0.10029603315571343,0.14970396684428655,0.8630114830988194,0.8624070682038574,0.8627091697879335,16008,2541,22794,2554
2,formal_tcn_wgan_gp_seed2,0.4,19,6636,0.25,0.17954352498054504,0.25,0.09926978488257351,0.15073021511742649,0.8641641911963273,0.8619760801637755,0.8630687488200232,16000,2515,22820,2562
2,formal_tcn_wgan_gp_seed2,1.0,0,16591,0.25,0.17442384362220764,0.2500150684105841,0.10451943951055852,0.14548056048944147,0.8585394518937978,0.8658010990195022,0.8621549851130603,16071,2648,22687,2491
2,formal_tcn_wgan_gp_seed2,1.0,1,16591,0.25,0.17442384362220764,0.2500150684105841,0.10451943951055852,0.14548056048944147,0.8585394518937978,0.8658010990195022,0.8621549851130603,16071,2648,22687,2491
2,formal_tcn_wgan_gp_seed2,1.0,2,16591,0.25,0.17442384362220764,0.2500150684105841,0.10451943951055852,0.14548056048944147,0.8585394518937978,0.8658010990195022,0.8621549851130603,16071,2648,22687,2491
2,formal_tcn_wgan_gp_seed2,1.0,3,16591,0.25,0.17442384362220764,0.2500150684105841,0.10451943951055852,0.14548056048944147,0.8585394518937978,0.8658010990195022,0.8621549851130603,16071,2648,22687,2491
2,formal_tcn_wgan_gp_seed2,1.0,4,16591,0.25,0.17442384362220764,0.2500150684105841,0.10451943951055852,0.14548056048944147,0.8585394518937978,0.8658010990195022,0.8621549851130603,16071,2648,22687,2491
2,formal_tcn_wgan_gp_seed2,1.0,5,16591,0.25,0.17442384362220764,0.2500150684105841,0.10451943951055852,0.14548056048944147,0.8585394518937978,0.8658010990195022,0.8621549851130603,16071,2648,22687,2491
2,formal_tcn_wgan_gp_seed2,1.0,6,16591,0.25,0.17442384362220764,0.2500150684105841,0.10451943951055852,0.14548056048944147,0.8585394518937978,0.8658010990195022,0.8621549851130603,16071,2648,22687,2491
2,formal_tcn_wgan_gp_seed2,1.0,7,16591,0.25,0.17442384362220764,0.2500150684105841,0.10451943951055852,0.14548056048944147,0.8585394518937978,0.8658010990195022,0.8621549851130603,16071,2648,22687,2491
2,formal_tcn_wgan_gp_seed2,1.0,8,16591,0.25,0.17442384362220764,0.2500150684105841,0.10451943951055852,0.14548056048944147,0.8585394518937978,0.8658010990195022,0.8621549851130603,16071,2648,22687,2491
2,formal_tcn_wgan_gp_seed2,1.0,9,16591,0.25,0.17442384362220764,0.2500150684105841,0.10451943951055852,0.14548056048944147,0.8585394518937978,0.8658010990195022,0.8621549851130603,16071,2648,22687,2491
2,formal_tcn_wgan_gp_seed2,1.0,10,16591,0.25,0.17442384362220764,0.2500150684105841,0.10451943951055852,0.14548056048944147,0.8585394518937978,0.8658010990195022,0.8621549851130603,16071,2648,22687,2491
2,formal_tcn_wgan_gp_seed2,1.0,11,16591,0.25,0.17442384362220764,0.2500150684105841,0.10451943951055852,0.14548056048944147,0.8585394518937978,0.8658010990195022,0.8621549851130603,16071,2648,22687,2491
2,formal_tcn_wgan_gp_seed2,1.0,12,16591,0.25,0.17442384362220764,0.2500150684105841,0.10451943951055852,0.14548056048944147,0.8585394518937978,0.8658010990195022,0.8621549851130603,16071,2648,22687,2491
2,formal_tcn_wgan_gp_seed2,1.0,13,16591,0.25,0.17442384362220764,0.2500150684105841,0.10451943951055852,0.14548056048944147,0.8585394518937978,0.8658010990195022,0.8621549851130603,16071,2648,22687,2491
2,formal_tcn_wgan_gp_seed2,1.0,14,16591,0.25,0.17442384362220764,0.2500150684105841,0.10451943951055852,0.14548056048944147,0.8585394518937978,0.8658010990195022,0.8621549851130603,16071,2648,22687,2491
2,formal_tcn_wgan_gp_seed2,1.0,15,16591,0.25,0.17442384362220764,0.2500150684105841,0.10451943951055852,0.14548056048944147,0.8585394518937978,0.8658010990195022,0.8621549851130603,16071,2648,22687,2491
2,formal_tcn_wgan_gp_seed2,1.0,16,16591,0.25,0.17442384362220764,0.2500150684105841,0.10451943951055852,0.14548056048944147,0.8585394518937978,0.8658010990195022,0.8621549851130603,16071,2648,22687,2491
2,formal_tcn_wgan_gp_seed2,1.0,17,16591,0.25,0.17442384362220764,0.2500150684105841,0.10451943951055852,0.14548056048944147,0.8585394518937978,0.8658010990195022,0.8621549851130603,16071,2648,22687,2491
2,formal_tcn_wgan_gp_seed2,1.0,18,16591,0.25,0.17442384362220764,0.2500150684105841,0.10451943951055852,0.14548056048944147,0.8585394518937978,0.8658010990195022,0.8621549851130603,16071,2648,22687,2491
2,formal_tcn_wgan_gp_seed2,1.0,19,16591,0.25,0.17442384362220764,0.2500150684105841,0.10451943951055852,0.14548056048944147,0.8585394518937978,0.8658010990195022,0.8621549851130603,16071,2648,22687,2491
3,formal_tcn_wgan_gp_seed3,0.05,0,830,0.01,0.2823919653892517,0.010843373493975903,0.016617327807381094,0.0066173278073810935,0.8611477572559367,0.1406637215817261,0.24182643326850048,2611,421,24914,15951
3,formal_tcn_wgan_gp_seed3,0.05,1,830,0.01,0.2909494936466217,0.010843373493975903,0.013420169725675942,0.003420169725675942,0.8788742429640185,0.13290593686025212,0.23089522205063406,2467,340,24995,16095
3,formal_tcn_wgan_gp_seed3,0.05,2,830,0.01,0.2985474467277527,0.010843373493975903,0.01113084665482534,0.0011308466548253394,0.8911196911196911,0.12434004956362461,0.2182299546142209,2308,282,25053,16254
3,formal_tcn_wgan_gp_seed3,0.05,3,830,0.01,0.28284215927124023,0.010843373493975903,0.016538385632524175,0.006538385632524174,0.8614876033057851,0.1403943540566749,0.24144160837541112,2606,419,24916,15956
3,formal_tcn_wgan_gp_seed3,0.05,4,830,0.01,0.2945011854171753,0.010843373493975903,0.012551805802249853,0.0025518058022498524,0.8826135105204873,0.1288115504794742,0.22481312585209912,2391,318,25017,16171
3,formal_tcn_wgan_gp_seed3,0.05,5,830,0.01,0.32004261016845703,0.010843373493975903,0.006512729425695678,0.0034872705743043226,0.9160732451678535,0.09702618252343498,0.1754676539360873,1801,165,25170,16761
3,formal_tcn_wgan_gp_seed3,0.05,6,830,0.01,0.28761404752731323,0.010843373493975903,0.014564831261101243,0.004564831261101243,0.8724948168624741,0.1360306001508458,0.23536539895600297,2525,369,24966,16037
3,formal_tcn_wgan_gp_seed3,0.05,7,830,0.01,0.2817671597003937,0.010843373493975903,0.01677521215709493,0.006775212157094928,0.860243341006248,0.1409330891067773,0.2421885849187613,2616,425,24910,15946
3,formal_tcn_wgan_gp_seed3,0.05,8,830,0.01,0.2700910270214081,0.010843373493975903,0.021906453522794554,0.011906453522794553,0.8320217917675545,0.14809826527313866,0.251440592700997,2749,555,24780,15813
3,formal_tcn_wgan_gp_seed3,0.05,9,830,0.01,0.3035847544670105,0.010843373493975903,0.009749358594829288,0.0002506414051707123,0.8987704918032787,0.11814459648744748,0.20883725359489572,2193,247,25088,16369
3,formal_tcn_wgan_gp_seed3,0.05,10,830,0.01,0.28916239738464355,0.010843373493975903,0.013972764949674364,0.003972764949674364,0.8755274261603375,0.13414502747548757,0.2326450527889377,2490,354,24981,16072
3,formal_tcn_wgan_gp_seed3,0.05,11,830,0.01,0.28131696581840515,0.010843373493975903,0.016933096506808763,0.006933096506808763,0.8596663395485771,0.14157957116690012,0.24311947823673621,2628,429,24906,15934
3,formal_tcn_wgan_gp_seed3,0.05,12,830,0.01,0.29578953981399536,0.010843373493975903,0.012117623840536806,0.002117623840536806,0.8851907255048617,0.12751858635922853,0.22292333772838574,2367,307,25028,16195
3,formal_tcn_wgan_gp_seed3,0.05,13,830,0.01,0.2834637761116028,0.010843373493975903,0.016301559107953424,0.006301559107953424,0.8626081170991351,0.13969399849154185,0.24044881305637983,2593,413,24922,15969
3,formal_tcn_wgan_gp_seed3,0.05,14,830,0.01,0.27903643250465393,0.010843373493975903,0.017525162818235643,0.007525162818235643,0.8571888066902541,0.14357289085227884,0.24595080983803239,2665,444,24891,15897
3,formal_tcn_wgan_gp_seed3,0.05,15,830,0.01,0.2765396237373352,0.010843373493975903,0.018630353266232486,0.008630353266232486,0.8508688783570301,0.14508134899256545,0.2478943250333686,2693,472,24863,15869
3,formal_tcn_wgan_gp_seed3,0.05,16,830,0.01,0.2702346444129944,0.010843373493975903,0.02174856917308072,0.011748569173080719,0.833030303030303,0.14809826527313866,0.2514865977495197,2749,551,24784,15813
3,formal_tcn_wgan_gp_seed3,0.05,17,830,0.01,0.29631176590919495,0.010843373493975903,0.011959739490822973,0.001959739490822973,0.8859186746987951,0.12676435728908522,0.2217928174191724,2353,303,25032,16209
3,formal_tcn_wgan_gp_seed3,0.05,18,830,0.01,0.2800244092941284,0.010843373493975903,0.017209394118807973,0.007209394118807973,0.8585793058709049,0.1426031677620946,0.2445830445830446,2647,436,24899,15915
3,formal_tcn_wgan_gp_seed3,0.05,19,830,0.01,0.2758670747280121,0.010843373493975903,0.019104006315373987,0.009104006315373987,0.8482282847287551,0.1457278310526883,0.2487241965886626,2705,484,24851,15857
3,formal_tcn_wgan_gp_seed3,0.1,0,1659,0.01,0.28846311569213867,0.010247136829415311,0.014406946911387409,0.004406946911387408,0.8728665970045281,0.13500700355565132,0.23384500536555775,2506,365,24970,16056
3,formal_tcn_wgan_gp_seed3,0.1,1,1659,0.01,0.29886841773986816,0.010247136829415311,0.011051904479968424,0.0010519044799684237,0.8914307871267934,0.12385518801853249,0.21749207700676412,2299,280,25055,16263
3,formal_tcn_wgan_gp_seed3,0.1,2,1659,0.01,0.27653706073760986,0.010247136829415311,0.018630353266232486,0.008630353266232486,0.8508688783570301,0.14508134899256545,0.2478943250333686,2693,472,24863,15869
3,formal_tcn_wgan_gp_seed3,0.1,3,1659,0.01,0.31508275866508484,0.010247136829415311,0.007499506611407144,0.002500493388592856,0.9101654846335697,0.10370649714470423,0.1861972239686608,1925,190,25145,16637
3,formal_tcn_wgan_gp_seed3,0.1,4,1659,0.01,0.29195553064346313,0.010247136829415311,0.013262285375962107,0.003262285375962107,0.8792669780812074,0.13182846676004742,0.22928086202857811,2447,336,24999,16115
3,formal_tcn_wgan_gp_seed3,0.1,5,1659,0.01,0.2814648747444153,0.010247136829415311,0.016814683244523388,0.006814683244523388,0.8601444517399869,0.14114858312681824,0.24250277674935208,2620,426,24909,15942
3,formal_tcn_wgan_gp_seed3,0.1,6,1659,0.01,0.2995605766773224,0.010247136829415311,0.01089402013025459,0.0008940201302545889,0.8921453692848769,0.12299321193836871,0.21618294588324416,2283,276,25059,16279
3,formal_tcn_wgan_gp_seed3,0.1,7,1659,0.01,0.2802444100379944,0.010247136829415311,0.017130451943951054,0.007130451943951054,0.858953526161846,0.14238767374205366,0.24428115901843891,2643,434,24901,15919
3,formal_tcn_wgan_gp_seed3,0.1,8,1659,0.01,0.2938236594200134,0.010247136829415311,0.012670219064535228,0.0026702190645352276,0.8822018348623853,0.12951190604460727,0.22586555174519665,2404,321,25014,16158
3,formal_tcn_wgan_gp_seed3,0.1,9,1659,0.01,0.28090789914131165,0.010247136829415311,0.01701203868166568,0.007012038681665679,0.8594259621656882,0.14195668570197176,0.24366561864250044,2635,431,24904,15927
3,formal_tcn_wgan_gp_seed3,0.1,10,1659,0.01,0.28046727180480957,0.010247136829415311,0.017130451943951054,0.007130451943951054,0.8588617886178862,0.14227992673203319,0.24411887045339004,2641,434,24901,15921
3,formal_tcn_wgan_gp_seed3,0.1,11,1659,0.01,0.2935793101787567,0.010247136829415311,0.012749161239392145,0.002749161239392145,0.8819012797074954,0.12994289408468915,0.22651077616565712,2412,323,25012,16150
3,formal_tcn_wgan_gp_seed3,0.1,12,1659,0.01,0.2819735109806061,0.010247136829415311,0.01673574106966647,0.006735741069666469,0.8603885413236747,0.14077146859174658,0.24195564609472664,2613,424,24911,15949
3,formal_tcn_wgan_gp_seed3,0.1,13,1659,0.01,0.280384361743927,0.010247136829415311,0.017130451943951054,0.007130451943951054,0.8589076723016905,0.14233380023704342,0.24420001848599687,2642,434,24901,15920
3,formal_tcn_wgan_gp_seed3,0.1,14,1659,0.01,0.29245418310165405,0.010247136829415311,0.013104401026248273,0.0031044010262482723,0.8799710773680405,0.13112811119491435,0.2282445611402851,2434,332,25003,16128
3,formal_tcn_wgan_gp_seed3,0.1,15,1659,0.01,0.2832152843475342,0.010247136829415311,0.016301559107953424,0.006301559107953424,0.8627906976744186,0.1399094925115828,0.24077507880585944,2597,413,24922,15965
3,formal_tcn_wgan_gp_seed3,0.1,16,1659,0.01,0.277400940656662,0.010247136829415311,0.018196171304519438,0.008196171304519438,0.8534181240063593,0.14459648744747333,0.2472934997926936,2684,461,24874,15878
3,formal_tcn_wgan_gp_seed3,0.1,17,1659,0.01,0.288442999124527,0.010247136829415311,0.014446417998815868,0.004446417998815868,0.8725626740947076,0.13500700355565132,0.23383409536250813,2506,366,24969,16056
3,formal_tcn_wgan_gp_seed3,0.1,18,1659,0.01,0.29192548990249634,0.010247136829415311,0.013301756463390567,0.0033017564633905667,0.8790380473797559,0.13193621377006787,0.22943601274124037,2449,337,24998,16113
3,formal_tcn_wgan_gp_seed3,0.1,19,1659,0.01,0.2725137174129486,0.010247136829415311,0.020643378725083875,0.010643378725083875,0.8392253304641869,0.1470746686779442,0.2502865001146001,2730,523,24812,15832
3,formal_tcn_wgan_gp_seed3,0.2,0,3318,0.01,0.2787383496761322,0.010247136829415311,0.017683047167949478,0.007683047167949477,0.8562259306803595,0.14373451136730955,0.2461481686502445,2668,448,24887,15894
3,formal_tcn_wgan_gp_seed3,0.2,1,3318,0.01,0.29525092244148254,0.010247136829415311,0.0123149792776791,0.0023149792776791,0.8841010401188707,0.1282189419243616,0.22395784322950973,2380,312,25023,16182
3,formal_tcn_wgan_gp_seed3,0.2,2,3318,0.01,0.2845273017883301,0.010247136829415311,0.01582790605881192,0.00582790605881192,0.865255376344086,0.13872427540135762,0.23911226669142913,2575,401,24934,15987
3,formal_tcn_wgan_gp_seed3,0.2,3,3318,0.01,0.2914002239704132,0.010247136829415311,0.013341227550819025,0.0033412275508190245,0.8790264853256979,0.13231332830513953,0.23000561902978087,2456,338,24997,16106
3,formal_tcn_wgan_gp_seed3,0.2,4,3318,0.01,0.28521180152893066,0.010247136829415311,0.0152753108348135,0.0052753108348135,0.8687690742624619,0.13802391983622456,0.23820370972990565,2562,387,24948,16000
3,formal_tcn_wgan_gp_seed3,0.2,5,3318,0.01,0.29507988691329956,0.010247136829415311,0.012354450365107558,0.002354450365107558,0.8839020771513353,0.1283805624393923,0.22419794900743248,2383,313,25022,16179
3,formal_tcn_wgan_gp_seed3,0.2,6,3318,0.01,0.2802591323852539,0.010247136829415311,0.017130451943951054,0.007130451943951054,0.858953526161846,0.14238767374205366,0.24428115901843891,2643,434,24901,15919
3,formal_tcn_wgan_gp_seed3,0.2,7,3318,0.01,0.2820773422718048,0.010247136829415311,0.016656798894809553,0.006656798894809553,0.8609096901779829,0.14071759508673634,0.24189664752731987,2612,422,24913,15950
3,formal_tcn_wgan_gp_seed3,0.2,8,3318,0.01,0.2805843949317932,0.010247136829415311,0.017090980856522598,0.007090980856522598,0.858957654723127,0.14206443271199223,0.24380547337278108,2637,433,24902,15925
3,formal_tcn_wgan_gp_seed3,0.2,9,3318,0.01,0.2869134843349457,0.010247136829415311,0.014722715610815078,0.004722715610815078,0.8721288995543367,0.1370541967460403,0.23688253643093257,2544,373,24962,16018
3,formal_tcn_wgan_gp_seed3,0.2,10,3318,0.01,0.28779566287994385,0.010247136829415311,0.014485889086244326,0.004485889086244326,0.8728343728343728,0.1357073591207844,0.23489369638194704,2519,367,24968,16043
3,formal_tcn_wgan_gp_seed3,0.2,11,3318,0.01,0.28696319460868835,0.010247136829415311,0.014722715610815078,0.004722715610815078,0.872041166380789,0.13694644973601983,0.23671834986264378,2542,373,24962,16020
3,formal_tcn_wgan_gp_seed3,0.2,12,3318,0.01,0.2837209403514862,0.010247136829415311,0.016262088020524965,0.006262088020524964,0.8628038628038628,0.1395862514815214,0.2402967771852539,2591,412,24923,15971
3,formal_tcn_wgan_gp_seed3,0.2,13,3318,0.01,0.2932373285293579,0.010247136829415311,0.01286757450167752,0.00286757450167752,0.8812818645302258,0.13037388212477105,0.22714473437206686,2420,326,25009,16142
3,formal_tcn_wgan_gp_seed3,0.2,14,3318,0.01,0.28497597575187683,0.010247136829415311,0.015433195184527333,0.005433195184527333,0.8679500168861871,0.13845490787630643,0.2388142916879617,2570,391,24944,15992
3,formal_tcn_wgan_gp_seed3,0.2,15,3318,0.01,0.29361093044281006,0.010247136829415311,0.012749161239392145,0.002749161239392145,0.8818580833942941,0.1298890205796789,0.22642749812171298,2411,323,25012,16151
3,formal_tcn_wgan_gp_seed3,0.2,16,3318,0.01,0.275154709815979,0.010247136829415311,0.019538188277087035,0.009538188277087035,0.8455056179775281,0.14594332507272922,0.24892033446659925,2709,495,24840,15853
3,formal_tcn_wgan_gp_seed3,0.2,17,3318,0.01,0.28896284103393555,0.010247136829415311,0.014130649299388199,0.004130649299388198,0.8745180511742026,0.13441439500053873,0.23301424235349052,2495,358,24977,16067
3,formal_tcn_wgan_gp_seed3,0.2,18,3318,0.01,0.2886769771575928,0.010247136829415311,0.014328004736530491,0.004328004736530491,0.8732984293193717,0.1347915095356104,0.23353712605591076,2502,363,24972,16060
3,formal_tcn_wgan_gp_seed3,0.2,19,3318,0.01,0.297071635723114,0.010247136829415311,0.011604499703966844,0.0016044997039668437,0.8881704069988589,0.12579463419890097,0.22037657496106836,2335,294,25041,16227
3,formal_tcn_wgan_gp_seed3,0.4,0,6636,0.01,0.29165899753570557,0.010096443640747438,0.013341227550819025,0.0033412275508190245,0.8788964528842709,0.13215170779010882,0.2297569428183393,2453,338,24997,16109
3,formal_tcn_wgan_gp_seed3,0.4,1,6636,0.01,0.2817133665084839,0.010096443640747438,0.01677521215709493,0.006775212157094928,0.8603351955307262,0.14104083611679777,0.2423513075676927,2618,425,24910,15944
3,formal_tcn_wgan_gp_seed3,0.4,2,6636,0.01,0.29746198654174805,0.010096443640747438,0.011525557529109927,0.0015255575291099263,0.888677087304613,0.12557914017886004,0.22006136417276378,2331,292,25043,16231
3,formal_tcn_wgan_gp_seed3,0.4,3,6636,0.01,0.2910800576210022,0.010096443640747438,0.013420169725675942,0.003420169725675942,0.8786581013561742,0.13263656933520096,0.23048118329900766,2462,340,24995,16100
3,formal_tcn_wgan_gp_seed3,0.4,4,6636,0.01,0.29126685857772827,0.010096443640747438,0.013341227550819025,0.0033412275508190245,0.8791130185979972,0.13242107531516,0.2301713643599588,2458,338,24997,16104
3,formal_tcn_wgan_gp_seed3,0.4,5,6636,0.01,0.2915778160095215,0.010096443640747438,0.013341227550819025,0.0033412275508190245,0.8788964528842709,0.13215170779010882,0.2297569428183393,2453,338,24997,16109
3,formal_tcn_wgan_gp_seed3,0.4,6,6636,0.01,0.292515367269516,0.010096443640747438,0.013064929938819815,0.0030649299388198145,0.880246020260492,0.13107423768990412,0.22817218418831475,2433,331,25004,16129
3,formal_tcn_wgan_gp_seed3,0.4,7,6636,0.01,0.2804165184497833,0.010096443640747438,0.017130451943951054,0.007130451943951054,0.8588617886178862,0.14227992673203319,0.24411887045339004,2641,434,24901,15921
3,formal_tcn_wgan_gp_seed3,0.4,8,6636,0.01,0.29119062423706055,0.010096443640747438,0.013420169725675942,0.003420169725675942,0.8785714285714286,0.13252882232518048,0.2303155135286958,2460,340,24995,16102
3,formal_tcn_wgan_gp_seed3,0.4,9,6636,0.01,0.28924819827079773,0.010096443640747438,0.013972764949674364,0.003972764949674364,0.8754836440379881,0.13409115397047733,0.23256248540060737,2489,354,24981,16073
3,formal_tcn_wgan_gp_seed3,0.4,10,6636,0.01,0.2857862412929535,0.010096443640747438,0.014999013222814288,0.004999013222814288,0.8706162751106571,0.13775455231117337,0.23787152890832133,2557,380,24955,16005
3,formal_tcn_wgan_gp_seed3,0.4,11,6636,0.01,0.28513091802597046,0.010096443640747438,0.015354253009670417,0.005354253009670417,0.868269556383339,0.138131666846245,0.23834534046014408,2564,389,24946,15998
3,formal_tcn_wgan_gp_seed3,0.4,12,6636,0.01,0.2867215871810913,0.010096443640747438,0.014801657785671996,0.004801657785671995,0.8715753424657534,0.13710807025105054,0.23694255655897964,2545,375,24960,16017
3,formal_tcn_wgan_gp_seed3,0.4,13,6636,0.01,0.29126685857772827,0.010096443640747438,0.013341227550819025,0.0033412275508190245,0.8791130185979972,0.13242107531516,0.2301713643599588,2458,338,24997,16104
3,formal_tcn_wgan_gp_seed3,0.4,14,6636,0.01,0.28465163707733154,0.010096443640747438,0.015591079534241168,0.0055910795342411675,0.8669137466307277,0.13861652839133715,0.23901532745006968,2573,395,24940,15989
3,formal_tcn_wgan_gp_seed3,0.4,15,6636,0.01,0.283339262008667,0.010096443640747438,0.016301559107953424,0.006301559107953424,0.8627450980392157,0.13985561900657256,0.24069352371239164,2596,413,24922,15966
3,formal_tcn_wgan_gp_seed3,0.4,16,6636,0.01,0.2906455397605896,0.010096443640747438,0.013459640813104402,0.0034596408131044015,0.8787339971550497,0.13312143088029307,0.23121549546177597,2471,341,24994,16091
3,formal_tcn_wgan_gp_seed3,0.4,17,6636,0.01,0.28881561756134033,0.010096443640747438,0.014249062561673574,0.004249062561673574,0.8738644304682041,0.13473763603060016,0.23347647498132934,2501,361,24974,16061
3,formal_tcn_wgan_gp_seed3,0.4,18,6636,0.01,0.2834712862968445,0.010096443640747438,0.016301559107953424,0.006301559107953424,0.8626081170991351,0.13969399849154185,0.24044881305637983,2593,413,24922,15969
3,formal_tcn_wgan_gp_seed3,0.4,19,6636,0.01,0.28881561756134033,0.010096443640747438,0.014249062561673574,0.004249062561673574,0.8738644304682041,0.13473763603060016,0.23347647498132934,2501,361,24974,16061
3,formal_tcn_wgan_gp_seed3,1.0,0,16591,0.01,0.2871565520763397,0.01000542462781026,0.014722715610815078,0.004722715610815078,0.8718213058419244,0.13667708221096864,0.23630774962742174,2537,373,24962,16025
3,formal_tcn_wgan_gp_seed3,1.0,1,16591,0.01,0.2871565520763397,0.01000542462781026,0.014722715610815078,0.004722715610815078,0.8718213058419244,0.13667708221096864,0.23630774962742174,2537,373,24962,16025
3,formal_tcn_wgan_gp_seed3,1.0,2,16591,0.01,0.2871565520763397,0.01000542462781026,0.014722715610815078,0.004722715610815078,0.8718213058419244,0.13667708221096864,0.23630774962742174,2537,373,24962,16025
3,formal_tcn_wgan_gp_seed3,1.0,3,16591,0.01,0.2871565520763397,0.01000542462781026,0.014722715610815078,0.004722715610815078,0.8718213058419244,0.13667708221096864,0.23630774962742174,2537,373,24962,16025
3,formal_tcn_wgan_gp_seed3,1.0,4,16591,0.01,0.2871565520763397,0.01000542462781026,0.014722715610815078,0.004722715610815078,0.8718213058419244,0.13667708221096864,0.23630774962742174,2537,373,24962,16025
3,formal_tcn_wgan_gp_seed3,1.0,5,16591,0.01,0.2871565520763397,0.01000542462781026,0.014722715610815078,0.004722715610815078,0.8718213058419244,0.13667708221096864,0.23630774962742174,2537,373,24962,16025
3,formal_tcn_wgan_gp_seed3,1.0,6,16591,0.01,0.2871565520763397,0.01000542462781026,0.014722715610815078,0.004722715610815078,0.8718213058419244,0.13667708221096864,0.23630774962742174,2537,373,24962,16025
3,formal_tcn_wgan_gp_seed3,1.0,7,16591,0.01,0.2871565520763397,0.01000542462781026,0.014722715610815078,0.004722715610815078,0.8718213058419244,0.13667708221096864,0.23630774962742174,2537,373,24962,16025
3,formal_tcn_wgan_gp_seed3,1.0,8,16591,0.01,0.2871565520763397,0.01000542462781026,0.014722715610815078,0.004722715610815078,0.8718213058419244,0.13667708221096864,0.23630774962742174,2537,373,24962,16025
3,formal_tcn_wgan_gp_seed3,1.0,9,16591,0.01,0.2871565520763397,0.01000542462781026,0.014722715610815078,0.004722715610815078,0.8718213058419244,0.13667708221096864,0.23630774962742174,2537,373,24962,16025
3,formal_tcn_wgan_gp_seed3,1.0,10,16591,0.01,0.2871565520763397,0.01000542462781026,0.014722715610815078,0.004722715610815078,0.8718213058419244,0.13667708221096864,0.23630774962742174,2537,373,24962,16025
3,formal_tcn_wgan_gp_seed3,1.0,11,16591,0.01,0.2871565520763397,0.01000542462781026,0.014722715610815078,0.004722715610815078,0.8718213058419244,0.13667708221096864,0.23630774962742174,2537,373,24962,16025
3,formal_tcn_wgan_gp_seed3,1.0,12,16591,0.01,0.2871565520763397,0.01000542462781026,0.014722715610815078,0.004722715610815078,0.8718213058419244,0.13667708221096864,0.23630774962742174,2537,373,24962,16025
3,formal_tcn_wgan_gp_seed3,1.0,13,16591,0.01,0.2871565520763397,0.01000542462781026,0.014722715610815078,0.004722715610815078,0.8718213058419244,0.13667708221096864,0.23630774962742174,2537,373,24962,16025
3,formal_tcn_wgan_gp_seed3,1.0,14,16591,0.01,0.2871565520763397,0.01000542462781026,0.014722715610815078,0.004722715610815078,0.8718213058419244,0.13667708221096864,0.23630774962742174,2537,373,24962,16025
3,formal_tcn_wgan_gp_seed3,1.0,15,16591,0.01,0.2871565520763397,0.01000542462781026,0.014722715610815078,0.004722715610815078,0.8718213058419244,0.13667708221096864,0.23630774962742174,2537,373,24962,16025
3,formal_tcn_wgan_gp_seed3,1.0,16,16591,0.01,0.2871565520763397,0.01000542462781026,0.014722715610815078,0.004722715610815078,0.8718213058419244,0.13667708221096864,0.23630774962742174,2537,373,24962,16025
3,formal_tcn_wgan_gp_seed3,1.0,17,16591,0.01,0.2871565520763397,0.01000542462781026,0.014722715610815078,0.004722715610815078,0.8718213058419244,0.13667708221096864,0.23630774962742174,2537,373,24962,16025
3,formal_tcn_wgan_gp_seed3,1.0,18,16591,0.01,0.2871565520763397,0.01000542462781026,0.014722715610815078,0.004722715610815078,0.8718213058419244,0.13667708221096864,0.23630774962742174,2537,373,24962,16025
3,formal_tcn_wgan_gp_seed3,1.0,19,16591,0.01,0.2871565520763397,0.01000542462781026,0.014722715610815078,0.004722715610815078,0.8718213058419244,0.13667708221096864,0.23630774962742174,2537,373,24962,16025
3,formal_tcn_wgan_gp_seed3,0.05,0,830,0.05,0.22074835002422333,0.05060240963855422,0.05135188474442471,0.001351884744424707,0.6907535060613264,0.1565564055597457,0.2552593438447011,2906,1301,24034,15656
3,formal_tcn_wgan_gp_seed3,0.05,1,830,0.05,0.2347615510225296,0.05060240963855422,0.04211565028616538,0.007884349713834622,0.7292565338746511,0.15483245339941817,0.2554326089854686,2874,1067,24268,15688
3,formal_tcn_wgan_gp_seed3,0.05,2,830,0.05,0.2470802515745163,0.05060240963855422,0.034221432800473656,0.015778567199526347,0.7663072776280323,0.15316237474410085,0.255298132183908,2843,867,24468,15719
3,formal_tcn_wgan_gp_seed3,0.05,3,830,0.05,0.23285718262195587,0.05060240963855422,0.04310242747187685,0.006897572528123154,0.7249370277078085,0.1550479474194591,0.2554589028936623,2878,1092,24243,15684
3,formal_tcn_wgan_gp_seed3,0.05,4,830,0.05,0.2336685061454773,0.05060240963855422,0.04270771659759227,0.007292283402407736,0.7265605256507455,0.1548863269044284,0.25533993516585995,2875,1082,24253,15687
3,formal_tcn_wgan_gp_seed3,0.05,5,830,0.05,0.23160259425640106,0.05060240963855422,0.04385237813301757,0.006147621866982436,0.7216933867735471,0.1552095679344898,0.2554757470958588,2881,1111,24224,15681
3,formal_tcn_wgan_gp_seed3,0.05,6,830,0.05,0.23529206216335297,0.05060240963855422,0.04187882376159463,0.008121176238405373,0.7303684879288437,0.15483245339941817,0.2555007334311241,2874,1061,24274,15688
3,formal_tcn_wgan_gp_seed3,0.05,7,830,0.05,0.22929181158542633,0.05060240963855422,0.045628577067298205,0.0043714229327017975,0.7140737076428395,0.15553280896455124,0.25543021455430215,2887,1156,24179,15675
3,formal_tcn_wgan_gp_seed3,0.05,8,830,0.05,0.2338763028383255,0.05060240963855422,0.04258930333530689,0.007410696664693114,0.7271117855336369,0.1548863269044284,0.25537395629774384,2875,1079,24256,15687
3,formal_tcn_wgan_gp_seed3,0.05,9,830,0.05,0.2430136352777481,0.05060240963855422,0.036589698046181174,0.013410301953818829,0.7547619047619047,0.1537011097942032,0.25539342941545073,2853,927,24408,15709
3,formal_tcn_wgan_gp_seed3,0.05,10,830,0.05,0.2339877337217331,0.05060240963855422,0.04243141898559305,0.007568581014406953,0.7278481012658228,0.1548863269044284,0.2554193319118693,2875,1075,24260,15687
3,formal_tcn_wgan_gp_seed3,0.05,11,830,0.05,0.23251624405384064,0.05060240963855422,0.04322084073416223,0.006779159265837775,0.7244589833920483,0.15510182092446934,0.2555023074192403,2879,1095,24240,15683
3,formal_tcn_wgan_gp_seed3,0.05,12,830,0.05,0.2368820458650589,0.05060240963855422,0.04069469113874087,0.009305308861259132,0.735573223903565,0.15450921236935675,0.2553759850407373,2868,1031,24304,15694
3,formal_tcn_wgan_gp_seed3,0.05,13,830,0.05,0.22228293120861053,0.05060240963855422,0.05024669429642787,0.00024669429642786705,0.6950167704839483,0.15628703803469454,0.25519000703729766,2901,1273,24062,15661
3,formal_tcn_wgan_gp_seed3,0.05,14,830,0.05,0.23826949298381805,0.05060240963855422,0.03982632721531478,0.010173672784685221,0.7395456892101188,0.15434759185432603,0.25539311820288824,2865,1009,24326,15697
3,formal_tcn_wgan_gp_seed3,0.05,15,830,0.05,0.23199190199375153,0.05060240963855422,0.04369449378330373,0.006305506216696274,0.7224172517552658,0.1552095679344898,0.25552106430155214,2881,1107,24228,15681
3,formal_tcn_wgan_gp_seed3,0.05,16,830,0.05,0.22384870052337646,0.05060240963855422,0.04937833037300177,0.0006216696269982294,0.6984815618221258,0.15612541751966383,0.25520672801726035,2898,1251,24084,15664
3,formal_tcn_wgan_gp_seed3,0.05,17,830,0.05,0.23465904593467712,0.05060240963855422,0.04215512137359384,0.007844878626406163,0.7290715372907154,0.15483245339941817,0.2554212584429435,2874,1068,24267,15688
3,formal_tcn_wgan_gp_seed3,0.05,18,830,0.05,0.22832216322422028,0.05060240963855422,0.046536412078152754,0.0034635879218472485,0.7100344318740777,0.15553280896455124,0.2551705851157857,2887,1179,24156,15675
3,formal_tcn_wgan_gp_seed3,0.05,19,830,0.05,0.2336903214454651,0.05060240963855422,0.04270771659759227,0.007292283402407736,0.7265605256507455,0.1548863269044284,0.25533993516585995,2875,1082,24253,15687
3,formal_tcn_wgan_gp_seed3,0.1,0,1659,0.05,0.232500821352005,0.050030138637733576,0.04322084073416223,0.006779159265837775,0.7244589833920483,0.15510182092446934,0.2555023074192403,2879,1095,24240,15683
3,formal_tcn_wgan_gp_seed3,0.1,1,1659,0.05,0.2346833348274231,0.050030138637733576,0.04215512137359384,0.007844878626406163,0.7290715372907154,0.15483245339941817,0.2554212584429435,2874,1068,24267,15688
3,formal_tcn_wgan_gp_seed3,0.1,2,1659,0.05,0.22958849370479584,0.050030138637733576,0.045391750542727455,0.004608249457272548,0.7151350012385435,0.15553280896455124,0.2554980308863224,2887,1150,24185,15675
3,formal_tcn_wgan_gp_seed3,0.1,3,1659,0.05,0.23078463971614838,0.050030138637733576,0.04428656009473061,0.005713439905269395,0.7198501872659177,0.1553173149445103,0.25550582709265746,2883,1122,24213,15679
3,formal_tcn_wgan_gp_seed3,0.1,4,1659,0.05,0.23299524188041687,0.050030138637733576,0.04306295638444839,0.0069370436155516135,0.7251196775006299,0.1550479474194591,0.2554702410012871,2878,1091,24244,15684
3,formal_tcn_wgan_gp_seed3,0.1,5,1659,0.05,0.2322685271501541,0.050030138637733576,0.04337872508387606,0.006621274916123944,0.7237999497361146,0.15515569442947957,0.25553435961137483,2880,1099,24236,15682
3,formal_tcn_wgan_gp_seed3,0.1,6,1659,0.05,0.2332143634557724,0.050030138637733576,0.04294454312216302,0.007055456877836985,0.7255297679112008,0.15494020040943865,0.25534937405664565,2876,1088,24247,15686
3,formal_tcn_wgan_gp_seed3,0.1,7,1659,0.05,0.23508605360984802,0.050030138637733576,0.04195776593645155,0.008042234063548453,0.7299974599949199,0.15483245339941817,0.25547802124538865,2874,1063,24272,15688
3,formal_tcn_wgan_gp_seed3,0.1,8,1659,0.05,0.23096433281898499,0.050030138637733576,0.044207617919873696,0.005792382080126307,0.7202098426180364,0.1553173149445103,0.2555284732993574,2883,1120,24215,15679
3,formal_tcn_wgan_gp_seed3,0.1,9,1659,0.05,0.23443500697612762,0.050030138637733576,0.04227353463587922,0.007726465364120784,0.7285859097820577,0.1548863269044284,0.255464723653812,2875,1071,24264,15687
3,formal_tcn_wgan_gp_seed3,0.1,10,1659,0.05,0.22958849370479584,0.050030138637733576,0.045391750542727455,0.004608249457272548,0.7151350012385435,0.15553280896455124,0.2554980308863224,2887,1150,24185,15675
3,formal_tcn_wgan_gp_seed3,0.1,11,1659,0.05,0.2301938384771347,0.050030138637733576,0.04456285770672982,0.005437142293270185,0.7188044831880448,0.155478935459541,0.2556584134295965,2886,1129,24206,15676
3,formal_tcn_wgan_gp_seed3,0.1,12,1659,0.05,0.23090282082557678,0.050030138637733576,0.044207617919873696,0.005792382080126307,0.7202098426180364,0.1553173149445103,0.2555284732993574,2883,1120,24215,15679
3,formal_tcn_wgan_gp_seed3,0.1,13,1659,0.05,0.2249746471643448,0.050030138637733576,0.04866785079928952,0.0013321492007104807,0.701235764477829,0.15590992349962288,0.2551015910793777,2894,1233,24102,15668
3,formal_tcn_wgan_gp_seed3,0.1,14,1659,0.05,0.23303303122520447,0.050030138637733576,0.04302348529701993,0.006976514702980073,0.7253024193548387,0.1550479474194591,0.2554815801154017,2878,1090,24245,15684
3,formal_tcn_wgan_gp_seed3,0.1,15,1659,0.05,0.23137198388576508,0.050030138637733576,0.0440102624827314,0.005989737517268605,0.720970970970971,0.1552095679344898,0.25543044596152137,2881,1115,24220,15681
3,formal_tcn_wgan_gp_seed3,0.1,16,1659,0.05,0.22881829738616943,0.050030138637733576,0.045904874679297415,0.0040951253207025876,0.7128395061728395,0.15553280896455124,0.2553511409870865,2887,1163,24172,15675
3,formal_tcn_wgan_gp_seed3,0.1,17,1659,0.05,0.22957780957221985,0.050030138637733576,0.045391750542727455,0.004608249457272548,0.7151350012385435,0.15553280896455124,0.2554980308863224,2887,1150,24185,15675
3,formal_tcn_wgan_gp_seed3,0.1,18,1659,0.05,0.2342827320098877,0.050030138637733576,0.04231300572330768,0.007686994276692324,0.7284013174562959,0.1548863269044284,0.2554533742058732,2875,1072,24263,15687
3,formal_tcn_wgan_gp_seed3,0.1,19,1659,0.05,0.22665637731552124,0.050030138637733576,0.047365304914150384,0.0026346950858496185,0.706601466992665,0.15569442947958195,0.2551651068338337,2890,1200,24135,15672
3,formal_tcn_wgan_gp_seed3,0.2,0,3318,0.05,0.2356959879398346,0.050030138637733576,0.04179988158673772,0.008200118413262285,0.7306714140386572,0.15477857989440794,0.25544589668356005,2873,1059,24276,15689
3,formal_tcn_wgan_gp_seed3,0.2,1,3318,0.05,0.23637701570987701,0.050030138637733576,0.04116834418788238,0.008831655812117624,0.7334525939177102,0.15461695937937722,0.25539488320355946,2870,1043,24292,15692
3,formal_tcn_wgan_gp_seed3,0.2,2,3318,0.05,0.23238599300384521,0.050030138637733576,0.04326031182159069,0.006739688178409316,0.7243460764587525,0.15515569442947957,0.2555683734137901,2880,1096,24239,15682
3,formal_tcn_wgan_gp_seed3,0.2,3,3318,0.05,0.23093032836914062,0.050030138637733576,0.044207617919873696,0.005792382080126307,0.7202098426180364,0.1553173149445103,0.2555284732993574,2883,1120,24215,15679
3,formal_tcn_wgan_gp_seed3,0.2,4,3318,0.05,0.2342441827058792,0.050030138637733576,0.04235247681073614,0.007647523189263865,0.7282168186423505,0.1548863269044284,0.2554420257663261,2875,1073,24262,15687
3,formal_tcn_wgan_gp_seed3,0.2,5,3318,0.05,0.23351818323135376,0.050030138637733576,0.04270771659759227,0.007292283402407736,0.7266296109146033,0.15494020040943865,0.255417406749556,2876,1082,24253,15686
3,formal_tcn_wgan_gp_seed3,0.2,6,3318,0.05,0.23302727937698364,0.050030138637733576,0.04302348529701993,0.006976514702980073,0.7253024193548387,0.1550479474194591,0.2554815801154017,2878,1090,24245,15684
3,formal_tcn_wgan_gp_seed3,0.2,7,3318,0.05,0.22926859557628632,0.050030138637733576,0.045628577067298205,0.0043714229327017975,0.7140737076428395,0.15553280896455124,0.25543021455430215,2887,1156,24179,15675
3,formal_tcn_wgan_gp_seed3,0.2,8,3318,0.05,0.22990189492702484,0.050030138637733576,0.04483915531872903,0.005160844681270975,0.7175534559920438,0.155478935459541,0.2555791710945803,2886,1136,24199,15676
3,formal_tcn_wgan_gp_seed3,0.2,9,3318,0.05,0.23072853684425354,0.050030138637733576,0.04432603118215907,0.005673968817840935,0.7196704942586121,0.1553173149445103,0.2554945054945055,2883,1123,24212,15679
3,formal_tcn_wgan_gp_seed3,0.2,10,3318,0.05,0.2348172962665558,0.050030138637733576,0.04207617919873693,0.007923820801263075,0.7294416243654822,0.15483245339941817,0.25544396053684115,2874,1066,24269,15688
3,formal_tcn_wgan_gp_seed3,0.2,11,3318,0.05,0.2346726804971695,0.050030138637733576,0.04215512137359384,0.007844878626406163,0.7290715372907154,0.15483245339941817,0.2554212584429435,2874,1068,24267,15688
3,formal_tcn_wgan_gp_seed3,0.2,12,3318,0.05,0.2320997565984726,0.050030138637733576,0.043615551608446816,0.006384448391553187,0.7227797290516809,0.1552095679344898,0.25554372893383004,2881,1105,24230,15681
3,formal_tcn_wgan_gp_seed3,0.2,13,3318,0.05,0.23525860905647278,0.050030138637733576,0.04187882376159463,0.008121176238405373,0.7303684879288437,0.15483245339941817,0.2555007334311241,2874,1061,24274,15688
3,formal_tcn_wgan_gp_seed3,0.2,14,3318,0.05,0.23394563794136047,0.050030138637733576,0.04254983224787843,0.007450167752121574,0.7272957247660005,0.1548863269044284,0.2553852986897624,2875,1078,24257,15687
3,formal_tcn_wgan_gp_seed3,0.2,15,3318,0.05,0.23228739202022552,0.050030138637733576,0.04337872508387606,0.006621274916123944,0.7237999497361146,0.15515569442947957,0.25553435961137483,2880,1099,24236,15682
3,formal_tcn_wgan_gp_seed3,0.2,16,3318,0.05,0.23248903453350067,0.050030138637733576,0.04322084073416223,0.006779159265837775,0.7244589833920483,0.15510182092446934,0.2555023074192403,2879,1095,24240,15683
3,formal_tcn_wgan_gp_seed3,0.2,17,3318,0.05,0.23247434198856354,0.050030138637733576,0.04326031182159069,0.006739688178409316,0.7242767295597484,0.15510182092446934,0.25549097040422414,2879,1096,24239,15683
3,formal_tcn_wgan_gp_seed3,0.2,18,3318,0.05,0.23030558228492737,0.050030138637733576,0.04456285770672982,0.005437142293270185,0.7187344294967614,0.15542506195453076,0.25558114812189936,2885,1129,24206,15677
3,formal_tcn_wgan_gp_seed3,0.2,19,3318,0.05,0.23301218450069427,0.050030138637733576,0.04306295638444839,0.0069370436155516135,0.7251196775006299,0.1550479474194591,0.2554702410012871,2878,1091,24244,15684
3,formal_tcn_wgan_gp_seed3,0.4,0,6636,0.05,0.23069366812705994,0.050030138637733576,0.04432603118215907,0.005673968817840935,0.7196704942586121,0.1553173149445103,0.2554945054945055,2883,1123,24212,15679
3,formal_tcn_wgan_gp_seed3,0.4,1,6636,0.05,0.22986209392547607,0.050030138637733576,0.04491809749358595,0.005081902506414056,0.717196819085487,0.155478935459541,0.2555565394492163,2886,1138,24197,15676
3,formal_tcn_wgan_gp_seed3,0.4,2,6636,0.05,0.23340359330177307,0.050030138637733576,0.04278665877244918,0.0072133412275508235,0.7262626262626263,0.15494020040943865,0.2553947251576237,2876,1084,24251,15686
3,formal_tcn_wgan_gp_seed3,0.4,3,6636,0.05,0.23344667255878448,0.050030138637733576,0.04278665877244918,0.0072133412275508235,0.7262626262626263,0.15494020040943865,0.2553947251576237,2876,1084,24251,15686
3,formal_tcn_wgan_gp_seed3,0.4,4,6636,0.05,0.2322116196155548,0.050030138637733576,0.04341819617130452,0.006581803828695484,0.7236180904522613,0.15515569442947957,0.2555230236891136,2880,1100,24235,15682
3,formal_tcn_wgan_gp_seed3,0.4,5,6636,0.05,0.23549041152000427,0.050030138637733576,0.04183935267416617,0.008160647325833832,0.7304856343757946,0.15477857989440794,0.25543454100911317,2873,1060,24275,15689
3,formal_tcn_wgan_gp_seed3,0.4,6,6636,0.05,0.2329501211643219,0.050030138637733576,0.04310242747187685,0.006897572528123154,0.7249370277078085,0.1550479474194591,0.2554589028936623,2878,1092,24243,15684
3,formal_tcn_wgan_gp_seed3,0.4,7,6636,0.05,0.22916363179683685,0.050030138637733576,0.04578646141701204,0.004213538582987966,0.713367926859402,0.15553280896455124,0.255385023663143,2887,1160,24175,15675
3,formal_tcn_wgan_gp_seed3,0.4,8,6636,0.05,0.23409007489681244,0.050030138637733576,0.0423919478981646,0.007608052101835405,0.7280324132691821,0.1548863269044284,0.2554306783350362,2875,1074,24261,15687
3,formal_tcn_wgan_gp_seed3,0.4,9,6636,0.05,0.23170286417007446,0.050030138637733576,0.04385237813301757,0.006147621866982436,0.7216933867735471,0.1552095679344898,0.2554757470958588,2881,1111,24224,15681
3,formal_tcn_wgan_gp_seed3,0.4,10,6636,0.05,0.2329256236553192,0.050030138637733576,0.04310242747187685,0.006897572528123154,0.7249370277078085,0.1550479474194591,0.2554589028936623,2878,1092,24243,15684
3,formal_tcn_wgan_gp_seed3,0.4,11,6636,0.05,0.23208366334438324,0.050030138637733576,0.043615551608446816,0.006384448391553187,0.7227797290516809,0.1552095679344898,0.25554372893383004,2881,1105,24230,15681
3,formal_tcn_wgan_gp_seed3,0.4,12,6636,0.05,0.23070783913135529,0.050030138637733576,0.04432603118215907,0.005673968817840935,0.7196704942586121,0.1553173149445103,0.2554945054945055,2883,1123,24212,15679
3,formal_tcn_wgan_gp_seed3,0.4,13,6636,0.05,0.23505258560180664,0.050030138637733576,0.04195776593645155,0.008042234063548453,0.7299974599949199,0.15483245339941817,0.25547802124538865,2874,1063,24272,15688
3,formal_tcn_wgan_gp_seed3,0.4,14,6636,0.05,0.23031775653362274,0.050030138637733576,0.04456285770672982,0.005437142293270185,0.7187344294967614,0.15542506195453076,0.25558114812189936,2885,1129,24206,15677
3,formal_tcn_wgan_gp_seed3,0.4,15,6636,0.05,0.2310197949409485,0.050030138637733576,0.044207617919873696,0.005792382080126307,0.7202098426180364,0.1553173149445103,0.2555284732993574,2883,1120,24215,15679
3,formal_tcn_wgan_gp_seed3,0.4,16,6636,0.05,0.23014631867408752,0.050030138637733576,0.04464179988158674,0.005358200118413266,0.7184466019417476,0.155478935459541,0.2556357677487931,2886,1131,24204,15676
3,formal_tcn_wgan_gp_seed3,0.4,17,6636,0.05,0.2342599779367447,0.050030138637733576,0.04231300572330768,0.007686994276692324,0.7284013174562959,0.1548863269044284,0.2554533742058732,2875,1072,24263,15687
3,formal_tcn_wgan_gp_seed3,0.4,18,6636,0.05,0.23329280316829681,0.050030138637733576,0.04290507203473456,0.007094927965265445,0.7257128438051981,0.15494020040943865,0.2553607103218646,2876,1087,24248,15686
3,formal_tcn_wgan_gp_seed3,0.4,19,6636,0.05,0.23250451683998108,0.050030138637733576,0.04322084073416223,0.006779159265837775,0.7244589833920483,0.15510182092446934,0.2555023074192403,2879,1095,24240,15683
3,formal_tcn_wgan_gp_seed3,1.0,0,16591,0.05,0.23243971168994904,0.05002712313905129,0.04326031182159069,0.006739688178409316,0.7242767295597484,0.15510182092446934,0.25549097040422414,2879,1096,24239,15683
3,formal_tcn_wgan_gp_seed3,1.0,1,16591,0.05,0.23243971168994904,0.05002712313905129,0.04326031182159069,0.006739688178409316,0.7242767295597484,0.15510182092446934,0.25549097040422414,2879,1096,24239,15683
3,formal_tcn_wgan_gp_seed3,1.0,2,16591,0.05,0.23243971168994904,0.05002712313905129,0.04326031182159069,0.006739688178409316,0.7242767295597484,0.15510182092446934,0.25549097040422414,2879,1096,24239,15683
3,formal_tcn_wgan_gp_seed3,1.0,3,16591,0.05,0.23243971168994904,0.05002712313905129,0.04326031182159069,0.006739688178409316,0.7242767295597484,0.15510182092446934,0.25549097040422414,2879,1096,24239,15683
3,formal_tcn_wgan_gp_seed3,1.0,4,16591,0.05,0.23243971168994904,0.05002712313905129,0.04326031182159069,0.006739688178409316,0.7242767295597484,0.15510182092446934,0.25549097040422414,2879,1096,24239,15683
3,formal_tcn_wgan_gp_seed3,1.0,5,16591,0.05,0.23243971168994904,0.05002712313905129,0.04326031182159069,0.006739688178409316,0.7242767295597484,0.15510182092446934,0.25549097040422414,2879,1096,24239,15683
3,formal_tcn_wgan_gp_seed3,1.0,6,16591,0.05,0.23243971168994904,0.05002712313905129,0.04326031182159069,0.006739688178409316,0.7242767295597484,0.15510182092446934,0.25549097040422414,2879,1096,24239,15683
3,formal_tcn_wgan_gp_seed3,1.0,7,16591,0.05,0.23243971168994904,0.05002712313905129,0.04326031182159069,0.006739688178409316,0.7242767295597484,0.15510182092446934,0.25549097040422414,2879,1096,24239,15683
3,formal_tcn_wgan_gp_seed3,1.0,8,16591,0.05,0.23243971168994904,0.05002712313905129,0.04326031182159069,0.006739688178409316,0.7242767295597484,0.15510182092446934,0.25549097040422414,2879,1096,24239,15683
3,formal_tcn_wgan_gp_seed3,1.0,9,16591,0.05,0.23243971168994904,0.05002712313905129,0.04326031182159069,0.006739688178409316,0.7242767295597484,0.15510182092446934,0.25549097040422414,2879,1096,24239,15683
3,formal_tcn_wgan_gp_seed3,1.0,10,16591,0.05,0.23243971168994904,0.05002712313905129,0.04326031182159069,0.006739688178409316,0.7242767295597484,0.15510182092446934,0.25549097040422414,2879,1096,24239,15683
3,formal_tcn_wgan_gp_seed3,1.0,11,16591,0.05,0.23243971168994904,0.05002712313905129,0.04326031182159069,0.006739688178409316,0.7242767295597484,0.15510182092446934,0.25549097040422414,2879,1096,24239,15683
3,formal_tcn_wgan_gp_seed3,1.0,12,16591,0.05,0.23243971168994904,0.05002712313905129,0.04326031182159069,0.006739688178409316,0.7242767295597484,0.15510182092446934,0.25549097040422414,2879,1096,24239,15683
3,formal_tcn_wgan_gp_seed3,1.0,13,16591,0.05,0.23243971168994904,0.05002712313905129,0.04326031182159069,0.006739688178409316,0.7242767295597484,0.15510182092446934,0.25549097040422414,2879,1096,24239,15683
3,formal_tcn_wgan_gp_seed3,1.0,14,16591,0.05,0.23243971168994904,0.05002712313905129,0.04326031182159069,0.006739688178409316,0.7242767295597484,0.15510182092446934,0.25549097040422414,2879,1096,24239,15683
3,formal_tcn_wgan_gp_seed3,1.0,15,16591,0.05,0.23243971168994904,0.05002712313905129,0.04326031182159069,0.006739688178409316,0.7242767295597484,0.15510182092446934,0.25549097040422414,2879,1096,24239,15683
3,formal_tcn_wgan_gp_seed3,1.0,16,16591,0.05,0.23243971168994904,0.05002712313905129,0.04326031182159069,0.006739688178409316,0.7242767295597484,0.15510182092446934,0.25549097040422414,2879,1096,24239,15683
3,formal_tcn_wgan_gp_seed3,1.0,17,16591,0.05,0.23243971168994904,0.05002712313905129,0.04326031182159069,0.006739688178409316,0.7242767295597484,0.15510182092446934,0.25549097040422414,2879,1096,24239,15683
3,formal_tcn_wgan_gp_seed3,1.0,18,16591,0.05,0.23243971168994904,0.05002712313905129,0.04326031182159069,0.006739688178409316,0.7242767295597484,0.15510182092446934,0.25549097040422414,2879,1096,24239,15683
3,formal_tcn_wgan_gp_seed3,1.0,19,16591,0.05,0.23243971168994904,0.05002712313905129,0.04326031182159069,0.006739688178409316,0.7242767295597484,0.15510182092446934,0.25549097040422414,2879,1096,24239,15683
3,formal_tcn_wgan_gp_seed3,0.05,0,830,0.1,0.20080995559692383,0.1,0.06295638444839155,0.037043615551608455,0.6538628472222222,0.16232087059584097,0.2600776866637894,3013,1595,23740,15549
3,formal_tcn_wgan_gp_seed3,0.05,1,830,0.1,0.201797753572464,0.1,0.06236431813696467,0.037635681863035335,0.6553228621291448,0.16183600905074885,0.25956968806705266,3004,1580,23755,15558
3,formal_tcn_wgan_gp_seed3,0.05,2,830,0.1,0.2132129669189453,0.1,0.056088415235839746,0.04391158476416026,0.6732582202805243,0.1577416226699709,0.2555977478067304,2928,1421,23914,15634
3,formal_tcn_wgan_gp_seed3,0.05,3,830,0.1,0.20903421938419342,0.1,0.058417209394118805,0.0415827906058812,0.6659142212189616,0.1589268397801961,0.2566109951287404,2950,1480,23855,15612
3,formal_tcn_wgan_gp_seed3,0.05,4,830,0.1,0.20836637914180756,0.1,0.05865403591868956,0.04134596408131044,0.6653906777752758,0.15919620730524728,0.2569230100421684,2955,1486,23849,15607
3,formal_tcn_wgan_gp_seed3,0.05,5,830,0.1,0.20960423350334167,0.1,0.058180382869548054,0.04181961713045195,0.6662893366538375,0.15854972524512445,0.25614691675007617,2943,1474,23861,15619
3,formal_tcn_wgan_gp_seed3,0.05,6,830,0.1,0.21010638773441315,0.1,0.057943556344977304,0.0420564436550227,0.6669691470054446,0.15838810473009374,0.2559860687853723,2940,1468,23867,15622
3,formal_tcn_wgan_gp_seed3,0.05,7,830,0.1,0.2052096724510193,0.1,0.06031182159068482,0.039688178409315183,0.6608965823346649,0.1604352979204827,0.25819316802496967,2978,1528,23807,15584
3,formal_tcn_wgan_gp_seed3,0.05,8,830,0.1,0.21087798476219177,0.1,0.057627787645549634,0.04237221235445037,0.6678798908098271,0.15817261071005279,0.2557714086592909,2936,1460,23875,15626
3,formal_tcn_wgan_gp_seed3,0.05,9,830,0.1,0.21030279994010925,0.1,0.057904085257548844,0.04209591474245116,0.6668180785827844,0.15817261071005279,0.2556934465490965,2936,1467,23868,15626
3,formal_tcn_wgan_gp_seed3,0.05,10,830,0.1,0.20603471994400024,0.1,0.05991711071640023,0.04008288928359977,0.6619153674832963,0.1601120568904213,0.2578518132916884,2972,1518,23817,15590
3,formal_tcn_wgan_gp_seed3,0.05,11,830,0.1,0.2041495144367218,0.1,0.06106177225182554,0.038938227748174466,0.6588754134509371,0.16097403297058507,0.2587349006364463,2988,1547,23788,15574
3,formal_tcn_wgan_gp_seed3,0.05,12,830,0.1,0.20710119605064392,0.1,0.05964081310440102,0.04035918689559898,0.6624218051831993,0.15973494235534963,0.25740081604305926,2965,1511,23824,15597
3,formal_tcn_wgan_gp_seed3,0.05,13,830,0.1,0.20410241186618805,0.1,0.06106177225182554,0.038938227748174466,0.6588754134509371,0.16097403297058507,0.2587349006364463,2988,1547,23788,15574
3,formal_tcn_wgan_gp_seed3,0.05,14,830,0.1,0.21230711042881012,0.1,0.056719952634695085,0.04328004736530492,0.6710917830167086,0.15795711669001186,0.25572369281758317,2932,1437,23898,15630
3,formal_tcn_wgan_gp_seed3,0.05,15,830,0.1,0.2032715529203415,0.1,0.0615748963883955,0.038425103611604505,0.6575943810359964,0.16140502101066695,0.2591919716238429,2996,1560,23775,15566
3,formal_tcn_wgan_gp_seed3,0.05,16,830,0.1,0.1988343745470047,0.1,0.06374580619696073,0.03625419380303928,0.6528374892519346,0.16361383471608662,0.26165245110709057,3037,1615,23720,15525
3,formal_tcn_wgan_gp_seed3,0.05,17,830,0.1,0.20896969735622406,0.1,0.058417209394118805,0.0415827906058812,0.6659142212189616,0.1589268397801961,0.2566109951287404,2950,1480,23855,15612
3,formal_tcn_wgan_gp_seed3,0.05,18,830,0.1,0.20515161752700806,0.1,0.0604302348529702,0.039569765147029805,0.6604568640496784,0.1604352979204827,0.25815959429586927,2978,1531,23804,15584
3,formal_tcn_wgan_gp_seed3,0.05,19,830,0.1,0.20611310005187988,0.1,0.05991711071640023,0.04008288928359977,0.6619153674832963,0.1601120568904213,0.2578518132916884,2972,1518,23817,15590
3,formal_tcn_wgan_gp_seed3,0.1,0,1659,0.1,0.20460402965545654,0.10006027727546715,0.06070653246496941,0.039293467535030595,0.6595838866755201,0.16054304493050317,0.2582322357019064,2980,1538,23797,15582
3,formal_tcn_wgan_gp_seed3,0.1,1,1659,0.1,0.2130860835313797,0.10006027727546715,0.056206828498125125,0.04379317150187488,0.6728692855501953,0.15779549617498115,0.2556404102116518,2929,1424,23911,15633
3,formal_tcn_wgan_gp_seed3,0.1,2,1659,0.1,0.2049379199743271,0.10006027727546715,0.06046970594039866,0.039530294059601345,0.660310421286031,0.1604352979204827,0.2581484049930652,2978,1532,23803,15584
3,formal_tcn_wgan_gp_seed3,0.1,3,1659,0.1,0.20760922133922577,0.10006027727546715,0.05916716005525952,0.04083283994474048,0.6639766868415153,0.15957332184031894,0.2573079094818226,2962,1499,23836,15600
3,formal_tcn_wgan_gp_seed3,0.1,4,1659,0.1,0.20496539771556854,0.10006027727546715,0.06046970594039866,0.039530294059601345,0.660310421286031,0.1604352979204827,0.2581484049930652,2978,1532,23803,15584
3,formal_tcn_wgan_gp_seed3,0.1,5,1659,0.1,0.20697076618671417,0.10006027727546715,0.05964081310440102,0.04035918689559898,0.6624972079517534,0.15978881586035987,0.2574764529710491,2966,1511,23824,15596
3,formal_tcn_wgan_gp_seed3,0.1,6,1659,0.1,0.2068725973367691,0.10006027727546715,0.05968028419182948,0.04031971580817052,0.6625,0.15989656287038034,0.25761652634319937,2968,1512,23823,15594
3,formal_tcn_wgan_gp_seed3,0.1,7,1659,0.1,0.20597350597381592,0.10006027727546715,0.05991711071640023,0.04008288928359977,0.6619153674832963,0.1601120568904213,0.2578518132916884,2972,1518,23817,15590
3,formal_tcn_wgan_gp_seed3,0.1,8,1659,0.1,0.20581549406051636,0.10006027727546715,0.05999605289125715,0.04000394710874285,0.6617712505562973,0.16021980390044177,0.25798056904927136,2974,1520,23815,15588
3,formal_tcn_wgan_gp_seed3,0.1,9,1659,0.1,0.20874305069446564,0.10006027727546715,0.058496151568975724,0.04150384843102428,0.6658399098083427,0.1590884602952268,0.2568161064486672,2953,1482,23853,15609
3,formal_tcn_wgan_gp_seed3,0.1,10,1659,0.1,0.20542629063129425,0.10006027727546715,0.06015393724097099,0.039846062759029015,0.6614837849844514,0.1604352979204827,0.25823794658342003,2978,1524,23811,15584
3,formal_tcn_wgan_gp_seed3,0.1,11,1659,0.1,0.20635569095611572,0.10006027727546715,0.05991711071640023,0.04008288928359977,0.6618400534640232,0.16005818338541106,0.2577762353043252,2971,1518,23817,15591
3,formal_tcn_wgan_gp_seed3,0.1,12,1659,0.1,0.20935410261154175,0.10006027727546715,0.05829879613183343,0.04170120386816657,0.6662901039313149,0.15887296627518585,0.2565686445101792,2949,1477,23858,15613
3,formal_tcn_wgan_gp_seed3,0.1,13,1659,0.1,0.20571261644363403,0.10006027727546715,0.05999605289125715,0.04000394710874285,0.6618464961067854,0.160273677405452,0.25805612178514115,2975,1520,23815,15587
3,formal_tcn_wgan_gp_seed3,0.1,14,1659,0.1,0.20963087677955627,0.10006027727546715,0.058180382869548054,0.04181961713045195,0.6662893366538375,0.15854972524512445,0.25614691675007617,2943,1474,23861,15619
3,formal_tcn_wgan_gp_seed3,0.1,15,1659,0.1,0.20736438035964966,0.10006027727546715,0.05940398657983027,0.04059601342016973,0.6631602506714414,0.15962719534532915,0.257316543638732,2963,1505,23830,15599
3,formal_tcn_wgan_gp_seed3,0.1,16,1659,0.1,0.20331285893917084,0.10006027727546715,0.0615748963883955,0.038425103611604505,0.6575943810359964,0.16140502101066695,0.2591919716238429,2996,1560,23775,15566
3,formal_tcn_wgan_gp_seed3,0.1,17,1659,0.1,0.2031211405992508,0.10006027727546715,0.06169330965068088,0.03830669034931913,0.6572368421052631,0.1614588945156772,0.2592336303087968,2997,1563,23772,15565
3,formal_tcn_wgan_gp_seed3,0.1,18,1659,0.1,0.20835085213184357,0.10006027727546715,0.05865403591868956,0.04134596408131044,0.6653906777752758,0.15919620730524728,0.2569230100421684,2955,1486,23849,15607
3,formal_tcn_wgan_gp_seed3,0.1,19,1659,0.1,0.2028820961713791,0.10006027727546715,0.06177225182553779,0.038227748174462214,0.6570238877931186,0.16151276802068742,0.2592864864864865,2998,1565,23770,15564
3,formal_tcn_wgan_gp_seed3,0.2,0,3318,0.1,0.2065296769142151,0.10006027727546715,0.05983816854154332,0.040161831458456684,0.6619843924191751,0.15995043637539058,0.25764741614960734,2969,1516,23819,15593
3,formal_tcn_wgan_gp_seed3,0.2,1,3318,0.1,0.20989331603050232,0.10006027727546715,0.058140911782119595,0.04185908821788041,0.6662890801993656,0.15844197823510398,0.25600626740947074,2941,1473,23862,15621
3,formal_tcn_wgan_gp_seed3,0.2,2,3318,0.1,0.20621135830879211,0.10006027727546715,0.05991711071640023,0.04008288928359977,0.6619153674832963,0.1601120568904213,0.2578518132916884,2972,1518,23817,15590
3,formal_tcn_wgan_gp_seed3,0.2,3,3318,0.1,0.2046780288219452,0.10006027727546715,0.06054864811525557,0.03945135188474443,0.6601683650863979,0.16054304493050317,0.2582769977465765,2980,1534,23801,15582
3,formal_tcn_wgan_gp_seed3,0.2,4,3318,0.1,0.2088218629360199,0.10006027727546715,0.058496151568975724,0.04150384843102428,0.6658399098083427,0.1590884602952268,0.2568161064486672,2953,1482,23853,15609
3,formal_tcn_wgan_gp_seed3,0.2,5,3318,0.1,0.20674222707748413,0.10006027727546715,0.0597592263666864,0.0402407736333136,0.6622797233995092,0.15995043637539058,0.2576697765241918,2969,1514,23821,15593
3,formal_tcn_wgan_gp_seed3,0.2,6,3318,0.1,0.20502999424934387,0.10006027727546715,0.0604302348529702,0.039569765147029805,0.6604568640496784,0.1604352979204827,0.25815959429586927,2978,1531,23804,15584
3,formal_tcn_wgan_gp_seed3,0.2,7,3318,0.1,0.20716294646263123,0.10006027727546715,0.05964081310440102,0.04035918689559898,0.6623463687150838,0.1596810688503394,0.2573251725485089,2964,1511,23824,15598
3,formal_tcn_wgan_gp_seed3,0.2,8,3318,0.1,0.20597755908966064,0.10006027727546715,0.05991711071640023,0.04008288928359977,0.6619153674832963,0.1601120568904213,0.2578518132916884,2972,1518,23817,15590
3,formal_tcn_wgan_gp_seed3,0.2,9,3318,0.1,0.20513062179088593,0.10006027727546715,0.0604302348529702,0.039569765147029805,0.6604568640496784,0.1604352979204827,0.25815959429586927,2978,1531,23804,15584
3,formal_tcn_wgan_gp_seed3,0.2,10,3318,0.1,0.20832982659339905,0.10006027727546715,0.05865403591868956,0.04134596408131044,0.6654660063034669,0.15925008081025752,0.2569987828203791,2956,1486,23849,15606
3,formal_tcn_wgan_gp_seed3,0.2,11,3318,0.1,0.20760144293308258,0.10006027727546715,0.05920663114268798,0.04079336885731202,0.6638278798744958,0.15957332184031894,0.25729673384294655,2962,1500,23835,15600
3,formal_tcn_wgan_gp_seed3,0.2,12,3318,0.1,0.2061242163181305,0.10006027727546715,0.05991711071640023,0.04008288928359977,0.6619153674832963,0.1601120568904213,0.2578518132916884,2972,1518,23817,15590
3,formal_tcn_wgan_gp_seed3,0.2,13,3318,0.1,0.2083207368850708,0.10006027727546715,0.05869350700611802,0.041306492993881984,0.6653162277740265,0.15925008081025752,0.25698761138882853,2956,1487,23848,15606
3,formal_tcn_wgan_gp_seed3,0.2,14,3318,0.1,0.20963726937770844,0.10006027727546715,0.058180382869548054,0.04181961713045195,0.6662893366538375,0.15854972524512445,0.25614691675007617,2943,1474,23861,15619
3,formal_tcn_wgan_gp_seed3,0.2,15,3318,0.1,0.20422883331775665,0.10006027727546715,0.0609038879021117,0.039096112097888304,0.65945707349371,0.16097403297058507,0.2587797167972979,2988,1543,23792,15574
3,formal_tcn_wgan_gp_seed3,0.2,16,3318,0.1,0.20986367762088776,0.10006027727546715,0.058140911782119595,0.04185908821788041,0.6662890801993656,0.15844197823510398,0.25600626740947074,2941,1473,23862,15621
3,formal_tcn_wgan_gp_seed3,0.2,17,3318,0.1,0.20837584137916565,0.10006027727546715,0.05865403591868956,0.04134596408131044,0.6653906777752758,0.15919620730524728,0.2569230100421684,2955,1486,23849,15607
3,formal_tcn_wgan_gp_seed3,0.2,18,3318,0.1,0.20553536713123322,0.10006027727546715,0.06015393724097099,0.039846062759029015,0.6614837849844514,0.1604352979204827,0.25823794658342003,2978,1524,23811,15584
3,formal_tcn_wgan_gp_seed3,0.2,19,3318,0.1,0.20785114169120789,0.10006027727546715,0.05893033353068877,0.04106966646931123,0.6648709315375982,0.15957332184031894,0.25737498370769435,2962,1493,23842,15600
3,formal_tcn_wgan_gp_seed3,0.4,0,6636,0.1,0.20519334077835083,0.10006027727546715,0.06031182159068482,0.039688178409315183,0.6608965823346649,0.1604352979204827,0.25819316802496967,2978,1528,23807,15584
3,formal_tcn_wgan_gp_seed3,0.4,1,6636,0.1,0.20468464493751526,0.10006027727546715,0.06054864811525557,0.03945135188474443,0.6601683650863979,0.16054304493050317,0.2582769977465765,2980,1534,23801,15582
3,formal_tcn_wgan_gp_seed3,0.4,2,6636,0.1,0.20636847615242004,0.10006027727546715,0.05991711071640023,0.04008288928359977,0.6618400534640232,0.16005818338541106,0.2577762353043252,2971,1518,23817,15591
3,formal_tcn_wgan_gp_seed3,0.4,3,6636,0.1,0.20752903819084167,0.10006027727546715,0.05924610223011644,0.040753897769883564,0.6636791395922026,0.15957332184031894,0.25728555917481,2962,1501,23834,15600
3,formal_tcn_wgan_gp_seed3,0.4,4,6636,0.1,0.2061801254749298,0.10006027727546715,0.05991711071640023,0.04008288928359977,0.6619153674832963,0.1601120568904213,0.2578518132916884,2972,1518,23817,15590
3,formal_tcn_wgan_gp_seed3,0.4,5,6636,0.1,0.20821413397789001,0.10006027727546715,0.058732978093546474,0.04126702190645353,0.6652418447694038,0.15930395431526775,0.2570522015038901,2957,1488,23847,15605
3,formal_tcn_wgan_gp_seed3,0.4,6,6636,0.1,0.20600919425487518,0.10006027727546715,0.05991711071640023,0.04008288928359977,0.6619153674832963,0.1601120568904213,0.2578518132916884,2972,1518,23817,15590
3,formal_tcn_wgan_gp_seed3,0.4,7,6636,0.1,0.20427653193473816,0.10006027727546715,0.06086441681468324,0.039135583185316763,0.6595274895120335,0.16092015946557484,0.25871551686804384,2987,1542,23793,15575
3,formal_tcn_wgan_gp_seed3,0.4,8,6636,0.1,0.20715980231761932,0.10006027727546715,0.05964081310440102,0.04035918689559898,0.6623463687150838,0.1596810688503394,0.2573251725485089,2964,1511,23824,15598
3,formal_tcn_wgan_gp_seed3,0.4,9,6636,0.1,0.20613420009613037,0.10006027727546715,0.05991711071640023,0.04008288928359977,0.6619153674832963,0.1601120568904213,0.2578518132916884,2972,1518,23817,15590
3,formal_tcn_wgan_gp_seed3,0.4,10,6636,0.1,0.20515654981136322,0.10006027727546715,0.0604302348529702,0.039569765147029805,0.6604568640496784,0.1604352979204827,0.25815959429586927,2978,1531,23804,15584
3,formal_tcn_wgan_gp_seed3,0.4,11,6636,0.1,0.20568132400512695,0.10006027727546715,0.05999605289125715,0.04000394710874285,0.6618464961067854,0.160273677405452,0.25805612178514115,2975,1520,23815,15587
3,formal_tcn_wgan_gp_seed3,0.4,12,6636,0.1,0.20468387007713318,0.10006027727546715,0.06054864811525557,0.03945135188474443,0.6601683650863979,0.16054304493050317,0.2582769977465765,2980,1534,23801,15582
3,formal_tcn_wgan_gp_seed3,0.4,13,6636,0.1,0.20786823332309723,0.10006027727546715,0.05893033353068877,0.04106966646931123,0.6648709315375982,0.15957332184031894,0.25737498370769435,2962,1493,23842,15600
3,formal_tcn_wgan_gp_seed3,0.4,14,6636,0.1,0.2057153880596161,0.10006027727546715,0.05999605289125715,0.04000394710874285,0.6618464961067854,0.160273677405452,0.25805612178514115,2975,1520,23815,15587
3,formal_tcn_wgan_gp_seed3,0.4,15,6636,0.1,0.20447809994220734,0.10006027727546715,0.06074600355239787,0.039253996447602135,0.6597391112093743,0.16075853895054412,0.2585228503357158,2984,1539,23796,15578
3,formal_tcn_wgan_gp_seed3,0.4,16,6636,0.1,0.20577611029148102,0.10006027727546715,0.05999605289125715,0.04000394710874285,0.6617712505562973,0.16021980390044177,0.25798056904927136,2974,1520,23815,15588
3,formal_tcn_wgan_gp_seed3,0.4,17,6636,0.1,0.20813745260238647,0.10006027727546715,0.058732978093546474,0.04126702190645353,0.665392399370362,0.15941170132528823,0.2572037028988656,2959,1488,23847,15603
3,formal_tcn_wgan_gp_seed3,0.4,18,6636,0.1,0.20708300173282623,0.10006027727546715,0.05964081310440102,0.04035918689559898,0.6624218051831993,0.15973494235534963,0.25740081604305926,2965,1511,23824,15597
3,formal_tcn_wgan_gp_seed3,0.4,19,6636,0.1,0.20541250705718994,0.10006027727546715,0.06015393724097099,0.039846062759029015,0.6614837849844514,0.1604352979204827,0.25823794658342003,2978,1524,23811,15584
3,formal_tcn_wgan_gp_seed3,1.0,0,16591,0.1,0.20632201433181763,0.09999397263576638,0.05991711071640023,0.04008288928359977,0.6618400534640232,0.16005818338541106,0.2577762353043252,2971,1518,23817,15591
3,formal_tcn_wgan_gp_seed3,1.0,1,16591,0.1,0.20632201433181763,0.09999397263576638,0.05991711071640023,0.04008288928359977,0.6618400534640232,0.16005818338541106,0.2577762353043252,2971,1518,23817,15591
3,formal_tcn_wgan_gp_seed3,1.0,2,16591,0.1,0.20632201433181763,0.09999397263576638,0.05991711071640023,0.04008288928359977,0.6618400534640232,0.16005818338541106,0.2577762353043252,2971,1518,23817,15591
3,formal_tcn_wgan_gp_seed3,1.0,3,16591,0.1,0.20632201433181763,0.09999397263576638,0.05991711071640023,0.04008288928359977,0.6618400534640232,0.16005818338541106,0.2577762353043252,2971,1518,23817,15591
3,formal_tcn_wgan_gp_seed3,1.0,4,16591,0.1,0.20632201433181763,0.09999397263576638,0.05991711071640023,0.04008288928359977,0.6618400534640232,0.16005818338541106,0.2577762353043252,2971,1518,23817,15591
3,formal_tcn_wgan_gp_seed3,1.0,5,16591,0.1,0.20632201433181763,0.09999397263576638,0.05991711071640023,0.04008288928359977,0.6618400534640232,0.16005818338541106,0.2577762353043252,2971,1518,23817,15591
3,formal_tcn_wgan_gp_seed3,1.0,6,16591,0.1,0.20632201433181763,0.09999397263576638,0.05991711071640023,0.04008288928359977,0.6618400534640232,0.16005818338541106,0.2577762353043252,2971,1518,23817,15591
3,formal_tcn_wgan_gp_seed3,1.0,7,16591,0.1,0.20632201433181763,0.09999397263576638,0.05991711071640023,0.04008288928359977,0.6618400534640232,0.16005818338541106,0.2577762353043252,2971,1518,23817,15591
3,formal_tcn_wgan_gp_seed3,1.0,8,16591,0.1,0.20632201433181763,0.09999397263576638,0.05991711071640023,0.04008288928359977,0.6618400534640232,0.16005818338541106,0.2577762353043252,2971,1518,23817,15591
3,formal_tcn_wgan_gp_seed3,1.0,9,16591,0.1,0.20632201433181763,0.09999397263576638,0.05991711071640023,0.04008288928359977,0.6618400534640232,0.16005818338541106,0.2577762353043252,2971,1518,23817,15591
3,formal_tcn_wgan_gp_seed3,1.0,10,16591,0.1,0.20632201433181763,0.09999397263576638,0.05991711071640023,0.04008288928359977,0.6618400534640232,0.16005818338541106,0.2577762353043252,2971,1518,23817,15591
3,formal_tcn_wgan_gp_seed3,1.0,11,16591,0.1,0.20632201433181763,0.09999397263576638,0.05991711071640023,0.04008288928359977,0.6618400534640232,0.16005818338541106,0.2577762353043252,2971,1518,23817,15591
3,formal_tcn_wgan_gp_seed3,1.0,12,16591,0.1,0.20632201433181763,0.09999397263576638,0.05991711071640023,0.04008288928359977,0.6618400534640232,0.16005818338541106,0.2577762353043252,2971,1518,23817,15591
3,formal_tcn_wgan_gp_seed3,1.0,13,16591,0.1,0.20632201433181763,0.09999397263576638,0.05991711071640023,0.04008288928359977,0.6618400534640232,0.16005818338541106,0.2577762353043252,2971,1518,23817,15591
3,formal_tcn_wgan_gp_seed3,1.0,14,16591,0.1,0.20632201433181763,0.09999397263576638,0.05991711071640023,0.04008288928359977,0.6618400534640232,0.16005818338541106,0.2577762353043252,2971,1518,23817,15591
3,formal_tcn_wgan_gp_seed3,1.0,15,16591,0.1,0.20632201433181763,0.09999397263576638,0.05991711071640023,0.04008288928359977,0.6618400534640232,0.16005818338541106,0.2577762353043252,2971,1518,23817,15591
3,formal_tcn_wgan_gp_seed3,1.0,16,16591,0.1,0.20632201433181763,0.09999397263576638,0.05991711071640023,0.04008288928359977,0.6618400534640232,0.16005818338541106,0.2577762353043252,2971,1518,23817,15591
3,formal_tcn_wgan_gp_seed3,1.0,17,16591,0.1,0.20632201433181763,0.09999397263576638,0.05991711071640023,0.04008288928359977,0.6618400534640232,0.16005818338541106,0.2577762353043252,2971,1518,23817,15591
3,formal_tcn_wgan_gp_seed3,1.0,18,16591,0.1,0.20632201433181763,0.09999397263576638,0.05991711071640023,0.04008288928359977,0.6618400534640232,0.16005818338541106,0.2577762353043252,2971,1518,23817,15591
3,formal_tcn_wgan_gp_seed3,1.0,19,16591,0.1,0.20632201433181763,0.09999397263576638,0.05991711071640023,0.04008288928359977,0.6618400534640232,0.16005818338541106,0.2577762353043252,2971,1518,23817,15591
3,formal_tcn_wgan_gp_seed3,0.05,0,830,0.15,0.18719646334648132,0.15060240963855423,0.0699822380106572,0.0800177619893428,0.6561954624781849,0.1823079409546385,0.28534086597242714,3384,1773,23562,15178
3,formal_tcn_wgan_gp_seed3,0.05,1,830,0.15,0.18778406083583832,0.15060240963855423,0.06974541148608644,0.08025458851391355,0.655152224824356,0.18085335631936214,0.2834585831292747,3357,1767,23568,15205
3,formal_tcn_wgan_gp_seed3,0.05,2,830,0.15,0.19255322217941284,0.15060240963855423,0.06745608841523584,0.08254391158476415,0.6496514965149651,0.17072513737743777,0.27039249146757677,3169,1709,23626,15393
3,formal_tcn_wgan_gp_seed3,0.05,3,830,0.15,0.1949525773525238,0.15060240963855423,0.06611407144266825,0.08388592855733175,0.6500940045957803,0.16765434759185432,0.26656387853869545,3112,1675,23660,15450
3,formal_tcn_wgan_gp_seed3,0.05,4,830,0.15,0.19175739586353302,0.15060240963855423,0.06769291493980659,0.08230708506019341,0.6503567787971458,0.17185648098265274,0.2718711381940598,3190,1715,23620,15372
3,formal_tcn_wgan_gp_seed3,0.05,5,830,0.15,0.1933976709842682,0.15060240963855423,0.06690349319123742,0.08309650680876257,0.6499380421313506,0.1695399202672126,0.2689283883096906,3147,1695,23640,15415
3,formal_tcn_wgan_gp_seed3,0.05,6,830,0.15,0.19867119193077087,0.15060240963855423,0.06374580619696073,0.08625419380303927,0.6532102211724286,0.1638832022411378,0.26202678840604676,3042,1615,23720,15520
3,formal_tcn_wgan_gp_seed3,0.05,7,830,0.15,0.19348245859146118,0.15060240963855423,0.06686402210380896,0.08313597789619104,0.6500722991117538,0.1695399202672126,0.2689398795026279,3147,1694,23641,15415
3,formal_tcn_wgan_gp_seed3,0.05,8,830,0.15,0.19285441935062408,0.15060240963855423,0.06737714624037892,0.08262285375962107,0.6492705979042531,0.17024027583234566,0.2697511630884801,3160,1707,23628,15402
3,formal_tcn_wgan_gp_seed3,0.05,9,830,0.15,0.19406326115131378,0.15060240963855423,0.06662719557923821,0.08337280442076178,0.6496471564964715,0.16862407068203858,0.2677502138579983,3130,1688,23647,15432
3,formal_tcn_wgan_gp_seed3,0.05,10,830,0.15,0.19394615292549133,0.15060240963855423,0.06666666666666667,0.08333333333333333,0.6497304023226876,0.1687856911970693,0.2679609989736572,3133,1689,23646,15429
3,formal_tcn_wgan_gp_seed3,0.05,11,830,0.15,0.19355860352516174,0.15060240963855423,0.0668245510163805,0.08317544898361949,0.6501343252738169,0.16948604676220236,0.2688773984017777,3146,1693,23642,15416
3,formal_tcn_wgan_gp_seed3,0.05,12,830,0.15,0.1955927014350891,0.15060240963855423,0.06571936056838366,0.08428063943161633,0.6505037783375315,0.16695399202672126,0.2657120809397239,3099,1665,23670,15463
3,formal_tcn_wgan_gp_seed3,0.05,13,830,0.15,0.1907278299331665,0.15060240963855423,0.06820603907637655,0.08179396092362344,0.6516129032258065,0.17411916819308265,0.27480656406768134,3232,1728,23607,15330
3,formal_tcn_wgan_gp_seed3,0.05,14,830,0.15,0.19348351657390594,0.15060240963855423,0.06686402210380896,0.08313597789619104,0.6500722991117538,0.1695399202672126,0.2689398795026279,3147,1694,23641,15415
3,formal_tcn_wgan_gp_seed3,0.05,15,830,0.15,0.1947777420282364,0.15060240963855423,0.06623248470495362,0.08376751529504638,0.6498330550918197,0.1677620946018748,0.26667808512460395,3114,1678,23657,15448
3,formal_tcn_wgan_gp_seed3,0.05,16,830,0.15,0.185635045170784,0.15060240963855423,0.07065324649694099,0.079346753503059,0.659112549990478,0.1864562008404267,0.29068156049216815,3461,1790,23545,15101
3,formal_tcn_wgan_gp_seed3,0.05,17,830,0.15,0.19250082969665527,0.15060240963855423,0.06745608841523584,0.08254391158476415,0.6496514965149651,0.17072513737743777,0.27039249146757677,3169,1709,23626,15393
3,formal_tcn_wgan_gp_seed3,0.05,18,830,0.15,0.18966403603553772,0.15060240963855423,0.06887704756266035,0.08112295243733965,0.6517661145479944,0.17595086736343066,0.27709667840325797,3266,1745,23590,15296
3,formal_tcn_wgan_gp_seed3,0.05,19,830,0.15,0.1913549304008484,0.15060240963855423,0.0677718571146635,0.08222814288533649,0.6514413317092976,0.1728800775778472,0.27324591280653954,3209,1717,23618,15353
3,formal_tcn_wgan_gp_seed3,0.1,0,1659,0.15,0.1924848109483719,0.15009041591320071,0.06745608841523584,0.08254391158476415,0.6496514965149651,0.17072513737743777,0.27039249146757677,3169,1709,23626,15393
3,formal_tcn_wgan_gp_seed3,0.1,1,1659,0.15,0.19621127843856812,0.15009041591320071,0.06524570751924215,0.08475429248075785,0.6514129059468579,0.1664152569766189,0.2651047030552695,3089,1653,23682,15473
3,formal_tcn_wgan_gp_seed3,0.1,2,1659,0.15,0.1913222372531891,0.15009041591320071,0.0677718571146635,0.08222814288533649,0.6516534794075878,0.17304169809287792,0.27346643395342896,3212,1717,23618,15350
3,formal_tcn_wgan_gp_seed3,0.1,3,1659,0.15,0.19386598467826843,0.15009041591320071,0.06670613775409513,0.08329386224590486,0.6498135101533361,0.16894731171209998,0.2681717119890542,3136,1690,23645,15426
3,formal_tcn_wgan_gp_seed3,0.1,4,1659,0.15,0.19193091988563538,0.15009041591320071,0.06769291493980659,0.08230708506019341,0.6497140522875817,0.1713716194375606,0.2712081166339841,3181,1715,23620,15381
3,formal_tcn_wgan_gp_seed3,0.1,5,1659,0.15,0.1939016729593277,0.15009041591320071,0.06670613775409513,0.08329386224590486,0.6496683250414593,0.16883956470207953,0.2680236038655606,3134,1690,23645,15428
3,formal_tcn_wgan_gp_seed3,0.1,6,1659,0.15,0.19104385375976562,0.15009041591320071,0.06789027037694889,0.0821097296230511,0.6521035598705501,0.17368818015300075,0.2743129413766698,3224,1720,23615,15338
3,formal_tcn_wgan_gp_seed3,0.1,7,1659,0.15,0.1939082145690918,0.15009041591320071,0.06670613775409513,0.08329386224590486,0.6496683250414593,0.16883956470207953,0.2680236038655606,3134,1690,23645,15428
3,formal_tcn_wgan_gp_seed3,0.1,8,1659,0.15,0.1922224760055542,0.15009041591320071,0.06761397276494967,0.08238602723505033,0.6495499181669394,0.1710483784074992,0.27078891257995735,3175,1713,23622,15387
3,formal_tcn_wgan_gp_seed3,0.1,9,1659,0.15,0.19497233629226685,0.15009041591320071,0.06611407144266825,0.08388592855733175,0.6500940045957803,0.16765434759185432,0.26656387853869545,3112,1675,23660,15450
3,formal_tcn_wgan_gp_seed3,0.1,10,1659,0.15,0.19005396962165833,0.15009041591320071,0.06856127886323268,0.08143872113676731,0.6522522522522523,0.17551987932334878,0.27660567984038714,3258,1737,23598,15304
3,formal_tcn_wgan_gp_seed3,0.1,11,1659,0.15,0.19292084872722626,0.15009041591320071,0.067298204065522,0.08270179593447799,0.6493933785728974,0.17013252882232519,0.2696264674493063,3158,1705,23630,15404
3,formal_tcn_wgan_gp_seed3,0.1,12,1659,0.15,0.19545304775238037,0.15009041591320071,0.06583777383066904,0.08416222616933096,0.650314465408805,0.16711561254175197,0.26590090862334986,3102,1668,23667,15460
3,formal_tcn_wgan_gp_seed3,0.1,13,1659,0.15,0.19210366904735565,0.15009041591320071,0.06761397276494967,0.08238602723505033,0.6496932515337424,0.17115612541751965,0.2709363806924782,3177,1713,23622,15385
3,formal_tcn_wgan_gp_seed3,0.1,14,1659,0.15,0.19296051561832428,0.15009041591320071,0.06725873297809355,0.08274126702190644,0.6494548446821642,0.17007865531731495,0.2695641036587969,3157,1704,23631,15405
3,formal_tcn_wgan_gp_seed3,0.1,15,1659,0.15,0.19409294426441193,0.15009041591320071,0.06662719557923821,0.08337280442076178,0.6495016611295681,0.1685163236720181,0.2676020189922149,3128,1688,23647,15434
3,formal_tcn_wgan_gp_seed3,0.1,16,1659,0.15,0.19027404487133026,0.15009041591320071,0.06848233668837576,0.08151766331162423,0.6518860353130016,0.17503501777825664,0.27597044083920835,3249,1735,23600,15313
3,formal_tcn_wgan_gp_seed3,0.1,17,1659,0.15,0.1925675868988037,0.15009041591320071,0.06745608841523584,0.08254391158476415,0.6496514965149651,0.17072513737743777,0.27039249146757677,3169,1709,23626,15393
3,formal_tcn_wgan_gp_seed3,0.1,18,1659,0.15,0.19303371012210846,0.15009041591320071,0.06717979080323663,0.08282020919676336,0.6495779287626107,0.16997090830729447,0.26943934412229387,3155,1702,23633,15407
3,formal_tcn_wgan_gp_seed3,0.1,19,1659,0.15,0.1883985698223114,0.15009041591320071,0.06942964278665877,0.08057035721334123,0.6541486433346442,0.17923715116905506,0.2813768606224628,3327,1759,23576,15235
3,formal_tcn_wgan_gp_seed3,0.2,0,3318,0.15,0.1915910691022873,0.15009041591320071,0.06773238602723505,0.08226761397276494,0.6507936507936508,0.17228746902273462,0.2724484579996592,3198,1716,23619,15364
3,formal_tcn_wgan_gp_seed3,0.2,1,3318,0.15,0.19488288462162018,0.15009041591320071,0.06611407144266825,0.08388592855733175,0.6501670843776107,0.16770822109686456,0.26663811563169165,3113,1675,23660,15449
3,formal_tcn_wgan_gp_seed3,0.2,2,3318,0.15,0.19208171963691711,0.15009041591320071,0.06761397276494967,0.08238602723505033,0.6497648742588428,0.1712099989225299,0.271010105317017,3178,1713,23622,15384
3,formal_tcn_wgan_gp_seed3,0.2,3,3318,0.15,0.18996472656726837,0.15009041591320071,0.06860074995066114,0.08139925004933886,0.6522609043617447,0.17562762633336926,0.2767402376910017,3260,1738,23597,15302
3,formal_tcn_wgan_gp_seed3,0.2,4,3318,0.15,0.19306179881095886,0.15009041591320071,0.06717979080323663,0.08282020919676336,0.649505766062603,0.16991703480228423,0.26936544538389273,3154,1702,23633,15408
3,formal_tcn_wgan_gp_seed3,0.2,5,3318,0.15,0.1923430860042572,0.15009041591320071,0.06757450167752121,0.08242549832247878,0.6494676494676495,0.1708867578924685,0.270579203275612,3172,1712,23623,15390
3,formal_tcn_wgan_gp_seed3,0.2,6,3318,0.15,0.19177846610546112,0.15009041591320071,0.06769291493980659,0.08230708506019341,0.6502141545992249,0.17174873397263227,0.27172384402301303,3188,1715,23620,15374
3,formal_tcn_wgan_gp_seed3,0.2,7,3318,0.15,0.19304248690605164,0.15009041591320071,0.06717979080323663,0.08282020919676336,0.6495779287626107,0.16997090830729447,0.26943934412229387,3155,1702,23633,15407
3,formal_tcn_wgan_gp_seed3,0.2,8,3318,0.15,0.19278809428215027,0.15009041591320071,0.06737714624037892,0.08262285375962107,0.649342645850452,0.1702941493373559,0.26982501067008113,3161,1707,23628,15401
3,formal_tcn_wgan_gp_seed3,0.2,9,3318,0.15,0.19137778878211975,0.15009041591320071,0.0677718571146635,0.08222814288533649,0.6513705583756345,0.17282620407283697,0.2731723932388129,3208,1717,23618,15354
3,formal_tcn_wgan_gp_seed3,0.2,10,3318,0.15,0.19481223821640015,0.15009041591320071,0.06619301361752516,0.08380698638247483,0.6499686912961803,0.1677620946018748,0.2666895045604419,3114,1677,23658,15448
3,formal_tcn_wgan_gp_seed3,0.2,11,3318,0.15,0.19376729428768158,0.15009041591320071,0.06674560884152358,0.08325439115847641,0.6498239801201077,0.16905505872212045,0.26830832371424906,3138,1691,23644,15424
3,formal_tcn_wgan_gp_seed3,0.2,12,3318,0.15,0.1918790340423584,0.15009041591320071,0.06769291493980659,0.08230708506019341,0.6501427988576092,0.17169486046762203,0.27165018752130926,3187,1715,23620,15375
3,formal_tcn_wgan_gp_seed3,0.2,13,3318,0.15,0.19455794990062714,0.15009041591320071,0.066350897967239,0.08364910203276099,0.6497916666666667,0.168031462126926,0.267014810375824,3119,1681,23654,15443
3,formal_tcn_wgan_gp_seed3,0.2,14,3318,0.15,0.19331805408000946,0.15009041591320071,0.06698243536609434,0.08301756463390565,0.6498865277491231,0.16970154078224328,0.2691272587466359,3150,1697,23638,15412
3,formal_tcn_wgan_gp_seed3,0.2,15,3318,0.15,0.1920524388551712,0.15009041591320071,0.06765344385237813,0.08234655614762186,0.6496320523303353,0.1712099989225299,0.2709985503538842,3178,1714,23621,15384
3,formal_tcn_wgan_gp_seed3,0.2,16,3318,0.15,0.1939234584569931,0.15009041591320071,0.06670613775409513,0.08329386224590486,0.6496683250414593,0.16883956470207953,0.2680236038655606,3134,1690,23645,15428
3,formal_tcn_wgan_gp_seed3,0.2,17,3318,0.15,0.1930341273546219,0.15009041591320071,0.06717979080323663,0.08282020919676336,0.6495779287626107,0.16997090830729447,0.26943934412229387,3155,1702,23633,15407
3,formal_tcn_wgan_gp_seed3,0.2,18,3318,0.15,0.1922958344221115,0.15009041591320071,0.06757450167752121,0.08242549832247878,0.6496111338518216,0.17099450490248896,0.27072671443193447,3174,1712,23623,15388
3,formal_tcn_wgan_gp_seed3,0.2,19,3318,0.15,0.19308635592460632,0.15009041591320071,0.06717979080323663,0.08282020919676336,0.649505766062603,0.16991703480228423,0.26936544538389273,3154,1702,23633,15408
3,formal_tcn_wgan_gp_seed3,0.4,0,6636,0.15,0.1913798451423645,0.15009041591320071,0.0677718571146635,0.08222814288533649,0.6513705583756345,0.17282620407283697,0.2731723932388129,3208,1717,23618,15354
3,formal_tcn_wgan_gp_seed3,0.4,1,6636,0.15,0.1913052797317505,0.15009041591320071,0.06781132820209197,0.08218867179790802,0.6515212981744422,0.17304169809287792,0.27345479312106247,3212,1718,23617,15350
3,formal_tcn_wgan_gp_seed3,0.4,2,6636,0.15,0.19270969927310944,0.15009041591320071,0.06745608841523584,0.08254391158476415,0.6492200328407225,0.17040189634737635,0.26994964581377484,3163,1709,23626,15399
3,formal_tcn_wgan_gp_seed3,0.4,3,6636,0.15,0.19313326478004456,0.15009041591320071,0.06714031971580817,0.08285968028419183,0.6496395468589083,0.16991703480228423,0.2693769483708417,3154,1701,23634,15408
3,formal_tcn_wgan_gp_seed3,0.4,4,6636,0.15,0.1929980218410492,0.15009041591320071,0.06725873297809355,0.08274126702190644,0.6493827160493827,0.1700247818123047,0.2694902228673896,3156,1704,23631,15406
3,formal_tcn_wgan_gp_seed3,0.4,5,6636,0.15,0.19306254386901855,0.15009041591320071,0.06717979080323663,0.08282020919676336,0.649505766062603,0.16991703480228423,0.26936544538389273,3154,1702,23633,15408
3,formal_tcn_wgan_gp_seed3,0.4,6,6636,0.15,0.19238340854644775,0.15009041591320071,0.06757450167752121,0.08242549832247878,0.6493958631988531,0.17083288438745825,0.27050543825975687,3171,1712,23623,15391
3,formal_tcn_wgan_gp_seed3,0.4,7,6636,0.15,0.1917550265789032,0.15009041591320071,0.06769291493980659,0.08230708506019341,0.6503567787971458,0.17185648098265274,0.2718711381940598,3190,1715,23620,15372
3,formal_tcn_wgan_gp_seed3,0.4,8,6636,0.15,0.19268809258937836,0.15009041591320071,0.06745608841523584,0.08254391158476415,0.6492200328407225,0.17040189634737635,0.26994964581377484,3163,1709,23626,15399
3,formal_tcn_wgan_gp_seed3,0.4,9,6636,0.15,0.1919449269771576,0.15009041591320071,0.06769291493980659,0.08230708506019341,0.6497140522875817,0.1713716194375606,0.2712081166339841,3181,1715,23620,15381
3,formal_tcn_wgan_gp_seed3,0.4,10,6636,0.15,0.19118553400039673,0.15009041591320071,0.06781132820209197,0.08218867179790802,0.6518743667679838,0.1733110656179291,0.2738221900668171,3217,1718,23617,15345
3,formal_tcn_wgan_gp_seed3,0.4,11,6636,0.15,0.19229653477668762,0.15009041591320071,0.06757450167752121,0.08242549832247878,0.6496111338518216,0.17099450490248896,0.27072671443193447,3174,1712,23623,15388
3,formal_tcn_wgan_gp_seed3,0.4,12,6636,0.15,0.19181469082832336,0.15009041591320071,0.06769291493980659,0.08230708506019341,0.6502141545992249,0.17174873397263227,0.27172384402301303,3188,1715,23620,15374
3,formal_tcn_wgan_gp_seed3,0.4,13,6636,0.15,0.19282351434230804,0.15009041591320071,0.06737714624037892,0.08262285375962107,0.649342645850452,0.1702941493373559,0.26982501067008113,3161,1707,23628,15401
3,formal_tcn_wgan_gp_seed3,0.4,14,6636,0.15,0.1922016590833664,0.15009041591320071,0.06761397276494967,0.08238602723505033,0.6495499181669394,0.1710483784074992,0.27078891257995735,3175,1713,23622,15387
3,formal_tcn_wgan_gp_seed3,0.4,15,6636,0.15,0.19144271314144135,0.15009041591320071,0.0677718571146635,0.08222814288533649,0.6512289254519602,0.1727184570628165,0.2730253353204173,3206,1717,23618,15356
3,formal_tcn_wgan_gp_seed3,0.4,16,6636,0.15,0.19185392558574677,0.15009041591320071,0.06769291493980659,0.08230708506019341,0.6502141545992249,0.17174873397263227,0.27172384402301303,3188,1715,23620,15374
3,formal_tcn_wgan_gp_seed3,0.4,17,6636,0.15,0.19316323101520538,0.15009041591320071,0.0670219064535228,0.0829780935464772,0.6500412201154163,0.16991703480228423,0.26941146322712906,3154,1698,23637,15408
3,formal_tcn_wgan_gp_seed3,0.4,18,6636,0.15,0.19280490279197693,0.15009041591320071,0.06737714624037892,0.08262285375962107,0.649342645850452,0.1702941493373559,0.26982501067008113,3161,1707,23628,15401
3,formal_tcn_wgan_gp_seed3,0.4,19,6636,0.15,0.192182257771492,0.15009041591320071,0.06761397276494967,0.08238602723505033,0.6495499181669394,0.1710483784074992,0.27078891257995735,3175,1713,23622,15387
3,formal_tcn_wgan_gp_seed3,1.0,0,16591,0.15,0.19240495562553406,0.15002109577481768,0.06757450167752121,0.08242549832247878,0.6493958631988531,0.17083288438745825,0.27050543825975687,3171,1712,23623,15391
3,formal_tcn_wgan_gp_seed3,1.0,1,16591,0.15,0.19240495562553406,0.15002109577481768,0.06757450167752121,0.08242549832247878,0.6493958631988531,0.17083288438745825,0.27050543825975687,3171,1712,23623,15391
3,formal_tcn_wgan_gp_seed3,1.0,2,16591,0.15,0.19240495562553406,0.15002109577481768,0.06757450167752121,0.08242549832247878,0.6493958631988531,0.17083288438745825,0.27050543825975687,3171,1712,23623,15391
3,formal_tcn_wgan_gp_seed3,1.0,3,16591,0.15,0.19240495562553406,0.15002109577481768,0.06757450167752121,0.08242549832247878,0.6493958631988531,0.17083288438745825,0.27050543825975687,3171,1712,23623,15391
3,formal_tcn_wgan_gp_seed3,1.0,4,16591,0.15,0.19240495562553406,0.15002109577481768,0.06757450167752121,0.08242549832247878,0.6493958631988531,0.17083288438745825,0.27050543825975687,3171,1712,23623,15391
3,formal_tcn_wgan_gp_seed3,1.0,5,16591,0.15,0.19240495562553406,0.15002109577481768,0.06757450167752121,0.08242549832247878,0.6493958631988531,0.17083288438745825,0.27050543825975687,3171,1712,23623,15391
3,formal_tcn_wgan_gp_seed3,1.0,6,16591,0.15,0.19240495562553406,0.15002109577481768,0.06757450167752121,0.08242549832247878,0.6493958631988531,0.17083288438745825,0.27050543825975687,3171,1712,23623,15391
3,formal_tcn_wgan_gp_seed3,1.0,7,16591,0.15,0.19240495562553406,0.15002109577481768,0.06757450167752121,0.08242549832247878,0.6493958631988531,0.17083288438745825,0.27050543825975687,3171,1712,23623,15391
3,formal_tcn_wgan_gp_seed3,1.0,8,16591,0.15,0.19240495562553406,0.15002109577481768,0.06757450167752121,0.08242549832247878,0.6493958631988531,0.17083288438745825,0.27050543825975687,3171,1712,23623,15391
3,formal_tcn_wgan_gp_seed3,1.0,9,16591,0.15,0.19240495562553406,0.15002109577481768,0.06757450167752121,0.08242549832247878,0.6493958631988531,0.17083288438745825,0.27050543825975687,3171,1712,23623,15391
3,formal_tcn_wgan_gp_seed3,1.0,10,16591,0.15,0.19240495562553406,0.15002109577481768,0.06757450167752121,0.08242549832247878,0.6493958631988531,0.17083288438745825,0.27050543825975687,3171,1712,23623,15391
3,formal_tcn_wgan_gp_seed3,1.0,11,16591,0.15,0.19240495562553406,0.15002109577481768,0.06757450167752121,0.08242549832247878,0.6493958631988531,0.17083288438745825,0.27050543825975687,3171,1712,23623,15391
3,formal_tcn_wgan_gp_seed3,1.0,12,16591,0.15,0.19240495562553406,0.15002109577481768,0.06757450167752121,0.08242549832247878,0.6493958631988531,0.17083288438745825,0.27050543825975687,3171,1712,23623,15391
3,formal_tcn_wgan_gp_seed3,1.0,13,16591,0.15,0.19240495562553406,0.15002109577481768,0.06757450167752121,0.08242549832247878,0.6493958631988531,0.17083288438745825,0.27050543825975687,3171,1712,23623,15391
3,formal_tcn_wgan_gp_seed3,1.0,14,16591,0.15,0.19240495562553406,0.15002109577481768,0.06757450167752121,0.08242549832247878,0.6493958631988531,0.17083288438745825,0.27050543825975687,3171,1712,23623,15391
3,formal_tcn_wgan_gp_seed3,1.0,15,16591,0.15,0.19240495562553406,0.15002109577481768,0.06757450167752121,0.08242549832247878,0.6493958631988531,0.17083288438745825,0.27050543825975687,3171,1712,23623,15391
3,formal_tcn_wgan_gp_seed3,1.0,16,16591,0.15,0.19240495562553406,0.15002109577481768,0.06757450167752121,0.08242549832247878,0.6493958631988531,0.17083288438745825,0.27050543825975687,3171,1712,23623,15391
3,formal_tcn_wgan_gp_seed3,1.0,17,16591,0.15,0.19240495562553406,0.15002109577481768,0.06757450167752121,0.08242549832247878,0.6493958631988531,0.17083288438745825,0.27050543825975687,3171,1712,23623,15391
3,formal_tcn_wgan_gp_seed3,1.0,18,16591,0.15,0.19240495562553406,0.15002109577481768,0.06757450167752121,0.08242549832247878,0.6493958631988531,0.17083288438745825,0.27050543825975687,3171,1712,23623,15391
3,formal_tcn_wgan_gp_seed3,1.0,19,16591,0.15,0.19240495562553406,0.15002109577481768,0.06757450167752121,0.08242549832247878,0.6493958631988531,0.17083288438745825,0.27050543825975687,3171,1712,23623,15391
3,formal_tcn_wgan_gp_seed3,0.05,0,830,0.25,0.12847088277339935,0.25060240963855424,0.1420564436550227,0.10794355634497729,0.816096065406234,0.8604137485184786,0.8376691492709535,15971,3599,21736,2591
3,formal_tcn_wgan_gp_seed3,0.05,1,830,0.25,0.11681259423494339,0.25060240963855424,0.16277876455496348,0.08722123544503652,0.798159749412686,0.8785691197069281,0.8364363748268965,16308,4124,21211,2254
3,formal_tcn_wgan_gp_seed3,0.05,2,830,0.25,0.1377895623445511,0.25060240963855424,0.12832050522991909,0.12167949477008091,0.8175338160184094,0.7847214739790971,0.8007916655213172,14566,3251,22084,3996
3,formal_tcn_wgan_gp_seed3,0.05,3,830,0.25,0.1431635171175003,0.25060240963855424,0.12164989145450956,0.12835010854549045,0.8120731707317074,0.7174873397263226,0.7618557290772838,13318,3082,22253,5244
3,formal_tcn_wgan_gp_seed3,0.05,4,830,0.25,0.14345112442970276,0.25060240963855424,0.12149200710479574,0.12850799289520426,0.8116279069767441,0.7144704234457494,0.7599564494871355,13262,3078,22257,5300
3,formal_tcn_wgan_gp_seed3,0.05,5,830,0.25,0.1569834053516388,0.25060240963855424,0.10866390369054667,0.14133609630945332,0.7823543363111708,0.5331322055812951,0.6341354009804235,9896,2753,22582,8666
3,formal_tcn_wgan_gp_seed3,0.05,6,830,0.25,0.1639411300420761,0.25060240963855424,0.10250641405170713,0.14749358594829287,0.7411541911691418,0.40060338325611466,0.5200909249868859,7436,2597,22738,11126
3,formal_tcn_wgan_gp_seed3,0.05,7,830,0.25,0.13621532917022705,0.25060240963855424,0.13029405960134202,0.11970594039865798,0.8192718313714755,0.806163128973171,0.8126646210660656,14964,3301,22034,3598
3,formal_tcn_wgan_gp_seed3,0.05,8,830,0.25,0.16092920303344727,0.25060240963855424,0.10542727452141307,0.14457272547858693,0.7609843400447427,0.45814028660704664,0.5719474055889968,8504,2671,22664,10058
3,formal_tcn_wgan_gp_seed3,0.05,9,830,0.25,0.1506420373916626,0.25060240963855424,0.11403197158081706,0.13596802841918293,0.8050212593642437,0.6426031677620946,0.7147008598220438,11928,2889,22446,6634
3,formal_tcn_wgan_gp_seed3,0.05,10,830,0.25,0.14099425077438354,0.25060240963855424,0.12433392539964476,0.12566607460035523,0.8138077786972455,0.7417304169809288,0.7760992108229988,13768,3150,22185,4794
3,formal_tcn_wgan_gp_seed3,0.05,11,830,0.25,0.13858704268932343,0.25060240963855424,0.12733372804420762,0.12266627195579238,0.8166211914506594,0.7739467729770498,0.7947115118659068,14366,3226,22109,4196
3,formal_tcn_wgan_gp_seed3,0.05,12,830,0.25,0.15877629816532135,0.25060240963855424,0.10728241563055062,0.14271758436944937,0.7731975967957276,0.4991918974248465,0.6066915471747528,9266,2718,22617,9296
3,formal_tcn_wgan_gp_seed3,0.05,13,830,0.25,0.1403280347585678,0.25060240963855424,0.12539964476021315,0.12460035523978685,0.8143408134642356,0.7507272923176382,0.7812412401188541,13935,3177,22158,4627
3,formal_tcn_wgan_gp_seed3,0.05,14,830,0.25,0.1366235464811325,0.25060240963855424,0.1297414643773436,0.1202585356226564,0.818848167539267,0.800452537442086,0.8095458631868581,14858,3287,22048,3704
3,formal_tcn_wgan_gp_seed3,0.05,15,830,0.25,0.15230999886989594,0.25060240963855424,0.11241365699625025,0.13758634300374975,0.8013669967917422,0.6190065725676113,0.6984802431610941,11490,2848,22487,7072
3,formal_tcn_wgan_gp_seed3,0.05,16,830,0.25,0.13300810754299164,0.25060240963855424,0.13574106966646932,0.11425893033353068,0.8193802521008403,0.8404805516646913,0.8297962874315196,15601,3439,21896,2961
3,formal_tcn_wgan_gp_seed3,0.05,17,830,0.25,0.1314515471458435,0.25060240963855424,0.13846457469903295,0.11153542530096705,0.8180875337066998,0.8499084150414826,0.8336944459123816,15776,3508,21827,2786
3,formal_tcn_wgan_gp_seed3,0.05,18,830,0.25,0.12377770245075226,0.25060240963855424,0.15010854549042826,0.09989145450957174,0.8090384132563394,0.8680099127249219,0.8374873300933025,16112,3803,21532,2450
3,formal_tcn_wgan_gp_seed3,0.05,19,830,0.25,0.1309477835893631,0.25060240963855424,0.13905664101045984,0.11094335898954016,0.8178480947210589,0.8521711022519125,0.8346568873176266,15818,3523,21812,2744
3,formal_tcn_wgan_gp_seed3,0.1,0,1659,0.25,0.14383533596992493,0.2501506931886679,0.12093941188079732,0.12906058811920268,0.811469357617524,0.7104837840749919,0.7576262423163096,13188,3064,22271,5374
3,formal_tcn_wgan_gp_seed3,0.1,1,1659,0.25,0.1638113558292389,0.2501506931886679,0.10254588513913558,0.1474541148608644,0.7424918227772822,0.40356642603167764,0.5229136853861994,7491,2598,22737,11071
3,formal_tcn_wgan_gp_seed3,0.1,2,1659,0.25,0.12786218523979187,0.2501506931886679,0.1428063943161634,0.1071936056838366,0.815539920464974,0.8617605861437345,0.838013411567477,15996,3618,21717,2566
3,formal_tcn_wgan_gp_seed3,0.1,3,1659,0.25,0.14083626866340637,0.2501506931886679,0.12445233866193013,0.12554766133806988,0.8141029420435116,0.7438853571813382,0.7774118176955775,13808,3153,22182,4754
3,formal_tcn_wgan_gp_seed3,0.1,4,1659,0.25,0.13306370377540588,0.2501506931886679,0.13566212749161238,0.11433787250838762,0.8194189040088268,0.8402111841396401,0.8296847985104402,15596,3437,21898,2966
3,formal_tcn_wgan_gp_seed3,0.1,5,1659,0.25,0.14147081971168518,0.2501506931886679,0.12386027235050326,0.12613972764949674,0.8133476088508208,0.7366663075099666,0.7731101939277435,13674,3138,22197,4888
3,formal_tcn_wgan_gp_seed3,0.1,6,1659,0.25,0.13824084401130676,0.2501506931886679,0.12780738109334913,0.12219261890665087,0.8170828155010733,0.779226376468053,0.7977057136554158,14464,3238,22097,4098
3,formal_tcn_wgan_gp_seed3,0.1,7,1659,0.25,0.14187294244766235,0.2501506931886679,0.12338661930136176,0.12661338069863826,0.8129711619002035,0.7320331860790863,0.7703821294931398,13588,3126,22209,4974
3,formal_tcn_wgan_gp_seed3,0.1,8,1659,0.25,0.13658291101455688,0.2501506931886679,0.1298204065522005,0.1201795934477995,0.8188577408162141,0.8009912724921884,0.8098259756529318,14868,3289,22046,3694
3,formal_tcn_wgan_gp_seed3,0.1,9,1659,0.25,0.1577402502298355,0.2501506931886679,0.1080718373791198,0.1419281626208802,0.7787653522947641,0.5192328412886542,0.623052556726356,9638,2738,22597,8924
3,formal_tcn_wgan_gp_seed3,0.1,10,1659,0.25,0.1244564950466156,0.2501506931886679,0.14876652851786068,0.10123347148213932,0.8102788684184034,0.8672018101497684,0.8377745393983554,16097,3769,21566,2465
3,formal_tcn_wgan_gp_seed3,0.1,11,1659,0.25,0.16102182865142822,0.2501506931886679,0.10522991908427078,0.14477008091572924,0.7605962643678161,0.4563085874366986,0.5704087817361438,8470,2666,22669,10092
3,formal_tcn_wgan_gp_seed3,0.1,12,1659,0.25,0.1586723029613495,0.2501506931886679,0.10732188671797908,0.1426781132820209,0.7739065358390155,0.5014007111302662,0.6085392964561267,9307,2719,22616,9255
3,formal_tcn_wgan_gp_seed3,0.1,13,1659,0.25,0.14365679025650024,0.2501506931886679,0.12109729623051114,0.12890270376948887,0.8116289064898385,0.7121538627303092,0.7586444374300554,13219,3068,22267,5343
3,formal_tcn_wgan_gp_seed3,0.1,14,1659,0.25,0.12784403562545776,0.2501506931886679,0.14288533649102034,0.10711466350897966,0.8154661772952031,0.8618144596487447,0.837999947615181,15997,3620,21715,2565
3,formal_tcn_wgan_gp_seed3,0.1,15,1659,0.25,0.1360684335231781,0.2501506931886679,0.1306098283007697,0.1193901716992303,0.8192593401791567,0.8080487016485293,0.8136154054787089,14999,3309,22026,3563
3,formal_tcn_wgan_gp_seed3,0.1,16,1659,0.25,0.12368014454841614,0.2501506931886679,0.15030590092757057,0.09969409907242943,0.8088641268885208,0.8681715332399526,0.8374691438222684,16115,3808,21527,2447
3,formal_tcn_wgan_gp_seed3,0.1,17,1659,0.25,0.1514376699924469,0.2501506931886679,0.11304519439510559,0.13695480560489443,0.803862484591152,0.6323672018101497,0.7078760101314678,11738,2864,22471,6824
3,formal_tcn_wgan_gp_seed3,0.1,18,1659,0.25,0.14517956972122192,0.2501506931886679,0.11943951055851589,0.13056048944148413,0.8101392897477726,0.6956146966921668,0.7485217391304347,12912,3026,22309,5650
3,formal_tcn_wgan_gp_seed3,0.1,19,1659,0.25,0.1164795458316803,0.2501506931886679,0.1633313597789619,0.0866686402210381,0.7977714788388232,0.8794310957870919,0.8366133661336612,16324,4138,21197,2238
3,formal_tcn_wgan_gp_seed3,0.2,0,3318,0.25,0.13478708267211914,0.2501506931886679,0.13313597789619103,0.11686402210380897,0.8191517881078763,0.823079409546385,0.8211109021041035,15278,3373,21962,3284
3,formal_tcn_wgan_gp_seed3,0.2,1,3318,0.25,0.14645352959632874,0.2501506931886679,0.11809749358594829,0.1319025064140517,0.809268821317014,0.6839241461049456,0.7413355134456481,12695,2992,22343,5867
3,formal_tcn_wgan_gp_seed3,0.2,2,3318,0.25,0.13592228293418884,0.2501506931886679,0.1308861259127689,0.11911387408723109,0.8192225917243635,0.8095571597888158,0.8143611976696924,15027,3316,22019,3535
3,formal_tcn_wgan_gp_seed3,0.2,3,3318,0.25,0.1377124935388565,0.2501506931886679,0.128399447404776,0.12160055259522401,0.817605831230726,0.7855834500592609,0.8012748303431603,14582,3253,22082,3980
3,formal_tcn_wgan_gp_seed3,0.2,4,3318,0.25,0.142705500125885,0.2501506931886679,0.12216301559107953,0.12783698440892047,0.8125946109597336,0.7229824372373667,0.7651737605838584,13420,3095,22240,5142
3,formal_tcn_wgan_gp_seed3,0.2,5,3318,0.25,0.13676579296588898,0.2501506931886679,0.1295441089402013,0.1204558910597987,0.8186640145864412,0.7982437237366663,0.8083249229426367,14817,3282,22053,3745
3,formal_tcn_wgan_gp_seed3,0.2,6,3318,0.25,0.14072728157043457,0.2501506931886679,0.12472863627392934,0.12527136372607067,0.8140957759736439,0.7455015623316453,0.7782902137232846,13838,3160,22175,4724
3,formal_tcn_wgan_gp_seed3,0.2,7,3318,0.25,0.1396845281124115,0.2501506931886679,0.12599171107164003,0.12400828892835997,0.8150958697792967,0.7580540889990303,0.7855408234473135,14071,3192,22143,4491
3,formal_tcn_wgan_gp_seed3,0.2,8,3318,0.25,0.14016199111938477,0.2501506931886679,0.1254391158476416,0.12456088415235839,0.8146290247316845,0.7523973709729554,0.7822774883773035,13966,3178,22157,4596
3,formal_tcn_wgan_gp_seed3,0.2,9,3318,0.25,0.14109082520008087,0.2501506931886679,0.12425498322478784,0.12574501677521216,0.8137057639957391,0.7407606938907445,0.775521714608009,13750,3148,22187,4812
3,formal_tcn_wgan_gp_seed3,0.2,10,3318,0.25,0.15922585129737854,0.2501506931886679,0.10692717584369449,0.1430728241563055,0.7706763734868365,0.4904643896131882,0.599440329218107,9104,2709,22626,9458
3,formal_tcn_wgan_gp_seed3,0.2,11,3318,0.25,0.13879573345184326,0.2501506931886679,0.12693901716992304,0.12306098283007696,0.816490727532097,0.7708759831914664,0.7930279602072768,14309,3216,22119,4253
3,formal_tcn_wgan_gp_seed3,0.2,12,3318,0.25,0.14335814118385315,0.2501506931886679,0.12157094927965266,0.12842905072034733,0.8117589536731451,0.715547893545954,0.760623067231703,13282,3080,22255,5280
3,formal_tcn_wgan_gp_seed3,0.2,13,3318,0.25,0.15511710941791534,0.2501506931886679,0.11000592066311426,0.13999407933688574,0.7907500563105339,0.5673957547678052,0.6607070041717638,10532,2787,22548,8030
3,formal_tcn_wgan_gp_seed3,0.2,14,3318,0.25,0.1506507694721222,0.2501506931886679,0.11399250049338859,0.1360074995066114,0.805062436719541,0.6425492942570844,0.714683764268808,11927,2888,22447,6635
3,formal_tcn_wgan_gp_seed3,0.2,15,3318,0.25,0.14192041754722595,0.2501506931886679,0.12318926386421945,0.12681073613578053,0.8131473388014129,0.7317099450490249,0.7702821494399545,13582,3121,22214,4980
3,formal_tcn_wgan_gp_seed3,0.2,16,3318,0.25,0.14117175340652466,0.2501506931886679,0.12425498322478784,0.12574501677521216,0.8135292027011017,0.7398987178105808,0.7749689651280894,13734,3148,22187,4828
3,formal_tcn_wgan_gp_seed3,0.2,17,3318,0.25,0.1364935338497162,0.2501506931886679,0.12989934872705744,0.12010065127294256,0.8189669398756807,0.802068742592393,0.8104297651125446,14888,3291,22044,3674
3,formal_tcn_wgan_gp_seed3,0.2,18,3318,0.25,0.14050205051898956,0.2501506931886679,0.12500493388592857,0.12499506611407143,0.8142848765613089,0.7480874905721366,0.7797837989611119,13886,3167,22168,4676
3,formal_tcn_wgan_gp_seed3,0.2,19,3318,0.25,0.15017446875572205,0.2501506931886679,0.11450562462995856,0.13549437537004144,0.8056802197066113,0.6479905182631182,0.7182825236630735,12028,2901,22434,6534
3,formal_tcn_wgan_gp_seed3,0.4,0,6636,0.25,0.13540028035640717,0.25,0.13218867179790803,0.11781132820209197,0.818972972972973,0.8162374744100851,0.8176029356213912,15151,3349,21986,3411
3,formal_tcn_wgan_gp_seed3,0.4,1,6636,0.25,0.1343662291765213,0.25,0.13376751529504638,0.11623248470495362,0.8192533333333333,0.8275509104622347,0.823381217838765,15361,3389,21946,3201
3,formal_tcn_wgan_gp_seed3,0.4,2,6636,0.25,0.13533619046211243,0.25,0.1323070850601934,0.1176929149398066,0.8189967060856418,0.8170994504902489,0.8180469782368329,15167,3352,21983,3395
3,formal_tcn_wgan_gp_seed3,0.4,3,6636,0.25,0.1482263207435608,0.25,0.11616341030195382,0.13383658969804618,0.8079859072225485,0.6671694860467622,0.7308566201422291,12384,2943,22392,6178
3,formal_tcn_wgan_gp_seed3,0.4,4,6636,0.25,0.13758671283721924,0.25,0.12855733175448983,0.12144266824551017,0.8177698203994852,0.7874151492296089,0.8023054755043226,14616,3257,22078,3946
3,formal_tcn_wgan_gp_seed3,0.4,5,6636,0.25,0.14289557933807373,0.25,0.1220051312413657,0.1279948687586343,0.8123026475589021,0.7206658765219265,0.7637453611190409,13377,3091,22244,5185
3,formal_tcn_wgan_gp_seed3,0.4,6,6636,0.25,0.14367656409740448,0.25,0.12109729623051114,0.12890270376948887,0.8115942028985508,0.7119922422152786,0.758537565287264,13216,3068,22267,5346
3,formal_tcn_wgan_gp_seed3,0.4,7,6636,0.25,0.13545452058315277,0.25,0.13210972962305112,0.11789027037694888,0.8189538594688159,0.8156448658549725,0.8172960133876758,15140,3347,21988,3422
3,formal_tcn_wgan_gp_seed3,0.4,8,6636,0.25,0.14265158772468567,0.25,0.122202486678508,0.127797513321492,0.812692842882207,0.7236827928024997,0.7656094155196489,13433,3096,22239,5129
3,formal_tcn_wgan_gp_seed3,0.4,9,6636,0.25,0.140996053814888,0.25,0.12433392539964476,0.12566607460035523,0.8138077786972455,0.7417304169809288,0.7760992108229988,13768,3150,22185,4794
3,formal_tcn_wgan_gp_seed3,0.4,10,6636,0.25,0.13204868137836456,0.25,0.1372804420761792,0.1127195579238208,0.8188069809846314,0.8467298782458786,0.832534364488704,15717,3478,21857,2845
3,formal_tcn_wgan_gp_seed3,0.4,11,6636,0.25,0.1413559466600418,0.25,0.12393921452536018,0.12606078547463984,0.8135613347583422,0.7381747656502532,0.7740368319963845,13702,3140,22195,4860
3,formal_tcn_wgan_gp_seed3,0.4,12,6636,0.25,0.13678747415542603,0.25,0.1295441089402013,0.1204558910597987,0.8186239292622272,0.7980282297166253,0.8081948877431323,14813,3282,22053,3749
3,formal_tcn_wgan_gp_seed3,0.4,13,6636,0.25,0.14195743203163147,0.25,0.12307085060193408,0.12692914939806593,0.8131703517286836,0.7311173364939123,0.769963972653258,13571,3118,22217,4991
3,formal_tcn_wgan_gp_seed3,0.4,14,6636,0.25,0.13866840302944183,0.25,0.1270574304322084,0.1229425695677916,0.816716961794682,0.7727615558668247,0.7941314878892733,14344,3219,22116,4218
3,formal_tcn_wgan_gp_seed3,0.4,15,6636,0.25,0.13318511843681335,0.25,0.1354647720544701,0.1145352279455299,0.8194634402945818,0.8392414610494559,0.8292345363568615,15578,3432,21903,2984
3,formal_tcn_wgan_gp_seed3,0.4,16,6636,0.25,0.13977855443954468,0.25,0.12595223998421157,0.12404776001578843,0.8149501275806077,0.757084365908846,0.7849522426408981,14053,3191,22144,4509
3,formal_tcn_wgan_gp_seed3,0.4,17,6636,0.25,0.1395435333251953,0.25,0.12607065324649694,0.12392934675350306,0.8153650500028904,0.7598857881693784,0.7866484481748977,14105,3194,22141,4457
3,formal_tcn_wgan_gp_seed3,0.4,18,6636,0.25,0.14325593411922455,0.25,0.12161042036708111,0.1283895796329189,0.8118588177821202,0.7162482491110872,0.7610624534890378,13295,3081,22254,5267
3,formal_tcn_wgan_gp_seed3,0.4,19,6636,0.25,0.1361253261566162,0.25,0.13053088612591277,0.11946911387408723,0.8192105838617975,0.8072944725783859,0.8132088782764421,14985,3307,22028,3577
3,formal_tcn_wgan_gp_seed3,1.0,0,16591,0.25,0.14034858345985413,0.2500150684105841,0.12536017367278468,0.12463982632721532,0.8143341517596165,0.750457924792587,0.7810922956151173,13930,3176,22159,4632
3,formal_tcn_wgan_gp_seed3,1.0,1,16591,0.25,0.14034858345985413,0.2500150684105841,0.12536017367278468,0.12463982632721532,0.8143341517596165,0.750457924792587,0.7810922956151173,13930,3176,22159,4632
3,formal_tcn_wgan_gp_seed3,1.0,2,16591,0.25,0.14034858345985413,0.2500150684105841,0.12536017367278468,0.12463982632721532,0.8143341517596165,0.750457924792587,0.7810922956151173,13930,3176,22159,4632
3,formal_tcn_wgan_gp_seed3,1.0,3,16591,0.25,0.14034858345985413,0.2500150684105841,0.12536017367278468,0.12463982632721532,0.8143341517596165,0.750457924792587,0.7810922956151173,13930,3176,22159,4632
3,formal_tcn_wgan_gp_seed3,1.0,4,16591,0.25,0.14034858345985413,0.2500150684105841,0.12536017367278468,0.12463982632721532,0.8143341517596165,0.750457924792587,0.7810922956151173,13930,3176,22159,4632
3,formal_tcn_wgan_gp_seed3,1.0,5,16591,0.25,0.14034858345985413,0.2500150684105841,0.12536017367278468,0.12463982632721532,0.8143341517596165,0.750457924792587,0.7810922956151173,13930,3176,22159,4632
3,formal_tcn_wgan_gp_seed3,1.0,6,16591,0.25,0.14034858345985413,0.2500150684105841,0.12536017367278468,0.12463982632721532,0.8143341517596165,0.750457924792587,0.7810922956151173,13930,3176,22159,4632
3,formal_tcn_wgan_gp_seed3,1.0,7,16591,0.25,0.14034858345985413,0.2500150684105841,0.12536017367278468,0.12463982632721532,0.8143341517596165,0.750457924792587,0.7810922956151173,13930,3176,22159,4632
3,formal_tcn_wgan_gp_seed3,1.0,8,16591,0.25,0.14034858345985413,0.2500150684105841,0.12536017367278468,0.12463982632721532,0.8143341517596165,0.750457924792587,0.7810922956151173,13930,3176,22159,4632
3,formal_tcn_wgan_gp_seed3,1.0,9,16591,0.25,0.14034858345985413,0.2500150684105841,0.12536017367278468,0.12463982632721532,0.8143341517596165,0.750457924792587,0.7810922956151173,13930,3176,22159,4632
3,formal_tcn_wgan_gp_seed3,1.0,10,16591,0.25,0.14034858345985413,0.2500150684105841,0.12536017367278468,0.12463982632721532,0.8143341517596165,0.750457924792587,0.7810922956151173,13930,3176,22159,4632
3,formal_tcn_wgan_gp_seed3,1.0,11,16591,0.25,0.14034858345985413,0.2500150684105841,0.12536017367278468,0.12463982632721532,0.8143341517596165,0.750457924792587,0.7810922956151173,13930,3176,22159,4632
3,formal_tcn_wgan_gp_seed3,1.0,12,16591,0.25,0.14034858345985413,0.2500150684105841,0.12536017367278468,0.12463982632721532,0.8143341517596165,0.750457924792587,0.7810922956151173,13930,3176,22159,4632
3,formal_tcn_wgan_gp_seed3,1.0,13,16591,0.25,0.14034858345985413,0.2500150684105841,0.12536017367278468,0.12463982632721532,0.8143341517596165,0.750457924792587,0.7810922956151173,13930,3176,22159,4632
3,formal_tcn_wgan_gp_seed3,1.0,14,16591,0.25,0.14034858345985413,0.2500150684105841,0.12536017367278468,0.12463982632721532,0.8143341517596165,0.750457924792587,0.7810922956151173,13930,3176,22159,4632
3,formal_tcn_wgan_gp_seed3,1.0,15,16591,0.25,0.14034858345985413,0.2500150684105841,0.12536017367278468,0.12463982632721532,0.8143341517596165,0.750457924792587,0.7810922956151173,13930,3176,22159,4632
3,formal_tcn_wgan_gp_seed3,1.0,16,16591,0.25,0.14034858345985413,0.2500150684105841,0.12536017367278468,0.12463982632721532,0.8143341517596165,0.750457924792587,0.7810922956151173,13930,3176,22159,4632
3,formal_tcn_wgan_gp_seed3,1.0,17,16591,0.25,0.14034858345985413,0.2500150684105841,0.12536017367278468,0.12463982632721532,0.8143341517596165,0.750457924792587,0.7810922956151173,13930,3176,22159,4632
3,formal_tcn_wgan_gp_seed3,1.0,18,16591,0.25,0.14034858345985413,0.2500150684105841,0.12536017367278468,0.12463982632721532,0.8143341517596165,0.750457924792587,0.7810922956151173,13930,3176,22159,4632
3,formal_tcn_wgan_gp_seed3,1.0,19,16591,0.25,0.14034858345985413,0.2500150684105841,0.12536017367278468,0.12463982632721532,0.8143341517596165,0.750457924792587,0.7810922956151173,13930,3176,22159,4632
4,formal_tcn_wgan_gp_seed4,0.05,0,830,0.01,0.534485936164856,0.010843373493975903,0.0,0.01,1.0,0.012660273677405453,0.025003989998404,235,0,25335,18327
4,formal_tcn_wgan_gp_seed4,0.05,1,830,0.01,0.5367056727409363,0.010843373493975903,0.0,0.01,1.0,0.004363753905829113,0.008689588585528079,81,0,25335,18481
4,formal_tcn_wgan_gp_seed4,0.05,2,830,0.01,0.536902129650116,0.010843373493975903,0.0,0.01,1.0,0.0038788923607369894,0.0077278093807019435,72,0,25335,18490
4,formal_tcn_wgan_gp_seed4,0.05,3,830,0.01,0.5341455936431885,0.010843373493975903,0.0,0.01,1.0,0.014815213877814891,0.029197855284811808,275,0,25335,18287
4,formal_tcn_wgan_gp_seed4,0.05,4,830,0.01,0.5355005860328674,0.010843373493975903,0.0,0.01,1.0,0.007919405236504687,0.015714362071730183,147,0,25335,18415
4,formal_tcn_wgan_gp_seed4,0.05,5,830,0.01,0.5345640778541565,0.010843373493975903,0.0,0.01,1.0,0.012390906152354272,0.024478501489995745,230,0,25335,18332
4,formal_tcn_wgan_gp_seed4,0.05,6,830,0.01,0.5339890718460083,0.010843373493975903,0.0,0.01,1.0,0.015838810473009373,0.03118370810352142,294,0,25335,18268
4,formal_tcn_wgan_gp_seed4,0.05,7,830,0.01,0.5341413617134094,0.010843373493975903,0.0,0.01,1.0,0.014869087382825127,0.02930247372332519,276,0,25335,18286
4,formal_tcn_wgan_gp_seed4,0.05,8,830,0.01,0.5347480177879333,0.010843373493975903,0.0,0.01,1.0,0.011044068527098373,0.021846858847977834,205,0,25335,18357
4,formal_tcn_wgan_gp_seed4,0.05,9,830,0.01,0.5355964303016663,0.010843373493975903,0.0,0.01,1.0,0.007272923176381855,0.01444081938278868,135,0,25335,18427
4,formal_tcn_wgan_gp_seed4,0.05,10,830,0.01,0.5357851386070251,0.010843373493975903,0.0,0.01,1.0,0.006841935136299967,0.013590882337203701,127,0,25335,18435
4,formal_tcn_wgan_gp_seed4,0.05,11,830,0.01,0.5346657633781433,0.010843373493975903,0.0,0.01,1.0,0.011636677082210969,0.02300564490361061,216,0,25335,18346
4,formal_tcn_wgan_gp_seed4,0.05,12,830,0.01,0.5340625643730164,0.010843373493975903,0.0,0.01,1.0,0.015461695937937722,0.03045254390153324,287,0,25335,18275
4,formal_tcn_wgan_gp_seed4,0.05,13,830,0.01,0.5350053310394287,0.010843373493975903,0.0,0.01,1.0,0.009643357396832237,0.019102502534549915,179,0,25335,18383
4,formal_tcn_wgan_gp_seed4,0.05,14,830,0.01,0.5361593961715698,0.010843373493975903,0.0,0.01,1.0,0.005710591531085012,0.011356331690593528,106,0,25335,18456
4,formal_tcn_wgan_gp_seed4,0.05,15,830,0.01,0.5347328186035156,0.010843373493975903,0.0,0.01,1.0,0.011151815537118845,0.022057648249773562,207,0,25335,18355
4,formal_tcn_wgan_gp_seed4,0.05,16,830,0.01,0.5349240303039551,0.010843373493975903,0.0,0.01,1.0,0.009966598426893654,0.01973649117192084,185,0,25335,18377
4,formal_tcn_wgan_gp_seed4,0.05,17,830,0.01,0.534601628780365,0.010843373493975903,0.0,0.01,1.0,0.012121538627303093,0.023952733273007933,225,0,25335,18337
4,formal_tcn_wgan_gp_seed4,0.05,18,830,0.01,0.5339250564575195,0.010843373493975903,0.0,0.01,1.0,0.016215925008081025,0.03191432964003604,301,0,25335,18261
4,formal_tcn_wgan_gp_seed4,0.05,19,830,0.01,0.5346683859825134,0.010843373493975903,0.0,0.01,1.0,0.011636677082210969,0.02300564490361061,216,0,25335,18346
4,formal_tcn_wgan_gp_seed4,0.1,0,1659,0.01,0.5336877107620239,0.010247136829415311,0.0,0.01,1.0,0.01831699170348023,0.03597502909745001,340,0,25335,18222
4,formal_tcn_wgan_gp_seed4,0.1,1,1659,0.01,0.5357739925384521,0.010247136829415311,0.0,0.01,1.0,0.006841935136299967,0.013590882337203701,127,0,25335,18435
4,formal_tcn_wgan_gp_seed4,0.1,2,1659,0.01,0.5355038642883301,0.010247136829415311,0.0,0.01,1.0,0.007811658226484215,0.015502218420911958,145,0,25335,18417
4,formal_tcn_wgan_gp_seed4,0.1,3,1659,0.01,0.5348727703094482,0.010247136829415311,0.0,0.01,1.0,0.010074345436914125,0.019947730545629098,187,0,25335,18375
4,formal_tcn_wgan_gp_seed4,0.1,4,1659,0.01,0.5345824360847473,0.010247136829415311,0.0,0.01,1.0,0.012175412132313329,0.02405790930381094,226,0,25335,18336
4,formal_tcn_wgan_gp_seed4,0.1,5,1659,0.01,0.5343577861785889,0.010247136829415311,0.0,0.01,1.0,0.01336062924253852,0.026368952684742156,248,0,25335,18314
4,formal_tcn_wgan_gp_seed4,0.1,6,1659,0.01,0.5353313088417053,0.010247136829415311,0.0,0.01,1.0,0.008565887296627519,0.016986272100849315,159,0,25335,18403
4,formal_tcn_wgan_gp_seed4,0.1,7,1659,0.01,0.5352351665496826,0.010247136829415311,0.0,0.01,1.0,0.008781381316668462,0.017409879839786382,163,0,25335,18399
4,formal_tcn_wgan_gp_seed4,0.1,8,1659,0.01,0.5344560742378235,0.010247136829415311,0.0,0.01,1.0,0.012875767697446396,0.025424179564916757,239,0,25335,18323
4,formal_tcn_wgan_gp_seed4,0.1,9,1659,0.01,0.5345630645751953,0.010247136829415311,0.0,0.01,1.0,0.012390906152354272,0.024478501489995745,230,0,25335,18332
4,formal_tcn_wgan_gp_seed4,0.1,10,1659,0.01,0.5356272459030151,0.010247136829415311,0.0,0.01,1.0,0.00721904967137162,0.014334617030380832,134,0,25335,18428
4,formal_tcn_wgan_gp_seed4,0.1,11,1659,0.01,0.534830629825592,0.010247136829415311,0.0,0.01,1.0,0.010451459971985778,0.02068671358498614,194,0,25335,18368
4,formal_tcn_wgan_gp_seed4,0.1,12,1659,0.01,0.5341860055923462,0.010247136829415311,0.0,0.01,1.0,0.014761340372804655,0.02909322573794861,274,0,25335,18288
4,formal_tcn_wgan_gp_seed4,0.1,13,1659,0.01,0.5366523265838623,0.010247136829415311,0.0,0.01,1.0,0.004417627410839349,0.008796395623256811,82,0,25335,18480
4,formal_tcn_wgan_gp_seed4,0.1,14,1659,0.01,0.534688413143158,0.010247136829415311,0.0,0.01,1.0,0.011582803577200733,0.022900356819513232,215,0,25335,18347
4,formal_tcn_wgan_gp_seed4,0.1,15,1659,0.01,0.5345664024353027,0.010247136829415311,0.0,0.01,1.0,0.012390906152354272,0.024478501489995745,230,0,25335,18332
4,formal_tcn_wgan_gp_seed4,0.1,16,1659,0.01,0.5366548299789429,0.010247136829415311,0.0,0.01,1.0,0.004417627410839349,0.008796395623256811,82,0,25335,18480
4,formal_tcn_wgan_gp_seed4,0.1,17,1659,0.01,0.5352237820625305,0.010247136829415311,0.0,0.01,1.0,0.008889128326688934,0.017621615848774495,165,0,25335,18397
4,formal_tcn_wgan_gp_seed4,0.1,18,1659,0.01,0.5351932644844055,0.010247136829415311,0.0,0.01,1.0,0.008889128326688934,0.017621615848774495,165,0,25335,18397
4,formal_tcn_wgan_gp_seed4,0.1,19,1659,0.01,0.5351607799530029,0.010247136829415311,0.0,0.01,1.0,0.009050748841719643,0.01793913507741591,168,0,25335,18394
4,formal_tcn_wgan_gp_seed4,0.2,0,3318,0.01,0.5344254374504089,0.010247136829415311,0.0,0.01,1.0,0.013037388212477104,0.025739204424590514,242,0,25335,18320
4,formal_tcn_wgan_gp_seed4,0.2,1,3318,0.01,0.5344879627227783,0.010247136829415311,0.0,0.01,1.0,0.012660273677405453,0.025003989998404,235,0,25335,18327
4,formal_tcn_wgan_gp_seed4,0.2,2,3318,0.01,0.5344521999359131,0.010247136829415311,0.0,0.01,1.0,0.012929641202456632,0.0255291990213807,240,0,25335,18322
4,formal_tcn_wgan_gp_seed4,0.2,3,3318,0.01,0.5347751379013062,0.010247136829415311,0.0,0.01,1.0,0.010613080487016485,0.02100325177248254,197,0,25335,18365
4,formal_tcn_wgan_gp_seed4,0.2,4,3318,0.01,0.5346764326095581,0.010247136829415311,0.0,0.01,1.0,0.011582803577200733,0.022900356819513232,215,0,25335,18347
4,formal_tcn_wgan_gp_seed4,0.2,5,3318,0.01,0.5351760983467102,0.010247136829415311,0.0,0.01,1.0,0.008996875336709407,0.017833306636766515,167,0,25335,18395
4,formal_tcn_wgan_gp_seed4,0.2,6,3318,0.01,0.5354071259498596,0.010247136829415311,0.0,0.01,1.0,0.008296519771576338,0.016456507800812138,154,0,25335,18408
4,formal_tcn_wgan_gp_seed4,0.2,7,3318,0.01,0.5365649461746216,0.010247136829415311,0.0,0.01,1.0,0.004740868440900765,0.009436997319034853,88,0,25335,18474
4,formal_tcn_wgan_gp_seed4,0.2,8,3318,0.01,0.5358761548995972,0.010247136829415311,0.0,0.01,1.0,0.006518694106238552,0.012952951881389499,121,0,25335,18441
4,formal_tcn_wgan_gp_seed4,0.2,9,3318,0.01,0.5358458161354065,0.010247136829415311,0.0,0.01,1.0,0.0066264411162590235,0.013165640888413164,123,0,25335,18439
4,formal_tcn_wgan_gp_seed4,0.2,10,3318,0.01,0.5354572534561157,0.010247136829415311,0.0,0.01,1.0,0.008134899256545631,0.016138513332977077,151,0,25335,18411
4,formal_tcn_wgan_gp_seed4,0.2,11,3318,0.01,0.5345150232315063,0.010247136829415311,0.0,0.01,1.0,0.01255252666738498,0.024793828145783455,233,0,25335,18329
4,formal_tcn_wgan_gp_seed4,0.2,12,3318,0.01,0.5344606041908264,0.010247136829415311,0.0,0.01,1.0,0.01282189419243616,0.025319148936170214,238,0,25335,18324
4,formal_tcn_wgan_gp_seed4,0.2,13,3318,0.01,0.535058856010437,0.010247136829415311,0.0,0.01,1.0,0.00948173688180153,0.01878535596114847,176,0,25335,18386
4,formal_tcn_wgan_gp_seed4,0.2,14,3318,0.01,0.5343838334083557,0.010247136829415311,0.0,0.01,1.0,0.013145135222497576,0.025949165160055302,244,0,25335,18318
4,formal_tcn_wgan_gp_seed4,0.2,15,3318,0.01,0.5358110070228577,0.010247136829415311,0.0,0.01,1.0,0.00668031462126926,0.01327196831852724,124,0,25335,18438
4,formal_tcn_wgan_gp_seed4,0.2,16,3318,0.01,0.5356938242912292,0.010247136829415311,0.0,0.01,1.0,0.0071651761663613835,0.014228403316394758,133,0,25335,18429
4,formal_tcn_wgan_gp_seed4,0.2,17,3318,0.01,0.5346735119819641,0.010247136829415311,0.0,0.01,1.0,0.011636677082210969,0.02300564490361061,216,0,25335,18346
4,formal_tcn_wgan_gp_seed4,0.2,18,3318,0.01,0.5359111428260803,0.010247136829415311,0.0,0.01,1.0,0.006518694106238552,0.012952951881389499,121,0,25335,18441
4,formal_tcn_wgan_gp_seed4,0.2,19,3318,0.01,0.5358662605285645,0.010247136829415311,0.0,0.01,1.0,0.006572567611248788,0.013059302076643119,122,0,25335,18440
4,formal_tcn_wgan_gp_seed4,0.4,0,6636,0.01,0.535139262676239,0.010096443640747438,0.0,0.01,1.0,0.009104622346729879,0.018044952218247826,169,0,25335,18393
4,formal_tcn_wgan_gp_seed4,0.4,1,6636,0.01,0.5347452759742737,0.010096443640747438,0.0,0.01,1.0,0.011044068527098373,0.021846858847977834,205,0,25335,18357
4,formal_tcn_wgan_gp_seed4,0.4,2,6636,0.01,0.5346807837486267,0.010096443640747438,0.0,0.01,1.0,0.011582803577200733,0.022900356819513232,215,0,25335,18347
4,formal_tcn_wgan_gp_seed4,0.4,3,6636,0.01,0.5351448655128479,0.010096443640747438,0.0,0.01,1.0,0.009050748841719643,0.01793913507741591,168,0,25335,18394
4,formal_tcn_wgan_gp_seed4,0.4,4,6636,0.01,0.5346347093582153,0.010096443640747438,0.0,0.01,1.0,0.011852171102251912,0.023426685124054946,220,0,25335,18342
4,formal_tcn_wgan_gp_seed4,0.4,5,6636,0.01,0.5354570746421814,0.010096443640747438,0.0,0.01,1.0,0.008134899256545631,0.016138513332977077,151,0,25335,18411
4,formal_tcn_wgan_gp_seed4,0.4,6,6636,0.01,0.5355879664421082,0.010096443640747438,0.0,0.01,1.0,0.007272923176381855,0.01444081938278868,135,0,25335,18427
4,formal_tcn_wgan_gp_seed4,0.4,7,6636,0.01,0.5348957777023315,0.010096443640747438,0.0,0.01,1.0,0.009966598426893654,0.01973649117192084,185,0,25335,18377
4,formal_tcn_wgan_gp_seed4,0.4,8,6636,0.01,0.5353081226348877,0.010096443640747438,0.0,0.01,1.0,0.008619760801637755,0.017092191005234483,160,0,25335,18402
4,formal_tcn_wgan_gp_seed4,0.4,9,6636,0.01,0.5347046256065369,0.010096443640747438,0.0,0.01,1.0,0.011528930072190496,0.0227950575202386,214,0,25335,18348
4,formal_tcn_wgan_gp_seed4,0.4,10,6636,0.01,0.5347676873207092,0.010096443640747438,0.0,0.01,1.0,0.010666953992026721,0.02110874200426439,198,0,25335,18364
4,formal_tcn_wgan_gp_seed4,0.4,11,6636,0.01,0.5351317524909973,0.010096443640747438,0.0,0.01,1.0,0.009104622346729879,0.018044952218247826,169,0,25335,18393
4,formal_tcn_wgan_gp_seed4,0.4,12,6636,0.01,0.5349674224853516,0.010096443640747438,0.0,0.01,1.0,0.009858851416873182,0.01952520672179248,183,0,25335,18379
4,formal_tcn_wgan_gp_seed4,0.4,13,6636,0.01,0.535072922706604,0.010096443640747438,0.0,0.01,1.0,0.009427863376791294,0.018679617868388752,175,0,25335,18387
4,formal_tcn_wgan_gp_seed4,0.4,14,6636,0.01,0.5346174240112305,0.010096443640747438,0.0,0.01,1.0,0.01201379161728262,0.023742347617780143,223,0,25335,18339
4,formal_tcn_wgan_gp_seed4,0.4,15,6636,0.01,0.5353038907051086,0.010096443640747438,0.0,0.01,1.0,0.008619760801637755,0.017092191005234483,160,0,25335,18402
4,formal_tcn_wgan_gp_seed4,0.4,16,6636,0.01,0.5348303318023682,0.010096443640747438,0.0,0.01,1.0,0.010451459971985778,0.02068671358498614,194,0,25335,18368
4,formal_tcn_wgan_gp_seed4,0.4,17,6636,0.01,0.5358702540397644,0.010096443640747438,0.0,0.01,1.0,0.006518694106238552,0.012952951881389499,121,0,25335,18441
4,formal_tcn_wgan_gp_seed4,0.4,18,6636,0.01,0.5348239541053772,0.010096443640747438,0.0,0.01,1.0,0.010451459971985778,0.02068671358498614,194,0,25335,18368
4,formal_tcn_wgan_gp_seed4,0.4,19,6636,0.01,0.5369348526000977,0.010096443640747438,0.0,0.01,1.0,0.0037711453507165175,0.00751395448690425,70,0,25335,18492
4,formal_tcn_wgan_gp_seed4,1.0,0,16591,0.01,0.5351115465164185,0.01000542462781026,0.0,0.01,1.0,0.00921236935675035,0.018256552607697644,171,0,25335,18391
4,formal_tcn_wgan_gp_seed4,1.0,1,16591,0.01,0.5351115465164185,0.01000542462781026,0.0,0.01,1.0,0.00921236935675035,0.018256552607697644,171,0,25335,18391
4,formal_tcn_wgan_gp_seed4,1.0,2,16591,0.01,0.5351115465164185,0.01000542462781026,0.0,0.01,1.0,0.00921236935675035,0.018256552607697644,171,0,25335,18391
4,formal_tcn_wgan_gp_seed4,1.0,3,16591,0.01,0.5351115465164185,0.01000542462781026,0.0,0.01,1.0,0.00921236935675035,0.018256552607697644,171,0,25335,18391
4,formal_tcn_wgan_gp_seed4,1.0,4,16591,0.01,0.5351115465164185,0.01000542462781026,0.0,0.01,1.0,0.00921236935675035,0.018256552607697644,171,0,25335,18391
4,formal_tcn_wgan_gp_seed4,1.0,5,16591,0.01,0.5351115465164185,0.01000542462781026,0.0,0.01,1.0,0.00921236935675035,0.018256552607697644,171,0,25335,18391
4,formal_tcn_wgan_gp_seed4,1.0,6,16591,0.01,0.5351115465164185,0.01000542462781026,0.0,0.01,1.0,0.00921236935675035,0.018256552607697644,171,0,25335,18391
4,formal_tcn_wgan_gp_seed4,1.0,7,16591,0.01,0.5351115465164185,0.01000542462781026,0.0,0.01,1.0,0.00921236935675035,0.018256552607697644,171,0,25335,18391
4,formal_tcn_wgan_gp_seed4,1.0,8,16591,0.01,0.5351115465164185,0.01000542462781026,0.0,0.01,1.0,0.00921236935675035,0.018256552607697644,171,0,25335,18391
4,formal_tcn_wgan_gp_seed4,1.0,9,16591,0.01,0.5351115465164185,0.01000542462781026,0.0,0.01,1.0,0.00921236935675035,0.018256552607697644,171,0,25335,18391
4,formal_tcn_wgan_gp_seed4,1.0,10,16591,0.01,0.5351115465164185,0.01000542462781026,0.0,0.01,1.0,0.00921236935675035,0.018256552607697644,171,0,25335,18391
4,formal_tcn_wgan_gp_seed4,1.0,11,16591,0.01,0.5351115465164185,0.01000542462781026,0.0,0.01,1.0,0.00921236935675035,0.018256552607697644,171,0,25335,18391
4,formal_tcn_wgan_gp_seed4,1.0,12,16591,0.01,0.5351115465164185,0.01000542462781026,0.0,0.01,1.0,0.00921236935675035,0.018256552607697644,171,0,25335,18391
4,formal_tcn_wgan_gp_seed4,1.0,13,16591,0.01,0.5351115465164185,0.01000542462781026,0.0,0.01,1.0,0.00921236935675035,0.018256552607697644,171,0,25335,18391
4,formal_tcn_wgan_gp_seed4,1.0,14,16591,0.01,0.5351115465164185,0.01000542462781026,0.0,0.01,1.0,0.00921236935675035,0.018256552607697644,171,0,25335,18391
4,formal_tcn_wgan_gp_seed4,1.0,15,16591,0.01,0.5351115465164185,0.01000542462781026,0.0,0.01,1.0,0.00921236935675035,0.018256552607697644,171,0,25335,18391
4,formal_tcn_wgan_gp_seed4,1.0,16,16591,0.01,0.5351115465164185,0.01000542462781026,0.0,0.01,1.0,0.00921236935675035,0.018256552607697644,171,0,25335,18391
4,formal_tcn_wgan_gp_seed4,1.0,17,16591,0.01,0.5351115465164185,0.01000542462781026,0.0,0.01,1.0,0.00921236935675035,0.018256552607697644,171,0,25335,18391
4,formal_tcn_wgan_gp_seed4,1.0,18,16591,0.01,0.5351115465164185,0.01000542462781026,0.0,0.01,1.0,0.00921236935675035,0.018256552607697644,171,0,25335,18391
4,formal_tcn_wgan_gp_seed4,1.0,19,16591,0.01,0.5351115465164185,0.01000542462781026,0.0,0.01,1.0,0.00921236935675035,0.018256552607697644,171,0,25335,18391
4,formal_tcn_wgan_gp_seed4,0.05,0,830,0.05,0.5283199548721313,0.05060240963855422,0.0,0.05,1.0,0.11722874690227346,0.20985630243996528,2176,0,25335,16386
4,formal_tcn_wgan_gp_seed4,0.05,1,830,0.05,0.5286463499069214,0.05060240963855422,0.0,0.05,1.0,0.10877060661566641,0.19620037899033088,2019,0,25335,16543
4,formal_tcn_wgan_gp_seed4,0.05,2,830,0.05,0.5276851654052734,0.05060240963855422,0.0,0.05,1.0,0.1355457386057537,0.2387323275453079,2516,0,25335,16046
4,formal_tcn_wgan_gp_seed4,0.05,3,830,0.05,0.526954710483551,0.05060240963855422,0.0,0.05,1.0,0.15639478504471502,0.2704868390402982,2903,0,25335,15659
4,formal_tcn_wgan_gp_seed4,0.05,4,830,0.05,0.5272223949432373,0.05060240963855422,0.0,0.05,1.0,0.14912186186833315,0.25954055321143926,2768,0,25335,15794
4,formal_tcn_wgan_gp_seed4,0.05,5,830,0.05,0.5285471677780151,0.05060240963855422,0.0,0.05,1.0,0.11087167331106562,0.19961202715809895,2058,0,25335,16504
4,formal_tcn_wgan_gp_seed4,0.05,6,830,0.05,0.527584433555603,0.05060240963855422,0.0,0.05,1.0,0.13823941385626548,0.24290041650889813,2566,0,25335,15996
4,formal_tcn_wgan_gp_seed4,0.05,7,830,0.05,0.5285406708717346,0.05060240963855422,0.0,0.05,1.0,0.11103329382609632,0.19987392716869515,2061,0,25335,16501
4,formal_tcn_wgan_gp_seed4,0.05,8,830,0.05,0.5284948348999023,0.05060240963855422,0.0,0.05,1.0,0.11259562547139317,0.20240170443540578,2090,0,25335,16472
4,formal_tcn_wgan_gp_seed4,0.05,9,830,0.05,0.5266385674476624,0.05060240963855422,0.0,0.05,1.0,0.16609201594655748,0.2848694848694849,3083,0,25335,15479
4,formal_tcn_wgan_gp_seed4,0.05,10,830,0.05,0.5296466946601868,0.05060240963855422,0.0,0.05,1.0,0.08199547462557914,0.15156343357896834,1522,0,25335,17040
4,formal_tcn_wgan_gp_seed4,0.05,11,830,0.05,0.5280646681785583,0.05060240963855422,0.0,0.05,1.0,0.12444779657364508,0.2213491759294749,2310,0,25335,16252
4,formal_tcn_wgan_gp_seed4,0.05,12,830,0.05,0.5289903283119202,0.05060240963855422,0.0,0.05,1.0,0.09966598426893654,0.18126592200666275,1850,0,25335,16712
4,formal_tcn_wgan_gp_seed4,0.05,13,830,0.05,0.5273643732070923,0.05060240963855422,0.0,0.05,1.0,0.1447042344574938,0.2528237951807229,2686,0,25335,15876
4,formal_tcn_wgan_gp_seed4,0.05,14,830,0.05,0.5276211500167847,0.05060240963855422,0.0,0.05,1.0,0.13700032324103006,0.24098554844823505,2543,0,25335,16019
4,formal_tcn_wgan_gp_seed4,0.05,15,830,0.05,0.5274806618690491,0.05060240963855422,0.0,0.05,1.0,0.14147182415687964,0.2478761563148952,2626,0,25335,15936
4,formal_tcn_wgan_gp_seed4,0.05,16,830,0.05,0.5289714932441711,0.05060240963855422,0.0,0.05,1.0,0.10009697230901843,0.18197845249755143,1858,0,25335,16704
4,formal_tcn_wgan_gp_seed4,0.05,17,830,0.05,0.5284325480461121,0.05060240963855422,0.0,0.05,1.0,0.1145889451567719,0.205616511189521,2127,0,25335,16435
4,formal_tcn_wgan_gp_seed4,0.05,18,830,0.05,0.5272813439369202,0.05060240963855422,0.0,0.05,1.0,0.1472362891929749,0.25667997182437197,2733,0,25335,15829
4,formal_tcn_wgan_gp_seed4,0.05,19,830,0.05,0.5280061364173889,0.05060240963855422,0.0,0.05,1.0,0.12595625471393168,0.22373205741626792,2338,0,25335,16224
4,formal_tcn_wgan_gp_seed4,0.1,0,1659,0.05,0.5290306806564331,0.050030138637733576,0.0,0.05,1.0,0.09831914664368063,0.17903565997939863,1825,0,25335,16737
4,formal_tcn_wgan_gp_seed4,0.1,1,1659,0.05,0.5293228030204773,0.050030138637733576,0.0,0.05,1.0,0.09093847645727832,0.16671604938271606,1688,0,25335,16874
4,formal_tcn_wgan_gp_seed4,0.1,2,1659,0.05,0.5291362404823303,0.050030138637733576,0.0,0.05,1.0,0.09524835685809718,0.17393015248401378,1768,0,25335,16794
4,formal_tcn_wgan_gp_seed4,0.1,3,1659,0.05,0.529045820236206,0.050030138637733576,0.0,0.05,1.0,0.09783428509858852,0.1782314260476985,1816,0,25335,16746
4,formal_tcn_wgan_gp_seed4,0.1,4,1659,0.05,0.5281223058700562,0.050030138637733576,0.0,0.05,1.0,0.12229285637323564,0.21793394777265743,2270,0,25335,16292
4,formal_tcn_wgan_gp_seed4,0.1,5,1659,0.05,0.5288012623786926,0.050030138637733576,0.0,0.05,1.0,0.10451459971985777,0.1892498292849478,1940,0,25335,16622
4,formal_tcn_wgan_gp_seed4,0.1,6,1659,0.05,0.528929591178894,0.050030138637733576,0.0,0.05,1.0,0.10095894838918221,0.18340183989038952,1874,0,25335,16688
4,formal_tcn_wgan_gp_seed4,0.1,7,1659,0.05,0.529691755771637,0.050030138637733576,0.0,0.05,1.0,0.08081025751535395,0.14953643704516,1500,0,25335,17062
4,formal_tcn_wgan_gp_seed4,0.1,8,1659,0.05,0.5293600559234619,0.050030138637733576,0.0,0.05,1.0,0.0900226268721043,0.16517570305935847,1671,0,25335,16891
4,formal_tcn_wgan_gp_seed4,0.1,9,1659,0.05,0.5288788080215454,0.050030138637733576,0.0,0.05,1.0,0.10241353302445858,0.1857987587352783,1901,0,25335,16661
4,formal_tcn_wgan_gp_seed4,0.1,10,1659,0.05,0.528668999671936,0.050030138637733576,0.0,0.05,1.0,0.10812412455554359,0.1951480383100783,2007,0,25335,16555
4,formal_tcn_wgan_gp_seed4,0.1,11,1659,0.05,0.5279461741447449,0.050030138637733576,0.0,0.05,1.0,0.127626333369249,0.22636281114136927,2369,0,25335,16193
4,formal_tcn_wgan_gp_seed4,0.1,12,1659,0.05,0.5287430286407471,0.050030138637733576,0.0,0.05,1.0,0.10623855188018533,0.19207168598422128,1972,0,25335,16590
4,formal_tcn_wgan_gp_seed4,0.1,13,1659,0.05,0.5289106369018555,0.050030138637733576,0.0,0.05,1.0,0.10176705096433573,0.18473424282431175,1889,0,25335,16673
4,formal_tcn_wgan_gp_seed4,0.1,14,1659,0.05,0.5278323888778687,0.050030138637733576,0.0,0.05,1.0,0.13085874366986316,0.23143251869848983,2429,0,25335,16133
4,formal_tcn_wgan_gp_seed4,0.1,15,1659,0.05,0.5276706218719482,0.050030138637733576,0.0,0.05,1.0,0.1358689796358151,0.23923354202238664,2522,0,25335,16040
4,formal_tcn_wgan_gp_seed4,0.1,16,1659,0.05,0.5286700129508972,0.050030138637733576,0.0,0.05,1.0,0.10812412455554359,0.1951480383100783,2007,0,25335,16555
4,formal_tcn_wgan_gp_seed4,0.1,17,1659,0.05,0.5284441113471985,0.050030138637733576,0.0,0.05,1.0,0.11431957763172072,0.20518274995165345,2122,0,25335,16440
4,formal_tcn_wgan_gp_seed4,0.1,18,1659,0.05,0.5273019075393677,0.050030138637733576,0.0,0.05,1.0,0.146805301152893,0.25602480387090715,2725,0,25335,15837
4,formal_tcn_wgan_gp_seed4,0.1,19,1659,0.05,0.5291144847869873,0.050030138637733576,0.0,0.05,1.0,0.09578709190819955,0.17482792527040314,1778,0,25335,16784
4,formal_tcn_wgan_gp_seed4,0.2,0,3318,0.05,0.5283186435699463,0.050030138637733576,0.0,0.05,1.0,0.11739036741730417,0.21011523070247334,2179,0,25335,16383
4,formal_tcn_wgan_gp_seed4,0.2,1,3318,0.05,0.528489351272583,0.050030138637733576,0.0,0.05,1.0,0.11275724598642388,0.20266279351246672,2093,0,25335,16469
4,formal_tcn_wgan_gp_seed4,0.2,2,3318,0.05,0.5282843708992004,0.050030138637733576,0.0,0.05,1.0,0.118036849477427,0.21115019515250805,2191,0,25335,16371
4,formal_tcn_wgan_gp_seed4,0.2,3,3318,0.05,0.5284795761108398,0.050030138637733576,0.0,0.05,1.0,0.11318823402650577,0.20335866040749165,2101,0,25335,16461
4,formal_tcn_wgan_gp_seed4,0.2,4,3318,0.05,0.5279504060745239,0.050030138637733576,0.0,0.05,1.0,0.1274647128542183,0.22610856269113147,2366,0,25335,16196
4,formal_tcn_wgan_gp_seed4,0.2,5,3318,0.05,0.5284507870674133,0.050030138637733576,0.0,0.05,1.0,0.11421183062170025,0.20500918673242435,2120,0,25335,16442
4,formal_tcn_wgan_gp_seed4,0.2,6,3318,0.05,0.5278530716896057,0.050030138637733576,0.0,0.05,1.0,0.13037388212477105,0.23067391097130877,2420,0,25335,16142
4,formal_tcn_wgan_gp_seed4,0.2,7,3318,0.05,0.5288447141647339,0.050030138637733576,0.0,0.05,1.0,0.10338325611464282,0.18739319369171425,1919,0,25335,16643
4,formal_tcn_wgan_gp_seed4,0.2,8,3318,0.05,0.5288416147232056,0.050030138637733576,0.0,0.05,1.0,0.10354487662967353,0.18765866041788712,1922,0,25335,16640
4,formal_tcn_wgan_gp_seed4,0.2,9,3318,0.05,0.5287773013114929,0.050030138637733576,0.0,0.05,1.0,0.10543044930503179,0.19075003655148887,1957,0,25335,16605
4,formal_tcn_wgan_gp_seed4,0.2,10,3318,0.05,0.5288350582122803,0.050030138637733576,0.0,0.05,1.0,0.1038142441547247,0.188100932207526,1927,0,25335,16635
4,formal_tcn_wgan_gp_seed4,0.2,11,3318,0.05,0.5290290117263794,0.050030138637733576,0.0,0.05,1.0,0.09831914664368063,0.17903565997939863,1825,0,25335,16737
4,formal_tcn_wgan_gp_seed4,0.2,12,3318,0.05,0.528114914894104,0.050030138637733576,0.0,0.05,1.0,0.12256222389828682,0.21836156836396792,2275,0,25335,16287
4,formal_tcn_wgan_gp_seed4,0.2,13,3318,0.05,0.5281664133071899,0.050030138637733576,0.0,0.05,1.0,0.1207305247279388,0.21544969475556408,2241,0,25335,16321
4,formal_tcn_wgan_gp_seed4,0.2,14,3318,0.05,0.5281521081924438,0.050030138637733576,0.0,0.05,1.0,0.12143088029307186,0.2165641813989239,2254,0,25335,16308
4,formal_tcn_wgan_gp_seed4,0.2,15,3318,0.05,0.529611349105835,0.050030138637733576,0.0,0.05,1.0,0.08291132421075315,0.15312671011392467,1539,0,25335,17023
4,formal_tcn_wgan_gp_seed4,0.2,16,3318,0.05,0.5293073654174805,0.050030138637733576,0.0,0.05,1.0,0.09115397047731925,0.16707810802804385,1692,0,25335,16870
4,formal_tcn_wgan_gp_seed4,0.2,17,3318,0.05,0.5281694531440735,0.050030138637733576,0.0,0.05,1.0,0.1207305247279388,0.21544969475556408,2241,0,25335,16321
4,formal_tcn_wgan_gp_seed4,0.2,18,3318,0.05,0.5285676717758179,0.050030138637733576,0.0,0.05,1.0,0.11017131774593256,0.19847624593584706,2045,0,25335,16517
4,formal_tcn_wgan_gp_seed4,0.2,19,3318,0.05,0.529472291469574,0.050030138637733576,0.0,0.05,1.0,0.08684409007650037,0.1598096559928621,1612,0,25335,16950
4,formal_tcn_wgan_gp_seed4,0.4,0,6636,0.05,0.5284485220909119,0.050030138637733576,0.0,0.05,1.0,0.11426570412671049,0.205095972537833,2121,0,25335,16441
4,formal_tcn_wgan_gp_seed4,0.4,1,6636,0.05,0.5282238721847534,0.050030138637733576,0.0,0.05,1.0,0.1193836871026829,0.21330253152372702,2216,0,25335,16346
4,formal_tcn_wgan_gp_seed4,0.4,2,6636,0.05,0.5286023020744324,0.050030138637733576,0.0,0.05,1.0,0.10941708867578925,0.19725149322585345,2031,0,25335,16531
4,formal_tcn_wgan_gp_seed4,0.4,3,6636,0.05,0.5287207365036011,0.050030138637733576,0.0,0.05,1.0,0.10661566641525698,0.19268779514142448,1979,0,25335,16583
4,formal_tcn_wgan_gp_seed4,0.4,4,6636,0.05,0.5284054279327393,0.050030138637733576,0.0,0.05,1.0,0.11501993319685379,0.2063100932502295,2135,0,25335,16427
4,formal_tcn_wgan_gp_seed4,0.4,5,6636,0.05,0.5288339853286743,0.050030138637733576,0.0,0.05,1.0,0.10386811765973494,0.18818936066373843,1928,0,25335,16634
4,formal_tcn_wgan_gp_seed4,0.4,6,6636,0.05,0.528607189655304,0.050030138637733576,0.0,0.05,1.0,0.10941708867578925,0.19725149322585345,2031,0,25335,16531
4,formal_tcn_wgan_gp_seed4,0.4,7,6636,0.05,0.5285735130310059,0.050030138637733576,0.0,0.05,1.0,0.11006357073591208,0.19830138315942733,2043,0,25335,16519
4,formal_tcn_wgan_gp_seed4,0.4,8,6636,0.05,0.5287887454032898,0.050030138637733576,0.0,0.05,1.0,0.10510720827497037,0.1902208355676888,1951,0,25335,16611
4,formal_tcn_wgan_gp_seed4,0.4,9,6636,0.05,0.528378963470459,0.050030138637733576,0.0,0.05,1.0,0.11588190927701757,0.20769565007483223,2151,0,25335,16411
4,formal_tcn_wgan_gp_seed4,0.4,10,6636,0.05,0.5286123752593994,0.050030138637733576,0.0,0.05,1.0,0.10925546816075854,0.19698882952889754,2028,0,25335,16534
4,formal_tcn_wgan_gp_seed4,0.4,11,6636,0.05,0.5283989906311035,0.050030138637733576,0.0,0.05,1.0,0.1153431742269152,0.2068299280297541,2141,0,25335,16421
4,formal_tcn_wgan_gp_seed4,0.4,12,6636,0.05,0.5288125276565552,0.050030138637733576,0.0,0.05,1.0,0.10435297920482707,0.1889848285282209,1937,0,25335,16625
4,formal_tcn_wgan_gp_seed4,0.4,13,6636,0.05,0.5284722447395325,0.050030138637733576,0.0,0.05,1.0,0.11356534856157742,0.2039671020803096,2108,0,25335,16454
4,formal_tcn_wgan_gp_seed4,0.4,14,6636,0.05,0.5282714366912842,0.050030138637733576,0.0,0.05,1.0,0.11830621700247818,0.21158107717506502,2196,0,25335,16366
4,formal_tcn_wgan_gp_seed4,0.4,15,6636,0.05,0.5289798974990845,0.050030138637733576,0.0,0.05,1.0,0.09982760478396724,0.18153318638256183,1853,0,25335,16709
4,formal_tcn_wgan_gp_seed4,0.4,16,6636,0.05,0.528342604637146,0.050030138637733576,0.0,0.05,1.0,0.11663613834716087,0.20890625753847641,2165,0,25335,16397
4,formal_tcn_wgan_gp_seed4,0.4,17,6636,0.05,0.5281295776367188,0.050030138637733576,0.0,0.05,1.0,0.1220773623531947,0.2175917034760899,2266,0,25335,16296
4,formal_tcn_wgan_gp_seed4,0.4,18,6636,0.05,0.5281449556350708,0.050030138637733576,0.0,0.05,1.0,0.12164637431311282,0.21690682036503361,2258,0,25335,16304
4,formal_tcn_wgan_gp_seed4,0.4,19,6636,0.05,0.5289134979248047,0.050030138637733576,0.0,0.05,1.0,0.10171317745932551,0.18464547677261614,1888,0,25335,16674
4,formal_tcn_wgan_gp_seed4,1.0,0,16591,0.05,0.5285941958427429,0.05002712313905129,0.0,0.05,1.0,0.10952483568580972,0.19742655984462248,2033,0,25335,16529
4,formal_tcn_wgan_gp_seed4,1.0,1,16591,0.05,0.5285941958427429,0.05002712313905129,0.0,0.05,1.0,0.10952483568580972,0.19742655984462248,2033,0,25335,16529
4,formal_tcn_wgan_gp_seed4,1.0,2,16591,0.05,0.5285941958427429,0.05002712313905129,0.0,0.05,1.0,0.10952483568580972,0.19742655984462248,2033,0,25335,16529
4,formal_tcn_wgan_gp_seed4,1.0,3,16591,0.05,0.5285941958427429,0.05002712313905129,0.0,0.05,1.0,0.10952483568580972,0.19742655984462248,2033,0,25335,16529
4,formal_tcn_wgan_gp_seed4,1.0,4,16591,0.05,0.5285941958427429,0.05002712313905129,0.0,0.05,1.0,0.10952483568580972,0.19742655984462248,2033,0,25335,16529
4,formal_tcn_wgan_gp_seed4,1.0,5,16591,0.05,0.5285941958427429,0.05002712313905129,0.0,0.05,1.0,0.10952483568580972,0.19742655984462248,2033,0,25335,16529
4,formal_tcn_wgan_gp_seed4,1.0,6,16591,0.05,0.5285941958427429,0.05002712313905129,0.0,0.05,1.0,0.10952483568580972,0.19742655984462248,2033,0,25335,16529
4,formal_tcn_wgan_gp_seed4,1.0,7,16591,0.05,0.5285941958427429,0.05002712313905129,0.0,0.05,1.0,0.10952483568580972,0.19742655984462248,2033,0,25335,16529
4,formal_tcn_wgan_gp_seed4,1.0,8,16591,0.05,0.5285941958427429,0.05002712313905129,0.0,0.05,1.0,0.10952483568580972,0.19742655984462248,2033,0,25335,16529
4,formal_tcn_wgan_gp_seed4,1.0,9,16591,0.05,0.5285941958427429,0.05002712313905129,0.0,0.05,1.0,0.10952483568580972,0.19742655984462248,2033,0,25335,16529
4,formal_tcn_wgan_gp_seed4,1.0,10,16591,0.05,0.5285941958427429,0.05002712313905129,0.0,0.05,1.0,0.10952483568580972,0.19742655984462248,2033,0,25335,16529
4,formal_tcn_wgan_gp_seed4,1.0,11,16591,0.05,0.5285941958427429,0.05002712313905129,0.0,0.05,1.0,0.10952483568580972,0.19742655984462248,2033,0,25335,16529
4,formal_tcn_wgan_gp_seed4,1.0,12,16591,0.05,0.5285941958427429,0.05002712313905129,0.0,0.05,1.0,0.10952483568580972,0.19742655984462248,2033,0,25335,16529
4,formal_tcn_wgan_gp_seed4,1.0,13,16591,0.05,0.5285941958427429,0.05002712313905129,0.0,0.05,1.0,0.10952483568580972,0.19742655984462248,2033,0,25335,16529
4,formal_tcn_wgan_gp_seed4,1.0,14,16591,0.05,0.5285941958427429,0.05002712313905129,0.0,0.05,1.0,0.10952483568580972,0.19742655984462248,2033,0,25335,16529
4,formal_tcn_wgan_gp_seed4,1.0,15,16591,0.05,0.5285941958427429,0.05002712313905129,0.0,0.05,1.0,0.10952483568580972,0.19742655984462248,2033,0,25335,16529
4,formal_tcn_wgan_gp_seed4,1.0,16,16591,0.05,0.5285941958427429,0.05002712313905129,0.0,0.05,1.0,0.10952483568580972,0.19742655984462248,2033,0,25335,16529
4,formal_tcn_wgan_gp_seed4,1.0,17,16591,0.05,0.5285941958427429,0.05002712313905129,0.0,0.05,1.0,0.10952483568580972,0.19742655984462248,2033,0,25335,16529
4,formal_tcn_wgan_gp_seed4,1.0,18,16591,0.05,0.5285941958427429,0.05002712313905129,0.0,0.05,1.0,0.10952483568580972,0.19742655984462248,2033,0,25335,16529
4,formal_tcn_wgan_gp_seed4,1.0,19,16591,0.05,0.5285941958427429,0.05002712313905129,0.0,0.05,1.0,0.10952483568580972,0.19742655984462248,2033,0,25335,16529
4,formal_tcn_wgan_gp_seed4,0.05,0,830,0.1,0.5214749574661255,0.1,0.0,0.1,1.0,0.3252882232518048,0.49089430894308944,6038,0,25335,12524
4,formal_tcn_wgan_gp_seed4,0.05,1,830,0.1,0.5203477144241333,0.1,0.0,0.1,1.0,0.35319469884710697,0.5220160840831276,6556,0,25335,12006
4,formal_tcn_wgan_gp_seed4,0.05,2,830,0.1,0.5200349688529968,0.1,0.0,0.1,1.0,0.36111410408361166,0.5306154759548782,6703,0,25335,11859
4,formal_tcn_wgan_gp_seed4,0.05,3,830,0.1,0.5168997049331665,0.1,0.0,0.1,1.0,0.4272168947311712,0.5986712969953193,7930,0,25335,10632
4,formal_tcn_wgan_gp_seed4,0.05,4,830,0.1,0.5199220776557922,0.1,0.0,0.1,1.0,0.3638077793341235,0.5335176772664428,6753,0,25335,11809
4,formal_tcn_wgan_gp_seed4,0.05,5,830,0.1,0.5209293365478516,0.1,0.0,0.1,1.0,0.33918758754444567,0.506557245152466,6296,0,25335,12266
4,formal_tcn_wgan_gp_seed4,0.05,6,830,0.1,0.5185028910636902,0.1,0.0,0.1,1.0,0.39553927378515247,0.5668622606547251,7342,0,25335,11220
4,formal_tcn_wgan_gp_seed4,0.05,7,830,0.1,0.5205659866333008,0.1,0.0,0.1,1.0,0.3476996013360629,0.5159897665494084,6454,0,25335,12108
4,formal_tcn_wgan_gp_seed4,0.05,8,830,0.1,0.5215049982070923,0.1,0.0,0.1,1.0,0.3244801206766512,0.4899735611145007,6023,0,25335,12539
4,formal_tcn_wgan_gp_seed4,0.05,9,830,0.1,0.5199111104011536,0.1,0.0,0.1,1.0,0.36407714685917464,0.5338072669826225,6758,0,25335,11804
4,formal_tcn_wgan_gp_seed4,0.05,10,830,0.1,0.5231139659881592,0.1,0.0,0.1,1.0,0.27615558668246953,0.43279297534616684,5126,0,25335,13436
4,formal_tcn_wgan_gp_seed4,0.05,11,830,0.1,0.5230541825294495,0.1,0.0,0.1,1.0,0.27798728585281757,0.43503920411432423,5160,0,25335,13402
4,formal_tcn_wgan_gp_seed4,0.05,12,830,0.1,0.5203450918197632,0.1,0.0,0.1,1.0,0.3532485723521172,0.5220749233647836,6557,0,25335,12005
4,formal_tcn_wgan_gp_seed4,0.05,13,830,0.1,0.5203195810317993,0.1,0.0,0.1,1.0,0.3540566749272708,0.522956950744012,6572,0,25335,11990
4,formal_tcn_wgan_gp_seed4,0.05,14,830,0.1,0.5176037549972534,0.1,0.0,0.1,1.0,0.4140178860036634,0.5855907341791443,7685,0,25335,10877
4,formal_tcn_wgan_gp_seed4,0.05,15,830,0.1,0.5198136568069458,0.1,0.0,0.1,1.0,0.3663398340696046,0.5362353126725022,6800,0,25335,11762
4,formal_tcn_wgan_gp_seed4,0.05,16,830,0.1,0.5227094888687134,0.1,0.0,0.1,1.0,0.2894084689149876,0.44890114481490767,5372,0,25335,13190
4,formal_tcn_wgan_gp_seed4,0.05,17,830,0.1,0.5195891857147217,0.1,0.0,0.1,1.0,0.37161943756060767,0.5418695993715632,6898,0,25335,11664
4,formal_tcn_wgan_gp_seed4,0.05,18,830,0.1,0.5197785496711731,0.1,0.0,0.1,1.0,0.36725568365477856,0.5372158083454824,6817,0,25335,11745
4,formal_tcn_wgan_gp_seed4,0.05,19,830,0.1,0.5208351016044617,0.1,0.0,0.1,1.0,0.34204288330998817,0.5097346553731283,6349,0,25335,12213
4,formal_tcn_wgan_gp_seed4,0.1,0,1659,0.1,0.5228101015090942,0.10006027727546715,0.0,0.1,1.0,0.2861221851093632,0.44493779583630044,5311,0,25335,13251
4,formal_tcn_wgan_gp_seed4,0.1,1,1659,0.1,0.5224441885948181,0.10006027727546715,0.0,0.1,1.0,0.29738174765650255,0.4584336849098912,5520,0,25335,13042
4,formal_tcn_wgan_gp_seed4,0.1,2,1659,0.1,0.5217556953430176,0.10006027727546715,0.0,0.1,1.0,0.3176920590453615,0.48219469315998204,5897,0,25335,12665
4,formal_tcn_wgan_gp_seed4,0.1,3,1659,0.1,0.5216420292854309,0.10006027727546715,0.0,0.1,1.0,0.320547354810904,0.48547650130548303,5950,0,25335,12612
4,formal_tcn_wgan_gp_seed4,0.1,4,1659,0.1,0.5210387110710144,0.10006027727546715,0.0,0.1,1.0,0.33600905074884174,0.503004153393282,6237,0,25335,12325
4,formal_tcn_wgan_gp_seed4,0.1,5,1659,0.1,0.5215741991996765,0.10006027727546715,0.0,0.1,1.0,0.3221635599612111,0.4873278461413088,5980,0,25335,12582
4,formal_tcn_wgan_gp_seed4,0.1,6,1659,0.1,0.5218822956085205,0.10006027727546715,0.0,0.1,1.0,0.31413640771468593,0.47808797605870534,5831,0,25335,12731
4,formal_tcn_wgan_gp_seed4,0.1,7,1659,0.1,0.5223807692527771,0.10006027727546715,0.0,0.1,1.0,0.2995905613619222,0.46105376611532567,5561,0,25335,13001
4,formal_tcn_wgan_gp_seed4,0.1,8,1659,0.1,0.5219022631645203,0.10006027727546715,0.0,0.1,1.0,0.31343605214955284,0.4772764561115668,5818,0,25335,12744
4,formal_tcn_wgan_gp_seed4,0.1,9,1659,0.1,0.5218461155891418,0.10006027727546715,0.0,0.1,1.0,0.3153216248249111,0.4794593487610076,5853,0,25335,12709
4,formal_tcn_wgan_gp_seed4,0.1,10,1659,0.1,0.5213226675987244,0.10006027727546715,0.0,0.1,1.0,0.3287900010774701,0.49487127508615447,6103,0,25335,12459
4,formal_tcn_wgan_gp_seed4,0.1,11,1659,0.1,0.5195233821868896,0.10006027727546715,0.0,0.1,1.0,0.3728046546708329,0.5431284828506396,6920,0,25335,11642
4,formal_tcn_wgan_gp_seed4,0.1,12,1659,0.1,0.5206469893455505,0.10006027727546715,0.0,0.1,1.0,0.34635276371080703,0.5145052218798768,6429,0,25335,12133
4,formal_tcn_wgan_gp_seed4,0.1,13,1659,0.1,0.5214430689811707,0.10006027727546715,0.0,0.1,1.0,0.3258269583019071,0.49150751726940267,6048,0,25335,12514
4,formal_tcn_wgan_gp_seed4,0.1,14,1659,0.1,0.5195546746253967,0.10006027727546715,0.0,0.1,1.0,0.37242754013576124,0.5427281648675172,6913,0,25335,11649
4,formal_tcn_wgan_gp_seed4,0.1,15,1659,0.1,0.519393801689148,0.10006027727546715,0.0,0.1,1.0,0.37587544445641635,0.5463800462038452,6977,0,25335,11585
4,formal_tcn_wgan_gp_seed4,0.1,16,1659,0.1,0.521379828453064,0.10006027727546715,0.0,0.1,1.0,0.3270121754121323,0.49285482299447875,6070,0,25335,12492
4,formal_tcn_wgan_gp_seed4,0.1,17,1659,0.1,0.5209547281265259,0.10006027727546715,0.0,0.1,1.0,0.33875659950436376,0.5060764587525151,6288,0,25335,12274
4,formal_tcn_wgan_gp_seed4,0.1,18,1659,0.1,0.520602285861969,0.10006027727546715,0.0,0.1,1.0,0.3472147397909708,0.5154556724117246,6445,0,25335,12117
4,formal_tcn_wgan_gp_seed4,0.1,19,1659,0.1,0.5214463472366333,0.10006027727546715,0.0,0.1,1.0,0.32571921129188663,0.4913849154746424,6046,0,25335,12516
4,formal_tcn_wgan_gp_seed4,0.2,0,3318,0.1,0.52028888463974,0.10006027727546715,0.0,0.1,1.0,0.3544876629673527,0.523426935009148,6580,0,25335,11982
4,formal_tcn_wgan_gp_seed4,0.2,1,3318,0.1,0.5219035744667053,0.10006027727546715,0.0,0.1,1.0,0.3133821786445426,0.47721399565199557,5817,0,25335,12745
4,formal_tcn_wgan_gp_seed4,0.2,2,3318,0.1,0.5208634734153748,0.10006027727546715,0.0,0.1,1.0,0.3413964012498653,0.5090164263625044,6337,0,25335,12225
4,formal_tcn_wgan_gp_seed4,0.2,3,3318,0.1,0.5213987827301025,0.10006027727546715,0.0,0.1,1.0,0.32674280788708115,0.4925488285215414,6065,0,25335,12497
4,formal_tcn_wgan_gp_seed4,0.2,4,3318,0.1,0.5200100541114807,0.10006027727546715,0.0,0.1,1.0,0.3620299536687857,0.5316035123803498,6720,0,25335,11842
4,formal_tcn_wgan_gp_seed4,0.2,5,3318,0.1,0.5213295221328735,0.10006027727546715,0.0,0.1,1.0,0.3285206335524189,0.49456609894566095,6098,0,25335,12464
4,formal_tcn_wgan_gp_seed4,0.2,6,3318,0.1,0.5188842415809631,0.10006027727546715,0.0,0.1,1.0,0.38713500700355563,0.5581792760602765,7186,0,25335,11376
4,formal_tcn_wgan_gp_seed4,0.2,7,3318,0.1,0.5208383202552795,0.10006027727546715,0.0,0.1,1.0,0.34188126279495745,0.5095551629998394,6346,0,25335,12216
4,formal_tcn_wgan_gp_seed4,0.2,8,3318,0.1,0.5212588310241699,0.10006027727546715,0.0,0.1,1.0,0.3304600797327874,0.49676060900550695,6134,0,25335,12428
4,formal_tcn_wgan_gp_seed4,0.2,9,3318,0.1,0.5209991931915283,0.10006027727546715,0.0,0.1,1.0,0.3374636353841181,0.5046322403931363,6264,0,25335,12298
4,formal_tcn_wgan_gp_seed4,0.2,10,3318,0.1,0.5215510725975037,0.10006027727546715,0.0,0.1,1.0,0.32259454800129295,0.48782077393075357,5988,0,25335,12574
4,formal_tcn_wgan_gp_seed4,0.2,11,3318,0.1,0.5206005573272705,0.10006027727546715,0.0,0.1,1.0,0.3472147397909708,0.5154556724117246,6445,0,25335,12117
4,formal_tcn_wgan_gp_seed4,0.2,12,3318,0.1,0.5204861164093018,0.10006027727546715,0.0,0.1,1.0,0.34953130050641096,0.5180039920159681,6488,0,25335,12074
4,formal_tcn_wgan_gp_seed4,0.2,13,3318,0.1,0.5197635889053345,0.10006027727546715,0.0,0.1,1.0,0.36757892468484,0.5375615520976955,6823,0,25335,11739
4,formal_tcn_wgan_gp_seed4,0.2,14,3318,0.1,0.5212226510047913,0.10006027727546715,0.0,0.1,1.0,0.331268182307941,0.4976731010481163,6149,0,25335,12413
4,formal_tcn_wgan_gp_seed4,0.2,15,3318,0.1,0.5232798457145691,0.10006027727546715,0.0,0.1,1.0,0.27114535071651763,0.4266158084339903,5033,0,25335,13529
4,formal_tcn_wgan_gp_seed4,0.2,16,3318,0.1,0.5224568843841553,0.10006027727546715,0.0,0.1,1.0,0.2967352655963797,0.45766514333194847,5508,0,25335,13054
4,formal_tcn_wgan_gp_seed4,0.2,17,3318,0.1,0.5198991894721985,0.10006027727546715,0.0,0.1,1.0,0.36450813489925654,0.5342703727100442,6766,0,25335,11796
4,formal_tcn_wgan_gp_seed4,0.2,18,3318,0.1,0.5205944776535034,0.10006027727546715,0.0,0.1,1.0,0.3472147397909708,0.5154556724117246,6445,0,25335,12117
4,formal_tcn_wgan_gp_seed4,0.2,19,3318,0.1,0.5222492218017578,0.10006027727546715,0.0,0.1,1.0,0.3035772007326797,0.4657602182088689,5635,0,25335,12927
4,formal_tcn_wgan_gp_seed4,0.4,0,6636,0.1,0.5206272602081299,0.10006027727546715,0.0,0.1,1.0,0.3469453722659196,0.5151587872970161,6440,0,25335,12122
4,formal_tcn_wgan_gp_seed4,0.4,1,6636,0.1,0.5210328698158264,0.10006027727546715,0.0,0.1,1.0,0.336062924253852,0.5030645161290322,6238,0,25335,12324
4,formal_tcn_wgan_gp_seed4,0.4,2,6636,0.1,0.5210552215576172,0.10006027727546715,0.0,0.1,1.0,0.3356319362137701,0.5025814778960955,6230,0,25335,12332
4,formal_tcn_wgan_gp_seed4,0.4,3,6636,0.1,0.5216277837753296,0.10006027727546715,0.0,0.1,1.0,0.3208705958409654,0.4858471327188188,5956,0,25335,12606
4,formal_tcn_wgan_gp_seed4,0.4,4,6636,0.1,0.5210552215576172,0.10006027727546715,0.0,0.1,1.0,0.3356319362137701,0.5025814778960955,6230,0,25335,12332
4,formal_tcn_wgan_gp_seed4,0.4,5,6636,0.1,0.522019624710083,0.10006027727546715,0.0,0.1,1.0,0.3093416657687749,0.47251481237656356,5742,0,25335,12820
4,formal_tcn_wgan_gp_seed4,0.4,6,6636,0.1,0.5221145153045654,0.10006027727546715,0.0,0.1,1.0,0.30654024350824266,0.46923965033811643,5690,0,25335,12872
4,formal_tcn_wgan_gp_seed4,0.4,7,6636,0.1,0.5212032794952393,0.10006027727546715,0.0,0.1,1.0,0.33175304385303306,0.49822006472491903,6158,0,25335,12404
4,formal_tcn_wgan_gp_seed4,0.4,8,6636,0.1,0.5206211805343628,0.10006027727546715,0.0,0.1,1.0,0.34699924577092983,0.5152181738191417,6441,0,25335,12121
4,formal_tcn_wgan_gp_seed4,0.4,9,6636,0.1,0.5215730667114258,0.10006027727546715,0.0,0.1,1.0,0.3221635599612111,0.4873278461413088,5980,0,25335,12582
4,formal_tcn_wgan_gp_seed4,0.4,10,6636,0.1,0.5209278464317322,0.10006027727546715,0.0,0.1,1.0,0.33918758754444567,0.506557245152466,6296,0,25335,12266
4,formal_tcn_wgan_gp_seed4,0.4,11,6636,0.1,0.5208004713058472,0.10006027727546715,0.0,0.1,1.0,0.3429048593901519,0.5106912183576042,6365,0,25335,12197
4,formal_tcn_wgan_gp_seed4,0.4,12,6636,0.1,0.5224200487136841,0.10006027727546715,0.0,0.1,1.0,0.2982437237366663,0.4594572163665034,5536,0,25335,13026
4,formal_tcn_wgan_gp_seed4,0.4,13,6636,0.1,0.5207561254501343,0.10006027727546715,0.0,0.1,1.0,0.343605214955285,0.511467522052927,6378,0,25335,12184
4,formal_tcn_wgan_gp_seed4,0.4,14,6636,0.1,0.5203261375427246,0.10006027727546715,0.0,0.1,1.0,0.3537873074022196,0.5226630586175336,6567,0,25335,11995
4,formal_tcn_wgan_gp_seed4,0.4,15,6636,0.1,0.5217442512512207,0.10006027727546715,0.0,0.1,1.0,0.31796142657041265,0.48250490516677563,5902,0,25335,12660
4,formal_tcn_wgan_gp_seed4,0.4,16,6636,0.1,0.5208204984664917,0.10006027727546715,0.0,0.1,1.0,0.34247387135007,0.5102130904129379,6357,0,25335,12205
4,formal_tcn_wgan_gp_seed4,0.4,17,6636,0.1,0.520480751991272,0.10006027727546715,0.0,0.1,1.0,0.3497467945264519,0.5182406003033448,6492,0,25335,12070
4,formal_tcn_wgan_gp_seed4,0.4,18,6636,0.1,0.5206444263458252,0.10006027727546715,0.0,0.1,1.0,0.3464605107208275,0.514624094746529,6431,0,25335,12131
4,formal_tcn_wgan_gp_seed4,0.4,19,6636,0.1,0.5217735171318054,0.10006027727546715,0.0,0.1,1.0,0.3172071975002694,0.48163599182004097,5888,0,25335,12674
4,formal_tcn_wgan_gp_seed4,1.0,0,16591,0.1,0.5211148262023926,0.09999397263576638,0.0,0.1,1.0,0.3335847430233811,0.500282782580593,6192,0,25335,12370
4,formal_tcn_wgan_gp_seed4,1.0,1,16591,0.1,0.5211148262023926,0.09999397263576638,0.0,0.1,1.0,0.3335847430233811,0.500282782580593,6192,0,25335,12370
4,formal_tcn_wgan_gp_seed4,1.0,2,16591,0.1,0.5211148262023926,0.09999397263576638,0.0,0.1,1.0,0.3335847430233811,0.500282782580593,6192,0,25335,12370
4,formal_tcn_wgan_gp_seed4,1.0,3,16591,0.1,0.5211148262023926,0.09999397263576638,0.0,0.1,1.0,0.3335847430233811,0.500282782580593,6192,0,25335,12370
4,formal_tcn_wgan_gp_seed4,1.0,4,16591,0.1,0.5211148262023926,0.09999397263576638,0.0,0.1,1.0,0.3335847430233811,0.500282782580593,6192,0,25335,12370
4,formal_tcn_wgan_gp_seed4,1.0,5,16591,0.1,0.5211148262023926,0.09999397263576638,0.0,0.1,1.0,0.3335847430233811,0.500282782580593,6192,0,25335,12370
4,formal_tcn_wgan_gp_seed4,1.0,6,16591,0.1,0.5211148262023926,0.09999397263576638,0.0,0.1,1.0,0.3335847430233811,0.500282782580593,6192,0,25335,12370
4,formal_tcn_wgan_gp_seed4,1.0,7,16591,0.1,0.5211148262023926,0.09999397263576638,0.0,0.1,1.0,0.3335847430233811,0.500282782580593,6192,0,25335,12370
4,formal_tcn_wgan_gp_seed4,1.0,8,16591,0.1,0.5211148262023926,0.09999397263576638,0.0,0.1,1.0,0.3335847430233811,0.500282782580593,6192,0,25335,12370
4,formal_tcn_wgan_gp_seed4,1.0,9,16591,0.1,0.5211148262023926,0.09999397263576638,0.0,0.1,1.0,0.3335847430233811,0.500282782580593,6192,0,25335,12370
4,formal_tcn_wgan_gp_seed4,1.0,10,16591,0.1,0.5211148262023926,0.09999397263576638,0.0,0.1,1.0,0.3335847430233811,0.500282782580593,6192,0,25335,12370
4,formal_tcn_wgan_gp_seed4,1.0,11,16591,0.1,0.5211148262023926,0.09999397263576638,0.0,0.1,1.0,0.3335847430233811,0.500282782580593,6192,0,25335,12370
4,formal_tcn_wgan_gp_seed4,1.0,12,16591,0.1,0.5211148262023926,0.09999397263576638,0.0,0.1,1.0,0.3335847430233811,0.500282782580593,6192,0,25335,12370
4,formal_tcn_wgan_gp_seed4,1.0,13,16591,0.1,0.5211148262023926,0.09999397263576638,0.0,0.1,1.0,0.3335847430233811,0.500282782580593,6192,0,25335,12370
4,formal_tcn_wgan_gp_seed4,1.0,14,16591,0.1,0.5211148262023926,0.09999397263576638,0.0,0.1,1.0,0.3335847430233811,0.500282782580593,6192,0,25335,12370
4,formal_tcn_wgan_gp_seed4,1.0,15,16591,0.1,0.5211148262023926,0.09999397263576638,0.0,0.1,1.0,0.3335847430233811,0.500282782580593,6192,0,25335,12370
4,formal_tcn_wgan_gp_seed4,1.0,16,16591,0.1,0.5211148262023926,0.09999397263576638,0.0,0.1,1.0,0.3335847430233811,0.500282782580593,6192,0,25335,12370
4,formal_tcn_wgan_gp_seed4,1.0,17,16591,0.1,0.5211148262023926,0.09999397263576638,0.0,0.1,1.0,0.3335847430233811,0.500282782580593,6192,0,25335,12370
4,formal_tcn_wgan_gp_seed4,1.0,18,16591,0.1,0.5211148262023926,0.09999397263576638,0.0,0.1,1.0,0.3335847430233811,0.500282782580593,6192,0,25335,12370
4,formal_tcn_wgan_gp_seed4,1.0,19,16591,0.1,0.5211148262023926,0.09999397263576638,0.0,0.1,1.0,0.3335847430233811,0.500282782580593,6192,0,25335,12370
4,formal_tcn_wgan_gp_seed4,0.05,0,830,0.15,0.5097681879997253,0.15060240963855423,0.0,0.15,1.0,0.4950975110440685,0.6622946093975209,9190,0,25335,9372
4,formal_tcn_wgan_gp_seed4,0.05,1,830,0.15,0.5018721222877502,0.15060240963855423,0.00019735543714229328,0.1498026445628577,0.9994739610731194,0.5117982975972417,0.6769515801475041,9500,5,25330,9062
4,formal_tcn_wgan_gp_seed4,0.05,2,830,0.15,0.5083538889884949,0.15060240963855423,0.0,0.15,1.0,0.4996767589699386,0.6663792793763696,9275,0,25335,9287
4,formal_tcn_wgan_gp_seed4,0.05,3,830,0.15,0.5070708990097046,0.15060240963855423,0.0,0.15,1.0,0.502963042775563,0.6692952899849453,9336,0,25335,9226
4,formal_tcn_wgan_gp_seed4,0.05,4,830,0.15,0.509925365447998,0.15060240963855423,0.0,0.15,1.0,0.494289408468915,0.6615711865017847,9175,0,25335,9387
4,formal_tcn_wgan_gp_seed4,0.05,5,830,0.15,0.5079478025436401,0.15060240963855423,0.0,0.15,1.0,0.5010235965951945,0.667575909841361,9300,0,25335,9262
4,formal_tcn_wgan_gp_seed4,0.05,6,830,0.15,0.5099970102310181,0.15060240963855423,0.0,0.15,1.0,0.49423553496390477,0.6615229304874531,9174,0,25335,9388
4,formal_tcn_wgan_gp_seed4,0.05,7,830,0.15,0.5125067830085754,0.15060240963855423,0.0,0.15,1.0,0.4812520202564379,0.6497908710674668,8933,0,25335,9629
4,formal_tcn_wgan_gp_seed4,0.05,8,830,0.15,0.5137202739715576,0.15060240963855423,0.0,0.15,1.0,0.47042344574938044,0.6398475855499377,8732,0,25335,9830
4,formal_tcn_wgan_gp_seed4,0.05,9,830,0.15,0.5100768208503723,0.15060240963855423,0.0,0.15,1.0,0.49407391444887405,0.6613781415642015,9171,0,25335,9391
4,formal_tcn_wgan_gp_seed4,0.05,10,830,0.15,0.5155729055404663,0.15060240963855423,0.0,0.15,1.0,0.4489279172502963,0.6196690834727645,8333,0,25335,10229
4,formal_tcn_wgan_gp_seed4,0.05,11,830,0.15,0.5153228044509888,0.15060240963855423,0.0,0.15,1.0,0.45216032755091046,0.6227416063810054,8393,0,25335,10169
4,formal_tcn_wgan_gp_seed4,0.05,12,830,0.15,0.5097988247871399,0.15060240963855423,0.0,0.15,1.0,0.49498976403404804,0.6621981981981983,9188,0,25335,9374
4,formal_tcn_wgan_gp_seed4,0.05,13,830,0.15,0.5077152252197266,0.15060240963855423,0.0,0.15,1.0,0.5015623316452968,0.6680539609644087,9310,0,25335,9252
4,formal_tcn_wgan_gp_seed4,0.05,14,830,0.15,0.5058106780052185,0.15060240963855423,0.0,0.15,1.0,0.5056028445210645,0.671628439546284,9385,0,25335,9177
4,formal_tcn_wgan_gp_seed4,0.05,15,830,0.15,0.5100902318954468,0.15060240963855423,0.0,0.15,1.0,0.49407391444887405,0.6613781415642015,9171,0,25335,9391
4,formal_tcn_wgan_gp_seed4,0.05,16,830,0.15,0.5149680972099304,0.15060240963855423,0.0,0.15,1.0,0.45587759939661676,0.6262581409117821,8462,0,25335,10100
4,formal_tcn_wgan_gp_seed4,0.05,17,830,0.15,0.5100343823432922,0.15060240963855423,0.0,0.15,1.0,0.49418166145889453,0.6614746709933298,9173,0,25335,9389
4,formal_tcn_wgan_gp_seed4,0.05,18,830,0.15,0.5104121565818787,0.15060240963855423,0.0,0.15,1.0,0.4928886973386489,0.6603153982173144,9149,0,25335,9413
4,formal_tcn_wgan_gp_seed4,0.05,19,830,0.15,0.5104091763496399,0.15060240963855423,0.0,0.15,1.0,0.4928886973386489,0.6603153982173144,9149,0,25335,9413
4,formal_tcn_wgan_gp_seed4,0.1,0,1659,0.15,0.5147060751914978,0.15009041591320071,0.0,0.15,1.0,0.4592177567072514,0.6294026434320313,8524,0,25335,10038
4,formal_tcn_wgan_gp_seed4,0.1,1,1659,0.15,0.5147970914840698,0.15009041591320071,0.0,0.15,1.0,0.4582480336170671,0.6284912073296882,8506,0,25335,10056
4,formal_tcn_wgan_gp_seed4,0.1,2,1659,0.15,0.5116744041442871,0.15009041591320071,0.0,0.15,1.0,0.48658549725245126,0.6546350655939697,9032,0,25335,9530
4,formal_tcn_wgan_gp_seed4,0.1,3,1659,0.15,0.5119737982749939,0.15009041591320071,0.0,0.15,1.0,0.4850231656071544,0.6532196626156358,9003,0,25335,9559
4,formal_tcn_wgan_gp_seed4,0.1,4,1659,0.15,0.5127277374267578,0.15009041591320071,0.0,0.15,1.0,0.47958194160112055,0.6482668220215554,8902,0,25335,9660
4,formal_tcn_wgan_gp_seed4,0.1,5,1659,0.15,0.5117249488830566,0.15009041591320071,0.0,0.15,1.0,0.4863700032324103,0.6544400144980065,9028,0,25335,9534
4,formal_tcn_wgan_gp_seed4,0.1,6,1659,0.15,0.5139209628105164,0.15009041591320071,0.0,0.15,1.0,0.46789139101389937,0.637501376298308,8685,0,25335,9877
4,formal_tcn_wgan_gp_seed4,0.1,7,1659,0.15,0.5124092698097229,0.15009041591320071,0.0,0.15,1.0,0.4818446288115505,0.650330836908311,8944,0,25335,9618
4,formal_tcn_wgan_gp_seed4,0.1,8,1659,0.15,0.5122776627540588,0.15009041591320071,0.0,0.15,1.0,0.482652731386704,0.6510664583409034,8959,0,25335,9603
4,formal_tcn_wgan_gp_seed4,0.1,9,1659,0.15,0.5140641331672668,0.15009041591320071,0.0,0.15,1.0,0.4660058183385411,0.635748934293694,8650,0,25335,9912
4,formal_tcn_wgan_gp_seed4,0.1,10,1659,0.15,0.5112132430076599,0.15009041591320071,0.0,0.15,1.0,0.48944079301799376,0.6572141642854559,9085,0,25335,9477
4,formal_tcn_wgan_gp_seed4,0.1,11,1659,0.15,0.5074041485786438,0.15009041591320071,0.0,0.15,1.0,0.5022088137054197,0.6686271697030556,9322,0,25335,9240
4,formal_tcn_wgan_gp_seed4,0.1,12,1659,0.15,0.512058675289154,0.15009041591320071,0.0,0.15,1.0,0.4844305570520418,0.6526820062422879,8992,0,25335,9570
4,formal_tcn_wgan_gp_seed4,0.1,13,1659,0.15,0.5133216977119446,0.15009041591320071,0.0,0.15,1.0,0.47397909708005603,0.6431286549707603,8798,0,25335,9764
4,formal_tcn_wgan_gp_seed4,0.1,14,1659,0.15,0.5079679489135742,0.15009041591320071,0.0,0.15,1.0,0.5009697230901843,0.6675280858547792,9299,0,25335,9263
4,formal_tcn_wgan_gp_seed4,0.1,15,1659,0.15,0.5081254243850708,0.15009041591320071,0.0,0.15,1.0,0.5003232410300614,0.6669539301231642,9287,0,25335,9275
4,formal_tcn_wgan_gp_seed4,0.1,16,1659,0.15,0.5114656686782837,0.15009041591320071,0.0,0.15,1.0,0.48809395539273787,0.6559988415031497,9060,0,25335,9502
4,formal_tcn_wgan_gp_seed4,0.1,17,1659,0.15,0.5100907683372498,0.15009041591320071,0.0,0.15,1.0,0.49407391444887405,0.6613781415642015,9171,0,25335,9391
4,formal_tcn_wgan_gp_seed4,0.1,18,1659,0.15,0.5110337138175964,0.15009041591320071,0.0,0.15,1.0,0.49024889559314727,0.6579423035210759,9100,0,25335,9462
4,formal_tcn_wgan_gp_seed4,0.1,19,1659,0.15,0.5130875706672668,0.15009041591320071,0.0,0.15,1.0,0.4755953022303631,0.6446148229280759,8828,0,25335,9734
4,formal_tcn_wgan_gp_seed4,0.2,0,3318,0.15,0.5105124711990356,0.15009041591320071,0.0,0.15,1.0,0.4923499622885465,0.6598317750261723,9139,0,25335,9423
4,formal_tcn_wgan_gp_seed4,0.2,1,3318,0.15,0.5111123919487,0.15009041591320071,0.0,0.15,1.0,0.4900334015731063,0.6577482102827392,9096,0,25335,9466
4,formal_tcn_wgan_gp_seed4,0.2,2,3318,0.15,0.5103518962860107,0.15009041591320071,0.0,0.15,1.0,0.4930503178536796,0.6604604171177023,9152,0,25335,9410
4,formal_tcn_wgan_gp_seed4,0.2,3,3318,0.15,0.5121039152145386,0.15009041591320071,0.0,0.15,1.0,0.4841611895269906,0.6524374750444663,8987,0,25335,9575
4,formal_tcn_wgan_gp_seed4,0.2,4,3318,0.15,0.509209394454956,0.15009041591320071,0.0,0.15,1.0,0.49709083072944726,0.6640757134117816,9227,0,25335,9335
4,formal_tcn_wgan_gp_seed4,0.2,5,3318,0.15,0.5116422772407532,0.15009041591320071,0.0,0.15,1.0,0.4868009912724922,0.6548300601492862,9036,0,25335,9526
4,formal_tcn_wgan_gp_seed4,0.2,6,3318,0.15,0.5077759027481079,0.15009041591320071,0.0,0.15,1.0,0.5014007111302662,0.667910581649862,9307,0,25335,9255
4,formal_tcn_wgan_gp_seed4,0.2,7,3318,0.15,0.5118716359138489,0.15009041591320071,0.0,0.15,1.0,0.485400280142226,0.6535615842158711,9010,0,25335,9552
4,formal_tcn_wgan_gp_seed4,0.2,8,3318,0.15,0.5116295218467712,0.15009041591320071,0.0,0.15,1.0,0.4868009912724922,0.6548300601492862,9036,0,25335,9526
4,formal_tcn_wgan_gp_seed4,0.2,9,3318,0.15,0.5111531019210815,0.15009041591320071,0.0,0.15,1.0,0.48987178105807566,0.6576026035075032,9093,0,25335,9469
4,formal_tcn_wgan_gp_seed4,0.2,10,3318,0.15,0.5104885101318359,0.15009041591320071,0.0,0.15,1.0,0.49256545630858745,0.6600252661974373,9143,0,25335,9419
4,formal_tcn_wgan_gp_seed4,0.2,11,3318,0.15,0.5108564496040344,0.15009041591320071,0.0,0.15,1.0,0.4908953776532701,0.6585242465852424,9112,0,25335,9450
4,formal_tcn_wgan_gp_seed4,0.2,12,3318,0.15,0.5096718668937683,0.15009041591320071,0.0,0.15,1.0,0.4954746255791402,0.662631939190893,9197,0,25335,9365
4,formal_tcn_wgan_gp_seed4,0.2,13,3318,0.15,0.5103691816329956,0.15009041591320071,0.0,0.15,1.0,0.4930503178536796,0.6604604171177023,9152,0,25335,9410
4,formal_tcn_wgan_gp_seed4,0.2,14,3318,0.15,0.5110993385314941,0.15009041591320071,0.0,0.15,1.0,0.4900334015731063,0.6577482102827392,9096,0,25335,9466
4,formal_tcn_wgan_gp_seed4,0.2,15,3318,0.15,0.5151796340942383,0.15009041591320071,0.0,0.15,1.0,0.4535610386811766,0.6240687891479189,8419,0,25335,10143
4,formal_tcn_wgan_gp_seed4,0.2,16,3318,0.15,0.5141065716743469,0.15009041591320071,0.0,0.15,1.0,0.4657364508134899,0.6354982173705297,8645,0,25335,9917
4,formal_tcn_wgan_gp_seed4,0.2,17,3318,0.15,0.5102529525756836,0.15009041591320071,0.0,0.15,1.0,0.4934274323887512,0.6607986724865625,9159,0,25335,9403
4,formal_tcn_wgan_gp_seed4,0.2,18,3318,0.15,0.5114139318466187,0.15009041591320071,0.0,0.15,1.0,0.4883094494127788,0.6561934409614132,9064,0,25335,9498
4,formal_tcn_wgan_gp_seed4,0.2,19,3318,0.15,0.5140645503997803,0.15009041591320071,0.0,0.15,1.0,0.4660058183385411,0.635748934293694,8650,0,25335,9912
4,formal_tcn_wgan_gp_seed4,0.4,0,6636,0.15,0.5107827186584473,0.15009041591320071,0.0,0.15,1.0,0.49121861868333155,0.658815028901734,9118,0,25335,9444
4,formal_tcn_wgan_gp_seed4,0.4,1,6636,0.15,0.5103836059570312,0.15009041591320071,0.0,0.15,1.0,0.4929425708436591,0.6603637413394919,9150,0,25335,9412
4,formal_tcn_wgan_gp_seed4,0.4,2,6636,0.15,0.5112943649291992,0.15009041591320071,0.0,0.15,1.0,0.48884818446288114,0.6566796931538573,9074,0,25335,9488
4,formal_tcn_wgan_gp_seed4,0.4,3,6636,0.15,0.5117757320404053,0.15009041591320071,0.0,0.15,1.0,0.48615450921236936,0.6542449068368013,9024,0,25335,9538
4,formal_tcn_wgan_gp_seed4,0.4,4,6636,0.15,0.5104910731315613,0.15009041591320071,0.0,0.15,1.0,0.49256545630858745,0.6600252661974373,9143,0,25335,9419
4,formal_tcn_wgan_gp_seed4,0.4,5,6636,0.15,0.5118670463562012,0.15009041591320071,0.0,0.15,1.0,0.485400280142226,0.6535615842158711,9010,0,25335,9552
4,formal_tcn_wgan_gp_seed4,0.4,6,6636,0.15,0.512067437171936,0.15009041591320071,0.0,0.15,1.0,0.48437668354703156,0.6526331071026749,8991,0,25335,9571
4,formal_tcn_wgan_gp_seed4,0.4,7,6636,0.15,0.5120587348937988,0.15009041591320071,0.0,0.15,1.0,0.4844305570520418,0.6526820062422879,8992,0,25335,9570
4,formal_tcn_wgan_gp_seed4,0.4,8,6636,0.15,0.5108914375305176,0.15009041591320071,0.0,0.15,1.0,0.4907337571382394,0.6583788081384844,9109,0,25335,9453
4,formal_tcn_wgan_gp_seed4,0.4,9,6636,0.15,0.511440634727478,0.15009041591320071,0.0,0.15,1.0,0.4881478288977481,0.6560474966513413,9061,0,25335,9501
4,formal_tcn_wgan_gp_seed4,0.4,10,6636,0.15,0.5111403465270996,0.15009041591320071,0.0,0.15,1.0,0.48987178105807566,0.6576026035075032,9093,0,25335,9469
4,formal_tcn_wgan_gp_seed4,0.4,11,6636,0.15,0.5112943649291992,0.15009041591320071,0.0,0.15,1.0,0.48884818446288114,0.6566796931538573,9074,0,25335,9488
4,formal_tcn_wgan_gp_seed4,0.4,12,6636,0.15,0.5134888291358948,0.15009041591320071,0.0,0.15,1.0,0.4722551449197285,0.64153981264637,8766,0,25335,9796
4,formal_tcn_wgan_gp_seed4,0.4,13,6636,0.15,0.5108315348625183,0.15009041591320071,0.0,0.15,1.0,0.49094925115828036,0.658572719060524,9113,0,25335,9449
4,formal_tcn_wgan_gp_seed4,0.4,14,6636,0.15,0.5104988217353821,0.15009041591320071,0.0,0.15,1.0,0.49240383579355673,0.659880153057541,9140,0,25335,9422
4,formal_tcn_wgan_gp_seed4,0.4,15,6636,0.15,0.5113770961761475,0.15009041591320071,0.0,0.15,1.0,0.4886326904428402,0.6564852345107122,9070,0,25335,9492
4,formal_tcn_wgan_gp_seed4,0.4,16,6636,0.15,0.5106406211853027,0.15009041591320071,0.0,0.15,1.0,0.4917573537334339,0.6592993860599494,9128,0,25335,9434
4,formal_tcn_wgan_gp_seed4,0.4,17,6636,0.15,0.51070237159729,0.15009041591320071,0.0,0.15,1.0,0.49148798620838274,0.6590572512190718,9123,0,25335,9439
4,formal_tcn_wgan_gp_seed4,0.4,18,6636,0.15,0.510961651802063,0.15009041591320071,0.0,0.15,1.0,0.49062601012821894,0.6582818316527522,9107,0,25335,9455
4,formal_tcn_wgan_gp_seed4,0.4,19,6636,0.15,0.5120483040809631,0.15009041591320071,0.0,0.15,1.0,0.4845383040620623,0.6527797938742923,8994,0,25335,9568
4,formal_tcn_wgan_gp_seed4,1.0,0,16591,0.15,0.5112154483795166,0.15002109577481768,0.0,0.15,1.0,0.48944079301799376,0.6572141642854559,9085,0,25335,9477
4,formal_tcn_wgan_gp_seed4,1.0,1,16591,0.15,0.5112154483795166,0.15002109577481768,0.0,0.15,1.0,0.48944079301799376,0.6572141642854559,9085,0,25335,9477
4,formal_tcn_wgan_gp_seed4,1.0,2,16591,0.15,0.5112154483795166,0.15002109577481768,0.0,0.15,1.0,0.48944079301799376,0.6572141642854559,9085,0,25335,9477
4,formal_tcn_wgan_gp_seed4,1.0,3,16591,0.15,0.5112154483795166,0.15002109577481768,0.0,0.15,1.0,0.48944079301799376,0.6572141642854559,9085,0,25335,9477
4,formal_tcn_wgan_gp_seed4,1.0,4,16591,0.15,0.5112154483795166,0.15002109577481768,0.0,0.15,1.0,0.48944079301799376,0.6572141642854559,9085,0,25335,9477
4,formal_tcn_wgan_gp_seed4,1.0,5,16591,0.15,0.5112154483795166,0.15002109577481768,0.0,0.15,1.0,0.48944079301799376,0.6572141642854559,9085,0,25335,9477
4,formal_tcn_wgan_gp_seed4,1.0,6,16591,0.15,0.5112154483795166,0.15002109577481768,0.0,0.15,1.0,0.48944079301799376,0.6572141642854559,9085,0,25335,9477
4,formal_tcn_wgan_gp_seed4,1.0,7,16591,0.15,0.5112154483795166,0.15002109577481768,0.0,0.15,1.0,0.48944079301799376,0.6572141642854559,9085,0,25335,9477
4,formal_tcn_wgan_gp_seed4,1.0,8,16591,0.15,0.5112154483795166,0.15002109577481768,0.0,0.15,1.0,0.48944079301799376,0.6572141642854559,9085,0,25335,9477
4,formal_tcn_wgan_gp_seed4,1.0,9,16591,0.15,0.5112154483795166,0.15002109577481768,0.0,0.15,1.0,0.48944079301799376,0.6572141642854559,9085,0,25335,9477
4,formal_tcn_wgan_gp_seed4,1.0,10,16591,0.15,0.5112154483795166,0.15002109577481768,0.0,0.15,1.0,0.48944079301799376,0.6572141642854559,9085,0,25335,9477
4,formal_tcn_wgan_gp_seed4,1.0,11,16591,0.15,0.5112154483795166,0.15002109577481768,0.0,0.15,1.0,0.48944079301799376,0.6572141642854559,9085,0,25335,9477
4,formal_tcn_wgan_gp_seed4,1.0,12,16591,0.15,0.5112154483795166,0.15002109577481768,0.0,0.15,1.0,0.48944079301799376,0.6572141642854559,9085,0,25335,9477
4,formal_tcn_wgan_gp_seed4,1.0,13,16591,0.15,0.5112154483795166,0.15002109577481768,0.0,0.15,1.0,0.48944079301799376,0.6572141642854559,9085,0,25335,9477
4,formal_tcn_wgan_gp_seed4,1.0,14,16591,0.15,0.5112154483795166,0.15002109577481768,0.0,0.15,1.0,0.48944079301799376,0.6572141642854559,9085,0,25335,9477
4,formal_tcn_wgan_gp_seed4,1.0,15,16591,0.15,0.5112154483795166,0.15002109577481768,0.0,0.15,1.0,0.48944079301799376,0.6572141642854559,9085,0,25335,9477
4,formal_tcn_wgan_gp_seed4,1.0,16,16591,0.15,0.5112154483795166,0.15002109577481768,0.0,0.15,1.0,0.48944079301799376,0.6572141642854559,9085,0,25335,9477
4,formal_tcn_wgan_gp_seed4,1.0,17,16591,0.15,0.5112154483795166,0.15002109577481768,0.0,0.15,1.0,0.48944079301799376,0.6572141642854559,9085,0,25335,9477
4,formal_tcn_wgan_gp_seed4,1.0,18,16591,0.15,0.5112154483795166,0.15002109577481768,0.0,0.15,1.0,0.48944079301799376,0.6572141642854559,9085,0,25335,9477
4,formal_tcn_wgan_gp_seed4,1.0,19,16591,0.15,0.5112154483795166,0.15002109577481768,0.0,0.15,1.0,0.48944079301799376,0.6572141642854559,9085,0,25335,9477
4,formal_tcn_wgan_gp_seed4,0.05,0,830,0.25,0.26792624592781067,0.25060240963855424,0.08967831063745806,0.16032168936254193,0.8521988030184752,0.7057429156340912,0.7720869923970061,13100,2272,23063,5462
4,formal_tcn_wgan_gp_seed4,0.05,1,830,0.25,0.15449859201908112,0.25060240963855424,0.16933096506808762,0.08066903493191238,0.8082253017434063,0.9740329705850662,0.8834163979282713,18080,4290,21045,482
4,formal_tcn_wgan_gp_seed4,0.05,2,830,0.25,0.15797054767608643,0.25060240963855424,0.16546279850009868,0.08453720149990132,0.8116293700008987,0.973063247494882,0.8850450803606428,18062,4192,21143,500
4,formal_tcn_wgan_gp_seed4,0.05,3,830,0.25,0.18893733620643616,0.25060240963855424,0.13329386224590486,0.11670613775409514,0.8404290507016964,0.9581941601120569,0.8954562617998743,17786,3377,21958,776
4,formal_tcn_wgan_gp_seed4,0.05,4,830,0.25,0.2866443395614624,0.25060240963855424,0.0793368857312019,0.1706631142687981,0.8659553184394798,0.699547462557914,0.7739070834699169,12985,2010,23325,5577
4,formal_tcn_wgan_gp_seed4,0.05,5,830,0.25,0.2145373374223709,0.25060240963855424,0.1164791790013815,0.1335208209986185,0.8544010262482732,0.9329274862622562,0.891939222250837,17317,2951,22384,1245
4,formal_tcn_wgan_gp_seed4,0.05,6,830,0.25,0.3400382995605469,0.25060240963855424,0.0399052693901717,0.2100947306098283,0.9255413168360583,0.6770283374636353,0.7820161792159303,12567,1011,24324,5995
4,formal_tcn_wgan_gp_seed4,0.05,7,830,0.25,0.20188531279563904,0.25060240963855424,0.12354450365107558,0.12645549634892442,0.8495843144793118,0.9524296950759616,0.8980721851108684,17679,3130,22205,883
4,formal_tcn_wgan_gp_seed4,0.05,8,830,0.25,0.34701108932495117,0.25060240963855424,0.03386619301361753,0.21613380698638246,0.9352648257129923,0.667815968106885,0.7792305758109128,12396,858,24477,6166
4,formal_tcn_wgan_gp_seed4,0.05,9,830,0.25,0.2288171947002411,0.25060240963855424,0.10961120978882968,0.14038879021117032,0.8426272243001247,0.8010451459971986,0.8213102076889086,14869,2777,22558,3693
4,formal_tcn_wgan_gp_seed4,0.05,10,830,0.25,0.4815107583999634,0.25060240963855424,0.00035523978685612787,0.24964476021314388,0.9990741693241436,0.5232194806594117,0.6867729731640916,9712,9,25326,8850
4,formal_tcn_wgan_gp_seed4,0.05,11,830,0.25,0.4271062910556793,0.25060240963855424,0.0007894217485691731,0.24921057825143084,0.9980172499256469,0.5423445749380454,0.7027819470138573,10067,20,25315,8495
4,formal_tcn_wgan_gp_seed4,0.05,12,830,0.25,0.24497094750404358,0.25060240963855424,0.10179593447799487,0.14820406552200513,0.8379108792659167,0.718241568796466,0.7734748933948308,13332,2579,22756,5230
4,formal_tcn_wgan_gp_seed4,0.05,13,830,0.25,0.22154536843299866,0.25060240963855424,0.11276889678310638,0.13723110321689364,0.8512985999063134,0.8811550479474195,0.8659695565850429,16356,2857,22478,2206
4,formal_tcn_wgan_gp_seed4,0.05,14,830,0.25,0.179792121052742,0.25060240963855424,0.14221432800473652,0.10778567199526348,0.832309410779112,0.9634198900980497,0.8930783060327607,17883,3603,21732,679
4,formal_tcn_wgan_gp_seed4,0.05,15,830,0.25,0.268046110868454,0.25060240963855424,0.08948095520031576,0.16051904479968424,0.8524760851174595,0.7057429156340912,0.7722007722007723,13100,2267,23068,5462
4,formal_tcn_wgan_gp_seed4,0.05,16,830,0.25,0.2504403591156006,0.25060240963855424,0.09938819814485889,0.15061180185514111,0.8401168328147819,0.7128003447904321,0.7712395441695084,13231,2518,22817,5331
4,formal_tcn_wgan_gp_seed4,0.05,17,830,0.25,0.3244451880455017,0.25060240963855424,0.04933885928557332,0.20066114071442667,0.9110193621867881,0.6894731171209999,0.7849126034958601,12798,1250,24085,5764
4,formal_tcn_wgan_gp_seed4,0.05,18,830,0.25,0.35018661618232727,0.25060240963855424,0.023919478981645946,0.22608052101835405,0.953099605293708,0.6634522142010559,0.7823269701108535,12315,606,24729,6247
4,formal_tcn_wgan_gp_seed4,0.05,19,830,0.25,0.2841198146343231,0.25060240963855424,0.08087625814091179,0.1691237418590882,0.8639261522114491,0.7008404266781597,0.7738845925044617,13009,2049,23286,5553
4,formal_tcn_wgan_gp_seed4,0.1,0,1659,0.25,0.35058432817459106,0.2501506931886679,0.02289323070850602,0.22710676929149398,0.9549829245575908,0.6628596056459434,0.7825478598231891,12304,580,24755,6258
4,formal_tcn_wgan_gp_seed4,0.1,1,1659,0.25,0.4814518094062805,0.2501506931886679,0.00035523978685612787,0.24964476021314388,0.9990741693241436,0.5232194806594117,0.6867729731640916,9712,9,25326,8850
4,formal_tcn_wgan_gp_seed4,0.1,2,1659,0.25,0.27898329496383667,0.2501506931886679,0.0832445233866193,0.1667554766133807,0.8607461208319578,0.7022950113134361,0.7734891862224463,13036,2109,23226,5526
4,formal_tcn_wgan_gp_seed4,0.1,3,1659,0.25,0.3140089213848114,0.2501506931886679,0.05774620090783501,0.192253799092165,0.8978993649242795,0.693136515461696,0.7823416740141681,12866,1463,23872,5696
4,formal_tcn_wgan_gp_seed4,0.1,4,1659,0.25,0.3362632095813751,0.2501506931886679,0.0423919478981646,0.20760805210183542,0.9216344399854068,0.6804762417842904,0.7829051352775281,12631,1074,24261,5931
4,formal_tcn_wgan_gp_seed4,0.1,5,1659,0.25,0.2962031960487366,0.2501506931886679,0.07144266824551017,0.17855733175448985,0.877263172170611,0.6969615343174227,0.7767870545498213,12937,1810,23525,5625
4,formal_tcn_wgan_gp_seed4,0.1,6,1659,0.25,0.3327154517173767,0.2501506931886679,0.04436550226958753,0.20563449773041248,0.9186155962638477,0.6834931580648637,0.7838013159114076,12687,1124,24211,5875
4,formal_tcn_wgan_gp_seed4,0.1,7,1659,0.25,0.35130947828292847,0.2501506931886679,0.02048549437537004,0.22951450562462997,0.9594752869524479,0.6619976295657796,0.7834486276260002,12288,519,24816,6274
4,formal_tcn_wgan_gp_seed4,0.1,8,1659,0.25,0.27639445662498474,0.2501506931886679,0.08446812709690152,0.16553187290309848,0.8591271147389902,0.7031031138885896,0.7733238526945753,13051,2140,23195,5511
4,formal_tcn_wgan_gp_seed4,0.1,9,1659,0.25,0.3529152274131775,0.2501506931886679,0.01638050128281034,0.23361949871718965,0.9672325305961311,0.6599504363753906,0.7845774490024658,12250,415,24920,6312
4,formal_tcn_wgan_gp_seed4,0.1,10,1659,0.25,0.30062490701675415,0.2501506931886679,0.06785079928952042,0.18214920071047958,0.8825579012092641,0.6959379377222282,0.7782162113316665,12918,1719,23616,5644
4,formal_tcn_wgan_gp_seed4,0.1,11,1659,0.25,0.20014378428459167,0.2501506931886679,0.12500493388592857,0.12499506611407143,0.8481783317353787,0.953183924146105,0.8976206179290752,17693,3167,22168,869
4,formal_tcn_wgan_gp_seed4,0.1,12,1659,0.25,0.4576396346092224,0.2501506931886679,0.00039471087428458656,0.24960528912571542,0.9989819810648478,0.5286607046654456,0.6914215254535847,9813,10,25325,8749
4,formal_tcn_wgan_gp_seed4,0.1,13,1659,0.25,0.3504871129989624,0.2501506931886679,0.023208999407933688,0.2267910005920663,0.9543903195780329,0.6628596056459434,0.7823488268582692,12304,588,24747,6258
4,formal_tcn_wgan_gp_seed4,0.1,14,1659,0.25,0.2421952784061432,0.2501506931886679,0.103098480363134,0.14690151963686598,0.8368519675202998,0.7217972201271414,0.7750780978826797,13398,2612,22723,5164
4,formal_tcn_wgan_gp_seed4,0.1,15,1659,0.25,0.2258102297782898,0.2501506931886679,0.11115058219853957,0.13884941780146043,0.8460949882494398,0.8340157310634629,0.8400119373830001,15481,2816,22519,3081
4,formal_tcn_wgan_gp_seed4,0.1,16,1659,0.25,0.2836464047431946,0.2501506931886679,0.0809552003157687,0.1690447996842313,0.8638204634486422,0.7008943001831699,0.7738750260238528,13010,2051,23284,5552
4,formal_tcn_wgan_gp_seed4,0.1,17,1659,0.25,0.21286243200302124,0.2501506931886679,0.11738701401223604,0.13261298598776394,0.8542299774531908,0.9389074453183924,0.8945693460630326,17428,2974,22361,1134
4,formal_tcn_wgan_gp_seed4,0.1,18,1659,0.25,0.19451388716697693,0.2501506931886679,0.12891257154134597,0.12108742845865403,0.8445280144713667,0.9557698523865963,0.8967120725820718,17741,3266,22069,821
4,formal_tcn_wgan_gp_seed4,0.1,19,1659,0.25,0.31972748041152954,0.2501506931886679,0.05285178606670614,0.19714821393329385,0.9055245890072673,0.6914125633013684,0.7841148617687491,12834,1339,23996,5728
4,formal_tcn_wgan_gp_seed4,0.2,0,3318,0.25,0.27788081765174866,0.2501506931886679,0.08363923426090389,0.1663607657390961,0.860261144816671,0.7027798728585282,0.7735871434501571,13045,2119,23216,5517
4,formal_tcn_wgan_gp_seed4,0.2,1,3318,0.25,0.2889918088912964,0.2501506931886679,0.07720544701006513,0.17279455298993487,0.8689798378993905,0.6989009804977911,0.7747155952345406,12973,1956,23379,5589
4,formal_tcn_wgan_gp_seed4,0.2,2,3318,0.25,0.21036261320114136,0.2501506931886679,0.11888691533451747,0.13111308466548255,0.8534021220675557,0.9446180368494774,0.8966963281170094,17534,3012,22323,1028
4,formal_tcn_wgan_gp_seed4,0.2,3,3318,0.25,0.35204657912254333,0.2501506931886679,0.01878823761594632,0.23121176238405367,0.9626549505727287,0.6610279064755953,0.7838252203909544,12270,476,24859,6292
4,formal_tcn_wgan_gp_seed4,0.2,4,3318,0.25,0.2744477391242981,0.2501506931886679,0.0857312018946122,0.1642687981053878,0.857470962661592,0.7039650899687534,0.7731723913493683,13067,2172,23163,5495
4,formal_tcn_wgan_gp_seed4,0.2,5,3318,0.25,0.29742759466171265,0.2501506931886679,0.07061377540951254,0.17938622459048748,0.8784976908448792,0.6968537873074022,0.7772036291533979,12935,1789,23546,5627
4,formal_tcn_wgan_gp_seed4,0.2,6,3318,0.25,0.18684296309947968,0.2501506931886679,0.1352674166173278,0.1147325833826722,0.8386762698300617,0.959810365262364,0.8951639241301343,17816,3427,21908,746
4,formal_tcn_wgan_gp_seed4,0.2,7,3318,0.25,0.2891013026237488,0.2501506931886679,0.07708703374777975,0.17291296625222025,0.8691544955111885,0.6989009804977911,0.7747849976110847,12973,1953,23382,5589
4,formal_tcn_wgan_gp_seed4,0.2,8,3318,0.25,0.35342103242874146,0.2501506931886679,0.0152753108348135,0.2347246891651865,0.9693295292439372,0.6589268397801961,0.7845413726747914,12231,387,24948,6331
4,formal_tcn_wgan_gp_seed4,0.2,9,3318,0.25,0.33407068252563477,0.2501506931886679,0.04341819617130452,0.20658180382869548,0.920098786954311,0.682415687964659,0.7836307958798601,12667,1100,24235,5895
4,formal_tcn_wgan_gp_seed4,0.2,10,3318,0.25,0.30865558981895447,0.2501506931886679,0.06161436747582396,0.18838563252417603,0.8919872681981733,0.6944833530869519,0.7809414187920276,12891,1561,23774,5671
4,formal_tcn_wgan_gp_seed4,0.2,11,3318,0.25,0.28441211581230164,0.2501506931886679,0.08079731596605487,0.16920268403394512,0.8640318830953172,0.7007865531731494,0.7738941606925068,13008,2047,23288,5554
4,formal_tcn_wgan_gp_seed4,0.2,12,3318,0.25,0.23530840873718262,0.2501506931886679,0.10688770475626604,0.14311229524373398,0.8361568247821878,0.744531839241461,0.7876888002279852,13820,2708,22627,4742
4,formal_tcn_wgan_gp_seed4,0.2,13,3318,0.25,0.25779828429222107,0.2501506931886679,0.0955595026642984,0.1544404973357016,0.8445585874799358,0.7086520849046439,0.7706594018220699,13154,2421,22914,5408
4,formal_tcn_wgan_gp_seed4,0.2,14,3318,0.25,0.29963257908821106,0.2501506931886679,0.06875863430037497,0.181241365699625,0.8812056737588653,0.6961534317422692,0.7778245951965328,12922,1742,23593,5640
4,formal_tcn_wgan_gp_seed4,0.2,15,3318,0.25,0.4235677421092987,0.2501506931886679,0.0009078350108545491,0.24909216498914544,0.9977324263038548,0.545199870703588,0.7051036404807525,10120,23,25312,8442
4,formal_tcn_wgan_gp_seed4,0.2,16,3318,0.25,0.3690245747566223,0.2501506931886679,0.007538977698835603,0.2424610223011644,0.9838913721852071,0.6284883094494128,0.7670206121174266,11666,191,25144,6896
4,formal_tcn_wgan_gp_seed4,0.2,17,3318,0.25,0.2255936563014984,0.2501506931886679,0.11119005328596802,0.13880994671403196,0.8463678010471204,0.836062924253852,0.8411838040002169,15519,2817,22518,3043
4,formal_tcn_wgan_gp_seed4,0.2,18,3318,0.25,0.30985862016677856,0.2501506931886679,0.06078547463982633,0.18921452536017366,0.8932483016775267,0.6942139855619006,0.7812537892566994,12886,1540,23795,5676
4,formal_tcn_wgan_gp_seed4,0.2,19,3318,0.25,0.34920603036880493,0.2501506931886679,0.028063943161634103,0.2219360568383659,0.9455672944418925,0.6653916603814244,0.7811156083986844,12351,711,24624,6211
4,formal_tcn_wgan_gp_seed4,0.4,0,6636,0.25,0.25877898931503296,0.25,0.09496743635287153,0.15503256364712847,0.84528326152659,0.7081672233595517,0.7706739366224019,13145,2406,22929,5417
4,formal_tcn_wgan_gp_seed4,0.4,1,6636,0.25,0.2781100273132324,0.25,0.08359976317347544,0.16640023682652455,0.8602994525427082,0.7026721258485077,0.7735373483972362,13043,2118,23217,5519
4,formal_tcn_wgan_gp_seed4,0.4,2,6636,0.25,0.3022860288619995,0.25,0.06639036905466746,0.18360963094533256,0.8847550531003768,0.695668570197177,0.7789003830262087,12913,1682,23653,5649
4,formal_tcn_wgan_gp_seed4,0.4,3,6636,0.25,0.28807851672172546,0.25,0.07803433984606276,0.17196566015393724,0.8678210871164004,0.6992780950328629,0.7744861123541872,12980,1977,23358,5582
4,formal_tcn_wgan_gp_seed4,0.4,4,6636,0.25,0.23722082376480103,0.25,0.10613775409512533,0.14386224590487467,0.8354042969945522,0.7352655963797005,0.7821427548067279,13648,2689,22646,4914
4,formal_tcn_wgan_gp_seed4,0.4,5,6636,0.25,0.281066358089447,0.25,0.08213933293862245,0.16786066706137753,0.862203681631572,0.7014869087382826,0.7735860266159696,13021,2081,23254,5541
4,formal_tcn_wgan_gp_seed4,0.4,6,6636,0.25,0.33117860555648804,0.25,0.04543122163015591,0.2045687783698441,0.9169492748394545,0.6846245016700786,0.7839363375589894,12708,1151,24184,5854
4,formal_tcn_wgan_gp_seed4,0.4,7,6636,0.25,0.3148595690727234,0.25,0.057114663508979674,0.19288533649102033,0.8988465571478504,0.6927055274216141,0.7824261417227006,12858,1447,23888,5704
4,formal_tcn_wgan_gp_seed4,0.4,8,6636,0.25,0.244714617729187,0.25,0.10191434774028024,0.14808565225971976,0.8378038821534016,0.7185109363215171,0.7735854528580958,13337,2582,22753,5225
4,formal_tcn_wgan_gp_seed4,0.4,9,6636,0.25,0.319475382566452,0.25,0.05312808367870535,0.19687191632129464,0.9050842676821098,0.6914664368063786,0.783984363069969,12835,1346,23989,5727
4,formal_tcn_wgan_gp_seed4,0.4,10,6636,0.25,0.2913520932197571,0.25,0.0755081902506414,0.1744918097493586,0.871403603119118,0.6983622454476889,0.7753454153956577,12963,1913,23422,5599
4,formal_tcn_wgan_gp_seed4,0.4,11,6636,0.25,0.28149205446243286,0.25,0.08202091967633708,0.16797908032366293,0.8623476417594065,0.7013252882232518,0.7735456652207497,13018,2078,23257,5544
4,formal_tcn_wgan_gp_seed4,0.4,12,6636,0.25,0.33164557814598083,0.25,0.045115452930728245,0.20488454706927176,0.9174311926605505,0.6841935136299968,0.7838296559172967,12700,1143,24192,5862
4,formal_tcn_wgan_gp_seed4,0.4,13,6636,0.25,0.22387942671775818,0.25,0.11178211959739491,0.13821788040260508,0.848637092463923,0.8554035125525267,0.8520068684267009,15878,2832,22503,2684
4,formal_tcn_wgan_gp_seed4,0.4,14,6636,0.25,0.2861272394657135,0.25,0.07973159660548648,0.17026840339451352,0.8654320165212178,0.6998707035879754,0.7738956899889793,12991,2020,23315,5571
4,formal_tcn_wgan_gp_seed4,0.4,15,6636,0.25,0.3032921254634857,0.25,0.06556147621866983,0.1844385237813302,0.8859829763866007,0.6953453291671157,0.7791729550256565,12907,1661,23674,5655
4,formal_tcn_wgan_gp_seed4,0.4,16,6636,0.25,0.2691280245780945,0.25,0.08904677323860272,0.16095322676139728,0.8530580342604052,0.7055812951190604,0.77234262125903,13097,2256,23079,5465
4,formal_tcn_wgan_gp_seed4,0.4,17,6636,0.25,0.26587826013565063,0.25,0.09094138543516873,0.15905861456483128,0.8505060991435245,0.706173903674173,0.7716489079884618,13108,2304,23031,5454
4,formal_tcn_wgan_gp_seed4,0.4,18,6636,0.25,0.2736131548881531,0.25,0.08636273929346754,0.16363726070653245,0.8565998164897103,0.7041267104837841,0.7729154346540509,13070,2188,23147,5492
4,formal_tcn_wgan_gp_seed4,0.4,19,6636,0.25,0.3119271397590637,0.25,0.05896980461811723,0.19103019538188276,0.8960695652173913,0.6939446180368495,0.7821598809849106,12881,1494,23841,5681
4,formal_tcn_wgan_gp_seed4,1.0,0,16591,0.25,0.28271347284317017,0.2500150684105841,0.08134991119005329,0.1686500888099467,0.8632926505704431,0.7011636677082211,0.7738272192163625,13015,2061,23274,5547
4,formal_tcn_wgan_gp_seed4,1.0,1,16591,0.25,0.28271347284317017,0.2500150684105841,0.08134991119005329,0.1686500888099467,0.8632926505704431,0.7011636677082211,0.7738272192163625,13015,2061,23274,5547
4,formal_tcn_wgan_gp_seed4,1.0,2,16591,0.25,0.28271347284317017,0.2500150684105841,0.08134991119005329,0.1686500888099467,0.8632926505704431,0.7011636677082211,0.7738272192163625,13015,2061,23274,5547
4,formal_tcn_wgan_gp_seed4,1.0,3,16591,0.25,0.28271347284317017,0.2500150684105841,0.08134991119005329,0.1686500888099467,0.8632926505704431,0.7011636677082211,0.7738272192163625,13015,2061,23274,5547
4,formal_tcn_wgan_gp_seed4,1.0,4,16591,0.25,0.28271347284317017,0.2500150684105841,0.08134991119005329,0.1686500888099467,0.8632926505704431,0.7011636677082211,0.7738272192163625,13015,2061,23274,5547
4,formal_tcn_wgan_gp_seed4,1.0,5,16591,0.25,0.28271347284317017,0.2500150684105841,0.08134991119005329,0.1686500888099467,0.8632926505704431,0.7011636677082211,0.7738272192163625,13015,2061,23274,5547
4,formal_tcn_wgan_gp_seed4,1.0,6,16591,0.25,0.28271347284317017,0.2500150684105841,0.08134991119005329,0.1686500888099467,0.8632926505704431,0.7011636677082211,0.7738272192163625,13015,2061,23274,5547
4,formal_tcn_wgan_gp_seed4,1.0,7,16591,0.25,0.28271347284317017,0.2500150684105841,0.08134991119005329,0.1686500888099467,0.8632926505704431,0.7011636677082211,0.7738272192163625,13015,2061,23274,5547
4,formal_tcn_wgan_gp_seed4,1.0,8,16591,0.25,0.28271347284317017,0.2500150684105841,0.08134991119005329,0.1686500888099467,0.8632926505704431,0.7011636677082211,0.7738272192163625,13015,2061,23274,5547
4,formal_tcn_wgan_gp_seed4,1.0,9,16591,0.25,0.28271347284317017,0.2500150684105841,0.08134991119005329,0.1686500888099467,0.8632926505704431,0.7011636677082211,0.7738272192163625,13015,2061,23274,5547
4,formal_tcn_wgan_gp_seed4,1.0,10,16591,0.25,0.28271347284317017,0.2500150684105841,0.08134991119005329,0.1686500888099467,0.8632926505704431,0.7011636677082211,0.7738272192163625,13015,2061,23274,5547
4,formal_tcn_wgan_gp_seed4,1.0,11,16591,0.25,0.28271347284317017,0.2500150684105841,0.08134991119005329,0.1686500888099467,0.8632926505704431,0.7011636677082211,0.7738272192163625,13015,2061,23274,5547
4,formal_tcn_wgan_gp_seed4,1.0,12,16591,0.25,0.28271347284317017,0.2500150684105841,0.08134991119005329,0.1686500888099467,0.8632926505704431,0.7011636677082211,0.7738272192163625,13015,2061,23274,5547
4,formal_tcn_wgan_gp_seed4,1.0,13,16591,0.25,0.28271347284317017,0.2500150684105841,0.08134991119005329,0.1686500888099467,0.8632926505704431,0.7011636677082211,0.7738272192163625,13015,2061,23274,5547
4,formal_tcn_wgan_gp_seed4,1.0,14,16591,0.25,0.28271347284317017,0.2500150684105841,0.08134991119005329,0.1686500888099467,0.8632926505704431,0.7011636677082211,0.7738272192163625,13015,2061,23274,5547
4,formal_tcn_wgan_gp_seed4,1.0,15,16591,0.25,0.28271347284317017,0.2500150684105841,0.08134991119005329,0.1686500888099467,0.8632926505704431,0.7011636677082211,0.7738272192163625,13015,2061,23274,5547
4,formal_tcn_wgan_gp_seed4,1.0,16,16591,0.25,0.28271347284317017,0.2500150684105841,0.08134991119005329,0.1686500888099467,0.8632926505704431,0.7011636677082211,0.7738272192163625,13015,2061,23274,5547
4,formal_tcn_wgan_gp_seed4,1.0,17,16591,0.25,0.28271347284317017,0.2500150684105841,0.08134991119005329,0.1686500888099467,0.8632926505704431,0.7011636677082211,0.7738272192163625,13015,2061,23274,5547
4,formal_tcn_wgan_gp_seed4,1.0,18,16591,0.25,0.28271347284317017,0.2500150684105841,0.08134991119005329,0.1686500888099467,0.8632926505704431,0.7011636677082211,0.7738272192163625,13015,2061,23274,5547
4,formal_tcn_wgan_gp_seed4,1.0,19,16591,0.25,0.28271347284317017,0.2500150684105841,0.08134991119005329,0.1686500888099467,0.8632926505704431,0.7011636677082211,0.7738272192163625,13015,2061,23274,5547
