time_step,feature_index,feature_name,abs_ig_attribution
0,0,Destination Port,3.7548972613876686e-05
0,1,Flow Duration,5.9800422604894266e-06
0,2,Total Fwd Packets,2.283052396023777e-07
0,3,Total Backward Packets,2.298709489423345e-07
0,4,Total Length of Fwd Packets,6.780137340456349e-08
0,5,Total Length of Bwd Packets,2.4851178181961586e-07
0,6,Fwd Packet Length Max,1.8282795281265862e-05
0,7,Fwd Packet Length Min,9.06656168808695e-06
0,8,Fwd Packet Length Mean,1.7600981664145365e-05
0,9,Fwd Packet Length Std,4.339373845141381e-06
0,10,Bwd Packet Length Max,8.239894668804482e-06
0,11,Bwd Packet Length Min,4.570734290609835e-06
0,12,Bwd Packet Length Mean,2.7620819309959188e-05
0,13,Bwd Packet Length Std,5.1814720791298896e-05
0,14,Flow Bytes/s,4.168659870629199e-07
0,15,Flow Packets/s,1.6133630197145976e-05
0,16,Flow IAT Mean,6.338210368994623e-05
0,17,Flow IAT Std,5.40603359695524e-05
0,18,Flow IAT Max,4.6576013119192794e-05
0,19,Flow IAT Min,1.7384998045599787e-06
0,20,Fwd IAT Total,2.393544775713963e-07
0,21,Fwd IAT Mean,2.3592972866026685e-05
0,22,Fwd IAT Std,5.386003977037035e-05
0,23,Fwd IAT Max,6.162093086459208e-06
0,24,Fwd IAT Min,5.274228442431195e-06
0,25,Bwd IAT Total,8.20657514850609e-05
0,26,Bwd IAT Mean,2.4720977307879366e-05
0,27,Bwd IAT Std,7.423908755299635e-06
0,28,Bwd IAT Max,6.650931754847988e-05
0,29,Bwd IAT Min,4.474610705074156e-06
0,30,Fwd PSH Flags,5.400827285484411e-05
0,31,Bwd PSH Flags,0.0
0,32,Fwd URG Flags,0.0
0,33,Bwd URG Flags,0.0
0,34,Fwd Header Length,8.261061168468586e-08
0,35,Bwd Header Length,1.9983853860594536e-07
0,36,Fwd Packets/s,1.0615953215165064e-05
0,37,Bwd Packets/s,1.115764575843059e-06
0,38,Min Packet Length,1.8800377802108414e-05
0,39,Max Packet Length,6.852279966551578e-06
0,40,Packet Length Mean,1.0460605608386686e-06
0,41,Packet Length Std,2.6728434022516012e-05
0,42,Packet Length Variance,3.3811168123065727e-06
0,43,FIN Flag Count,6.7608766585181e-06
0,44,SYN Flag Count,9.863659943221137e-05
0,45,RST Flag Count,2.3761562317758944e-07
0,46,PSH Flag Count,0.00024411010963376611
0,47,ACK Flag Count,0.0005448635783977807
0,48,URG Flag Count,9.204963862430304e-05
0,49,CWE Flag Count,0.0
0,50,ECE Flag Count,4.6580095158788026e-07
0,51,Down/Up Ratio,2.3892528133728774e-06
0,52,Average Packet Size,4.4644759327638894e-05
0,53,Avg Fwd Segment Size,9.53460403252393e-06
0,54,Avg Bwd Segment Size,6.964715430513024e-05
0,55,Fwd Header Length.1,1.849178374868643e-07
0,56,Fwd Avg Bytes/Bulk,0.0
0,57,Fwd Avg Packets/Bulk,0.0
0,58,Fwd Avg Bulk Rate,0.0
0,59,Bwd Avg Bytes/Bulk,0.0
0,60,Bwd Avg Packets/Bulk,0.0
0,61,Bwd Avg Bulk Rate,0.0
0,62,Subflow Fwd Packets,1.4962446925892436e-07
0,63,Subflow Fwd Bytes,1.2830058437884873e-07
0,64,Subflow Bwd Packets,2.0839382841586485e-07
0,65,Subflow Bwd Bytes,2.2212726946690964e-07
0,66,Init_Win_bytes_forward,6.847775512142107e-05
0,67,Init_Win_bytes_backward,3.30805778503418e-05
0,68,act_data_pkt_fwd,8.411136320773949e-08
0,69,min_seg_size_forward,5.3203752167774176e-14
0,70,Active Mean,1.398415520270646e-06
0,71,Active Std,1.0295247676594954e-07
0,72,Active Max,3.526494765537791e-06
0,73,Active Min,2.3348923150479095e-07
0,74,Idle Mean,7.194712907221401e-06
0,75,Idle Std,5.091754246677738e-06
0,76,Idle Max,2.589011455711443e-05
0,77,Idle Min,0.00018720577645581216
1,0,Destination Port,3.926613862859085e-05
1,1,Flow Duration,0.0001170596297015436
1,2,Total Fwd Packets,3.7903350857959595e-07
1,3,Total Backward Packets,2.5727467800606973e-07
1,4,Total Length of Fwd Packets,1.0354811053048252e-07
1,5,Total Length of Bwd Packets,2.6689164656090725e-07
1,6,Fwd Packet Length Max,8.754708687774837e-06
1,7,Fwd Packet Length Min,1.1411374543968122e-05
1,8,Fwd Packet Length Mean,2.2854488634038717e-05
1,9,Fwd Packet Length Std,3.806397671723971e-06
1,10,Bwd Packet Length Max,0.00023614794190507382
1,11,Bwd Packet Length Min,2.6823667212738656e-05
1,12,Bwd Packet Length Mean,0.00041398219764232635
1,13,Bwd Packet Length Std,0.000703393598087132
1,14,Flow Bytes/s,1.2288365951462765e-06
1,15,Flow Packets/s,1.8955968698719516e-05
1,16,Flow IAT Mean,1.3824205780110788e-05
1,17,Flow IAT Std,3.5020993891521357e-06
1,18,Flow IAT Max,3.2684174584574066e-06
1,19,Flow IAT Min,2.0542665879474953e-06
1,20,Fwd IAT Total,5.383403276937315e-06
1,21,Fwd IAT Mean,2.7314110411680304e-05
1,22,Fwd IAT Std,2.6681587769417092e-05
1,23,Fwd IAT Max,4.930017166770995e-05
1,24,Fwd IAT Min,1.6461481209262274e-06
1,25,Bwd IAT Total,1.59105948114302e-05
1,26,Bwd IAT Mean,1.666593561822083e-05
1,27,Bwd IAT Std,9.96921727391964e-08
1,28,Bwd IAT Max,2.9762310077785514e-05
1,29,Bwd IAT Min,1.4941908830223838e-06
1,30,Fwd PSH Flags,3.809032932622358e-06
1,31,Bwd PSH Flags,0.0
1,32,Fwd URG Flags,0.0
1,33,Bwd URG Flags,0.0
1,34,Fwd Header Length,6.579956846053392e-08
1,35,Bwd Header Length,1.8216572073015413e-07
1,36,Fwd Packets/s,1.1640276170510333e-05
1,37,Bwd Packets/s,6.1816704146622214e-06
1,38,Min Packet Length,2.1839425244252197e-05
1,39,Max Packet Length,1.0706080502131954e-05
1,40,Packet Length Mean,3.613864828366786e-05
1,41,Packet Length Std,3.0438821340794675e-05
1,42,Packet Length Variance,8.658244041725993e-06
1,43,FIN Flag Count,6.99815871030296e-07
1,44,SYN Flag Count,7.243114669108763e-05
1,45,RST Flag Count,2.487449535237829e-07
1,46,PSH Flag Count,0.0006211032159626484
1,47,ACK Flag Count,0.0002451037580613047
1,48,URG Flag Count,6.263656541705132e-05
1,49,CWE Flag Count,0.0
1,50,ECE Flag Count,3.694682106925029e-07
1,51,Down/Up Ratio,5.803728413411591e-07
1,52,Average Packet Size,0.00029491662280634046
1,53,Avg Fwd Segment Size,8.936107406043448e-06
1,54,Avg Bwd Segment Size,0.00044824619544669986
1,55,Fwd Header Length.1,2.07577564026451e-08
1,56,Fwd Avg Bytes/Bulk,0.0
1,57,Fwd Avg Packets/Bulk,0.0
1,58,Fwd Avg Bulk Rate,0.0
1,59,Bwd Avg Bytes/Bulk,0.0
1,60,Bwd Avg Packets/Bulk,0.0
1,61,Bwd Avg Bulk Rate,0.0
1,62,Subflow Fwd Packets,1.9746138946175051e-07
1,63,Subflow Fwd Bytes,1.0702002128937238e-07
1,64,Subflow Bwd Packets,3.278046847299265e-07
1,65,Subflow Bwd Bytes,2.0960654012469604e-07
1,66,Init_Win_bytes_forward,2.6899440854322165e-05
1,67,Init_Win_bytes_backward,1.99939440790331e-05
1,68,act_data_pkt_fwd,1.584612618898973e-07
1,69,min_seg_size_forward,3.3978815316970667e-09
1,70,Active Mean,1.1993037105639814e-06
1,71,Active Std,4.271323632565327e-07
1,72,Active Max,6.8163053583703e-06
1,73,Active Min,9.885899210360094e-09
1,74,Idle Mean,3.331444167997688e-05
1,75,Idle Std,4.311848442739574e-06
1,76,Idle Max,1.4395594689631253e-06
1,77,Idle Min,5.707615127903409e-05
2,0,Destination Port,0.00012483935279306024
2,1,Flow Duration,8.681930012244266e-06
2,2,Total Fwd Packets,1.2455858211524173e-07
2,3,Total Backward Packets,1.9529670680640265e-07
2,4,Total Length of Fwd Packets,2.3435451623754489e-07
2,5,Total Length of Bwd Packets,1.3147446509265137e-07
2,6,Fwd Packet Length Max,1.4535142327076755e-05
2,7,Fwd Packet Length Min,5.4180222832656e-06
2,8,Fwd Packet Length Mean,8.293975042761303e-06
2,9,Fwd Packet Length Std,7.836219083401375e-06
2,10,Bwd Packet Length Max,1.8259703438161523e-06
2,11,Bwd Packet Length Min,3.428014451856143e-06
2,12,Bwd Packet Length Mean,3.522917540976778e-05
2,13,Bwd Packet Length Std,7.600708613608731e-06
2,14,Flow Bytes/s,1.4589925285690697e-06
2,15,Flow Packets/s,1.6404130292357877e-05
2,16,Flow IAT Mean,6.229930295376107e-05
2,17,Flow IAT Std,2.4565157218603417e-05
2,18,Flow IAT Max,3.9681195630691946e-05
2,19,Flow IAT Min,1.104642706195591e-06
2,20,Fwd IAT Total,6.971603738747945e-07
2,21,Fwd IAT Mean,3.59615842171479e-05
2,22,Fwd IAT Std,3.6559824820869835e-06
2,23,Fwd IAT Max,5.9977937780786306e-05
2,24,Fwd IAT Min,1.9439577954472043e-05
2,25,Bwd IAT Total,9.181365749100223e-05
2,26,Bwd IAT Mean,1.1739467481675092e-05
2,27,Bwd IAT Std,1.0635084436216857e-05
2,28,Bwd IAT Max,2.0562431018333882e-05
2,29,Bwd IAT Min,7.62056606617989e-06
2,30,Fwd PSH Flags,2.4614234916953137e-06
2,31,Bwd PSH Flags,0.0
2,32,Fwd URG Flags,0.0
2,33,Bwd URG Flags,0.0
2,34,Fwd Header Length,3.3802628252033173e-08
2,35,Bwd Header Length,2.7933197088714223e-07
2,36,Fwd Packets/s,1.58900747919688e-05
2,37,Bwd Packets/s,3.020129497599555e-06
2,38,Min Packet Length,1.1803454071923625e-05
2,39,Max Packet Length,1.2370796866889577e-05
2,40,Packet Length Mean,2.15791101254581e-06
2,41,Packet Length Std,5.453126732390956e-07
2,42,Packet Length Variance,6.484719506261172e-06
2,43,FIN Flag Count,8.660164894536138e-06
2,44,SYN Flag Count,8.968212932813913e-05
2,45,RST Flag Count,2.8055208645128005e-07
2,46,PSH Flag Count,0.00030982375028543174
2,47,ACK Flag Count,4.548826109385118e-05
2,48,URG Flag Count,1.5735067790956236e-05
2,49,CWE Flag Count,0.0
2,50,ECE Flag Count,6.474968472502951e-08
2,51,Down/Up Ratio,1.2254802641109563e-05
2,52,Average Packet Size,2.5816358174779452e-05
2,53,Avg Fwd Segment Size,2.6245681965519907e-06
2,54,Avg Bwd Segment Size,2.795775253616739e-05
2,55,Fwd Header Length.1,2.0233406061720416e-08
2,56,Fwd Avg Bytes/Bulk,0.0
2,57,Fwd Avg Packets/Bulk,0.0
2,58,Fwd Avg Bulk Rate,0.0
2,59,Bwd Avg Bytes/Bulk,0.0
2,60,Bwd Avg Packets/Bulk,0.0
2,61,Bwd Avg Bulk Rate,0.0
2,62,Subflow Fwd Packets,9.905597408987887e-08
2,63,Subflow Fwd Bytes,1.9103264037312329e-07
2,64,Subflow Bwd Packets,1.7888140746435965e-07
2,65,Subflow Bwd Bytes,1.0183258325469069e-07
2,66,Init_Win_bytes_forward,2.5627108698245138e-05
2,67,Init_Win_bytes_backward,1.1008807632606477e-05
2,68,act_data_pkt_fwd,6.2052625260378136e-09
2,69,min_seg_size_forward,2.5712292295310135e-09
2,70,Active Mean,9.702512215881143e-07
2,71,Active Std,6.717398832734034e-07
2,72,Active Max,4.40809344581794e-06
2,73,Active Min,3.7420079479488777e-07
2,74,Idle Mean,4.805642311112024e-05
2,75,Idle Std,4.95465883432189e-06
2,76,Idle Max,1.758194775902666e-05
2,77,Idle Min,0.0001418044266756624
3,0,Destination Port,3.0068478736211546e-05
3,1,Flow Duration,9.72043490037322e-05
3,2,Total Fwd Packets,1.5763160376991436e-07
3,3,Total Backward Packets,9.617848206744384e-08
3,4,Total Length of Fwd Packets,1.1473290584262941e-07
3,5,Total Length of Bwd Packets,8.238840365493161e-08
3,6,Fwd Packet Length Max,8.013079423108138e-06
3,7,Fwd Packet Length Min,1.0684392691473477e-05
3,8,Fwd Packet Length Mean,1.8215514501207508e-05
3,9,Fwd Packet Length Std,1.0876922260649735e-06
3,10,Bwd Packet Length Max,0.00015518671716563404
3,11,Bwd Packet Length Min,1.0831073268491309e-05
3,12,Bwd Packet Length Mean,0.0003320802061352879
3,13,Bwd Packet Length Std,7.689034100621939e-05
3,14,Flow Bytes/s,1.4588448493668693e-06
3,15,Flow Packets/s,1.5964025806169957e-05
3,16,Flow IAT Mean,1.252334641321795e-05
3,17,Flow IAT Std,4.279246240912471e-06
3,18,Flow IAT Max,6.172147550387308e-06
3,19,Flow IAT Min,1.5246140492308768e-06
3,20,Fwd IAT Total,5.3189200116321445e-05
3,21,Fwd IAT Mean,3.397028558538295e-05
3,22,Fwd IAT Std,1.6453161151730455e-05
3,23,Fwd IAT Max,5.174307443667203e-05
3,24,Fwd IAT Min,6.9960033215465955e-06
3,25,Bwd IAT Total,2.7088892238680273e-05
3,26,Bwd IAT Mean,1.487064037064556e-05
3,27,Bwd IAT Std,2.2028706325727399e-07
3,28,Bwd IAT Max,2.247882730443962e-05
3,29,Bwd IAT Min,6.52324933980708e-06
3,30,Fwd PSH Flags,3.284418198745698e-05
3,31,Bwd PSH Flags,0.0
3,32,Fwd URG Flags,0.0
3,33,Bwd URG Flags,0.0
3,34,Fwd Header Length,7.869326879017535e-08
3,35,Bwd Header Length,1.1096982888147977e-07
3,36,Fwd Packets/s,1.7892845789901912e-05
3,37,Bwd Packets/s,5.891487035114551e-06
3,38,Min Packet Length,1.9478704416542314e-05
3,39,Max Packet Length,0.0001457755861338228
3,40,Packet Length Mean,0.0002371427690377459
3,41,Packet Length Std,0.0001515670883236453
3,42,Packet Length Variance,8.326147508341819e-05
3,43,FIN Flag Count,1.149383660958847e-05
3,44,SYN Flag Count,7.272831135196611e-05
3,45,RST Flag Count,1.3988496050387766e-07
3,46,PSH Flag Count,7.030484994174913e-05
3,47,ACK Flag Count,0.0002992094086948782
3,48,URG Flag Count,0.00010077191836899146
3,49,CWE Flag Count,0.0
3,50,ECE Flag Count,4.5845172280678526e-07
3,51,Down/Up Ratio,2.5269344405387528e-05
3,52,Average Packet Size,0.0002768533304333687
3,53,Avg Fwd Segment Size,5.775537829322275e-06
3,54,Avg Bwd Segment Size,2.4503278837073594e-05
3,55,Fwd Header Length.1,4.46391261732515e-08
3,56,Fwd Avg Bytes/Bulk,0.0
3,57,Fwd Avg Packets/Bulk,0.0
3,58,Fwd Avg Bulk Rate,0.0
3,59,Bwd Avg Bytes/Bulk,0.0
3,60,Bwd Avg Packets/Bulk,0.0
3,61,Bwd Avg Bulk Rate,0.0
3,62,Subflow Fwd Packets,9.906442244300706e-08
3,63,Subflow Fwd Bytes,4.046716739480871e-08
3,64,Subflow Bwd Packets,1.1206570604826993e-07
3,65,Subflow Bwd Bytes,6.421085885222055e-08
3,66,Init_Win_bytes_forward,1.33855546664563e-05
3,67,Init_Win_bytes_backward,1.3740875147050247e-05
3,68,act_data_pkt_fwd,6.092520976608284e-08
3,69,min_seg_size_forward,1.1090063763152802e-11
3,70,Active Mean,7.05934212419379e-07
3,71,Active Std,2.9207484431026387e-08
3,72,Active Max,5.683944891643478e-06
3,73,Active Min,6.558568088621541e-08
3,74,Idle Mean,2.8573880626936443e-05
3,75,Idle Std,4.1825078369583935e-06
3,76,Idle Max,3.303180392322247e-06
3,77,Idle Min,5.220000821282156e-05
4,0,Destination Port,0.00010863282659556717
4,1,Flow Duration,7.3770092967606615e-06
4,2,Total Fwd Packets,1.13790477485054e-07
4,3,Total Backward Packets,1.8906048637745698e-07
4,4,Total Length of Fwd Packets,2.2849386027701257e-07
4,5,Total Length of Bwd Packets,1.2359754464341677e-07
4,6,Fwd Packet Length Max,1.5894520402071066e-05
4,7,Fwd Packet Length Min,5.522363608179148e-06
4,8,Fwd Packet Length Mean,3.2097661915031495e-06
4,9,Fwd Packet Length Std,5.0994053708564024e-06
4,10,Bwd Packet Length Max,2.440849584672833e-06
4,11,Bwd Packet Length Min,3.8557377592951525e-06
4,12,Bwd Packet Length Mean,3.5820539778796956e-05
4,13,Bwd Packet Length Std,1.0019175533670932e-06
4,14,Flow Bytes/s,1.353679863314028e-06
4,15,Flow Packets/s,1.5260187865351327e-05
4,16,Flow IAT Mean,6.433905218727887e-05
4,17,Flow IAT Std,2.508684337954037e-05
4,18,Flow IAT Max,4.588249066728167e-05
4,19,Flow IAT Min,1.0834273780346848e-06
4,20,Fwd IAT Total,7.759211939628585e-08
4,21,Fwd IAT Mean,4.067413101438433e-05
4,22,Fwd IAT Std,2.0704935650428524e-06
4,23,Fwd IAT Max,4.363773041404784e-05
4,24,Fwd IAT Min,1.943320057762321e-05
4,25,Bwd IAT Total,8.803333184914663e-05
4,26,Bwd IAT Mean,1.156705002358649e-05
4,27,Bwd IAT Std,1.0835409739229362e-05
4,28,Bwd IAT Max,1.2273322681721766e-05
4,29,Bwd IAT Min,7.5103666858922224e-06
4,30,Fwd PSH Flags,1.6948897609836422e-06
4,31,Bwd PSH Flags,0.0
4,32,Fwd URG Flags,0.0
4,33,Bwd URG Flags,0.0
4,34,Fwd Header Length,1.4738950504522563e-08
4,35,Bwd Header Length,2.369856133555004e-07
4,36,Fwd Packets/s,1.65370583999902e-05
4,37,Bwd Packets/s,3.5937582651968114e-06
4,38,Min Packet Length,8.357234037248418e-06
4,39,Max Packet Length,7.987920980667695e-06
4,40,Packet Length Mean,9.105448043555953e-06
4,41,Packet Length Std,1.3199040040490218e-05
4,42,Packet Length Variance,6.309266154858051e-06
4,43,FIN Flag Count,1.2846860045101494e-05
4,44,SYN Flag Count,8.215785055654123e-05
4,45,RST Flag Count,3.1005797040961625e-07
4,46,PSH Flag Count,0.0003546224907040596
4,47,ACK Flag Count,0.0003373778599780053
4,48,URG Flag Count,3.812231443589553e-05
4,49,CWE Flag Count,0.0
4,50,ECE Flag Count,1.1180372894159518e-07
4,51,Down/Up Ratio,1.0756446499726735e-05
4,52,Average Packet Size,3.2690299121895805e-05
4,53,Avg Fwd Segment Size,6.525472144858213e-07
4,54,Avg Bwd Segment Size,2.7394404241931625e-05
4,55,Fwd Header Length.1,5.097053001890117e-09
4,56,Fwd Avg Bytes/Bulk,0.0
4,57,Fwd Avg Packets/Bulk,0.0
4,58,Fwd Avg Bulk Rate,0.0
4,59,Bwd Avg Bytes/Bulk,0.0
4,60,Bwd Avg Packets/Bulk,0.0
4,61,Bwd Avg Bulk Rate,0.0
4,62,Subflow Fwd Packets,9.371488118858906e-08
4,63,Subflow Fwd Bytes,1.422117179572524e-07
4,64,Subflow Bwd Packets,1.722699778383685e-07
4,65,Subflow Bwd Bytes,9.47579721355396e-08
4,66,Init_Win_bytes_forward,6.75237652103533e-06
4,67,Init_Win_bytes_backward,7.046440259728115e-06
4,68,act_data_pkt_fwd,3.117161995191964e-08
4,69,min_seg_size_forward,3.82165143975044e-09
4,70,Active Mean,7.711747684879811e-07
4,71,Active Std,7.958007017805357e-07
4,72,Active Max,4.222320967528503e-06
4,73,Active Min,3.0612105206273554e-07
4,74,Idle Mean,4.021549102617428e-05
4,75,Idle Std,4.8453557610628195e-06
4,76,Idle Max,1.6245845472440124e-05
4,77,Idle Min,0.00014840762014500797
5,0,Destination Port,4.824781353818253e-05
5,1,Flow Duration,8.917228842619807e-05
5,2,Total Fwd Packets,1.2533710957995936e-07
5,3,Total Backward Packets,7.619942010705927e-08
5,4,Total Length of Fwd Packets,1.433867566902336e-07
5,5,Total Length of Bwd Packets,3.545818572092685e-08
5,6,Fwd Packet Length Max,8.315938430314418e-06
5,7,Fwd Packet Length Min,1.23453637570492e-05
5,8,Fwd Packet Length Mean,1.855251321103424e-05
5,9,Fwd Packet Length Std,1.1017577890015673e-06
5,10,Bwd Packet Length Max,0.00014930771430954337
5,11,Bwd Packet Length Min,1.2708549547824077e-05
5,12,Bwd Packet Length Mean,0.00033566990168765187
5,13,Bwd Packet Length Std,0.00010295878746546805
5,14,Flow Bytes/s,1.344426323157677e-06
5,15,Flow Packets/s,1.5107353647181299e-05
5,16,Flow IAT Mean,1.2549579878395889e-05
5,17,Flow IAT Std,4.714569513453171e-06
5,18,Flow IAT Max,5.032322405895684e-06
5,19,Flow IAT Min,1.5427153812197503e-06
5,20,Fwd IAT Total,6.136197043815628e-05
5,21,Fwd IAT Mean,3.3792955946410075e-05
5,22,Fwd IAT Std,1.5699966752436012e-05
5,23,Fwd IAT Max,4.9474525440018624e-05
5,24,Fwd IAT Min,6.746465714968508e-06
5,25,Bwd IAT Total,3.820780329988338e-05
5,26,Bwd IAT Mean,1.5471294318558648e-05
5,27,Bwd IAT Std,1.4421292604538394e-08
5,28,Bwd IAT Max,2.126677100022789e-05
5,29,Bwd IAT Min,6.44167857899447e-06
5,30,Fwd PSH Flags,3.6483004805631936e-05
5,31,Bwd PSH Flags,0.0
5,32,Fwd URG Flags,0.0
5,33,Bwd URG Flags,0.0
5,34,Fwd Header Length,6.798545371111686e-08
5,35,Bwd Header Length,1.0460693289360279e-07
5,36,Fwd Packets/s,1.6729349226807244e-05
5,37,Bwd Packets/s,6.186964128573891e-06
5,38,Min Packet Length,1.6537460396648385e-05
5,39,Max Packet Length,0.00013733538798987865
5,40,Packet Length Mean,0.0002383716346230358
5,41,Packet Length Std,0.00014460954116657376
5,42,Packet Length Variance,7.409560930682346e-05
5,43,FIN Flag Count,8.632650860818103e-06
5,44,SYN Flag Count,6.887604104122147e-05
5,45,RST Flag Count,2.0182861248940753e-07
5,46,PSH Flag Count,9.965205390471965e-05
5,47,ACK Flag Count,0.0003263560065533966
5,48,URG Flag Count,0.00011966210877289996
5,49,CWE Flag Count,0.0
5,50,ECE Flag Count,5.890647116757464e-07
5,51,Down/Up Ratio,2.387108361290302e-05
5,52,Average Packet Size,0.0002960550773423165
5,53,Avg Fwd Segment Size,6.816490895289462e-06
5,54,Avg Bwd Segment Size,7.417315828206483e-06
5,55,Fwd Header Length.1,4.9542592250872985e-08
5,56,Fwd Avg Bytes/Bulk,0.0
5,57,Fwd Avg Packets/Bulk,0.0
5,58,Fwd Avg Bulk Rate,0.0
5,59,Bwd Avg Bytes/Bulk,0.0
5,60,Bwd Avg Packets/Bulk,0.0
5,61,Bwd Avg Bulk Rate,0.0
5,62,Subflow Fwd Packets,7.997552842198274e-08
5,63,Subflow Fwd Bytes,5.820647430709869e-08
5,64,Subflow Bwd Packets,9.014778612481678e-08
5,65,Subflow Bwd Bytes,2.620494576888177e-08
5,66,Init_Win_bytes_forward,1.3238287465355825e-05
5,67,Init_Win_bytes_backward,1.2171174603281543e-05
5,68,act_data_pkt_fwd,4.522263452599873e-08
5,69,min_seg_size_forward,3.3224525353148238e-09
5,70,Active Mean,6.44556962470233e-07
5,71,Active Std,5.5905080564855325e-09
5,72,Active Max,5.892167791898828e-06
5,73,Active Min,7.247757594086579e-08
5,74,Idle Mean,2.7784308258560486e-05
5,75,Idle Std,4.530812930170214e-06
5,76,Idle Max,8.207766768464353e-06
5,77,Idle Min,5.2564322686521336e-05
6,0,Destination Port,0.00012164947838755324
6,1,Flow Duration,1.1331681889714673e-05
6,2,Total Fwd Packets,1.3151465338978596e-07
6,3,Total Backward Packets,2.1006498229780846e-07
6,4,Total Length of Fwd Packets,2.5716576601553243e-07
6,5,Total Length of Bwd Packets,1.378823668574114e-07
6,6,Fwd Packet Length Max,1.6771544324001297e-05
6,7,Fwd Packet Length Min,5.520309969142545e-06
6,8,Fwd Packet Length Mean,4.232828359818086e-06
6,9,Fwd Packet Length Std,5.408974175225012e-06
6,10,Bwd Packet Length Max,6.110556114435894e-06
6,11,Bwd Packet Length Min,3.707564928845386e-06
6,12,Bwd Packet Length Mean,3.806019958574325e-05
6,13,Bwd Packet Length Std,3.6841190649283817e-06
6,14,Flow Bytes/s,1.3202998161432333e-06
6,15,Flow Packets/s,1.7678747099125758e-05
6,16,Flow IAT Mean,6.710422167088836e-05
6,17,Flow IAT Std,2.5781522708712146e-05
6,18,Flow IAT Max,4.435541632119566e-05
6,19,Flow IAT Min,1.2452662758732913e-06
6,20,Fwd IAT Total,2.667053195182234e-06
6,21,Fwd IAT Mean,4.029435513075441e-05
6,22,Fwd IAT Std,1.3408268841885729e-06
6,23,Fwd IAT Max,4.565927156363614e-05
6,24,Fwd IAT Min,1.9711213099071756e-05
6,25,Bwd IAT Total,9.646216494729742e-05
6,26,Bwd IAT Mean,1.1726664524758235e-05
6,27,Bwd IAT Std,1.1063806596212089e-05
6,28,Bwd IAT Max,1.4621340596931987e-05
6,29,Bwd IAT Min,8.476188668282703e-06
6,30,Fwd PSH Flags,6.436499916162575e-06
6,31,Bwd PSH Flags,0.0
6,32,Fwd URG Flags,0.0
6,33,Bwd URG Flags,0.0
6,34,Fwd Header Length,1.0992832422118681e-08
6,35,Bwd Header Length,2.490642714292335e-07
6,36,Fwd Packets/s,1.7857444618130103e-05
6,37,Bwd Packets/s,3.6054334486834705e-06
6,38,Min Packet Length,8.512025488016661e-06
6,39,Max Packet Length,8.876957508618943e-06
6,40,Packet Length Mean,4.945573436998529e-06
6,41,Packet Length Std,1.4438561265706085e-05
6,42,Packet Length Variance,7.057895345496945e-06
6,43,FIN Flag Count,1.5742270988994278e-05
6,44,SYN Flag Count,8.295697625726461e-05
6,45,RST Flag Count,3.856748662656173e-07
6,46,PSH Flag Count,0.0003189349954482168
6,47,ACK Flag Count,0.00030133192194625735
6,48,URG Flag Count,3.676382766570896e-05
6,49,CWE Flag Count,0.0
6,50,ECE Flag Count,1.3513727026293054e-07
6,51,Down/Up Ratio,1.1474066923256032e-05
6,52,Average Packet Size,3.218388155801222e-05
6,53,Avg Fwd Segment Size,7.337507668125909e-07
6,54,Avg Bwd Segment Size,2.632335053931456e-05
6,55,Fwd Header Length.1,5.679912651324059e-10
6,56,Fwd Avg Bytes/Bulk,0.0
6,57,Fwd Avg Packets/Bulk,0.0
6,58,Fwd Avg Bulk Rate,0.0
6,59,Bwd Avg Bytes/Bulk,0.0
6,60,Bwd Avg Packets/Bulk,0.0
6,61,Bwd Avg Bulk Rate,0.0
6,62,Subflow Fwd Packets,1.056716811831393e-07
6,63,Subflow Fwd Bytes,1.6058237406468834e-07
6,64,Subflow Bwd Packets,1.8926833433852153e-07
6,65,Subflow Bwd Bytes,1.0861154464691936e-07
6,66,Init_Win_bytes_forward,4.222843926982023e-06
6,67,Init_Win_bytes_backward,9.292964023188688e-06
6,68,act_data_pkt_fwd,6.47494005079352e-08
6,69,min_seg_size_forward,1.6260071414309074e-11
6,70,Active Mean,8.183508839465503e-07
6,71,Active Std,7.446919880749192e-07
6,72,Active Max,4.1701191548781935e-06
6,73,Active Min,3.729350908088236e-07
6,74,Idle Mean,4.176998118055053e-05
6,75,Idle Std,5.546481588680763e-06
6,76,Idle Max,1.5511583114857785e-05
6,77,Idle Min,0.00015057316340971738
7,0,Destination Port,7.217562233563513e-05
7,1,Flow Duration,7.224611908895895e-05
7,2,Total Fwd Packets,1.7827025544647768e-07
7,3,Total Backward Packets,1.3204184767801053e-07
7,4,Total Length of Fwd Packets,1.6531964774912922e-07
7,5,Total Length of Bwd Packets,1.196711281181706e-07
7,6,Fwd Packet Length Max,7.671602361369878e-06
7,7,Fwd Packet Length Min,1.5458790585398674e-05
7,8,Fwd Packet Length Mean,1.7711090549710207e-05
7,9,Fwd Packet Length Std,1.8780175423671608e-06
7,10,Bwd Packet Length Max,0.00015800341498106718
7,11,Bwd Packet Length Min,9.624001904739998e-06
7,12,Bwd Packet Length Mean,0.0002730357809923589
7,13,Bwd Packet Length Std,0.0003243773535359651
7,14,Flow Bytes/s,1.4010493032401428e-06
7,15,Flow Packets/s,1.4930116776668001e-05
7,16,Flow IAT Mean,1.339267419098178e-05
7,17,Flow IAT Std,4.341675776231568e-06
7,18,Flow IAT Max,8.318166692333762e-06
7,19,Flow IAT Min,1.509568392066285e-06
7,20,Fwd IAT Total,8.357110345968977e-05
7,21,Fwd IAT Mean,3.6490524507826194e-05
7,22,Fwd IAT Std,1.8272552551934496e-05
7,23,Fwd IAT Max,4.098397766938433e-05
7,24,Fwd IAT Min,7.187727078417083e-06
7,25,Bwd IAT Total,3.307345468783751e-05
7,26,Bwd IAT Mean,1.5196742424450349e-05
7,27,Bwd IAT Std,1.499261514936734e-07
7,28,Bwd IAT Max,2.2765510948374867e-05
7,29,Bwd IAT Min,5.547641194425523e-06
7,30,Fwd PSH Flags,3.8656595279462636e-05
7,31,Bwd PSH Flags,0.0
7,32,Fwd URG Flags,0.0
7,33,Bwd URG Flags,0.0
7,34,Fwd Header Length,9.01651446838514e-08
7,35,Bwd Header Length,6.590224899127861e-08
7,36,Fwd Packets/s,1.5328389054047875e-05
7,37,Bwd Packets/s,6.593930265808012e-06
7,38,Min Packet Length,1.9560537111829035e-05
7,39,Max Packet Length,0.00019436131697148085
7,40,Packet Length Mean,0.00015186255041044205
7,41,Packet Length Std,0.00012106445501558483
7,42,Packet Length Variance,0.00013759495050180703
7,43,FIN Flag Count,1.031418469210621e-05
7,44,SYN Flag Count,6.174262671265751e-05
7,45,RST Flag Count,2.7987363182546687e-07
7,46,PSH Flag Count,0.00030206734663806856
7,47,ACK Flag Count,0.0003076662833336741
7,48,URG Flag Count,0.00013713058433495462
7,49,CWE Flag Count,0.0
7,50,ECE Flag Count,4.66570440948999e-07
7,51,Down/Up Ratio,2.932713869086001e-05
7,52,Average Packet Size,0.000234823179198429
7,53,Avg Fwd Segment Size,6.3411862356588244e-06
7,54,Avg Bwd Segment Size,6.997263699304312e-05
7,55,Fwd Header Length.1,3.68129491334912e-08
7,56,Fwd Avg Bytes/Bulk,0.0
7,57,Fwd Avg Packets/Bulk,0.0
7,58,Fwd Avg Bulk Rate,0.0
7,59,Bwd Avg Bytes/Bulk,0.0
7,60,Bwd Avg Packets/Bulk,0.0
7,61,Bwd Avg Bulk Rate,0.0
7,62,Subflow Fwd Packets,1.16918883463768e-07
7,63,Subflow Fwd Bytes,4.622255289632449e-08
7,64,Subflow Bwd Packets,1.643211788859844e-07
7,65,Subflow Bwd Bytes,8.443529253554516e-08
7,66,Init_Win_bytes_forward,1.3548118658945896e-05
7,67,Init_Win_bytes_backward,1.4426141206058674e-05
7,68,act_data_pkt_fwd,5.653490120494098e-08
7,69,min_seg_size_forward,8.435627196767825e-12
7,70,Active Mean,6.066009063943056e-07
7,71,Active Std,5.800761115892783e-08
7,72,Active Max,6.071242751204409e-06
7,73,Active Min,1.1047347925341455e-08
7,74,Idle Mean,2.663543273229152e-05
7,75,Idle Std,4.585006990964757e-06
7,76,Idle Max,3.0006744964339305e-06
7,77,Idle Min,4.3750689656008035e-05
8,0,Destination Port,0.00010783762263599783
8,1,Flow Duration,8.785952559264842e-06
8,2,Total Fwd Packets,1.4925349489658402e-07
8,3,Total Backward Packets,2.2397703958176862e-07
8,4,Total Length of Fwd Packets,2.382239472353831e-07
8,5,Total Length of Bwd Packets,1.6021408555388916e-07
8,6,Fwd Packet Length Max,1.6475380107294768e-05
8,7,Fwd Packet Length Min,4.114177500014193e-06
8,8,Fwd Packet Length Mean,4.345088655099971e-06
8,9,Fwd Packet Length Std,4.3139739318576176e-06
8,10,Bwd Packet Length Max,3.4821146073227283e-06
8,11,Bwd Packet Length Min,2.590893018350471e-06
8,12,Bwd Packet Length Mean,3.142794957966544e-05
8,13,Bwd Packet Length Std,7.898383955762256e-06
8,14,Flow Bytes/s,1.2340889270490152e-06
8,15,Flow Packets/s,1.4171410839480814e-05
8,16,Flow IAT Mean,6.68018328724429e-05
8,17,Flow IAT Std,2.4345761630684137e-05
8,18,Flow IAT Max,5.126775067765266e-05
8,19,Flow IAT Min,1.1385819789211382e-06
8,20,Fwd IAT Total,2.143107622032403e-06
8,21,Fwd IAT Mean,4.334890400059521e-05
8,22,Fwd IAT Std,3.1653809173803893e-07
8,23,Fwd IAT Max,4.552979225991294e-05
8,24,Fwd IAT Min,1.8807653759722598e-05
8,25,Bwd IAT Total,0.00010865186777664348
8,26,Bwd IAT Mean,1.0093166565638967e-05
8,27,Bwd IAT Std,1.036037974699866e-05
8,28,Bwd IAT Max,1.2186303138150834e-05
8,29,Bwd IAT Min,8.078759492491372e-06
8,30,Fwd PSH Flags,9.12644372874638e-06
8,31,Bwd PSH Flags,0.0
8,32,Fwd URG Flags,0.0
8,33,Bwd URG Flags,0.0
8,34,Fwd Header Length,1.1427029322774729e-09
8,35,Bwd Header Length,2.123927771435774e-07
8,36,Fwd Packets/s,1.6691146811353974e-05
8,37,Bwd Packets/s,3.640315071606892e-06
8,38,Min Packet Length,9.482552741246764e-06
8,39,Max Packet Length,1.0512353583180811e-05
8,40,Packet Length Mean,2.2323190407291804e-08
8,41,Packet Length Std,1.0103317436005455e-05
8,42,Packet Length Variance,8.16636202216614e-06
8,43,FIN Flag Count,1.4150388778944034e-05
8,44,SYN Flag Count,8.11533464002423e-05
8,45,RST Flag Count,3.946521189845953e-07
8,46,PSH Flag Count,0.0003480735176708549
8,47,ACK Flag Count,0.00044599000830203295
8,48,URG Flag Count,2.3155331291491166e-05
8,49,CWE Flag Count,0.0
8,50,ECE Flag Count,1.1511833264421512e-07
8,51,Down/Up Ratio,1.4188622117217164e-05
8,52,Average Packet Size,2.7898910047952086e-05
8,53,Avg Fwd Segment Size,3.3051680929929717e-06
8,54,Avg Bwd Segment Size,2.450732426950708e-05
8,55,Fwd Header Length.1,6.805212504623626e-10
8,56,Fwd Avg Bytes/Bulk,0.0
8,57,Fwd Avg Packets/Bulk,0.0
8,58,Fwd Avg Bulk Rate,0.0
8,59,Bwd Avg Bytes/Bulk,0.0
8,60,Bwd Avg Packets/Bulk,0.0
8,61,Bwd Avg Bulk Rate,0.0
8,62,Subflow Fwd Packets,1.1849441960976037e-07
8,63,Subflow Fwd Bytes,9.981825144222967e-08
8,64,Subflow Bwd Packets,2.1175497977310442e-07
8,65,Subflow Bwd Bytes,1.2583547004396678e-07
8,66,Init_Win_bytes_forward,1.319272632827051e-05
8,67,Init_Win_bytes_backward,8.033081030589528e-06
8,68,act_data_pkt_fwd,4.213175230916022e-08
8,69,min_seg_size_forward,2.674764187915457e-09
8,70,Active Mean,7.538696991105098e-07
8,71,Active Std,7.774987693665025e-07
8,72,Active Max,4.109293968213024e-06
8,73,Active Min,5.072149633633671e-07
8,74,Idle Mean,5.1149942009942606e-05
8,75,Idle Std,4.948350124323042e-06
8,76,Idle Max,5.477957984112436e-06
8,77,Idle Min,0.00015184386575128883
9,0,Destination Port,5.103994772071019e-05
9,1,Flow Duration,4.746085323859006e-05
9,2,Total Fwd Packets,1.327755541069564e-07
9,3,Total Backward Packets,9.384267229961551e-08
9,4,Total Length of Fwd Packets,1.5917505891138717e-07
9,5,Total Length of Bwd Packets,6.58843362089101e-08
9,6,Fwd Packet Length Max,7.567582997580757e-06
9,7,Fwd Packet Length Min,1.3115130059304647e-05
9,8,Fwd Packet Length Mean,1.8678974811336957e-05
9,9,Fwd Packet Length Std,4.909673862130148e-06
9,10,Bwd Packet Length Max,0.00015157167217694223
9,11,Bwd Packet Length Min,8.704477295395918e-06
9,12,Bwd Packet Length Mean,0.00033250756678171456
9,13,Bwd Packet Length Std,0.0003265326377004385
9,14,Flow Bytes/s,1.2467074839150882e-06
9,15,Flow Packets/s,1.042882286128588e-05
9,16,Flow IAT Mean,1.1837156307592522e-05
9,17,Flow IAT Std,2.1198052309046034e-06
9,18,Flow IAT Max,1.8051452570944093e-05
9,19,Flow IAT Min,1.3247082506495644e-06
9,20,Fwd IAT Total,8.271603292087093e-05
9,21,Fwd IAT Mean,3.349816324771382e-05
9,22,Fwd IAT Std,1.8716262275120243e-05
9,23,Fwd IAT Max,3.8385864172596484e-05
9,24,Fwd IAT Min,2.244939196316409e-06
9,25,Bwd IAT Total,3.786867091548629e-05
9,26,Bwd IAT Mean,1.1916713447135407e-05
9,27,Bwd IAT Std,4.0133141965270624e-07
9,28,Bwd IAT Max,2.435834176139906e-05
9,29,Bwd IAT Min,1.4734753222001018e-06
9,30,Fwd PSH Flags,2.4462266082991846e-05
9,31,Bwd PSH Flags,0.0
9,32,Fwd URG Flags,0.0
9,33,Bwd URG Flags,0.0
9,34,Fwd Header Length,6.867109192398857e-08
9,35,Bwd Header Length,2.106414171976212e-07
9,36,Fwd Packets/s,7.563379767816514e-06
9,37,Bwd Packets/s,6.482090157078346e-06
9,38,Min Packet Length,2.5363231543451548e-05
9,39,Max Packet Length,0.0002910359180532396
9,40,Packet Length Mean,0.00014098762767389417
9,41,Packet Length Std,3.85216590075288e-05
9,42,Packet Length Variance,9.064406913239509e-05
9,43,FIN Flag Count,8.555355634598527e-06
9,44,SYN Flag Count,8.385294495383278e-05
9,45,RST Flag Count,1.8483021335669036e-07
9,46,PSH Flag Count,0.0003012993256561458
9,47,ACK Flag Count,0.00028007043874822557
9,48,URG Flag Count,0.00016122088709380478
9,49,CWE Flag Count,0.0
9,50,ECE Flag Count,3.8625250908808084e-07
9,51,Down/Up Ratio,2.719600888667628e-05
9,52,Average Packet Size,0.00029271168750710785
9,53,Avg Fwd Segment Size,4.396241365611786e-06
9,54,Avg Bwd Segment Size,2.9869852369301952e-05
9,55,Fwd Header Length.1,4.908071460363317e-08
9,56,Fwd Avg Bytes/Bulk,0.0
9,57,Fwd Avg Packets/Bulk,0.0
9,58,Fwd Avg Bulk Rate,0.0
9,59,Bwd Avg Bytes/Bulk,0.0
9,60,Bwd Avg Packets/Bulk,0.0
9,61,Bwd Avg Bulk Rate,0.0
9,62,Subflow Fwd Packets,9.771903819455474e-08
9,63,Subflow Fwd Bytes,3.0384697424779006e-08
9,64,Subflow Bwd Packets,1.1886050543807869e-07
9,65,Subflow Bwd Bytes,4.606701153875292e-08
9,66,Init_Win_bytes_forward,1.2552337466331664e-05
9,67,Init_Win_bytes_backward,1.6166426576091908e-05
9,68,act_data_pkt_fwd,1.830438556282843e-08
9,69,min_seg_size_forward,2.608306105822411e-11
9,70,Active Mean,6.612100946767896e-07
9,71,Active Std,1.768730300000243e-07
9,72,Active Max,6.449875854741549e-06
9,73,Active Min,7.778030663985191e-08
9,74,Idle Mean,1.5992040061973967e-05
9,75,Idle Std,3.992769507021876e-06
9,76,Idle Max,6.11598125033197e-06
9,77,Idle Min,3.515337084536441e-05
10,0,Destination Port,0.00010916843166342005
10,1,Flow Duration,9.478167157794815e-06
10,2,Total Fwd Packets,9.524320887521753e-08
10,3,Total Backward Packets,1.8008807955993689e-07
10,4,Total Length of Fwd Packets,2.748997758317273e-07
10,5,Total Length of Bwd Packets,1.1439203717600321e-07
10,6,Fwd Packet Length Max,1.6719544873922132e-05
10,7,Fwd Packet Length Min,5.328123734216206e-06
10,8,Fwd Packet Length Mean,6.8123117671348155e-06
10,9,Fwd Packet Length Std,8.362670087080915e-06
10,10,Bwd Packet Length Max,8.8971473815036e-06
10,11,Bwd Packet Length Min,2.2181055214787193e-07
10,12,Bwd Packet Length Mean,4.6231638407334685e-05
10,13,Bwd Packet Length Std,1.1837782039947342e-05
10,14,Flow Bytes/s,1.2737207271129591e-06
10,15,Flow Packets/s,1.8878045011661015e-05
10,16,Flow IAT Mean,4.902098226011731e-05
10,17,Flow IAT Std,1.6746904293540865e-05
10,18,Flow IAT Max,3.528441084199585e-05
10,19,Flow IAT Min,1.2858326954301447e-06
10,20,Fwd IAT Total,2.3891482214821735e-06
10,21,Fwd IAT Mean,2.2585023543797433e-05
10,22,Fwd IAT Std,8.264463758678176e-06
10,23,Fwd IAT Max,3.752540942514315e-05
10,24,Fwd IAT Min,1.9011313270311803e-05
10,25,Bwd IAT Total,0.00011339719640091062
10,26,Bwd IAT Mean,1.282429730053991e-05
10,27,Bwd IAT Std,7.637384442205075e-06
10,28,Bwd IAT Max,2.010673051699996e-05
10,29,Bwd IAT Min,7.283365448529366e-06
10,30,Fwd PSH Flags,2.1509969883481972e-05
10,31,Bwd PSH Flags,0.0
10,32,Fwd URG Flags,0.0
10,33,Bwd URG Flags,0.0
10,34,Fwd Header Length,7.054822948049377e-09
10,35,Bwd Header Length,1.3635970219638693e-07
10,36,Fwd Packets/s,1.7092033886001445e-05
10,37,Bwd Packets/s,3.6164290122542297e-06
10,38,Min Packet Length,1.1903726772288792e-05
10,39,Max Packet Length,5.6808294175425544e-06
10,40,Packet Length Mean,2.1370661329456198e-07
10,41,Packet Length Std,9.832849173108116e-06
10,42,Packet Length Variance,7.703185474383645e-06
10,43,FIN Flag Count,2.0615338144125417e-05
10,44,SYN Flag Count,7.000370533205569e-05
10,45,RST Flag Count,3.8172538552316837e-07
10,46,PSH Flag Count,0.000298251019557938
10,47,ACK Flag Count,0.0003108587407041341
10,48,URG Flag Count,5.15837746206671e-05
10,49,CWE Flag Count,0.0
10,50,ECE Flag Count,1.2738881594032136e-07
10,51,Down/Up Ratio,1.3096320799377281e-05
10,52,Average Packet Size,2.3925304049043916e-05
10,53,Avg Fwd Segment Size,1.1954108458667179e-06
10,54,Avg Bwd Segment Size,3.634788663475774e-05
10,55,Fwd Header Length.1,7.507537702622358e-09
10,56,Fwd Avg Bytes/Bulk,0.0
10,57,Fwd Avg Packets/Bulk,0.0
10,58,Fwd Avg Bulk Rate,0.0
10,59,Bwd Avg Bytes/Bulk,0.0
10,60,Bwd Avg Packets/Bulk,0.0
10,61,Bwd Avg Bulk Rate,0.0
10,62,Subflow Fwd Packets,7.36638909870635e-08
10,63,Subflow Fwd Bytes,1.6929932655784796e-07
10,64,Subflow Bwd Packets,1.6555107151816628e-07
10,65,Subflow Bwd Bytes,9.49556380192007e-08
10,66,Init_Win_bytes_forward,1.4183778148435522e-05
10,67,Init_Win_bytes_backward,1.577467264723964e-05
10,68,act_data_pkt_fwd,2.7288761472732403e-08
10,69,min_seg_size_forward,1.9807166323770886e-11
10,70,Active Mean,7.544077220700274e-07
10,71,Active Std,7.147689302655635e-07
10,72,Active Max,4.025328053103294e-06
10,73,Active Min,4.3121488602082536e-07
10,74,Idle Mean,6.012781159370206e-05
10,75,Idle Std,5.449288437375799e-06
10,76,Idle Max,1.9756202163989656e-05
10,77,Idle Min,0.00016112271987367421
11,0,Destination Port,5.246506043476984e-05
11,1,Flow Duration,5.074793443782255e-05
11,2,Total Fwd Packets,7.633583010147049e-08
11,3,Total Backward Packets,5.2893668112119485e-08
11,4,Total Length of Fwd Packets,2.0275082590615057e-07
11,5,Total Length of Bwd Packets,2.7347017095280535e-08
11,6,Fwd Packet Length Max,5.2845111895294394e-06
11,7,Fwd Packet Length Min,1.3488933291228022e-05
11,8,Fwd Packet Length Mean,1.9096025425824337e-05
11,9,Fwd Packet Length Std,3.87394766221405e-06
11,10,Bwd Packet Length Max,0.0001807957305572927
11,11,Bwd Packet Length Min,7.437503427354386e-06
11,12,Bwd Packet Length Mean,0.00036250651464797556
11,13,Bwd Packet Length Std,0.0009080057498067617
11,14,Flow Bytes/s,1.5313967196561862e-06
11,15,Flow Packets/s,1.2973649972991552e-05
11,16,Flow IAT Mean,1.2146126209700014e-05
11,17,Flow IAT Std,5.81051608605776e-06
11,18,Flow IAT Max,1.7648644643486477e-05
11,19,Flow IAT Min,1.7506340554973576e-06
11,20,Fwd IAT Total,8.222308679251e-05
11,21,Fwd IAT Mean,3.574470611056313e-05
11,22,Fwd IAT Std,2.61691657215124e-05
11,23,Fwd IAT Max,3.622176154749468e-05
11,24,Fwd IAT Min,3.2417433430964593e-06
11,25,Bwd IAT Total,1.855622758739628e-05
11,26,Bwd IAT Mean,8.454412636638153e-06
11,27,Bwd IAT Std,1.9805523265858938e-07
11,28,Bwd IAT Max,2.9437633202178404e-05
11,29,Bwd IAT Min,2.600705101940548e-06
11,30,Fwd PSH Flags,3.561866833479144e-05
11,31,Bwd PSH Flags,0.0
11,32,Fwd URG Flags,0.0
11,33,Bwd URG Flags,0.0
11,34,Fwd Header Length,7.781201816214889e-08
11,35,Bwd Header Length,1.4576251317066635e-07
11,36,Fwd Packets/s,1.5029114365461282e-05
11,37,Bwd Packets/s,7.986613127286546e-06
11,38,Min Packet Length,2.4464239686494693e-05
11,39,Max Packet Length,0.0003812915238086134
11,40,Packet Length Mean,3.1135030440054834e-05
11,41,Packet Length Std,6.848039629403502e-05
11,42,Packet Length Variance,0.00047042747610248625
11,43,FIN Flag Count,1.6328944184351712e-05
11,44,SYN Flag Count,7.791406096657738e-05
11,45,RST Flag Count,3.073020309329877e-07
11,46,PSH Flag Count,0.0006518965819850564
11,47,ACK Flag Count,0.00033892967621795833
11,48,URG Flag Count,0.00021468866907525808
11,49,CWE Flag Count,0.0
11,50,ECE Flag Count,2.7753929998652893e-07
11,51,Down/Up Ratio,9.405050150235184e-06
11,52,Average Packet Size,0.00014914011990185827
11,53,Avg Fwd Segment Size,4.161193828622345e-06
11,54,Avg Bwd Segment Size,4.875244030699832e-06
11,55,Fwd Header Length.1,4.067751646630313e-08
11,56,Fwd Avg Bytes/Bulk,0.0
11,57,Fwd Avg Packets/Bulk,0.0
11,58,Fwd Avg Bulk Rate,0.0
11,59,Bwd Avg Bytes/Bulk,0.0
11,60,Bwd Avg Packets/Bulk,0.0
11,61,Bwd Avg Bulk Rate,0.0
11,62,Subflow Fwd Packets,5.4498507040534605e-08
11,63,Subflow Fwd Bytes,5.093427546398743e-08
11,64,Subflow Bwd Packets,7.22579045486782e-08
11,65,Subflow Bwd Bytes,1.8812343682839128e-08
11,66,Init_Win_bytes_forward,1.5493878890993074e-05
11,67,Init_Win_bytes_backward,1.3076230970909819e-05
11,68,act_data_pkt_fwd,1.8273350832487267e-08
11,69,min_seg_size_forward,2.7159515955665903e-11
11,70,Active Mean,7.719676204942516e-07
11,71,Active Std,1.3122006237153983e-07
11,72,Active Max,6.972502887947485e-06
11,73,Active Min,2.9465915929449693e-08
11,74,Idle Mean,1.4135252968117129e-05
11,75,Idle Std,4.506211553234607e-06
11,76,Idle Max,1.0662213753676042e-05
11,77,Idle Min,3.0351460736710578e-05
12,0,Destination Port,7.939842180348933e-05
12,1,Flow Duration,1.0207711056864355e-05
12,2,Total Fwd Packets,1.4416714577691891e-07
12,3,Total Backward Packets,2.4202816462093324e-07
12,4,Total Length of Fwd Packets,2.6999134661309654e-07
12,5,Total Length of Bwd Packets,1.800662090545302e-07
12,6,Fwd Packet Length Max,1.7653097529546358e-05
12,7,Fwd Packet Length Min,2.585972424640204e-06
12,8,Fwd Packet Length Mean,6.478443538071588e-06
12,9,Fwd Packet Length Std,6.675172699033283e-06
12,10,Bwd Packet Length Max,3.4109757507394534e-06
12,11,Bwd Packet Length Min,2.5812803414737573e-06
12,12,Bwd Packet Length Mean,3.977635788032785e-05
12,13,Bwd Packet Length Std,1.8156970327254385e-05
12,14,Flow Bytes/s,1.3864752190784202e-06
12,15,Flow Packets/s,1.2050783880113158e-05
12,16,Flow IAT Mean,4.891688877250999e-05
12,17,Flow IAT Std,1.8987271687365137e-05
12,18,Flow IAT Max,4.990613160771318e-05
12,19,Flow IAT Min,1.174809995063697e-06
12,20,Fwd IAT Total,3.5974796901427908e-06
12,21,Fwd IAT Mean,2.427595609333366e-05
12,22,Fwd IAT Std,1.2777244592143688e-05
12,23,Fwd IAT Max,4.610667019733228e-05
12,24,Fwd IAT Min,1.5352929040091112e-05
12,25,Bwd IAT Total,0.000125192163977772
12,26,Bwd IAT Mean,7.808236659911927e-06
12,27,Bwd IAT Std,7.954913598950952e-06
12,28,Bwd IAT Max,1.4420438674278557e-05
12,29,Bwd IAT Min,7.785449270159006e-06
12,30,Fwd PSH Flags,2.2020529286237434e-05
12,31,Bwd PSH Flags,0.0
12,32,Fwd URG Flags,0.0
12,33,Bwd URG Flags,0.0
12,34,Fwd Header Length,4.063334113624251e-09
12,35,Bwd Header Length,2.2103658636751788e-07
12,36,Fwd Packets/s,1.3378742551140022e-05
12,37,Bwd Packets/s,3.853618636640022e-06
12,38,Min Packet Length,1.1693089618347585e-05
12,39,Max Packet Length,1.699690801615361e-05
12,40,Packet Length Mean,8.558193258068059e-06
12,41,Packet Length Std,2.649864825343684e-07
12,42,Packet Length Variance,8.958830221672542e-06
12,43,FIN Flag Count,1.0744995051936712e-05
12,44,SYN Flag Count,8.265039650723338e-05
12,45,RST Flag Count,4.7591547058800643e-07
12,46,PSH Flag Count,0.00037464851629920304
12,47,ACK Flag Count,0.0005100611597299576
12,48,URG Flag Count,4.0404844185104594e-05
12,49,CWE Flag Count,0.0
12,50,ECE Flag Count,1.1748709027870063e-07
12,51,Down/Up Ratio,1.642998722672928e-05
12,52,Average Packet Size,3.4315857192268595e-05
12,53,Avg Fwd Segment Size,4.286352577764774e-06
12,54,Avg Bwd Segment Size,3.464764085947536e-05
12,55,Fwd Header Length.1,1.64593068063823e-08
12,56,Fwd Avg Bytes/Bulk,0.0
12,57,Fwd Avg Packets/Bulk,0.0
12,58,Fwd Avg Bulk Rate,0.0
12,59,Bwd Avg Bytes/Bulk,0.0
12,60,Bwd Avg Packets/Bulk,0.0
12,61,Bwd Avg Bulk Rate,0.0
12,62,Subflow Fwd Packets,1.1727539117600827e-07
12,63,Subflow Fwd Bytes,1.2457459774850577e-07
12,64,Subflow Bwd Packets,2.3106106539216853e-07
12,65,Subflow Bwd Bytes,1.420779511818182e-07
12,66,Init_Win_bytes_forward,2.927643890870968e-06
12,67,Init_Win_bytes_backward,8.606582014181186e-06
12,68,act_data_pkt_fwd,3.3640521479583185e-08
12,69,min_seg_size_forward,2.5199170007594862e-12
12,70,Active Mean,9.39100402774784e-07
12,71,Active Std,8.355021918760031e-07
12,72,Active Max,3.916745299648028e-06
12,73,Active Min,4.731956551040639e-07
12,74,Idle Mean,8.248595986515284e-05
12,75,Idle Std,5.986068572383374e-06
12,76,Idle Max,6.279100034589646e-06
12,77,Idle Min,0.00014516201918013394
13,0,Destination Port,2.5055716832866892e-05
13,1,Flow Duration,4.297044506529346e-05
13,2,Total Fwd Packets,9.43805886777227e-08
13,3,Total Backward Packets,4.738166481388362e-08
13,4,Total Length of Fwd Packets,1.7007752717290714e-07
13,5,Total Length of Bwd Packets,8.848428656449414e-09
13,6,Fwd Packet Length Max,8.664154847792815e-06
13,7,Fwd Packet Length Min,1.3511647921404801e-05
13,8,Fwd Packet Length Mean,1.763822183420416e-05
13,9,Fwd Packet Length Std,6.730192126269685e-06
13,10,Bwd Packet Length Max,9.88349856925197e-05
13,11,Bwd Packet Length Min,7.045683105388889e-06
13,12,Bwd Packet Length Mean,0.00030968058854341507
13,13,Bwd Packet Length Std,0.000422330922447145
13,14,Flow Bytes/s,1.2006618135274039e-06
13,15,Flow Packets/s,1.0875389307329897e-05
13,16,Flow IAT Mean,1.3324650353752077e-05
13,17,Flow IAT Std,2.2813576379121514e-06
13,18,Flow IAT Max,2.1182015188969672e-05
13,19,Flow IAT Min,1.6739058992243372e-06
13,20,Fwd IAT Total,0.00010891774581978098
13,21,Fwd IAT Mean,3.6831152101513e-05
13,22,Fwd IAT Std,2.1569889213424176e-05
13,23,Fwd IAT Max,3.1503706850344315e-05
13,24,Fwd IAT Min,2.2119861569080967e-06
13,25,Bwd IAT Total,3.1849605875322595e-05
13,26,Bwd IAT Mean,1.238144795934204e-05
13,27,Bwd IAT Std,4.273332478987868e-07
13,28,Bwd IAT Max,2.7486932594911195e-05
13,29,Bwd IAT Min,1.9852084278682014e-06
13,30,Fwd PSH Flags,1.9479506590869278e-05
13,31,Bwd PSH Flags,0.0
13,32,Fwd URG Flags,0.0
13,33,Bwd URG Flags,0.0
13,34,Fwd Header Length,7.78648043819885e-08
13,35,Bwd Header Length,1.994039848796092e-07
13,36,Fwd Packets/s,7.2732436819933355e-06
13,37,Bwd Packets/s,6.812650553911226e-06
13,38,Min Packet Length,2.8848511647083797e-05
13,39,Max Packet Length,0.0003269490844104439
13,40,Packet Length Mean,7.318143616430461e-05
13,41,Packet Length Std,5.3637326345779e-05
13,42,Packet Length Variance,0.00012062615132890642
13,43,FIN Flag Count,1.2315033927734476e-05
13,44,SYN Flag Count,9.488820069236681e-05
13,45,RST Flag Count,3.045577443572256e-07
13,46,PSH Flag Count,0.00021703261882066727
13,47,ACK Flag Count,0.0002606834750622511
13,48,URG Flag Count,0.00016249623149633408
13,49,CWE Flag Count,0.0
13,50,ECE Flag Count,5.576462740464194e-07
13,51,Down/Up Ratio,3.0638795578852296e-05
13,52,Average Packet Size,0.00028380026924423873
13,53,Avg Fwd Segment Size,3.2146349440154154e-06
13,54,Avg Bwd Segment Size,6.173212022986263e-05
13,55,Fwd Header Length.1,3.0911397885802216e-08
13,56,Fwd Avg Bytes/Bulk,0.0
13,57,Fwd Avg Packets/Bulk,0.0
13,58,Fwd Avg Bulk Rate,0.0
13,59,Bwd Avg Bytes/Bulk,0.0
13,60,Bwd Avg Packets/Bulk,0.0
13,61,Bwd Avg Bulk Rate,0.0
13,62,Subflow Fwd Packets,6.890287096439351e-08
13,63,Subflow Fwd Bytes,7.503775378836508e-10
13,64,Subflow Bwd Packets,6.156156473480223e-08
13,65,Subflow Bwd Bytes,6.107001571109549e-09
13,66,Init_Win_bytes_forward,1.3148426660336554e-05
13,67,Init_Win_bytes_backward,2.151226726709865e-05
13,68,act_data_pkt_fwd,1.51343648724378e-08
13,69,min_seg_size_forward,6.771036620278892e-09
13,70,Active Mean,7.779190127621405e-07
13,71,Active Std,1.4942017401153862e-07
13,72,Active Max,6.543723429786041e-06
13,73,Active Min,1.0742122924511932e-07
13,74,Idle Mean,4.347208232502453e-06
13,75,Idle Std,5.029938165534986e-06
13,76,Idle Max,1.2191984751552809e-05
13,77,Idle Min,3.665199255920015e-05
14,0,Destination Port,0.0001072460800060071
14,1,Flow Duration,5.879705895495135e-06
14,2,Total Fwd Packets,2.3174075636234193e-07
14,3,Total Backward Packets,3.0478850021609105e-07
14,4,Total Length of Fwd Packets,3.055942272567336e-07
14,5,Total Length of Bwd Packets,2.509497960545559e-07
14,6,Fwd Packet Length Max,1.6813028196338564e-05
14,7,Fwd Packet Length Min,6.232370651559904e-06
14,8,Fwd Packet Length Mean,8.182985766325146e-06
14,9,Fwd Packet Length Std,6.775284873583587e-06
14,10,Bwd Packet Length Max,9.641742508392781e-06
14,11,Bwd Packet Length Min,1.3914702776673948e-06
14,12,Bwd Packet Length Mean,3.932545951101929e-05
14,13,Bwd Packet Length Std,1.0033668331743684e-05
14,14,Flow Bytes/s,1.5307042531276238e-06
14,15,Flow Packets/s,1.739370964060072e-05
14,16,Flow IAT Mean,7.70544502302073e-05
14,17,Flow IAT Std,2.4616463633719832e-05
14,18,Flow IAT Max,3.880732037941925e-05
14,19,Flow IAT Min,1.3683199995284667e-06
14,20,Fwd IAT Total,9.223400354585465e-08
14,21,Fwd IAT Mean,5.113796578370966e-05
14,22,Fwd IAT Std,1.1508832358231302e-05
14,23,Fwd IAT Max,4.604514833772555e-05
14,24,Fwd IAT Min,1.6219690223806538e-05
14,25,Bwd IAT Total,0.00012986116053070873
14,26,Bwd IAT Mean,1.1716178960341495e-05
14,27,Bwd IAT Std,7.634163921466097e-06
14,28,Bwd IAT Max,2.0514524294412695e-05
14,29,Bwd IAT Min,7.3051737672358286e-06
14,30,Fwd PSH Flags,2.2876489310874604e-05
14,31,Bwd PSH Flags,0.0
14,32,Fwd URG Flags,0.0
14,33,Bwd URG Flags,0.0
14,34,Fwd Header Length,7.968724347051648e-09
14,35,Bwd Header Length,7.203140484079995e-08
14,36,Fwd Packets/s,1.6591786334174685e-05
14,37,Bwd Packets/s,3.4675672395678703e-06
14,38,Min Packet Length,1.1802523658843711e-05
14,39,Max Packet Length,8.376828191103414e-06
14,40,Packet Length Mean,3.76843331650889e-07
14,41,Packet Length Std,9.4275274022948e-06
14,42,Packet Length Variance,7.697417458985001e-06
14,43,FIN Flag Count,2.0618210328393616e-05
14,44,SYN Flag Count,7.567812281195074e-05
14,45,RST Flag Count,5.93664879033895e-07
14,46,PSH Flag Count,0.00032308982918038964
14,47,ACK Flag Count,0.00034672091715037823
14,48,URG Flag Count,4.2821506212931126e-05
14,49,CWE Flag Count,0.0
14,50,ECE Flag Count,1.839273124915053e-07
14,51,Down/Up Ratio,1.3105504876875784e-05
14,52,Average Packet Size,2.5790357540245168e-05
14,53,Avg Fwd Segment Size,3.014590220118407e-06
14,54,Avg Bwd Segment Size,3.85453095077537e-05
14,55,Fwd Header Length.1,8.288589370408772e-09
14,56,Fwd Avg Bytes/Bulk,0.0
14,57,Fwd Avg Packets/Bulk,0.0
14,58,Fwd Avg Bulk Rate,0.0
14,59,Bwd Avg Bytes/Bulk,0.0
14,60,Bwd Avg Packets/Bulk,0.0
14,61,Bwd Avg Bulk Rate,0.0
14,62,Subflow Fwd Packets,1.778762594994987e-07
14,63,Subflow Fwd Bytes,1.3050839697825722e-07
14,64,Subflow Bwd Packets,2.938072611868847e-07
14,65,Subflow Bwd Bytes,2.081322350022674e-07
14,66,Init_Win_bytes_forward,1.6640182366245426e-05
14,67,Init_Win_bytes_backward,1.4638675565947779e-05
14,68,act_data_pkt_fwd,6.200240676434987e-08
14,69,min_seg_size_forward,1.3942928589472103e-08
14,70,Active Mean,7.310034106922103e-07
14,71,Active Std,7.601919378430466e-07
14,72,Active Max,4.2451788431208115e-06
14,73,Active Min,5.430980536402785e-07
14,74,Idle Mean,6.234139436855912e-05
14,75,Idle Std,6.500878498627571e-06
14,76,Idle Max,2.500702794350218e-05
14,77,Idle Min,0.0001699538843240589
15,0,Destination Port,3.7685120332753286e-05
15,1,Flow Duration,5.94594057474751e-05
15,2,Total Fwd Packets,1.8864500361814862e-07
15,3,Total Backward Packets,1.7084688863633346e-07
15,4,Total Length of Fwd Packets,2.0776789710907906e-07
15,5,Total Length of Bwd Packets,1.5133652198073833e-07
15,6,Fwd Packet Length Max,6.044806468707975e-06
15,7,Fwd Packet Length Min,1.3691205822397023e-05
15,8,Fwd Packet Length Mean,1.714091922622174e-05
15,9,Fwd Packet Length Std,3.0770929697609972e-06
15,10,Bwd Packet Length Max,0.00010756029951153323
15,11,Bwd Packet Length Min,3.8468338061647955e-06
15,12,Bwd Packet Length Mean,0.0001874365989351645
15,13,Bwd Packet Length Std,0.0008582205628044903
15,14,Flow Bytes/s,1.3401630667431164e-06
15,15,Flow Packets/s,1.0174060662393458e-05
15,16,Flow IAT Mean,1.2512780813267455e-05
15,17,Flow IAT Std,6.3523966673528776e-06
15,18,Flow IAT Max,1.6042493371060118e-05
15,19,Flow IAT Min,1.5126445305213565e-06
15,20,Fwd IAT Total,8.279043686343357e-05
15,21,Fwd IAT Mean,3.671123704407364e-05
15,22,Fwd IAT Std,2.705430961214006e-05
15,23,Fwd IAT Max,3.428891795920208e-05
15,24,Fwd IAT Min,1.9673216229421087e-06
15,25,Bwd IAT Total,1.908545891637914e-05
15,26,Bwd IAT Mean,9.396962013852317e-06
15,27,Bwd IAT Std,1.8672429291655135e-07
15,28,Bwd IAT Max,2.9301074391696602e-05
15,29,Bwd IAT Min,4.112032002012711e-06
15,30,Fwd PSH Flags,3.837058102362789e-05
15,31,Bwd PSH Flags,0.0
15,32,Fwd URG Flags,0.0
15,33,Bwd URG Flags,0.0
15,34,Fwd Header Length,7.930059098271158e-08
15,35,Bwd Header Length,1.4144244175895437e-07
15,36,Fwd Packets/s,1.5448104022652842e-05
15,37,Bwd Packets/s,8.115110176731832e-06
15,38,Min Packet Length,2.590001531643793e-05
15,39,Max Packet Length,0.0005775548634119332
15,40,Packet Length Mean,1.0010526239057072e-05
15,41,Packet Length Std,1.932307714014314e-05
15,42,Packet Length Variance,0.0006299373344518244
15,43,FIN Flag Count,1.680524474068079e-05
15,44,SYN Flag Count,7.976012420840561e-05
15,45,RST Flag Count,3.5462315395307087e-07
15,46,PSH Flag Count,0.0007007067324593663
15,47,ACK Flag Count,0.00033425711444579065
15,48,URG Flag Count,0.00021562031179200858
15,49,CWE Flag Count,0.0
15,50,ECE Flag Count,2.7801766577795206e-07
15,51,Down/Up Ratio,8.886370778782293e-06
15,52,Average Packet Size,0.00017254077829420567
15,53,Avg Fwd Segment Size,1.3804293530483847e-06
15,54,Avg Bwd Segment Size,7.88504839874804e-05
15,55,Fwd Header Length.1,3.9368735826883494e-08
15,56,Fwd Avg Bytes/Bulk,0.0
15,57,Fwd Avg Packets/Bulk,0.0
15,58,Fwd Avg Bulk Rate,0.0
15,59,Bwd Avg Bytes/Bulk,0.0
15,60,Bwd Avg Packets/Bulk,0.0
15,61,Bwd Avg Bulk Rate,0.0
15,62,Subflow Fwd Packets,1.367408799524128e-07
15,63,Subflow Fwd Bytes,2.07964347964662e-08
15,64,Subflow Bwd Packets,2.30815643931237e-07
15,65,Subflow Bwd Bytes,1.0516706794305719e-07
15,66,Init_Win_bytes_forward,1.773919393599499e-05
15,67,Init_Win_bytes_backward,1.627356505196076e-05
15,68,act_data_pkt_fwd,2.1602078348337272e-08
15,69,min_seg_size_forward,7.95376031703654e-09
15,70,Active Mean,8.703611342752993e-07
15,71,Active Std,1.5451577439762332e-07
15,72,Active Max,7.622618795721792e-06
15,73,Active Min,1.3945348875665786e-08
15,74,Idle Mean,1.0290716090821661e-05
15,75,Idle Std,4.8527053877478465e-06
15,76,Idle Max,1.6244450307567604e-05
15,77,Idle Min,3.22111118293833e-05
16,0,Destination Port,7.14295165380463e-05
16,1,Flow Duration,6.452809884649469e-06
16,2,Total Fwd Packets,1.6080480236269068e-07
16,3,Total Backward Packets,2.363096740509718e-07
16,4,Total Length of Fwd Packets,2.663829832272313e-07
16,5,Total Length of Bwd Packets,1.9659857741771702e-07
16,6,Fwd Packet Length Max,1.7838006897363812e-05
16,7,Fwd Packet Length Min,3.2301741157425568e-06
16,8,Fwd Packet Length Mean,6.458049938373733e-06
16,9,Fwd Packet Length Std,5.460759894049261e-06
16,10,Bwd Packet Length Max,1.772616656126047e-06
16,11,Bwd Packet Length Min,2.7999922167509794e-06
16,12,Bwd Packet Length Mean,3.9750448195263743e-05
16,13,Bwd Packet Length Std,2.108157605107408e-05
16,14,Flow Bytes/s,1.2664456789934775e-06
16,15,Flow Packets/s,1.07104133348912e-05
16,16,Flow IAT Mean,7.656682282686234e-05
16,17,Flow IAT Std,2.5615463528083637e-05
16,18,Flow IAT Max,5.250240064924583e-05
16,19,Flow IAT Min,1.1692832231346983e-06
16,20,Fwd IAT Total,2.3449865693692118e-07
16,21,Fwd IAT Mean,5.1593990065157413e-05
16,22,Fwd IAT Std,1.990844975807704e-05
16,23,Fwd IAT Max,4.636307858163491e-05
16,24,Fwd IAT Min,1.3886785382055677e-05
16,25,Bwd IAT Total,0.00013254283112473786
16,26,Bwd IAT Mean,8.898415217117872e-06
16,27,Bwd IAT Std,8.623199391877279e-06
16,28,Bwd IAT Max,1.2742106264340691e-05
16,29,Bwd IAT Min,6.808882517361781e-06
16,30,Fwd PSH Flags,1.5989622625056654e-05
16,31,Bwd PSH Flags,0.0
16,32,Fwd URG Flags,0.0
16,33,Bwd URG Flags,0.0
16,34,Fwd Header Length,8.756766867179522e-09
16,35,Bwd Header Length,1.9583916355259134e-07
16,36,Fwd Packets/s,1.6472833522129804e-05
16,37,Bwd Packets/s,4.181143140158383e-06
16,38,Min Packet Length,1.002798762783641e-05
16,39,Max Packet Length,1.7867683709482662e-05
16,40,Packet Length Mean,9.910972039506305e-06
16,41,Packet Length Std,2.223124283773359e-06
16,42,Packet Length Variance,8.794648238108493e-06
16,43,FIN Flag Count,1.0926370123343077e-05
16,44,SYN Flag Count,8.805112884147093e-05
16,45,RST Flag Count,5.115986141390749e-07
16,46,PSH Flag Count,0.0003689184377435595
16,47,ACK Flag Count,0.0005635814741253853
16,48,URG Flag Count,3.0520448490278795e-05
16,49,CWE Flag Count,0.0
16,50,ECE Flag Count,1.261536937136043e-07
16,51,Down/Up Ratio,1.6971927834674716e-05
16,52,Average Packet Size,3.710372402565554e-05
16,53,Avg Fwd Segment Size,5.743079327658052e-06
16,54,Avg Bwd Segment Size,3.7021880416432396e-05
16,55,Fwd Header Length.1,1.627558887662417e-08
16,56,Fwd Avg Bytes/Bulk,0.0
16,57,Fwd Avg Packets/Bulk,0.0
16,58,Fwd Avg Bulk Rate,0.0
16,59,Bwd Avg Bytes/Bulk,0.0
16,60,Bwd Avg Packets/Bulk,0.0
16,61,Bwd Avg Bulk Rate,0.0
16,62,Subflow Fwd Packets,1.2736910548483138e-07
16,63,Subflow Fwd Bytes,1.1134181931993226e-07
16,64,Subflow Bwd Packets,2.2353340511926945e-07
16,65,Subflow Bwd Bytes,1.5459319513411174e-07
16,66,Init_Win_bytes_forward,2.06948425329756e-06
16,67,Init_Win_bytes_backward,9.7968804766424e-06
16,68,act_data_pkt_fwd,8.115765837146682e-08
16,69,min_seg_size_forward,5.523933740980702e-12
16,70,Active Mean,9.281073971578735e-07
16,71,Active Std,9.029800480675476e-07
16,72,Active Max,3.7025922665634425e-06
16,73,Active Min,3.943062267808273e-07
16,74,Idle Mean,9.196765313390642e-05
16,75,Idle Std,6.22446850684355e-06
16,76,Idle Max,8.500498552166391e-06
16,77,Idle Min,0.00013871137343812734
17,0,Destination Port,1.8226341126137413e-05
17,1,Flow Duration,6.562092312378809e-05
17,2,Total Fwd Packets,2.633068447721598e-07
17,3,Total Backward Packets,2.255317781418853e-07
17,4,Total Length of Fwd Packets,1.982490402951953e-07
17,5,Total Length of Bwd Packets,2.384995241300203e-07
17,6,Fwd Packet Length Max,9.125235919782426e-06
17,7,Fwd Packet Length Min,1.2392241842462681e-05
17,8,Fwd Packet Length Mean,1.6266914826701395e-05
17,9,Fwd Packet Length Std,5.820396836497821e-06
17,10,Bwd Packet Length Max,5.8794033975573257e-05
17,11,Bwd Packet Length Min,6.209039838722674e-06
17,12,Bwd Packet Length Mean,0.00028169865254312754
17,13,Bwd Packet Length Std,0.00028429966187104583
17,14,Flow Bytes/s,1.426687390448933e-06
17,15,Flow Packets/s,1.0874552572204266e-05
17,16,Flow IAT Mean,1.2827480531996116e-05
17,17,Flow IAT Std,1.4139643553789938e-06
17,18,Flow IAT Max,1.354850519419415e-05
17,19,Flow IAT Min,1.4803894146098173e-06
17,20,Fwd IAT Total,0.00012316627544350922
17,21,Fwd IAT Mean,4.005093069281429e-05
17,22,Fwd IAT Std,1.8765444110613316e-05
17,23,Fwd IAT Max,2.882036642404273e-05
17,24,Fwd IAT Min,4.859367436438333e-06
17,25,Bwd IAT Total,2.9695329430978745e-05
17,26,Bwd IAT Mean,1.3713213775190525e-05
17,27,Bwd IAT Std,5.408979042442752e-09
17,28,Bwd IAT Max,2.270072218379937e-05
17,29,Bwd IAT Min,4.9453283281764016e-06
17,30,Fwd PSH Flags,3.09959941660054e-05
17,31,Bwd PSH Flags,0.0
17,32,Fwd URG Flags,0.0
17,33,Bwd URG Flags,0.0
17,34,Fwd Header Length,7.6717100228052e-08
17,35,Bwd Header Length,1.5266324737694958e-07
17,36,Fwd Packets/s,1.1018233635695651e-05
17,37,Bwd Packets/s,6.5704543885658495e-06
17,38,Min Packet Length,2.4038577976170927e-05
17,39,Max Packet Length,0.0002252221602248028
17,40,Packet Length Mean,0.00015713491302449256
17,41,Packet Length Std,0.00010128496069228277
17,42,Packet Length Variance,0.00011040776007575914
17,43,FIN Flag Count,1.606335717951879e-05
17,44,SYN Flag Count,6.971840048208833e-05
17,45,RST Flag Count,2.628768243084778e-07
17,46,PSH Flag Count,0.00018514430848881602
17,47,ACK Flag Count,0.00027318010688759387
17,48,URG Flag Count,0.00013925311213824898
17,49,CWE Flag Count,0.0
17,50,ECE Flag Count,4.5994440256436064e-07
17,51,Down/Up Ratio,2.6102017727680504e-05
17,52,Average Packet Size,0.0002890742907766253
17,53,Avg Fwd Segment Size,2.936346845672233e-06
17,54,Avg Bwd Segment Size,0.0001525717816548422
17,55,Fwd Header Length.1,1.8612249519378565e-08
17,56,Fwd Avg Bytes/Bulk,0.0
17,57,Fwd Avg Packets/Bulk,0.0
17,58,Fwd Avg Bulk Rate,0.0
17,59,Bwd Avg Bytes/Bulk,0.0
17,60,Bwd Avg Packets/Bulk,0.0
17,61,Bwd Avg Bulk Rate,0.0
17,62,Subflow Fwd Packets,1.7558240017478965e-07
17,63,Subflow Fwd Bytes,7.011980773796722e-09
17,64,Subflow Bwd Packets,2.946041774976038e-07
17,65,Subflow Bwd Bytes,1.7847665390036127e-07
17,66,Init_Win_bytes_forward,1.1222368812013883e-05
17,67,Init_Win_bytes_backward,2.3161866920418106e-05
17,68,act_data_pkt_fwd,1.4881180732118082e-07
17,69,min_seg_size_forward,8.689842623255117e-09
17,70,Active Mean,7.379224484793667e-07
17,71,Active Std,7.585891381722831e-08
17,72,Active Max,6.1166679188318085e-06
17,73,Active Min,7.051258421597595e-08
17,74,Idle Mean,3.919640079175224e-08
17,75,Idle Std,4.393020390125457e-06
17,76,Idle Max,7.675705091969576e-06
17,77,Idle Min,4.586660725180991e-05
18,0,Destination Port,0.00010421394108561799
18,1,Flow Duration,1.0658716746547725e-05
18,2,Total Fwd Packets,1.2512855107615906e-07
18,3,Total Backward Packets,1.8873078033720958e-07
18,4,Total Length of Fwd Packets,2.6376511641501565e-07
18,5,Total Length of Bwd Packets,1.2861542586506403e-07
18,6,Fwd Packet Length Max,1.647912540647667e-05
18,7,Fwd Packet Length Min,4.863512458541663e-06
18,8,Fwd Packet Length Mean,5.257074917608406e-06
18,9,Fwd Packet Length Std,5.2929940466128755e-06
18,10,Bwd Packet Length Max,4.191766038275091e-06
18,11,Bwd Packet Length Min,2.094730007229373e-06
18,12,Bwd Packet Length Mean,3.251817179261707e-05
18,13,Bwd Packet Length Std,7.707388249400537e-06
18,14,Flow Bytes/s,1.5138158460104023e-06
18,15,Flow Packets/s,1.4728119822393637e-05
18,16,Flow IAT Mean,6.842911534477025e-05
18,17,Flow IAT Std,2.9373475626925938e-05
18,18,Flow IAT Max,5.1199003792135045e-05
18,19,Flow IAT Min,1.2325720035732957e-06
18,20,Fwd IAT Total,3.5453685995889828e-06
18,21,Fwd IAT Mean,4.4281146983848885e-05
18,22,Fwd IAT Std,2.1705991457565688e-06
18,23,Fwd IAT Max,4.0369704947806895e-05
18,24,Fwd IAT Min,1.917153349495493e-05
18,25,Bwd IAT Total,0.00011097343667643145
18,26,Bwd IAT Mean,9.918574505718425e-06
18,27,Bwd IAT Std,9.476327250013128e-06
18,28,Bwd IAT Max,1.4031457794771995e-05
18,29,Bwd IAT Min,8.599547072662972e-06
18,30,Fwd PSH Flags,1.021334628603654e-05
18,31,Bwd PSH Flags,0.0
18,32,Fwd URG Flags,0.0
18,33,Bwd URG Flags,0.0
18,34,Fwd Header Length,8.644954974101893e-09
18,35,Bwd Header Length,1.9978593002178968e-07
18,36,Fwd Packets/s,1.784091909939889e-05
18,37,Bwd Packets/s,3.773837079279474e-06
18,38,Min Packet Length,1.0171878784603905e-05
18,39,Max Packet Length,1.0176642717851792e-05
18,40,Packet Length Mean,2.01470720639918e-06
18,41,Packet Length Std,1.250919285666896e-05
18,42,Packet Length Variance,8.280313522845972e-06
18,43,FIN Flag Count,1.7696753275231458e-05
18,44,SYN Flag Count,8.311000419780612e-05
18,45,RST Flag Count,3.743954550827766e-07
18,46,PSH Flag Count,0.00034729696926660836
18,47,ACK Flag Count,0.00040621828520670533
18,48,URG Flag Count,2.520578527764883e-05
18,49,CWE Flag Count,0.0
18,50,ECE Flag Count,9.08130601828816e-08
18,51,Down/Up Ratio,1.4570697203453165e-05
18,52,Average Packet Size,2.621535531943664e-05
18,53,Avg Fwd Segment Size,2.988089136124472e-06
18,54,Avg Bwd Segment Size,3.0037032047403045e-05
18,55,Fwd Header Length.1,1.7401070806499774e-08
18,56,Fwd Avg Bytes/Bulk,0.0
18,57,Fwd Avg Packets/Bulk,0.0
18,58,Fwd Avg Bulk Rate,0.0
18,59,Bwd Avg Bytes/Bulk,0.0
18,60,Bwd Avg Packets/Bulk,0.0
18,61,Bwd Avg Bulk Rate,0.0
18,62,Subflow Fwd Packets,9.352108776283785e-08
18,63,Subflow Fwd Bytes,1.0904862790539482e-07
18,64,Subflow Bwd Packets,1.8316772809612303e-07
18,65,Subflow Bwd Bytes,1.0009785711417862e-07
18,66,Init_Win_bytes_forward,9.700872396933846e-06
18,67,Init_Win_bytes_backward,7.392462975985836e-06
18,68,act_data_pkt_fwd,6.363597648828545e-09
18,69,min_seg_size_forward,3.181815033670432e-09
18,70,Active Mean,7.118435405573109e-07
18,71,Active Std,7.662616212655848e-07
18,72,Active Max,4.067670033691684e-06
18,73,Active Min,5.274821432976751e-07
18,74,Idle Mean,5.117160253576003e-05
18,75,Idle Std,5.421706646302482e-06
18,76,Idle Max,6.553192179126199e-06
18,77,Idle Min,0.00015238217019941658
19,0,Destination Port,5.898005474591628e-05
19,1,Flow Duration,3.7194793549133465e-05
19,2,Total Fwd Packets,1.3628991268888058e-07
19,3,Total Backward Packets,9.135614220667776e-08
19,4,Total Length of Fwd Packets,1.7822901554609416e-07
19,5,Total Length of Bwd Packets,9.403533596241687e-08
19,6,Fwd Packet Length Max,6.276908152358374e-06
19,7,Fwd Packet Length Min,1.5118225746846292e-05
19,8,Fwd Packet Length Mean,1.7776736058294773e-05
19,9,Fwd Packet Length Std,4.842530870519113e-06
19,10,Bwd Packet Length Max,0.0001364893396385014
19,11,Bwd Packet Length Min,7.45203351470991e-06
19,12,Bwd Packet Length Mean,0.00026948851882480085
19,13,Bwd Packet Length Std,0.0004699014825746417
19,14,Flow Bytes/s,1.3690927289644605e-06
19,15,Flow Packets/s,1.106203217204893e-05
19,16,Flow IAT Mean,1.2574564607348293e-05
19,17,Flow IAT Std,1.5150624221860198e-06
19,18,Flow IAT Max,1.864919795480091e-05
19,19,Flow IAT Min,1.3277797279442893e-06
19,20,Fwd IAT Total,9.217412298312411e-05
19,21,Fwd IAT Mean,3.552467387635261e-05
19,22,Fwd IAT Std,1.9109222193947062e-05
19,23,Fwd IAT Max,3.277463838458061e-05
19,24,Fwd IAT Min,2.4360006136703305e-06
19,25,Bwd IAT Total,3.5549281165003777e-05
19,26,Bwd IAT Mean,1.1872970389958937e-05
19,27,Bwd IAT Std,3.4394557246741897e-07
19,28,Bwd IAT Max,2.6682557290769182e-05
19,29,Bwd IAT Min,2.5521387669869e-06
19,30,Fwd PSH Flags,3.0340363082359545e-05
19,31,Bwd PSH Flags,0.0
19,32,Fwd URG Flags,0.0
19,33,Bwd URG Flags,0.0
19,34,Fwd Header Length,7.196464224534793e-08
19,35,Bwd Header Length,1.852779263344928e-07
19,36,Fwd Packets/s,9.64021819527261e-06
19,37,Bwd Packets/s,6.900506832607789e-06
19,38,Min Packet Length,2.570184733485803e-05
19,39,Max Packet Length,0.00028666749130934477
19,40,Packet Length Mean,0.00012056112609570846
19,41,Packet Length Std,5.9366462664911523e-05
19,42,Packet Length Variance,0.00013810378732159734
19,43,FIN Flag Count,9.91575052466942e-06
19,44,SYN Flag Count,8.045524737099186e-05
19,45,RST Flag Count,2.671023082712054e-07
19,46,PSH Flag Count,0.0003991741396021098
19,47,ACK Flag Count,0.00027378645609132946
19,48,URG Flag Count,0.00016562685777898878
19,49,CWE Flag Count,0.0
19,50,ECE Flag Count,4.609213419826119e-07
19,51,Down/Up Ratio,3.1220617529470474e-05
19,52,Average Packet Size,0.0002637819852679968
19,53,Avg Fwd Segment Size,4.049136805406306e-06
19,54,Avg Bwd Segment Size,8.496423106407747e-05
19,55,Fwd Header Length.1,4.790604180016089e-08
19,56,Fwd Avg Bytes/Bulk,0.0
19,57,Fwd Avg Packets/Bulk,0.0
19,58,Fwd Avg Bulk Rate,0.0
19,59,Bwd Avg Bytes/Bulk,0.0
19,60,Bwd Avg Packets/Bulk,0.0
19,61,Bwd Avg Bulk Rate,0.0
19,62,Subflow Fwd Packets,1.0118642990164517e-07
19,63,Subflow Fwd Bytes,2.9441437732202758e-08
19,64,Subflow Bwd Packets,1.1947457778660464e-07
19,65,Subflow Bwd Bytes,6.471028513033161e-08
19,66,Init_Win_bytes_forward,1.4566455320164096e-05
19,67,Init_Win_bytes_backward,1.6289459381368943e-05
19,68,act_data_pkt_fwd,6.735563573556647e-08
19,69,min_seg_size_forward,2.3702052473484336e-11
19,70,Active Mean,5.963403282294166e-07
19,71,Active Std,2.3707279694917816e-07
19,72,Active Max,6.3478828451479785e-06
19,73,Active Min,4.074930970432433e-08
19,74,Idle Mean,1.58756083692424e-05
19,75,Idle Std,4.023298060928937e-06
19,76,Idle Max,1.103803970181616e-05
19,77,Idle Min,3.215833567082882e-05
20,0,Destination Port,0.00010614666825858876
20,1,Flow Duration,8.598533895565197e-06
20,2,Total Fwd Packets,1.4144444548946922e-07
20,3,Total Backward Packets,2.1602981803425791e-07
20,4,Total Length of Fwd Packets,3.019216023858462e-07
20,5,Total Length of Bwd Packets,1.458128622289223e-07
20,6,Fwd Packet Length Max,1.7120790289482102e-05
20,7,Fwd Packet Length Min,5.8482874010223895e-06
20,8,Fwd Packet Length Mean,7.789276423864067e-06
20,9,Fwd Packet Length Std,7.02957049725228e-06
20,10,Bwd Packet Length Max,1.1995301065326203e-05
20,11,Bwd Packet Length Min,5.118424155625689e-07
20,12,Bwd Packet Length Mean,3.909547012881376e-05
20,13,Bwd Packet Length Std,9.4019296739134e-06
20,14,Flow Bytes/s,1.2951940107086557e-06
20,15,Flow Packets/s,1.6067644537542947e-05
20,16,Flow IAT Mean,7.59731192374602e-05
20,17,Flow IAT Std,2.5924415240297094e-05
20,18,Flow IAT Max,3.800520426011644e-05
20,19,Flow IAT Min,1.304301576965372e-06
20,20,Fwd IAT Total,2.8497645416791784e-06
20,21,Fwd IAT Mean,4.9612011935096234e-05
20,22,Fwd IAT Std,7.848931090848055e-06
20,23,Fwd IAT Max,4.7687586629763246e-05
20,24,Fwd IAT Min,1.612440792087e-05
20,25,Bwd IAT Total,0.00013266426685731858
20,26,Bwd IAT Mean,1.182995310955448e-05
20,27,Bwd IAT Std,8.048427844187245e-06
20,28,Bwd IAT Max,2.001873690460343e-05
20,29,Bwd IAT Min,7.3509027060936205e-06
20,30,Fwd PSH Flags,2.3999060431378894e-05
20,31,Bwd PSH Flags,0.0
20,32,Fwd URG Flags,0.0
20,33,Bwd URG Flags,0.0
20,34,Fwd Header Length,7.220948283759299e-09
20,35,Bwd Header Length,7.199156470960588e-08
20,36,Fwd Packets/s,1.597181471879594e-05
20,37,Bwd Packets/s,3.499123067740584e-06
20,38,Min Packet Length,1.133869318437064e-05
20,39,Max Packet Length,9.44077328313142e-06
20,40,Packet Length Mean,7.779883048897318e-08
20,41,Packet Length Std,8.02165777713526e-06
20,42,Packet Length Variance,7.94300103734713e-06
20,43,FIN Flag Count,2.0815064999624155e-05
20,44,SYN Flag Count,6.88333238940686e-05
20,45,RST Flag Count,4.4367996565597423e-07
20,46,PSH Flag Count,0.0003117311280220747
20,47,ACK Flag Count,0.0003705858252942562
20,48,URG Flag Count,4.1307503124698997e-05
20,49,CWE Flag Count,0.0
20,50,ECE Flag Count,1.719283062584509e-07
20,51,Down/Up Ratio,1.3134814253135119e-05
20,52,Average Packet Size,2.6872765374719165e-05
20,53,Avg Fwd Segment Size,3.109011004198692e-06
20,54,Avg Bwd Segment Size,3.402070433367044e-05
20,55,Fwd Header Length.1,1.699406482202903e-08
20,56,Fwd Avg Bytes/Bulk,0.0
20,57,Fwd Avg Packets/Bulk,0.0
20,58,Fwd Avg Bulk Rate,0.0
20,59,Bwd Avg Bytes/Bulk,0.0
20,60,Bwd Avg Packets/Bulk,0.0
20,61,Bwd Avg Bulk Rate,0.0
20,62,Subflow Fwd Packets,1.1297591839820598e-07
20,63,Subflow Fwd Bytes,1.250455881063317e-07
20,64,Subflow Bwd Packets,2.0222169894168474e-07
20,65,Subflow Bwd Bytes,1.2459224763006205e-07
20,66,Init_Win_bytes_forward,1.8606615412863903e-05
20,67,Init_Win_bytes_backward,1.5567626178381033e-05
20,68,act_data_pkt_fwd,3.488764832582092e-08
20,69,min_seg_size_forward,4.905631456608717e-09
20,70,Active Mean,7.62732327075355e-07
20,71,Active Std,7.439898013217316e-07
20,72,Active Max,4.123315193282906e-06
20,73,Active Min,5.382143513088522e-07
20,74,Idle Mean,5.6189433962572366e-05
20,75,Idle Std,5.9912736105616204e-06
20,76,Idle Max,2.4829150788718835e-05
20,77,Idle Min,0.00016355169645976275
21,0,Destination Port,5.448135925689712e-05
21,1,Flow Duration,5.410256198956631e-05
21,2,Total Fwd Packets,1.2271723903722886e-07
21,3,Total Backward Packets,9.77983134475835e-08
21,4,Total Length of Fwd Packets,2.1788478932194266e-07
21,5,Total Length of Bwd Packets,4.72880721247293e-08
21,6,Fwd Packet Length Max,6.207571914274013e-06
21,7,Fwd Packet Length Min,1.3822323126078118e-05
21,8,Fwd Packet Length Mean,1.8087388525600545e-05
21,9,Fwd Packet Length Std,3.4789604796969797e-06
21,10,Bwd Packet Length Max,7.997608190635219e-05
21,11,Bwd Packet Length Min,5.102651812194381e-06
21,12,Bwd Packet Length Mean,0.00022924973745830357
21,13,Bwd Packet Length Std,0.0008518229587934911
21,14,Flow Bytes/s,1.2686822401519748e-06
21,15,Flow Packets/s,9.708439392852597e-06
21,16,Flow IAT Mean,1.2388545655994676e-05
21,17,Flow IAT Std,5.942760253674351e-06
21,18,Flow IAT Max,1.9298233382869512e-05
21,19,Flow IAT Min,1.571061261529394e-06
21,20,Fwd IAT Total,9.235529432771727e-05
21,21,Fwd IAT Mean,3.6468420148594305e-05
21,22,Fwd IAT Std,2.7312047677696683e-05
21,23,Fwd IAT Max,3.820163328782655e-05
21,24,Fwd IAT Min,2.0921770556014962e-06
21,25,Bwd IAT Total,1.4964545698603615e-05
21,26,Bwd IAT Mean,8.690384674991947e-06
21,27,Bwd IAT Std,1.9812071627711703e-07
21,28,Bwd IAT Max,2.9739625460933894e-05
21,29,Bwd IAT Min,2.8806441605411237e-06
21,30,Fwd PSH Flags,3.93752234231215e-05
21,31,Bwd PSH Flags,0.0
21,32,Fwd URG Flags,0.0
21,33,Bwd URG Flags,0.0
21,34,Fwd Header Length,7.597271434178765e-08
21,35,Bwd Header Length,1.2964225959422038e-07
21,36,Fwd Packets/s,1.4473049304797314e-05
21,37,Bwd Packets/s,7.881511919549666e-06
21,38,Min Packet Length,2.6599047487252392e-05
21,39,Max Packet Length,0.0005586604820564389
21,40,Packet Length Mean,2.3501379473600537e-06
21,41,Packet Length Std,1.3756587577518076e-05
21,42,Packet Length Variance,0.0005626700003631413
21,43,FIN Flag Count,1.7468861187808216e-05
21,44,SYN Flag Count,7.887298852438107e-05
21,45,RST Flag Count,5.134158413966361e-07
21,46,PSH Flag Count,0.0006666919216513634
21,47,ACK Flag Count,0.0003048107319045812
21,48,URG Flag Count,0.00021405589359346777
21,49,CWE Flag Count,0.0
21,50,ECE Flag Count,4.455532689462416e-07
21,51,Down/Up Ratio,9.167545613308903e-06
21,52,Average Packet Size,0.00017267152725253254
21,53,Avg Fwd Segment Size,1.698448841125355e-06
21,54,Avg Bwd Segment Size,3.807484245044179e-05
21,55,Fwd Header Length.1,4.787953855611704e-08
21,56,Fwd Avg Bytes/Bulk,0.0
21,57,Fwd Avg Packets/Bulk,0.0
21,58,Fwd Avg Bulk Rate,0.0
21,59,Bwd Avg Bytes/Bulk,0.0
21,60,Bwd Avg Packets/Bulk,0.0
21,61,Bwd Avg Bulk Rate,0.0
21,62,Subflow Fwd Packets,9.213841423161284e-08
21,63,Subflow Fwd Bytes,2.4333374426532828e-08
21,64,Subflow Bwd Packets,1.3112895658196067e-07
21,65,Subflow Bwd Bytes,3.295027539707007e-08
21,66,Init_Win_bytes_forward,1.7633310562814586e-05
21,67,Init_Win_bytes_backward,1.8145437934435904e-05
21,68,act_data_pkt_fwd,5.665308577817996e-08
21,69,min_seg_size_forward,7.63983365459353e-09
21,70,Active Mean,8.676106517668813e-07
21,71,Active Std,1.3261472986414446e-07
21,72,Active Max,7.644633114978205e-06
21,73,Active Min,2.648957853068623e-08
21,74,Idle Mean,1.3791266610496677e-05
21,75,Idle Std,5.077425612398656e-06
21,76,Idle Max,1.3631429283122998e-05
21,77,Idle Min,3.3652253478066996e-05
22,0,Destination Port,8.754257578402758e-05
22,1,Flow Duration,1.1635902410489507e-05
22,2,Total Fwd Packets,1.6311149408920755e-07
22,3,Total Backward Packets,2.4763173200881283e-07
22,4,Total Length of Fwd Packets,2.9910762577856076e-07
22,5,Total Length of Bwd Packets,1.7662003415352956e-07
22,6,Fwd Packet Length Max,1.8066197299049236e-05
22,7,Fwd Packet Length Min,3.972299509769073e-06
22,8,Fwd Packet Length Mean,7.897323484939989e-06
22,9,Fwd Packet Length Std,6.204138117027469e-06
22,10,Bwd Packet Length Max,2.761361201919499e-06
22,11,Bwd Packet Length Min,3.0152966701280093e-06
22,12,Bwd Packet Length Mean,4.58433642052114e-05
22,13,Bwd Packet Length Std,2.2885660655447282e-05
22,14,Flow Bytes/s,1.1123926242362359e-06
22,15,Flow Packets/s,1.130841610574862e-05
22,16,Flow IAT Mean,7.864765211706981e-05
22,17,Flow IAT Std,1.877109934866894e-05
22,18,Flow IAT Max,4.4087668356951326e-05
22,19,Flow IAT Min,1.1618394637480378e-06
22,20,Fwd IAT Total,4.834630544792162e-06
22,21,Fwd IAT Mean,4.975626143277623e-05
22,22,Fwd IAT Std,2.824172770488076e-05
22,23,Fwd IAT Max,5.141625661053695e-05
22,24,Fwd IAT Min,1.3500958630174864e-05
22,25,Bwd IAT Total,0.00012791762128472328
22,26,Bwd IAT Mean,7.3527494350855704e-06
22,27,Bwd IAT Std,7.928899321996141e-06
22,28,Bwd IAT Max,2.031061922025401e-05
22,29,Bwd IAT Min,6.516148914670339e-06
22,30,Fwd PSH Flags,2.013186167459935e-05
22,31,Bwd PSH Flags,0.0
22,32,Fwd URG Flags,0.0
22,33,Bwd URG Flags,0.0
22,34,Fwd Header Length,1.4754507615677426e-09
22,35,Bwd Header Length,1.9628058112175495e-07
22,36,Fwd Packets/s,1.6317664631060325e-05
22,37,Bwd Packets/s,4.423996870173141e-06
22,38,Min Packet Length,1.128601888922276e-05
22,39,Max Packet Length,1.706203693174757e-05
22,40,Packet Length Mean,1.2371147931844462e-05
22,41,Packet Length Std,1.337429125669587e-06
22,42,Packet Length Variance,9.080921699933242e-06
22,43,FIN Flag Count,1.2782587873516604e-05
22,44,SYN Flag Count,8.322364737978205e-05
22,45,RST Flag Count,5.746082933910657e-07
22,46,PSH Flag Count,0.00034254335332661867
22,47,ACK Flag Count,0.0004886527312919497
22,48,URG Flag Count,4.523319876170717e-05
22,49,CWE Flag Count,0.0
22,50,ECE Flag Count,1.197210366399304e-07
22,51,Down/Up Ratio,1.8920116417575628e-05
22,52,Average Packet Size,3.215327888028696e-05
22,53,Avg Fwd Segment Size,4.2892493183899205e-06
22,54,Avg Bwd Segment Size,3.932731851818971e-05
22,55,Fwd Header Length.1,2.4591184200062344e-08
22,56,Fwd Avg Bytes/Bulk,0.0
22,57,Fwd Avg Packets/Bulk,0.0
22,58,Fwd Avg Bulk Rate,0.0
22,59,Bwd Avg Bytes/Bulk,0.0
22,60,Bwd Avg Packets/Bulk,0.0
22,61,Bwd Avg Bulk Rate,0.0
22,62,Subflow Fwd Packets,1.3049330505054968e-07
22,63,Subflow Fwd Bytes,1.3298716794452048e-07
22,64,Subflow Bwd Packets,2.338921660793858e-07
22,65,Subflow Bwd Bytes,1.3760271144747094e-07
22,66,Init_Win_bytes_forward,4.063488177052932e-06
22,67,Init_Win_bytes_backward,1.2829648767365143e-05
22,68,act_data_pkt_fwd,7.966870185782682e-08
22,69,min_seg_size_forward,1.9375195892123998e-12
22,70,Active Mean,1.0496449931451934e-06
22,71,Active Std,9.255982149625197e-07
22,72,Active Max,4.193264430796262e-06
22,73,Active Min,4.4617945604841225e-07
22,74,Idle Mean,7.762564200675115e-05
22,75,Idle Std,6.411337835743325e-06
22,76,Idle Max,1.1065994840464555e-05
22,77,Idle Min,0.00013609131565317512
23,0,Destination Port,2.7665872039506212e-05
23,1,Flow Duration,4.249734047334641e-05
23,2,Total Fwd Packets,1.8110303301455133e-07
23,3,Total Backward Packets,1.5458537916401838e-07
23,4,Total Length of Fwd Packets,1.711070893861688e-07
23,5,Total Length of Bwd Packets,1.4846968099391233e-07
23,6,Fwd Packet Length Max,8.20213244878687e-06
23,7,Fwd Packet Length Min,1.3846731235389598e-05
23,8,Fwd Packet Length Mean,1.85434128070483e-05
23,9,Fwd Packet Length Std,7.078192993503762e-06
23,10,Bwd Packet Length Max,0.00010076132457470521
23,11,Bwd Packet Length Min,4.742704732052516e-06
23,12,Bwd Packet Length Mean,0.00041099695954471827
23,13,Bwd Packet Length Std,0.0006072070682421327
23,14,Flow Bytes/s,1.2221481711094384e-06
23,15,Flow Packets/s,1.0456030395289417e-05
23,16,Flow IAT Mean,1.2844579032389447e-05
23,17,Flow IAT Std,3.5554226087697316e-06
23,18,Flow IAT Max,2.2745365640730597e-05
23,19,Flow IAT Min,1.4798764595980174e-06
23,20,Fwd IAT Total,0.00010579956142464653
23,21,Fwd IAT Mean,3.5692562960321084e-05
23,22,Fwd IAT Std,2.3638018319616094e-05
23,23,Fwd IAT Max,3.768673923332244e-05
23,24,Fwd IAT Min,1.4628312783315778e-06
23,25,Bwd IAT Total,1.974917722691316e-05
23,26,Bwd IAT Mean,9.770761607796885e-06
23,27,Bwd IAT Std,1.0943577422040107e-07
23,28,Bwd IAT Max,3.044556433451362e-05
23,29,Bwd IAT Min,1.0848526699192007e-06
23,30,Fwd PSH Flags,2.333159682166297e-05
23,31,Bwd PSH Flags,0.0
23,32,Fwd URG Flags,0.0
23,33,Bwd URG Flags,0.0
23,34,Fwd Header Length,9.39977908842593e-08
23,35,Bwd Header Length,1.9111793392312393e-07
23,36,Fwd Packets/s,7.173710855568061e-06
23,37,Bwd Packets/s,6.901278993609594e-06
23,38,Min Packet Length,3.004294921993278e-05
23,39,Max Packet Length,0.00032680624281056225
23,40,Packet Length Mean,2.1506684788619168e-05
23,41,Packet Length Std,3.6901496059726924e-05
23,42,Packet Length Variance,0.00020025727280881256
23,43,FIN Flag Count,1.2992555639357306e-05
23,44,SYN Flag Count,9.116494038607925e-05
23,45,RST Flag Count,3.034966482573509e-07
23,46,PSH Flag Count,0.00040658630314283073
23,47,ACK Flag Count,0.0002681357436813414
23,48,URG Flag Count,0.00017788007971830666
23,49,CWE Flag Count,0.0
23,50,ECE Flag Count,4.623307461315562e-07
23,51,Down/Up Ratio,7.523802196374163e-06
23,52,Average Packet Size,0.0002450711908750236
23,53,Avg Fwd Segment Size,3.4155009416281246e-06
23,54,Avg Bwd Segment Size,5.937349487794563e-05
23,55,Fwd Header Length.1,3.406815807238672e-08
23,56,Fwd Avg Bytes/Bulk,0.0
23,57,Fwd Avg Packets/Bulk,0.0
23,58,Fwd Avg Bulk Rate,0.0
23,59,Bwd Avg Bytes/Bulk,0.0
23,60,Bwd Avg Packets/Bulk,0.0
23,61,Bwd Avg Bulk Rate,0.0
23,62,Subflow Fwd Packets,1.3951161292879988e-07
23,63,Subflow Fwd Bytes,1.602104582332231e-08
23,64,Subflow Bwd Packets,2.0505967768258415e-07
23,65,Subflow Bwd Bytes,1.037925017044472e-07
23,66,Init_Win_bytes_forward,1.423343474016292e-05
23,67,Init_Win_bytes_backward,2.2422334950533696e-05
23,68,act_data_pkt_fwd,6.507259087129569e-08
23,69,min_seg_size_forward,2.7518301873308282e-11
23,70,Active Mean,7.607486054439505e-07
23,71,Active Std,1.1175133352026023e-07
23,72,Active Max,6.96831421009847e-06
23,73,Active Min,1.1908305452834611e-07
23,74,Idle Mean,8.693475137988571e-06
23,75,Idle Std,4.617001195583725e-06
23,76,Idle Max,1.2557451555039734e-05
23,77,Idle Min,3.4549677366157994e-05
24,0,Destination Port,9.956592839444056e-05
24,1,Flow Duration,9.607712854631245e-06
24,2,Total Fwd Packets,1.595296481582409e-07
24,3,Total Backward Packets,2.571536583673151e-07
24,4,Total Length of Fwd Packets,2.9976067139614315e-07
24,5,Total Length of Bwd Packets,1.935886899673278e-07
24,6,Fwd Packet Length Max,1.6967072951956652e-05
24,7,Fwd Packet Length Min,5.680659342033323e-06
24,8,Fwd Packet Length Mean,8.927523595048115e-06
24,9,Fwd Packet Length Std,7.345097856159555e-06
24,10,Bwd Packet Length Max,1.2823748875234742e-05
24,11,Bwd Packet Length Min,1.4065523146200576e-06
24,12,Bwd Packet Length Mean,4.2369694710941985e-05
24,13,Bwd Packet Length Std,1.4725906112289522e-05
24,14,Flow Bytes/s,1.2229868389113108e-06
24,15,Flow Packets/s,1.590708052390255e-05
24,16,Flow IAT Mean,5.2119052270427346e-05
24,17,Flow IAT Std,1.798680932552088e-05
24,18,Flow IAT Max,3.425390968914144e-05
24,19,Flow IAT Min,1.2149325812060852e-06
24,20,Fwd IAT Total,3.808671181104728e-06
24,21,Fwd IAT Mean,2.3499525923398323e-05
24,22,Fwd IAT Std,1.6036721717682667e-05
24,23,Fwd IAT Max,5.06938376929611e-05
24,24,Fwd IAT Min,1.688746124273166e-05
24,25,Bwd IAT Total,0.00013029373076278716
24,26,Bwd IAT Mean,1.0216090231551789e-05
24,27,Bwd IAT Std,7.363380973401945e-06
24,28,Bwd IAT Max,2.3887716452009045e-05
24,29,Bwd IAT Min,7.022007139312336e-06
24,30,Fwd PSH Flags,2.4493305318173952e-05
24,31,Bwd PSH Flags,0.0
24,32,Fwd URG Flags,0.0
24,33,Bwd URG Flags,0.0
24,34,Fwd Header Length,6.141024133654582e-09
24,35,Bwd Header Length,7.0214241532085e-08
24,36,Fwd Packets/s,1.4266991456679534e-05
24,37,Bwd Packets/s,3.944737272831844e-06
24,38,Min Packet Length,1.2508810868894216e-05
24,39,Max Packet Length,1.1534525583556388e-05
24,40,Packet Length Mean,5.049041646998376e-06
24,41,Packet Length Std,1.7179066844619229e-06
24,42,Packet Length Variance,8.121278369799256e-06
24,43,FIN Flag Count,1.853800131357275e-05
24,44,SYN Flag Count,6.8501009081956e-05
24,45,RST Flag Count,5.081288918518112e-07
24,46,PSH Flag Count,0.00033011683262884617
24,47,ACK Flag Count,0.00038429899723269045
24,48,URG Flag Count,4.311767770559527e-05
24,49,CWE Flag Count,0.0
24,50,ECE Flag Count,1.546167993637937e-07
24,51,Down/Up Ratio,1.3826778740622103e-05
24,52,Average Packet Size,2.6936515496345237e-05
24,53,Avg Fwd Segment Size,2.7049643449572613e-06
24,54,Avg Bwd Segment Size,3.766057488974184e-05
24,55,Fwd Header Length.1,1.2879207922367186e-08
24,56,Fwd Avg Bytes/Bulk,0.0
24,57,Fwd Avg Packets/Bulk,0.0
24,58,Fwd Avg Bulk Rate,0.0
24,59,Bwd Avg Bytes/Bulk,0.0
24,60,Bwd Avg Packets/Bulk,0.0
24,61,Bwd Avg Bulk Rate,0.0
24,62,Subflow Fwd Packets,1.3103903029332287e-07
24,63,Subflow Fwd Bytes,1.3510651797332685e-07
24,64,Subflow Bwd Packets,2.472194466918154e-07
24,65,Subflow Bwd Bytes,1.5946952203194087e-07
24,66,Init_Win_bytes_forward,1.8837185052689165e-05
24,67,Init_Win_bytes_backward,1.4804195416218136e-05
24,68,act_data_pkt_fwd,3.1896622232352456e-08
24,69,min_seg_size_forward,3.926220681904624e-09
24,70,Active Mean,7.795907777108368e-07
24,71,Active Std,8.006907137314556e-07
24,72,Active Max,4.312008059059735e-06
24,73,Active Min,5.370067697185732e-07
24,74,Idle Mean,6.124754872871563e-05
24,75,Idle Std,5.9568155847955495e-06
24,76,Idle Max,2.842057256202679e-05
24,77,Idle Min,0.00015729726874269545
25,0,Destination Port,5.613485336652957e-05
25,1,Flow Duration,4.900635394733399e-05
25,2,Total Fwd Packets,1.416722312796992e-07
25,3,Total Backward Packets,1.2300138507725933e-07
25,4,Total Length of Fwd Packets,2.2131067112240999e-07
25,5,Total Length of Bwd Packets,8.125829964455988e-08
25,6,Fwd Packet Length Max,6.915129233675543e-06
25,7,Fwd Packet Length Min,1.3863682397641242e-05
25,8,Fwd Packet Length Mean,1.918945781653747e-05
25,9,Fwd Packet Length Std,3.9071419450920075e-06
25,10,Bwd Packet Length Max,2.7268684789305553e-05
25,11,Bwd Packet Length Min,6.96610868544667e-06
25,12,Bwd Packet Length Mean,0.0002837922947946936
25,13,Bwd Packet Length Std,0.000928661203943193
25,14,Flow Bytes/s,1.1446016969784978e-06
25,15,Flow Packets/s,7.374817414529389e-06
25,16,Flow IAT Mean,1.4690494936075993e-05
25,17,Flow IAT Std,7.117647783161374e-06
25,18,Flow IAT Max,3.359368201927282e-05
25,19,Flow IAT Min,1.502775830886094e-06
25,20,Fwd IAT Total,0.00011198029824299738
25,21,Fwd IAT Mean,3.480949817458168e-05
25,22,Fwd IAT Std,2.6723819246399216e-05
25,23,Fwd IAT Max,3.958934030379169e-05
25,24,Fwd IAT Min,1.8066516531689558e-06
25,25,Bwd IAT Total,8.901771252567414e-06
25,26,Bwd IAT Mean,8.957924364949577e-06
25,27,Bwd IAT Std,1.1578139265111531e-06
25,28,Bwd IAT Max,4.609782263287343e-05
25,29,Bwd IAT Min,1.0482974630576791e-06
25,30,Fwd PSH Flags,3.20979997923132e-05
25,31,Bwd PSH Flags,0.0
25,32,Fwd URG Flags,0.0
25,33,Bwd URG Flags,0.0
25,34,Fwd Header Length,8.299818432533357e-08
25,35,Bwd Header Length,1.6107341593851743e-07
25,36,Fwd Packets/s,1.0093283890455496e-05
25,37,Bwd Packets/s,7.570577508886345e-06
25,38,Min Packet Length,2.9809305488015525e-05
25,39,Max Packet Length,0.0006015232647769153
25,40,Packet Length Mean,7.95962187112309e-05
25,41,Packet Length Std,0.00012986239744350314
25,42,Packet Length Variance,0.0005447174189612269
25,43,FIN Flag Count,1.820938996388577e-05
25,44,SYN Flag Count,8.898870146367699e-05
25,45,RST Flag Count,3.021594920937787e-07
25,46,PSH Flag Count,0.0006200700881890953
25,47,ACK Flag Count,0.0002477816306054592
25,48,URG Flag Count,0.0002126136823790148
25,49,CWE Flag Count,0.0
25,50,ECE Flag Count,2.776681071736675e-07
25,51,Down/Up Ratio,8.080320185399614e-06
25,52,Average Packet Size,0.00019851459364872426
25,53,Avg Fwd Segment Size,1.4161237231746782e-06
25,54,Avg Bwd Segment Size,0.00010943543747998774
25,55,Fwd Header Length.1,5.703651950739186e-08
25,56,Fwd Avg Bytes/Bulk,0.0
25,57,Fwd Avg Packets/Bulk,0.0
25,58,Fwd Avg Bulk Rate,0.0
25,59,Bwd Avg Bytes/Bulk,0.0
25,60,Bwd Avg Packets/Bulk,0.0
25,61,Bwd Avg Bulk Rate,0.0
25,62,Subflow Fwd Packets,1.1489777307360782e-07
25,63,Subflow Fwd Bytes,1.4752106203275162e-08
25,64,Subflow Bwd Packets,1.6116797496579238e-07
25,65,Subflow Bwd Bytes,5.685974713287578e-08
25,66,Init_Win_bytes_forward,1.6635816791676916e-05
25,67,Init_Win_bytes_backward,2.0745763322338462e-05
25,68,act_data_pkt_fwd,2.2426881685078115e-08
25,69,min_seg_size_forward,3.058629738372787e-11
25,70,Active Mean,8.122594863380073e-07
25,71,Active Std,1.557040860689085e-07
25,72,Active Max,7.815862772986293e-06
25,73,Active Min,3.801877568321288e-08
25,74,Idle Mean,1.141495886258781e-05
25,75,Idle Std,4.829227236768929e-06
25,76,Idle Max,1.043789234245196e-05
25,77,Idle Min,2.8914657377754338e-05
26,0,Destination Port,7.629670290043578e-05
26,1,Flow Duration,9.208766641677357e-06
26,2,Total Fwd Packets,1.2312929698055086e-07
26,3,Total Backward Packets,2.0096440778161195e-07
26,4,Total Length of Fwd Packets,3.0213834634196246e-07
26,5,Total Length of Bwd Packets,1.3618826244510274e-07
26,6,Fwd Packet Length Max,1.7019521692418493e-05
26,7,Fwd Packet Length Min,5.712439815397374e-06
26,8,Fwd Packet Length Mean,1.2161134691268671e-05
26,9,Fwd Packet Length Std,4.7661064854764845e-06
26,10,Bwd Packet Length Max,1.3153948202671017e-05
26,11,Bwd Packet Length Min,1.8009035329669132e-06
26,12,Bwd Packet Length Mean,4.8464058636454865e-05
26,13,Bwd Packet Length Std,2.5474908397882245e-05
26,14,Flow Bytes/s,1.325642415395123e-06
26,15,Flow Packets/s,1.1670173080347013e-05
26,16,Flow IAT Mean,8.584040187997743e-05
26,17,Flow IAT Std,1.4662239664176013e-05
26,18,Flow IAT Max,1.4083176210988313e-05
26,19,Flow IAT Min,1.2653067642531823e-06
26,20,Fwd IAT Total,3.76637353838305e-06
26,21,Fwd IAT Mean,5.249337118584663e-05
26,22,Fwd IAT Std,4.661704588215798e-05
26,23,Fwd IAT Max,5.9285466704750434e-05
26,24,Fwd IAT Min,1.2696812518697698e-05
26,25,Bwd IAT Total,0.0001422705827280879
26,26,Bwd IAT Mean,1.0151159585802816e-05
26,27,Bwd IAT Std,5.938528829574352e-06
26,28,Bwd IAT Max,2.4686602046131156e-05
26,29,Bwd IAT Min,4.413092483446235e-06
26,30,Fwd PSH Flags,2.6968105885316618e-05
26,31,Bwd PSH Flags,0.0
26,32,Fwd URG Flags,0.0
26,33,Bwd URG Flags,0.0
26,34,Fwd Header Length,1.6373442879302758e-10
26,35,Bwd Header Length,6.567906751797636e-08
26,36,Fwd Packets/s,1.7534810467623174e-05
26,37,Bwd Packets/s,4.237954271957278e-06
26,38,Min Packet Length,1.3268069778860081e-05
26,39,Max Packet Length,1.7366892279824242e-05
26,40,Packet Length Mean,1.1860889571835287e-05
26,41,Packet Length Std,9.322646292275749e-06
26,42,Packet Length Variance,7.755406841170043e-06
26,43,FIN Flag Count,2.0704406779259443e-05
26,44,SYN Flag Count,6.488477811217308e-05
26,45,RST Flag Count,4.3598564047897526e-07
26,46,PSH Flag Count,0.00030921847792342305
26,47,ACK Flag Count,0.0004065555112902075
26,48,URG Flag Count,6.193178705871105e-05
26,49,CWE Flag Count,0.0
26,50,ECE Flag Count,1.2892954259768885e-07
26,51,Down/Up Ratio,1.6663538190186955e-05
26,52,Average Packet Size,3.1022147595649585e-05
26,53,Avg Fwd Segment Size,4.672447175835259e-06
26,54,Avg Bwd Segment Size,4.9251611926592886e-05
26,55,Fwd Header Length.1,4.26602682068733e-08
26,56,Fwd Avg Bytes/Bulk,0.0
26,57,Fwd Avg Packets/Bulk,0.0
26,58,Fwd Avg Bulk Rate,0.0
26,59,Bwd Avg Bytes/Bulk,0.0
26,60,Bwd Avg Packets/Bulk,0.0
26,61,Bwd Avg Bulk Rate,0.0
26,62,Subflow Fwd Packets,1.0394062144314375e-07
26,63,Subflow Fwd Bytes,1.295901199682703e-07
26,64,Subflow Bwd Packets,1.958580071459437e-07
26,65,Subflow Bwd Bytes,1.0920790316504281e-07
26,66,Init_Win_bytes_forward,1.6230969777097926e-05
26,67,Init_Win_bytes_backward,1.7517737433081493e-05
26,68,act_data_pkt_fwd,4.626238947480488e-08
26,69,min_seg_size_forward,1.6947571818137774e-11
26,70,Active Mean,8.778675351095444e-07
26,71,Active Std,8.841712428875326e-07
26,72,Active Max,4.489206276048208e-06
26,73,Active Min,4.222666234454664e-07
26,74,Idle Mean,7.097774505382404e-05
26,75,Idle Std,6.175278940645512e-06
26,76,Idle Max,4.2227344238199294e-05
26,77,Idle Min,0.0001329974620603025
27,0,Destination Port,3.955563806812279e-05
27,1,Flow Duration,4.5086464524501935e-05
27,2,Total Fwd Packets,7.744444019408547e-08
27,3,Total Backward Packets,5.883941511797275e-08
27,4,Total Length of Fwd Packets,2.3214600730625534e-07
27,5,Total Length of Bwd Packets,3.046003271833797e-08
27,6,Fwd Packet Length Max,6.114049938332755e-06
27,7,Fwd Packet Length Min,1.422617060597986e-05
27,8,Fwd Packet Length Mean,1.916394103318453e-05
27,9,Fwd Packet Length Std,3.3138253456854727e-06
27,10,Bwd Packet Length Max,3.648854374205257e-07
27,11,Bwd Packet Length Min,7.472066499758512e-06
27,12,Bwd Packet Length Mean,0.00036272150464355946
27,13,Bwd Packet Length Std,0.0008430531597696245
27,14,Flow Bytes/s,1.3304187405083212e-06
27,15,Flow Packets/s,7.793173608661164e-06
27,16,Flow IAT Mean,1.4186364751367364e-05
27,17,Flow IAT Std,1.0677189493435435e-05
27,18,Flow IAT Max,3.403042137506418e-05
27,19,Flow IAT Min,1.7422188420823659e-06
27,20,Fwd IAT Total,0.00010002037015510723
27,21,Fwd IAT Mean,3.497979196254164e-05
27,22,Fwd IAT Std,3.147696770611219e-05
27,23,Fwd IAT Max,4.6284363634185866e-05
27,24,Fwd IAT Min,3.997084832008113e-07
27,25,Bwd IAT Total,2.89635772787733e-06
27,26,Bwd IAT Mean,8.241802788688801e-06
27,27,Bwd IAT Std,2.1262003429001197e-06
27,28,Bwd IAT Max,4.813194027519785e-05
27,29,Bwd IAT Min,7.725524824309105e-07
27,30,Fwd PSH Flags,3.317612936371006e-05
27,31,Bwd PSH Flags,0.0
27,32,Fwd URG Flags,0.0
27,33,Bwd URG Flags,0.0
27,34,Fwd Header Length,8.692018838019067e-08
27,35,Bwd Header Length,9.863406091881188e-08
27,36,Fwd Packets/s,1.2549648090498522e-05
27,37,Bwd Packets/s,8.17351792647969e-06
27,38,Min Packet Length,3.018096504092682e-05
27,39,Max Packet Length,0.0007173860794864595
27,40,Packet Length Mean,0.00014426864800043404
27,41,Packet Length Std,0.00035570532782003284
27,42,Packet Length Variance,0.0009227005066350102
27,43,FIN Flag Count,2.2677679226035252e-05
27,44,SYN Flag Count,8.362696098629385e-05
27,45,RST Flag Count,3.0443419518633164e-07
27,46,PSH Flag Count,0.0006994961877353489
27,47,ACK Flag Count,0.00027842281269840896
27,48,URG Flag Count,0.00022616183559875935
27,49,CWE Flag Count,0.0
27,50,ECE Flag Count,2.6707610345511057e-07
27,51,Down/Up Ratio,9.268021130992565e-06
27,52,Average Packet Size,0.00017410526925232261
27,53,Avg Fwd Segment Size,1.6152895341292606e-06
27,54,Avg Bwd Segment Size,7.048631232464686e-05
27,55,Fwd Header Length.1,3.938850312579234e-08
27,56,Fwd Avg Bytes/Bulk,0.0
27,57,Fwd Avg Packets/Bulk,0.0
27,58,Fwd Avg Bulk Rate,0.0
27,59,Bwd Avg Bytes/Bulk,0.0
27,60,Bwd Avg Packets/Bulk,0.0
27,61,Bwd Avg Bulk Rate,0.0
27,62,Subflow Fwd Packets,6.040075817281831e-08
27,63,Subflow Fwd Bytes,2.6595177171628848e-09
27,64,Subflow Bwd Packets,7.815222602403082e-08
27,65,Subflow Bwd Bytes,2.0960662538982433e-08
27,66,Init_Win_bytes_forward,1.6958560081548057e-05
27,67,Init_Win_bytes_backward,2.0935392967658117e-05
27,68,act_data_pkt_fwd,2.0633871500308487e-08
27,69,min_seg_size_forward,3.102467241444806e-11
27,70,Active Mean,9.219381240654911e-07
27,71,Active Std,2.382600428063597e-08
27,72,Active Max,7.847561391827185e-06
27,73,Active Min,6.60012773323615e-08
27,74,Idle Mean,1.3220821529102977e-05
27,75,Idle Std,4.843411261390429e-06
27,76,Idle Max,1.7399865100742318e-05
27,77,Idle Min,3.252353417337872e-05
28,0,Destination Port,7.88985489634797e-05
28,1,Flow Duration,1.1341467143211048e-05
28,2,Total Fwd Packets,1.8016181968505407e-07
28,3,Total Backward Packets,2.665003648871789e-07
28,4,Total Length of Fwd Packets,2.815219204421737e-07
28,5,Total Length of Bwd Packets,1.9796564743046474e-07
28,6,Fwd Packet Length Max,1.789325506251771e-05
28,7,Fwd Packet Length Min,3.148923269691295e-06
28,8,Fwd Packet Length Mean,9.367609891342e-06
28,9,Fwd Packet Length Std,6.758399649697822e-06
28,10,Bwd Packet Length Max,4.33525383414235e-06
28,11,Bwd Packet Length Min,2.8396166271704715e-06
28,12,Bwd Packet Length Mean,5.138012420502491e-05
28,13,Bwd Packet Length Std,2.808299359458033e-05
28,14,Flow Bytes/s,1.1606570069488953e-06
28,15,Flow Packets/s,1.0059548003482632e-05
28,16,Flow IAT Mean,8.241409523179755e-05
28,17,Flow IAT Std,2.3406326363328844e-05
28,18,Flow IAT Max,3.7081175833009183e-05
28,19,Flow IAT Min,1.1501620065246243e-06
28,20,Fwd IAT Total,5.2465607041085605e-06
28,21,Fwd IAT Mean,5.204326953389682e-05
28,22,Fwd IAT Std,3.691469828481786e-05
28,23,Fwd IAT Max,4.7928337153280154e-05
28,24,Fwd IAT Min,1.1430281119828578e-05
28,25,Bwd IAT Total,0.00013511530414689332
28,26,Bwd IAT Mean,7.857061063987203e-06
28,27,Bwd IAT Std,7.218388418550603e-06
28,28,Bwd IAT Max,2.0181772924843244e-05
28,29,Bwd IAT Min,6.151368779683253e-06
28,30,Fwd PSH Flags,2.7259984562988393e-05
28,31,Bwd PSH Flags,0.0
28,32,Fwd URG Flags,0.0
28,33,Bwd URG Flags,0.0
28,34,Fwd Header Length,6.493997783962868e-09
28,35,Bwd Header Length,2.132738217142105e-07
28,36,Fwd Packets/s,1.776256613084115e-05
28,37,Bwd Packets/s,4.596634425979573e-06
28,38,Min Packet Length,1.2502989193308167e-05
28,39,Max Packet Length,2.1257943444652483e-05
28,40,Packet Length Mean,1.5991550753824413e-05
28,41,Packet Length Std,9.86988379736431e-06
28,42,Packet Length Variance,8.781830729276408e-06
28,43,FIN Flag Count,1.3547318303608336e-05
28,44,SYN Flag Count,8.119388803606853e-05
28,45,RST Flag Count,5.305083732309868e-07
28,46,PSH Flag Count,0.0003437306440901011
28,47,ACK Flag Count,0.00048062740825116634
28,48,URG Flag Count,5.304921432980336e-05
28,49,CWE Flag Count,0.0
28,50,ECE Flag Count,9.719813220954165e-08
28,51,Down/Up Ratio,2.1639634724124335e-05
28,52,Average Packet Size,3.2118437957251444e-05
28,53,Avg Fwd Segment Size,5.889387921342859e-06
28,54,Avg Bwd Segment Size,4.8557325499132276e-05
28,55,Fwd Header Length.1,3.25887405949743e-08
28,56,Fwd Avg Bytes/Bulk,0.0
28,57,Fwd Avg Packets/Bulk,0.0
28,58,Fwd Avg Bulk Rate,0.0
28,59,Bwd Avg Bytes/Bulk,0.0
28,60,Bwd Avg Packets/Bulk,0.0
28,61,Bwd Avg Bulk Rate,0.0
28,62,Subflow Fwd Packets,1.406151710625636e-07
28,63,Subflow Fwd Bytes,1.2292581175188388e-07
28,64,Subflow Bwd Packets,2.542220727264066e-07
28,65,Subflow Bwd Bytes,1.5426647337335453e-07
28,66,Init_Win_bytes_forward,1.3122202062731958e-06
28,67,Init_Win_bytes_backward,1.3862084415450227e-05
28,68,act_data_pkt_fwd,4.9889777642420086e-08
28,69,min_seg_size_forward,2.4533066550480598e-12
28,70,Active Mean,1.1225605476283818e-06
28,71,Active Std,9.13552867132239e-07
28,72,Active Max,4.144465947319986e-06
28,73,Active Min,4.6667648234688386e-07
28,74,Idle Mean,8.410200825892389e-05
28,75,Idle Std,6.575774932571221e-06
28,76,Idle Max,1.3692106222151779e-05
28,77,Idle Min,0.00013215617218520492
29,0,Destination Port,2.962862708955072e-05
29,1,Flow Duration,3.831639696727507e-05
29,2,Total Fwd Packets,9.560036318134735e-08
29,3,Total Backward Packets,6.295146448564992e-08
29,4,Total Length of Fwd Packets,1.6891897303139558e-07
29,5,Total Length of Bwd Packets,9.486581298290275e-09
29,6,Fwd Packet Length Max,8.206321581383236e-06
29,7,Fwd Packet Length Min,1.4142679901851807e-05
29,8,Fwd Packet Length Mean,1.8493303286959417e-05
29,9,Fwd Packet Length Std,7.329973414016422e-06
29,10,Bwd Packet Length Max,6.1862709117122e-05
29,11,Bwd Packet Length Min,5.0208327593281865e-06
29,12,Bwd Packet Length Mean,0.0004551899037323892
29,13,Bwd Packet Length Std,0.0006692117894999683
29,14,Flow Bytes/s,1.068724372998986e-06
29,15,Flow Packets/s,9.863496416073758e-06
29,16,Flow IAT Mean,1.6155630873981863e-05
29,17,Flow IAT Std,2.843605443558772e-06
29,18,Flow IAT Max,3.624453893280588e-05
29,19,Flow IAT Min,1.7128862737081363e-06
29,20,Fwd IAT Total,0.00011818883649539202
29,21,Fwd IAT Mean,3.654274405562319e-05
29,22,Fwd IAT Std,2.383405080763623e-05
29,23,Fwd IAT Max,3.950428799726069e-05
29,24,Fwd IAT Min,7.620550945830473e-07
29,25,Bwd IAT Total,1.7880398445413448e-05
29,26,Bwd IAT Mean,1.0482914149179123e-05
29,27,Bwd IAT Std,1.0602027487038868e-06
29,28,Bwd IAT Max,4.679297853726894e-05
29,29,Bwd IAT Min,1.6559360460632888e-07
29,30,Fwd PSH Flags,1.762812644301448e-05
29,31,Bwd PSH Flags,0.0
29,32,Fwd URG Flags,0.0
29,33,Bwd URG Flags,0.0
29,34,Fwd Header Length,8.718235022797671e-08
29,35,Bwd Header Length,2.0707670955744106e-07
29,36,Fwd Packets/s,6.14000964560546e-06
29,37,Bwd Packets/s,7.343146535276901e-06
29,38,Min Packet Length,3.275049675721675e-05
29,39,Max Packet Length,0.0004488134873099625
29,40,Packet Length Mean,2.8400721930665895e-05
29,41,Packet Length Std,4.770832310896367e-05
29,42,Packet Length Variance,0.00022464974608737975
29,43,FIN Flag Count,1.5256541701091919e-05
29,44,SYN Flag Count,8.946168964030221e-05
29,45,RST Flag Count,3.2274857630909537e-07
29,46,PSH Flag Count,0.0004123616963624954
29,47,ACK Flag Count,0.00024910521460697055
29,48,URG Flag Count,0.00018162073683924973
29,49,CWE Flag Count,0.0
29,50,ECE Flag Count,4.623983045348723e-07
29,51,Down/Up Ratio,7.3589294515841175e-06
29,52,Average Packet Size,0.00022327811166178435
29,53,Avg Fwd Segment Size,3.3180763239215594e-06
29,54,Avg Bwd Segment Size,1.7020502127707005e-06
29,55,Fwd Header Length.1,3.4492607881020376e-08
29,56,Fwd Avg Bytes/Bulk,0.0
29,57,Fwd Avg Packets/Bulk,0.0
29,58,Fwd Avg Bulk Rate,0.0
29,59,Bwd Avg Bytes/Bulk,0.0
29,60,Bwd Avg Packets/Bulk,0.0
29,61,Bwd Avg Bulk Rate,0.0
29,62,Subflow Fwd Packets,7.686924874406031e-08
29,63,Subflow Fwd Bytes,3.50593443165792e-09
29,64,Subflow Bwd Packets,8.384665051153206e-08
29,65,Subflow Bwd Bytes,6.670682672904604e-09
29,66,Init_Win_bytes_forward,1.5062115380715113e-05
29,67,Init_Win_bytes_backward,2.7102836611447856e-05
29,68,act_data_pkt_fwd,1.5241782946873172e-08
29,69,min_seg_size_forward,6.465941559952171e-09
29,70,Active Mean,8.26191921987629e-07
29,71,Active Std,1.1171697167355887e-07
29,72,Active Max,6.998588105489034e-06
29,73,Active Min,1.1626975293665964e-07
29,74,Idle Mean,7.854457180656027e-06
29,75,Idle Std,5.338759365258738e-06
29,76,Idle Max,1.2961495485797059e-05
29,77,Idle Min,3.3335338230244815e-05
30,0,Destination Port,8.226845966419205e-05
30,1,Flow Duration,6.562680482602445e-06
30,2,Total Fwd Packets,2.3142470695347583e-07
30,3,Total Backward Packets,3.2372889791076886e-07
30,4,Total Length of Fwd Packets,3.030857271824061e-07
30,5,Total Length of Bwd Packets,2.732158179696853e-07
30,6,Fwd Packet Length Max,1.5936220734147355e-05
30,7,Fwd Packet Length Min,5.329608029569499e-06
30,8,Fwd Packet Length Mean,9.401671377418097e-06
30,9,Fwd Packet Length Std,6.781789579690667e-06
30,10,Bwd Packet Length Max,1.2952858924109023e-05
30,11,Bwd Packet Length Min,1.4258567944125389e-06
30,12,Bwd Packet Length Mean,4.0933235140983015e-05
30,13,Bwd Packet Length Std,1.818184864532668e-05
30,14,Flow Bytes/s,1.4641908592238906e-06
30,15,Flow Packets/s,1.618019086890854e-05
30,16,Flow IAT Mean,8.052979683270678e-05
30,17,Flow IAT Std,2.329624112462625e-05
30,18,Flow IAT Max,2.3700091333012097e-05
30,19,Flow IAT Min,1.2465541203710018e-06
30,20,Fwd IAT Total,1.485490201957873e-06
30,21,Fwd IAT Mean,5.065002551418729e-05
30,22,Fwd IAT Std,2.4951494197011925e-05
30,23,Fwd IAT Max,4.905989771941677e-05
30,24,Fwd IAT Min,1.5546898794127628e-05
30,25,Bwd IAT Total,0.0001266900944756344
30,26,Bwd IAT Mean,9.727968063089065e-06
30,27,Bwd IAT Std,6.563699571415782e-06
30,28,Bwd IAT Max,2.651234171935357e-05
30,29,Bwd IAT Min,5.30239412910305e-06
30,30,Fwd PSH Flags,2.5323262889287435e-05
30,31,Bwd PSH Flags,0.0
30,32,Fwd URG Flags,0.0
30,33,Bwd URG Flags,0.0
30,34,Fwd Header Length,1.0793843152612226e-08
30,35,Bwd Header Length,5.210758757812073e-08
30,36,Fwd Packets/s,1.2959252671862487e-05
30,37,Bwd Packets/s,3.632079369708663e-06
30,38,Min Packet Length,1.3814916201226879e-05
30,39,Max Packet Length,1.2714082913589664e-05
30,40,Packet Length Mean,6.196951289894059e-06
30,41,Packet Length Std,2.1535906853387132e-06
30,42,Packet Length Variance,7.7032136687194e-06
30,43,FIN Flag Count,2.098680670314934e-05
30,44,SYN Flag Count,6.820806447649375e-05
30,45,RST Flag Count,6.243033112696139e-07
30,46,PSH Flag Count,0.0003245103871449828
30,47,ACK Flag Count,0.0003531550755724311
30,48,URG Flag Count,5.1741819333983585e-05
30,49,CWE Flag Count,0.0
30,50,ECE Flag Count,1.4326292330224533e-07
30,51,Down/Up Ratio,1.3157604371372145e-05
30,52,Average Packet Size,2.384417166467756e-05
30,53,Avg Fwd Segment Size,2.099272023770027e-06
30,54,Avg Bwd Segment Size,4.098708450328559e-05
30,55,Fwd Header Length.1,1.824535722505516e-08
30,56,Fwd Avg Bytes/Bulk,0.0
30,57,Fwd Avg Packets/Bulk,0.0
30,58,Fwd Avg Bulk Rate,0.0
30,59,Bwd Avg Bytes/Bulk,0.0
30,60,Bwd Avg Packets/Bulk,0.0
30,61,Bwd Avg Bulk Rate,0.0
30,62,Subflow Fwd Packets,1.99000069756039e-07
30,63,Subflow Fwd Bytes,1.3694409517484019e-07
30,64,Subflow Bwd Packets,3.143466074106982e-07
30,65,Subflow Bwd Bytes,2.2208671168755245e-07
30,66,Init_Win_bytes_forward,2.366365515626967e-05
30,67,Init_Win_bytes_backward,1.6811378372949548e-05
30,68,act_data_pkt_fwd,6.331468682674313e-08
30,69,min_seg_size_forward,1.50229375606159e-08
30,70,Active Mean,7.214503625618818e-07
30,71,Active Std,7.982138754414336e-07
30,72,Active Max,4.391352376842406e-06
30,73,Active Min,5.090121817374893e-07
30,74,Idle Mean,6.206177204148844e-05
30,75,Idle Std,6.673626103292918e-06
30,76,Idle Max,3.438791463850066e-05
30,77,Idle Min,0.0001518590870546177
31,0,Destination Port,4.450157575774938e-05
31,1,Flow Duration,5.2062627219129354e-05
31,2,Total Fwd Packets,1.9592854982874996e-07
31,3,Total Backward Packets,1.9816815211015637e-07
31,4,Total Length of Fwd Packets,2.3905980128802184e-07
31,5,Total Length of Bwd Packets,1.596697956074422e-07
31,6,Fwd Packet Length Max,5.5579421314178035e-06
31,7,Fwd Packet Length Min,1.3530619071389083e-05
31,8,Fwd Packet Length Mean,1.8199321857537143e-05
31,9,Fwd Packet Length Std,3.154809746774845e-06
31,10,Bwd Packet Length Max,2.6420180802233517e-05
31,11,Bwd Packet Length Min,6.620739895879524e-06
31,12,Bwd Packet Length Mean,0.00037355776294134557
31,13,Bwd Packet Length Std,0.0009037908748723567
31,14,Flow Bytes/s,1.2810631915272097e-06
31,15,Flow Packets/s,6.868894161016215e-06
31,16,Flow IAT Mean,1.4502173144137487e-05
31,17,Flow IAT Std,9.203961781167891e-06
31,18,Flow IAT Max,2.8990581995458342e-05
31,19,Flow IAT Min,1.5728170410511666e-06
31,20,Fwd IAT Total,9.666840196587145e-05
31,21,Fwd IAT Mean,3.5684966860571876e-05
31,22,Fwd IAT Std,2.8242044209036976e-05
31,23,Fwd IAT Max,3.7381738366093487e-05
31,24,Fwd IAT Min,1.3087797015032265e-06
31,25,Bwd IAT Total,1.9783831248787465e-06
31,26,Bwd IAT Mean,9.867377229966223e-06
31,27,Bwd IAT Std,1.6321806697305874e-06
31,28,Bwd IAT Max,4.435414302861318e-05
31,29,Bwd IAT Min,1.7010162309816224e-06
31,30,Fwd PSH Flags,3.766154623008333e-05
31,31,Bwd PSH Flags,0.0
31,32,Fwd URG Flags,0.0
31,33,Bwd URG Flags,0.0
31,34,Fwd Header Length,7.658509559860249e-08
31,35,Bwd Header Length,9.697701841560047e-08
31,36,Fwd Packets/s,1.3301178114488721e-05
31,37,Bwd Packets/s,8.196004273486324e-06
31,38,Min Packet Length,2.873726043617353e-05
31,39,Max Packet Length,0.000682737329043448
31,40,Packet Length Mean,0.0001179630562546663
31,41,Packet Length Std,0.0003451775119174272
31,42,Packet Length Variance,0.0010443696519359946
31,43,FIN Flag Count,1.966716445167549e-05
31,44,SYN Flag Count,7.527805428253487e-05
31,45,RST Flag Count,3.154226817514427e-07
31,46,PSH Flag Count,0.0007373696425929666
31,47,ACK Flag Count,0.00027964916080236435
31,48,URG Flag Count,0.0002178599825128913
31,49,CWE Flag Count,0.0
31,50,ECE Flag Count,2.6064699909511546e-07
31,51,Down/Up Ratio,9.356066584587097e-06
31,52,Average Packet Size,0.0001751797244651243
31,53,Avg Fwd Segment Size,1.3404136325334548e-06
31,54,Avg Bwd Segment Size,9.742727706907317e-05
31,55,Fwd Header Length.1,4.359456440283793e-08
31,56,Fwd Avg Bytes/Bulk,0.0
31,57,Fwd Avg Packets/Bulk,0.0
31,58,Fwd Avg Bulk Rate,0.0
31,59,Bwd Avg Bytes/Bulk,0.0
31,60,Bwd Avg Packets/Bulk,0.0
31,61,Bwd Avg Bulk Rate,0.0
31,62,Subflow Fwd Packets,1.4748644616702222e-07
31,63,Subflow Fwd Bytes,1.7661795359558141e-09
31,64,Subflow Bwd Packets,2.6091413474205183e-07
31,65,Subflow Bwd Bytes,1.1097844065943718e-07
31,66,Init_Win_bytes_forward,1.7215470506926067e-05
31,67,Init_Win_bytes_backward,1.8717913917498663e-05
31,68,act_data_pkt_fwd,2.257309361652915e-08
31,69,min_seg_size_forward,8.078741231543063e-09
31,70,Active Mean,9.85037559075863e-07
31,71,Active Std,6.383506701013175e-08
31,72,Active Max,7.865977750043385e-06
31,73,Active Min,3.850955465622974e-08
31,74,Idle Mean,8.814727152639534e-06
31,75,Idle Std,5.113909537612926e-06
31,76,Idle Max,1.6393360056099482e-05
31,77,Idle Min,3.438546264078468e-05
32,0,Destination Port,7.312057277886197e-05
32,1,Flow Duration,6.044934252713574e-06
32,2,Total Fwd Packets,1.58230648139579e-07
32,3,Total Backward Packets,2.357880362069409e-07
32,4,Total Length of Fwd Packets,3.098024592418369e-07
32,5,Total Length of Bwd Packets,2.2143532873997174e-07
32,6,Fwd Packet Length Max,1.67394318850711e-05
32,7,Fwd Packet Length Min,4.169346539129037e-06
32,8,Fwd Packet Length Mean,1.3443363968690392e-05
32,9,Fwd Packet Length Std,3.592894699977478e-06
32,10,Bwd Packet Length Max,3.3136909678432858e-06
32,11,Bwd Packet Length Min,4.50346851721406e-06
32,12,Bwd Packet Length Mean,5.809732465422712e-05
32,13,Bwd Packet Length Std,2.8322254365775734e-05
32,14,Flow Bytes/s,1.2696734756900696e-06
32,15,Flow Packets/s,5.3739936447527725e-06
32,16,Flow IAT Mean,7.50897524994798e-05
32,17,Flow IAT Std,2.766352736216504e-05
32,18,Flow IAT Max,9.59119188337354e-06
32,19,Flow IAT Min,1.3334080222193734e-06
32,20,Fwd IAT Total,1.6123207160489983e-06
32,21,Fwd IAT Mean,5.1460541726555675e-05
32,22,Fwd IAT Std,3.8818125176476315e-05
32,23,Fwd IAT Max,5.0383841880830005e-05
32,24,Fwd IAT Min,1.06079687611782e-05
32,25,Bwd IAT Total,0.00011283109779469669
32,26,Bwd IAT Mean,9.221114851243328e-06
32,27,Bwd IAT Std,8.344757588929497e-06
32,28,Bwd IAT Max,2.3482773030991666e-05
32,29,Bwd IAT Min,1.3586173963631154e-06
32,30,Fwd PSH Flags,3.6040000850334764e-05
32,31,Bwd PSH Flags,0.0
32,32,Fwd URG Flags,0.0
32,33,Bwd URG Flags,0.0
32,34,Fwd Header Length,4.498349692738657e-09
32,35,Bwd Header Length,1.415070585153444e-07
32,36,Fwd Packets/s,1.853640060289763e-05
32,37,Bwd Packets/s,3.830659352388466e-06
32,38,Min Packet Length,1.2750522728310898e-05
32,39,Max Packet Length,1.8326602003071457e-05
32,40,Packet Length Mean,1.149162562796846e-05
32,41,Packet Length Std,1.4585903045372106e-05
32,42,Packet Length Variance,6.440374818339478e-06
32,43,FIN Flag Count,1.5960873497533612e-05
32,44,SYN Flag Count,8.408670692006126e-05
32,45,RST Flag Count,3.3199347626577946e-07
32,46,PSH Flag Count,0.0003935197601094842
32,47,ACK Flag Count,0.0003697533393278718
32,48,URG Flag Count,6.993679562583566e-05
32,49,CWE Flag Count,0.0
32,50,ECE Flag Count,2.0017138524508482e-07
32,51,Down/Up Ratio,1.568774678162299e-05
32,52,Average Packet Size,3.377617395017296e-05
32,53,Avg Fwd Segment Size,4.541517682810081e-06
32,54,Avg Bwd Segment Size,6.227480480447412e-05
32,55,Fwd Header Length.1,9.755164143143702e-08
32,56,Fwd Avg Bytes/Bulk,0.0
32,57,Fwd Avg Packets/Bulk,0.0
32,58,Fwd Avg Bulk Rate,0.0
32,59,Bwd Avg Bytes/Bulk,0.0
32,60,Bwd Avg Packets/Bulk,0.0
32,61,Bwd Avg Bulk Rate,0.0
32,62,Subflow Fwd Packets,1.4483269694665069e-07
32,63,Subflow Fwd Bytes,1.991114473298694e-08
32,64,Subflow Bwd Packets,2.4999042125273263e-07
32,65,Subflow Bwd Bytes,1.742614870181569e-07
32,66,Init_Win_bytes_forward,2.2075413653510623e-05
32,67,Init_Win_bytes_backward,1.3598306622952805e-06
32,68,act_data_pkt_fwd,8.211348756503867e-08
32,69,min_seg_size_forward,7.733686954725094e-12
32,70,Active Mean,8.768363954914093e-07
32,71,Active Std,6.950269266781106e-07
32,72,Active Max,4.271942088962533e-06
32,73,Active Min,2.496718138900178e-07
32,74,Idle Mean,7.494034798583016e-05
32,75,Idle Std,6.3569591475243215e-06
32,76,Idle Max,3.161870699841529e-05
32,77,Idle Min,0.00012279512884560972
33,0,Destination Port,6.857581320218742e-05
33,1,Flow Duration,8.540898852515966e-05
33,2,Total Fwd Packets,3.31913014406382e-07
33,3,Total Backward Packets,2.916254118190409e-07
33,4,Total Length of Fwd Packets,3.122397345123318e-07
33,5,Total Length of Bwd Packets,2.968564842831256e-07
33,6,Fwd Packet Length Max,8.620469998277258e-06
33,7,Fwd Packet Length Min,7.628867479070323e-06
33,8,Fwd Packet Length Mean,1.802377482817974e-05
33,9,Fwd Packet Length Std,4.377546247269493e-06
33,10,Bwd Packet Length Max,1.4878924048389308e-05
33,11,Bwd Packet Length Min,5.671277904184535e-06
33,12,Bwd Packet Length Mean,0.0006641074432991445
33,13,Bwd Packet Length Std,0.00039413763443008065
33,14,Flow Bytes/s,1.0573413646852714e-06
33,15,Flow Packets/s,9.117659828916658e-06
33,16,Flow IAT Mean,1.8801205442287028e-05
33,17,Flow IAT Std,4.806130164070055e-06
33,18,Flow IAT Max,4.206932135275565e-05
33,19,Flow IAT Min,1.3055640692982706e-06
33,20,Fwd IAT Total,0.00011498642561491579
33,21,Fwd IAT Mean,4.130323213757947e-05
33,22,Fwd IAT Std,1.89032762136776e-05
33,23,Fwd IAT Max,3.23880412906874e-05
33,24,Fwd IAT Min,2.9651073418790475e-06
33,25,Bwd IAT Total,5.937284731771797e-05
33,26,Bwd IAT Mean,1.7284388377447613e-05
33,27,Bwd IAT Std,1.2117328651584103e-06
33,28,Bwd IAT Max,5.33702113898471e-05
33,29,Bwd IAT Min,1.97019218717287e-07
33,30,Fwd PSH Flags,7.280174486368196e-06
33,31,Bwd PSH Flags,0.0
33,32,Fwd URG Flags,0.0
33,33,Bwd URG Flags,0.0
33,34,Fwd Header Length,5.014825776861187e-10
33,35,Bwd Header Length,2.0298553238262684e-07
33,36,Fwd Packets/s,9.408068763150368e-06
33,37,Bwd Packets/s,6.077969828766072e-06
33,38,Min Packet Length,2.9474686016328633e-05
33,39,Max Packet Length,0.00040475354762747884
33,40,Packet Length Mean,9.38416997087188e-05
33,41,Packet Length Std,0.00024755336926318705
33,42,Packet Length Variance,0.0002797343477141112
33,43,FIN Flag Count,1.3237213352113031e-05
33,44,SYN Flag Count,6.742312689311802e-05
33,45,RST Flag Count,2.396284060068865e-07
33,46,PSH Flag Count,5.349484126782045e-05
33,47,ACK Flag Count,7.3344970587641e-05
33,48,URG Flag Count,0.0001919969217851758
33,49,CWE Flag Count,0.0
33,50,ECE Flag Count,2.315676965736202e-07
33,51,Down/Up Ratio,5.437704658106668e-06
33,52,Average Packet Size,0.00021382246632128954
33,53,Avg Fwd Segment Size,9.810701158130541e-07
33,54,Avg Bwd Segment Size,0.000564063317142427
33,55,Fwd Header Length.1,1.2049288500293187e-07
33,56,Fwd Avg Bytes/Bulk,0.0
33,57,Fwd Avg Packets/Bulk,0.0
33,58,Fwd Avg Bulk Rate,0.0
33,59,Bwd Avg Bytes/Bulk,0.0
33,60,Bwd Avg Packets/Bulk,0.0
33,61,Bwd Avg Bulk Rate,0.0
33,62,Subflow Fwd Packets,2.6321160362385854e-07
33,63,Subflow Fwd Bytes,1.4296429640126007e-07
33,64,Subflow Bwd Packets,3.580950362902513e-07
33,65,Subflow Bwd Bytes,2.2040605074380437e-07
33,66,Init_Win_bytes_forward,9.837448487814981e-06
33,67,Init_Win_bytes_backward,2.438720184727572e-05
33,68,act_data_pkt_fwd,1.7089116965962603e-07
33,69,min_seg_size_forward,2.5118245261523953e-08
33,70,Active Mean,8.418405172960775e-07
33,71,Active Std,1.083952696490087e-07
33,72,Active Max,6.804893018852454e-06
33,73,Active Min,4.685337628984598e-08
33,74,Idle Mean,6.290416422416456e-06
33,75,Idle Std,5.154328391654417e-06
33,76,Idle Max,3.6836098615822266e-07
33,77,Idle Min,5.6382774346275255e-05
34,0,Destination Port,0.00015733347390778363
34,1,Flow Duration,0.00014597279368899763
34,2,Total Fwd Packets,1.932315001340612e-07
34,3,Total Backward Packets,1.4966583705700032e-07
34,4,Total Length of Fwd Packets,2.824117188993114e-07
34,5,Total Length of Bwd Packets,8.464881062764107e-08
34,6,Fwd Packet Length Max,7.814739547029603e-06
34,7,Fwd Packet Length Min,7.582452781207394e-06
34,8,Fwd Packet Length Mean,1.965371484402567e-05
34,9,Fwd Packet Length Std,2.102440248563653e-06
34,10,Bwd Packet Length Max,8.659700142743532e-06
34,11,Bwd Packet Length Min,5.71153486816911e-06
34,12,Bwd Packet Length Mean,0.0008767106337472796
34,13,Bwd Packet Length Std,0.0004631836200132966
34,14,Flow Bytes/s,9.893368542179815e-07
34,15,Flow Packets/s,1.1036180694645736e-05
34,16,Flow IAT Mean,2.3850798243074678e-05
34,17,Flow IAT Std,4.818052730115596e-07
34,18,Flow IAT Max,2.3583066649734974e-05
34,19,Flow IAT Min,1.411650828231359e-06
34,20,Fwd IAT Total,0.00011265857028774917
34,21,Fwd IAT Mean,4.533394894679077e-05
34,22,Fwd IAT Std,1.961287489393726e-05
34,23,Fwd IAT Max,2.384395156695973e-05
34,24,Fwd IAT Min,1.0790607120725326e-05
34,25,Bwd IAT Total,0.00010812228720169514
34,26,Bwd IAT Mean,1.6256561139016412e-05
34,27,Bwd IAT Std,2.82576252175204e-06
34,28,Bwd IAT Max,4.6588756958954036e-05
34,29,Bwd IAT Min,3.995729969119566e-07
34,30,Fwd PSH Flags,2.9791022825520486e-05
34,31,Bwd PSH Flags,0.0
34,32,Fwd URG Flags,0.0
34,33,Bwd URG Flags,0.0
34,34,Fwd Header Length,1.8997504014350852e-08
34,35,Bwd Header Length,7.723990336216957e-08
34,36,Fwd Packets/s,2.3451266315532848e-05
34,37,Bwd Packets/s,6.025335551385069e-06
34,38,Min Packet Length,2.605980625958182e-05
34,39,Max Packet Length,0.0001899716298794374
34,40,Packet Length Mean,0.0001413805439369753
34,41,Packet Length Std,0.00022854245617054403
34,42,Packet Length Variance,0.00026358204195275903
34,43,FIN Flag Count,2.1842441128683276e-05
34,44,SYN Flag Count,7.00368473189883e-05
34,45,RST Flag Count,2.1345282164020318e-07
34,46,PSH Flag Count,0.00022413715487346053
34,47,ACK Flag Count,6.964996282476932e-05
34,48,URG Flag Count,0.00020157154358457774
34,49,CWE Flag Count,0.0
34,50,ECE Flag Count,1.1113576903198918e-07
34,51,Down/Up Ratio,7.382804142253008e-06
34,52,Average Packet Size,0.00015784769493620843
34,53,Avg Fwd Segment Size,3.0123810574878007e-06
34,54,Avg Bwd Segment Size,0.0008392377640120685
34,55,Fwd Header Length.1,1.3159336731405347e-07
34,56,Fwd Avg Bytes/Bulk,0.0
34,57,Fwd Avg Packets/Bulk,0.0
34,58,Fwd Avg Bulk Rate,0.0
34,59,Bwd Avg Bytes/Bulk,0.0
34,60,Bwd Avg Packets/Bulk,0.0
34,61,Bwd Avg Bulk Rate,0.0
34,62,Subflow Fwd Packets,1.4770060374758032e-07
34,63,Subflow Fwd Bytes,5.868345098747341e-08
34,64,Subflow Bwd Packets,1.644098830411167e-07
34,65,Subflow Bwd Bytes,6.626936510656378e-08
34,66,Init_Win_bytes_forward,7.753443242108915e-06
34,67,Init_Win_bytes_backward,5.6902576943684835e-06
34,68,act_data_pkt_fwd,1.9842515186496712e-08
34,69,min_seg_size_forward,5.7900524375043005e-09
34,70,Active Mean,8.778085316407669e-07
34,71,Active Std,3.800509205120761e-07
34,72,Active Max,6.701625807181699e-06
34,73,Active Min,1.1046885362020475e-07
34,74,Idle Mean,1.4202889360603876e-05
34,75,Idle Std,6.93909441906726e-06
34,76,Idle Max,1.0676612873794511e-05
34,77,Idle Min,6.268153083510697e-05
35,0,Destination Port,9.782530105439946e-05
35,1,Flow Duration,0.00012504823098424822
35,2,Total Fwd Packets,2.1150229656541342e-07
35,3,Total Backward Packets,1.7419992559553066e-07
35,4,Total Length of Fwd Packets,2.686352900127531e-07
35,5,Total Length of Bwd Packets,1.272854603939777e-07
35,6,Fwd Packet Length Max,7.103355983417714e-06
35,7,Fwd Packet Length Min,6.954119271540549e-06
35,8,Fwd Packet Length Mean,1.8567896404420026e-05
35,9,Fwd Packet Length Std,2.7520097773958696e-06
35,10,Bwd Packet Length Max,2.5346528218506137e-06
35,11,Bwd Packet Length Min,1.0685422239475884e-05
35,12,Bwd Packet Length Mean,0.0010549417929723859
35,13,Bwd Packet Length Std,0.0013048498658463359
35,14,Flow Bytes/s,1.0732070450103492e-06
35,15,Flow Packets/s,1.4683981135021895e-05
35,16,Flow IAT Mean,2.4870971174095757e-05
35,17,Flow IAT Std,1.1206086583115393e-06
35,18,Flow IAT Max,3.8260746805462986e-05
35,19,Flow IAT Min,1.68621011198411e-06
35,20,Fwd IAT Total,0.00012866075849160552
35,21,Fwd IAT Mean,4.4105934648541734e-05
35,22,Fwd IAT Std,2.142732046195306e-05
35,23,Fwd IAT Max,3.4075070288963616e-05
35,24,Fwd IAT Min,7.24287201592233e-06
35,25,Bwd IAT Total,9.650413267081603e-05
35,26,Bwd IAT Mean,1.5369869288406335e-05
35,27,Bwd IAT Std,3.0136100122035714e-06
35,28,Bwd IAT Max,5.445913120638579e-05
35,29,Bwd IAT Min,9.27790821947383e-08
35,30,Fwd PSH Flags,3.174442463205196e-05
35,31,Bwd PSH Flags,0.0
35,32,Fwd URG Flags,0.0
35,33,Bwd URG Flags,0.0
35,34,Fwd Header Length,1.1588003445694994e-08
35,35,Bwd Header Length,1.550816790540921e-07
35,36,Fwd Packets/s,2.22045218833955e-05
35,37,Bwd Packets/s,6.4835712692001835e-06
35,38,Min Packet Length,3.106705844402313e-05
35,39,Max Packet Length,0.00040313255158253014
35,40,Packet Length Mean,0.00021570756507571787
35,41,Packet Length Std,0.0004882113425992429
35,42,Packet Length Variance,0.0005657796282321215
35,43,FIN Flag Count,1.8093667677021585e-05
35,44,SYN Flag Count,8.745767263462767e-05
35,45,RST Flag Count,2.3175357455329504e-07
35,46,PSH Flag Count,3.36674929712899e-05
35,47,ACK Flag Count,0.00012369056639727205
35,48,URG Flag Count,0.00019454989524092525
35,49,CWE Flag Count,0.0
35,50,ECE Flag Count,1.1482097050929951e-07
35,51,Down/Up Ratio,1.0424594620417338e-05
35,52,Average Packet Size,0.00017118170217145234
35,53,Avg Fwd Segment Size,1.1338671583871474e-06
35,54,Avg Bwd Segment Size,0.0009697547066025436
35,55,Fwd Header Length.1,1.31907299305567e-07
35,56,Fwd Avg Bytes/Bulk,0.0
35,57,Fwd Avg Packets/Bulk,0.0
35,58,Fwd Avg Bulk Rate,0.0
35,59,Bwd Avg Bytes/Bulk,0.0
35,60,Bwd Avg Packets/Bulk,0.0
35,61,Bwd Avg Bulk Rate,0.0
35,62,Subflow Fwd Packets,1.6582617945459788e-07
35,63,Subflow Fwd Bytes,6.97841002761379e-08
35,64,Subflow Bwd Packets,1.8875077500979387e-07
35,65,Subflow Bwd Bytes,9.731539307722414e-08
35,66,Init_Win_bytes_forward,1.3307607332535554e-05
35,67,Init_Win_bytes_backward,1.711403274384793e-05
35,68,act_data_pkt_fwd,8.663607076186963e-08
35,69,min_seg_size_forward,2.2620027378961183e-11
35,70,Active Mean,1.0434878277010284e-06
35,71,Active Std,3.873190621561662e-07
35,72,Active Max,7.1375152401742525e-06
35,73,Active Min,1.1728894833140657e-07
35,74,Idle Mean,1.1303035535092931e-05
35,75,Idle Std,7.265123258548556e-06
35,76,Idle Max,1.4009654478286393e-05
35,77,Idle Min,5.4472762712975964e-05
36,0,Destination Port,9.468912321608514e-05
36,1,Flow Duration,0.00012673166929744184
36,2,Total Fwd Packets,2.0614584173017647e-07
36,3,Total Backward Packets,1.6786700030024804e-07
36,4,Total Length of Fwd Packets,2.8363768933559186e-07
36,5,Total Length of Bwd Packets,9.713187409943203e-08
36,6,Fwd Packet Length Max,7.945898687466979e-06
36,7,Fwd Packet Length Min,6.894784746691585e-06
36,8,Fwd Packet Length Mean,1.9017299564438872e-05
36,9,Fwd Packet Length Std,2.8643212317547295e-06
36,10,Bwd Packet Length Max,3.6145445392321562e-06
36,11,Bwd Packet Length Min,1.1232388715143315e-05
36,12,Bwd Packet Length Mean,0.0008491466869600117
36,13,Bwd Packet Length Std,0.0013487350661307573
36,14,Flow Bytes/s,9.329450563200226e-07
36,15,Flow Packets/s,1.4443326108448673e-05
36,16,Flow IAT Mean,2.4677185137989e-05
36,17,Flow IAT Std,5.385764438869955e-07
36,18,Flow IAT Max,3.596855458454229e-05
36,19,Flow IAT Min,1.7209366660608794e-06
36,20,Fwd IAT Total,0.000135687630972825
36,21,Fwd IAT Mean,4.4405274820746854e-05
36,22,Fwd IAT Std,2.048051101155579e-05
36,23,Fwd IAT Max,3.817265314864926e-05
36,24,Fwd IAT Min,6.0856468735437375e-06
36,25,Bwd IAT Total,9.351582411909476e-05
36,26,Bwd IAT Mean,1.448891362088034e-05
36,27,Bwd IAT Std,2.5303424990852363e-06
36,28,Bwd IAT Max,5.180812513572164e-05
36,29,Bwd IAT Min,7.559151526947971e-07
36,30,Fwd PSH Flags,3.708306758198887e-05
36,31,Bwd PSH Flags,0.0
36,32,Fwd URG Flags,0.0
36,33,Bwd URG Flags,0.0
36,34,Fwd Header Length,1.3280123667414045e-08
36,35,Bwd Header Length,1.5534774888692482e-07
36,36,Fwd Packets/s,1.8020591596723534e-05
36,37,Bwd Packets/s,6.406267857528292e-06
36,38,Min Packet Length,3.125533112324774e-05
36,39,Max Packet Length,0.0004178132803644985
36,40,Packet Length Mean,0.00021513068350031972
36,41,Packet Length Std,0.0005416176281869411
36,42,Packet Length Variance,0.0005298869218677282
36,43,FIN Flag Count,1.5742471077828668e-05
36,44,SYN Flag Count,8.460868411930278e-05
36,45,RST Flag Count,2.662710869572038e-07
36,46,PSH Flag Count,0.00012080646411050111
36,47,ACK Flag Count,0.00011862956307595596
36,48,URG Flag Count,0.0001811289694160223
36,49,CWE Flag Count,0.0
36,50,ECE Flag Count,1.509078089156901e-07
36,51,Down/Up Ratio,1.0141990969714243e-05
36,52,Average Packet Size,0.0002134359092451632
36,53,Avg Fwd Segment Size,7.313813625842158e-07
36,54,Avg Bwd Segment Size,0.0007172776386141777
36,55,Fwd Header Length.1,1.2688325057297334e-07
36,56,Fwd Avg Bytes/Bulk,0.0
36,57,Fwd Avg Packets/Bulk,0.0
36,58,Fwd Avg Bulk Rate,0.0
36,59,Bwd Avg Bytes/Bulk,0.0
36,60,Bwd Avg Packets/Bulk,0.0
36,61,Bwd Avg Bulk Rate,0.0
36,62,Subflow Fwd Packets,1.6598234253706323e-07
36,63,Subflow Fwd Bytes,9.915480347899575e-08
36,64,Subflow Bwd Packets,1.7858324952158e-07
36,65,Subflow Bwd Bytes,7.58339453454937e-08
36,66,Init_Win_bytes_forward,1.1997733963653445e-05
36,67,Init_Win_bytes_backward,1.721189073577989e-05
36,68,act_data_pkt_fwd,5.235269995296221e-08
36,69,min_seg_size_forward,5.3797650778619754e-09
36,70,Active Mean,1.2386084335958003e-06
36,71,Active Std,4.754812437113287e-07
36,72,Active Max,7.371497304120567e-06
36,73,Active Min,1.2817153560717998e-07
36,74,Idle Mean,1.4929806638974696e-05
36,75,Idle Std,7.075816029100679e-06
36,76,Idle Max,1.7688122170511633e-05
36,77,Idle Min,5.251646143733524e-05
37,0,Destination Port,8.401331433560699e-05
37,1,Flow Duration,0.00011815685866167769
37,2,Total Fwd Packets,1.7245997696591076e-07
37,3,Total Backward Packets,1.309100525759277e-07
37,4,Total Length of Fwd Packets,2.810505748129799e-07
37,5,Total Length of Bwd Packets,5.3847230674364255e-08
37,6,Fwd Packet Length Max,8.014838385861367e-06
37,7,Fwd Packet Length Min,6.449929514928954e-06
37,8,Fwd Packet Length Mean,1.8240885765408166e-05
37,9,Fwd Packet Length Std,2.712467221499537e-06
37,10,Bwd Packet Length Max,2.953787407022901e-05
37,11,Bwd Packet Length Min,1.1898691809619777e-05
37,12,Bwd Packet Length Mean,0.0008392796153202653
37,13,Bwd Packet Length Std,0.0010691523784771562
37,14,Flow Bytes/s,9.489043577559642e-07
37,15,Flow Packets/s,1.5890071153989993e-05
37,16,Flow IAT Mean,2.47171465161955e-05
37,17,Flow IAT Std,1.2548865697681322e-06
37,18,Flow IAT Max,3.9827202272135764e-05
37,19,Flow IAT Min,1.7251996951017645e-06
37,20,Fwd IAT Total,0.0001423843059455976
37,21,Fwd IAT Mean,4.447219907888211e-05
37,22,Fwd IAT Std,2.2167389033711515e-05
37,23,Fwd IAT Max,3.9303486119024456e-05
37,24,Fwd IAT Min,7.152003945520846e-06
37,25,Bwd IAT Total,8.464980783173814e-05
37,26,Bwd IAT Mean,1.573743429617025e-05
37,27,Bwd IAT Std,2.5170352273562457e-06
37,28,Bwd IAT Max,5.3064373787492514e-05
37,29,Bwd IAT Min,1.7887703762653473e-08
37,30,Fwd PSH Flags,3.8059330108808354e-05
37,31,Bwd PSH Flags,0.0
37,32,Fwd URG Flags,0.0
37,33,Bwd URG Flags,0.0
37,34,Fwd Header Length,1.1692101509197528e-08
37,35,Bwd Header Length,1.4375135037880682e-07
37,36,Fwd Packets/s,1.7914351701620035e-05
37,37,Bwd Packets/s,6.524198852275731e-06
37,38,Min Packet Length,3.149049371131696e-05
37,39,Max Packet Length,0.00034605039400048554
37,40,Packet Length Mean,0.00022326434554997832
37,41,Packet Length Std,0.00042386315180920064
37,42,Packet Length Variance,0.0004063509695697576
37,43,FIN Flag Count,1.805093779694289e-05
37,44,SYN Flag Count,8.697905286680907e-05
37,45,RST Flag Count,3.0241625381677295e-07
37,46,PSH Flag Count,0.0001768596557667479
37,47,ACK Flag Count,9.612904250388965e-05
37,48,URG Flag Count,0.00017666628991719335
37,49,CWE Flag Count,0.0
37,50,ECE Flag Count,1.7126228613051353e-07
37,51,Down/Up Ratio,9.687684723758139e-06
37,52,Average Packet Size,0.0001858327741501853
37,53,Avg Fwd Segment Size,6.242012204893399e-07
37,54,Avg Bwd Segment Size,0.0007436570012941957
37,55,Fwd Header Length.1,1.2605757149231067e-07
37,56,Fwd Avg Bytes/Bulk,0.0
37,57,Fwd Avg Packets/Bulk,0.0
37,58,Fwd Avg Bulk Rate,0.0
37,59,Bwd Avg Bytes/Bulk,0.0
37,60,Bwd Avg Packets/Bulk,0.0
37,61,Bwd Avg Bulk Rate,0.0
37,62,Subflow Fwd Packets,1.4127886061032768e-07
37,63,Subflow Fwd Bytes,1.036861689840407e-07
37,64,Subflow Bwd Packets,1.383645269470435e-07
37,65,Subflow Bwd Bytes,4.2340456474221355e-08
37,66,Init_Win_bytes_forward,1.2193314432806801e-05
37,67,Init_Win_bytes_backward,1.963245085789822e-05
37,68,act_data_pkt_fwd,6.578195410611443e-08
37,69,min_seg_size_forward,6.110302486206365e-09
37,70,Active Mean,1.184936991194263e-06
37,71,Active Std,4.3312206798873376e-07
37,72,Active Max,7.505127086915309e-06
37,73,Active Min,7.69267671785201e-08
37,74,Idle Mean,1.3446321645460557e-05
37,75,Idle Std,7.50045455788495e-06
37,76,Idle Max,1.4190114598022774e-05
37,77,Idle Min,5.630385203403421e-05
38,0,Destination Port,8.995520329335704e-05
38,1,Flow Duration,0.00011737398017430678
38,2,Total Fwd Packets,2.260946274645903e-07
38,3,Total Backward Packets,1.8659409306565067e-07
38,4,Total Length of Fwd Packets,2.889618713197706e-07
38,5,Total Length of Bwd Packets,1.1756349493907692e-07
38,6,Fwd Packet Length Max,7.995010491868015e-06
38,7,Fwd Packet Length Min,6.21676326773013e-06
38,8,Fwd Packet Length Mean,1.8210475900559686e-05
38,9,Fwd Packet Length Std,2.2954218366066925e-06
38,10,Bwd Packet Length Max,3.804120933637023e-05
38,11,Bwd Packet Length Min,1.0957342055917252e-05
38,12,Bwd Packet Length Mean,0.0008174172253347933
38,13,Bwd Packet Length Std,0.0010922813089564443
38,14,Flow Bytes/s,8.668661166666425e-07
38,15,Flow Packets/s,1.6193404007935897e-05
38,16,Flow IAT Mean,2.5304785594926216e-05
38,17,Flow IAT Std,1.5182374681899091e-06
38,18,Flow IAT Max,4.076410914422013e-05
38,19,Flow IAT Min,1.8091129732056288e-06
38,20,Fwd IAT Total,0.0001394441642332822
38,21,Fwd IAT Mean,4.455302769201808e-05
38,22,Fwd IAT Std,2.2070553313824348e-05
38,23,Fwd IAT Max,3.660212678369135e-05
38,24,Fwd IAT Min,7.523846306867199e-06
38,25,Bwd IAT Total,8.930369949666783e-05
38,26,Bwd IAT Mean,1.5979490854078904e-05
38,27,Bwd IAT Std,3.088020548602799e-06
38,28,Bwd IAT Max,5.2717485232278705e-05
38,29,Bwd IAT Min,5.39454276804463e-07
38,30,Fwd PSH Flags,3.743805791600607e-05
38,31,Bwd PSH Flags,0.0
38,32,Fwd URG Flags,0.0
38,33,Bwd URG Flags,0.0
38,34,Fwd Header Length,1.1690191925595173e-08
38,35,Bwd Header Length,1.3816423916068743e-07
38,36,Fwd Packets/s,1.917600275191944e-05
38,37,Bwd Packets/s,6.463170393544715e-06
38,38,Min Packet Length,3.139018008369021e-05
38,39,Max Packet Length,0.00034338104887865484
38,40,Packet Length Mean,0.000218062981730327
38,41,Packet Length Std,0.0004180316755082458
38,42,Packet Length Variance,0.00040903189801611006
38,43,FIN Flag Count,1.9010274627362378e-05
38,44,SYN Flag Count,8.852372411638498e-05
38,45,RST Flag Count,2.8304643251431116e-07
38,46,PSH Flag Count,0.00016136672638822347
38,47,ACK Flag Count,9.606758248992264e-05
38,48,URG Flag Count,0.0001838368916651234
38,49,CWE Flag Count,0.0
38,50,ECE Flag Count,1.5574565281895048e-07
38,51,Down/Up Ratio,1.001066357275704e-05
38,52,Average Packet Size,0.00017205423500854522
38,53,Avg Fwd Segment Size,6.94450534410862e-07
38,54,Avg Bwd Segment Size,0.0007677999092265964
38,55,Fwd Header Length.1,1.314255086981575e-07
38,56,Fwd Avg Bytes/Bulk,0.0
38,57,Fwd Avg Packets/Bulk,0.0
38,58,Fwd Avg Bulk Rate,0.0
38,59,Bwd Avg Bytes/Bulk,0.0
38,60,Bwd Avg Packets/Bulk,0.0
38,61,Bwd Avg Bulk Rate,0.0
38,62,Subflow Fwd Packets,1.8505006948998926e-07
38,63,Subflow Fwd Bytes,9.37143553869646e-08
38,64,Subflow Bwd Packets,1.9592046385241702e-07
38,65,Subflow Bwd Bytes,9.162085490288518e-08
38,66,Init_Win_bytes_forward,1.2690788935287856e-05
38,67,Init_Win_bytes_backward,1.9139330106554553e-05
38,68,act_data_pkt_fwd,9.402747735975936e-08
38,69,min_seg_size_forward,2.4796479106137248e-11
38,70,Active Mean,1.143467557085387e-06
38,71,Active Std,4.268756867986667e-07
38,72,Active Max,7.417622327920981e-06
38,73,Active Min,1.0256474780589997e-07
38,74,Idle Mean,1.435589092579903e-05
38,75,Idle Std,7.812776857463177e-06
38,76,Idle Max,1.4525853657687549e-05
38,77,Idle Min,5.511962444870733e-05
39,0,Destination Port,8.730597619432956e-05
39,1,Flow Duration,0.00011957619426539168
39,2,Total Fwd Packets,2.5963430516640074e-07
39,3,Total Backward Packets,2.1764067525964492e-07
39,4,Total Length of Fwd Packets,2.708779902604874e-07
39,5,Total Length of Bwd Packets,1.7632210358442535e-07
39,6,Fwd Packet Length Max,7.700641617702786e-06
39,7,Fwd Packet Length Min,6.366362413245952e-06
39,8,Fwd Packet Length Mean,1.8555461792857386e-05
39,9,Fwd Packet Length Std,2.4143535028997576e-06
39,10,Bwd Packet Length Max,1.8397644453216344e-05
39,11,Bwd Packet Length Min,1.2181265446997713e-05
39,12,Bwd Packet Length Mean,0.0008131287759169936
39,13,Bwd Packet Length Std,0.0014737618621438742
39,14,Flow Bytes/s,9.534545597489341e-07
39,15,Flow Packets/s,1.5585428627673537e-05
39,16,Flow IAT Mean,2.5527355319354683e-05
39,17,Flow IAT Std,4.5812402760248006e-08
39,18,Flow IAT Max,4.2998086428269744e-05
39,19,Flow IAT Min,1.6530071889064857e-06
39,20,Fwd IAT Total,0.0001322551106568426
39,21,Fwd IAT Mean,4.406817242852412e-05
39,22,Fwd IAT Std,2.2486694433609955e-05
39,23,Fwd IAT Max,3.598733019316569e-05
39,24,Fwd IAT Min,6.865139312139945e-06
39,25,Bwd IAT Total,8.897118095774204e-05
39,26,Bwd IAT Mean,1.554203117848374e-05
39,27,Bwd IAT Std,3.2059849672805285e-06
39,28,Bwd IAT Max,5.6287466577487066e-05
39,29,Bwd IAT Min,1.0351020591770066e-06
39,30,Fwd PSH Flags,3.7556292227236554e-05
39,31,Bwd PSH Flags,0.0
39,32,Fwd URG Flags,0.0
39,33,Bwd URG Flags,0.0
39,34,Fwd Header Length,1.3341145965739543e-08
39,35,Bwd Header Length,1.5019811883121292e-07
39,36,Fwd Packets/s,1.870647793111857e-05
39,37,Bwd Packets/s,6.267941444093594e-06
39,38,Min Packet Length,3.1468971428694203e-05
39,39,Max Packet Length,0.0005030547617934644
39,40,Packet Length Mean,0.00022003380581736565
39,41,Packet Length Std,0.0005606859340332448
39,42,Packet Length Variance,0.0006971420953050256
39,43,FIN Flag Count,1.8303424440091476e-05
39,44,SYN Flag Count,8.774854359216988e-05
39,45,RST Flag Count,2.5225909894288634e-07
39,46,PSH Flag Count,9.369402687298134e-05
39,47,ACK Flag Count,0.00011037789226975292
39,48,URG Flag Count,0.00017945372383110225
39,49,CWE Flag Count,0.0
39,50,ECE Flag Count,1.0414036211159328e-07
39,51,Down/Up Ratio,1.0460096746101044e-05
39,52,Average Packet Size,0.0001593533525010571
39,53,Avg Fwd Segment Size,4.545868250716012e-07
39,54,Avg Bwd Segment Size,0.0007545250118710101
39,55,Fwd Header Length.1,1.322159874916906e-07
39,56,Fwd Avg Bytes/Bulk,0.0
39,57,Fwd Avg Packets/Bulk,0.0
39,58,Fwd Avg Bulk Rate,0.0
39,59,Bwd Avg Bytes/Bulk,0.0
39,60,Bwd Avg Packets/Bulk,0.0
39,61,Bwd Avg Bulk Rate,0.0
39,62,Subflow Fwd Packets,2.084221932818764e-07
39,63,Subflow Fwd Bytes,7.895705778082629e-08
39,64,Subflow Bwd Packets,2.3078109734342434e-07
39,65,Subflow Bwd Bytes,1.37003084432763e-07
39,66,Init_Win_bytes_forward,1.1852205716422759e-05
39,67,Init_Win_bytes_backward,1.9389010049053468e-05
39,68,act_data_pkt_fwd,7.64038006195733e-08
39,69,min_seg_size_forward,2.320048840542821e-11
39,70,Active Mean,1.1376024531273288e-06
39,71,Active Std,4.1302382669528015e-07
39,72,Active Max,7.249552709254203e-06
39,73,Active Min,1.062626679981804e-07
39,74,Idle Mean,1.333695854555117e-05
39,75,Idle Std,7.637821909156628e-06
39,76,Idle Max,1.5008366062829737e-05
39,77,Idle Min,5.362265437725e-05
40,0,Destination Port,8.623168832855299e-05
40,1,Flow Duration,0.0001252356159966439
40,2,Total Fwd Packets,2.4750022475927835e-07
40,3,Total Backward Packets,2.0965252645055443e-07
40,4,Total Length of Fwd Packets,2.557490574872645e-07
40,5,Total Length of Bwd Packets,1.4836902550996456e-07
40,6,Fwd Packet Length Max,7.3311525738972705e-06
40,7,Fwd Packet Length Min,6.509867944259895e-06
40,8,Fwd Packet Length Mean,1.8091344827553257e-05
40,9,Fwd Packet Length Std,2.0924378532072296e-06
40,10,Bwd Packet Length Max,3.4620312362676486e-05
40,11,Bwd Packet Length Min,1.26885543068056e-05
40,12,Bwd Packet Length Mean,0.0007999208755791187
40,13,Bwd Packet Length Std,0.0014122393913567066
40,14,Flow Bytes/s,8.244332434514945e-07
40,15,Flow Packets/s,1.5221216017380357e-05
40,16,Flow IAT Mean,2.5373947210027836e-05
40,17,Flow IAT Std,4.0317718230653554e-07
40,18,Flow IAT Max,4.179982715868391e-05
40,19,Flow IAT Min,1.6936393194555421e-06
40,20,Fwd IAT Total,0.0001374252897221595
40,21,Fwd IAT Mean,4.527693090494722e-05
40,22,Fwd IAT Std,2.2512955183628947e-05
40,23,Fwd IAT Max,3.652288069133647e-05
40,24,Fwd IAT Min,6.819979262218112e-06
40,25,Bwd IAT Total,8.528900798410177e-05
40,26,Bwd IAT Mean,1.5296638594008982e-05
40,27,Bwd IAT Std,2.460218183841789e-06
40,28,Bwd IAT Max,5.4816810006741434e-05
40,29,Bwd IAT Min,8.205043400266732e-08
40,30,Fwd PSH Flags,3.6435983929550275e-05
40,31,Bwd PSH Flags,0.0
40,32,Fwd URG Flags,0.0
40,33,Bwd URG Flags,0.0
40,34,Fwd Header Length,1.6221431309304535e-08
40,35,Bwd Header Length,1.548620929270328e-07
40,36,Fwd Packets/s,1.860728661995381e-05
40,37,Bwd Packets/s,6.947980182303581e-06
40,38,Min Packet Length,3.101399488514289e-05
40,39,Max Packet Length,0.0005093268700875342
40,40,Packet Length Mean,0.00023681244056206197
40,41,Packet Length Std,0.0005557220429182053
40,42,Packet Length Variance,0.000671351735945791
40,43,FIN Flag Count,1.6848067389219068e-05
40,44,SYN Flag Count,8.166134648490697e-05
40,45,RST Flag Count,2.764898567875207e-07
40,46,PSH Flag Count,5.8547972002997994e-05
40,47,ACK Flag Count,0.00012554292334243655
40,48,URG Flag Count,0.00019287696341052651
40,49,CWE Flag Count,0.0
40,50,ECE Flag Count,1.301067840131509e-07
40,51,Down/Up Ratio,1.0529351129662246e-05
40,52,Average Packet Size,0.00016800548473838717
40,53,Avg Fwd Segment Size,4.79090601857024e-07
40,54,Avg Bwd Segment Size,0.0007072725566104054
40,55,Fwd Header Length.1,1.2565257634378213e-07
40,56,Fwd Avg Bytes/Bulk,0.0
40,57,Fwd Avg Packets/Bulk,0.0
40,58,Fwd Avg Bulk Rate,0.0
40,59,Bwd Avg Bytes/Bulk,0.0
40,60,Bwd Avg Packets/Bulk,0.0
40,61,Bwd Avg Bulk Rate,0.0
40,62,Subflow Fwd Packets,2.0122270427691547e-07
40,63,Subflow Fwd Bytes,7.963252102172191e-08
40,64,Subflow Bwd Packets,2.2565232882243436e-07
40,65,Subflow Bwd Bytes,1.1491072626768073e-07
40,66,Init_Win_bytes_forward,1.2483319551392924e-05
40,67,Init_Win_bytes_backward,1.824558239604812e-05
40,68,act_data_pkt_fwd,6.290046883350442e-08
40,69,min_seg_size_forward,5.486916254682228e-09
40,70,Active Mean,1.229030772265105e-06
40,71,Active Std,4.240647228925809e-07
40,72,Active Max,7.581944373669103e-06
40,73,Active Min,6.712149058785144e-08
40,74,Idle Mean,1.3827034308633301e-05
40,75,Idle Std,7.07447770764702e-06
40,76,Idle Max,1.5715511835878715e-05
40,77,Idle Min,5.373148451326415e-05
41,0,Destination Port,9.134715219261125e-05
41,1,Flow Duration,0.00011751757119782269
41,2,Total Fwd Packets,1.9553958452434017e-07
41,3,Total Backward Packets,1.5803630049049389e-07
41,4,Total Length of Fwd Packets,2.721758391999174e-07
41,5,Total Length of Bwd Packets,8.892154568229671e-08
41,6,Fwd Packet Length Max,8.218514267355204e-06
41,7,Fwd Packet Length Min,6.359635335684288e-06
41,8,Fwd Packet Length Mean,1.72920263139531e-05
41,9,Fwd Packet Length Std,2.018266286540893e-06
41,10,Bwd Packet Length Max,2.517409302527085e-05
41,11,Bwd Packet Length Min,1.1155504580528941e-05
41,12,Bwd Packet Length Mean,0.0008198155555874109
41,13,Bwd Packet Length Std,0.0010691407369449735
41,14,Flow Bytes/s,8.296066198454355e-07
41,15,Flow Packets/s,1.5588737369398586e-05
41,16,Flow IAT Mean,2.417986252112314e-05
41,17,Flow IAT Std,3.96929976886895e-07
41,18,Flow IAT Max,3.817000106209889e-05
41,19,Flow IAT Min,1.679317051639373e-06
41,20,Fwd IAT Total,0.00014130592171568424
41,21,Fwd IAT Mean,4.3581843783613294e-05
41,22,Fwd IAT Std,2.2337228074320592e-05
41,23,Fwd IAT Max,4.034806624986231e-05
41,24,Fwd IAT Min,6.066300556994975e-06
41,25,Bwd IAT Total,9.037905692821369e-05
41,26,Bwd IAT Mean,1.3891206435800996e-05
41,27,Bwd IAT Std,2.483075377313071e-06
41,28,Bwd IAT Max,5.242772022029385e-05
41,29,Bwd IAT Min,1.1669202848452187e-07
41,30,Fwd PSH Flags,4.0210590668721125e-05
41,31,Bwd PSH Flags,0.0
41,32,Fwd URG Flags,0.0
41,33,Bwd URG Flags,0.0
41,34,Fwd Header Length,1.2961667295030566e-08
41,35,Bwd Header Length,1.507379465692793e-07
41,36,Fwd Packets/s,1.8778408048092388e-05
41,37,Bwd Packets/s,6.418214070436079e-06
41,38,Min Packet Length,3.029594518011436e-05
41,39,Max Packet Length,0.0003639624919742346
41,40,Packet Length Mean,0.000245944393100217
41,41,Packet Length Std,0.00040864298352971673
41,42,Packet Length Variance,0.0004092804156243801
41,43,FIN Flag Count,1.4726359950145707e-05
41,44,SYN Flag Count,8.17956097307615e-05
41,45,RST Flag Count,1.8176314142692718e-07
41,46,PSH Flag Count,0.00020130998746026307
41,47,ACK Flag Count,0.00011098573304479942
41,48,URG Flag Count,0.00019156427879352123
41,49,CWE Flag Count,0.0
41,50,ECE Flag Count,9.867227390714106e-08
41,51,Down/Up Ratio,9.188011972582899e-06
41,52,Average Packet Size,0.00019025277288164943
41,53,Avg Fwd Segment Size,9.00653333246737e-07
41,54,Avg Bwd Segment Size,0.000753469648770988
41,55,Fwd Header Length.1,1.318375666414795e-07
41,56,Fwd Avg Bytes/Bulk,0.0
41,57,Fwd Avg Packets/Bulk,0.0
41,58,Fwd Avg Bulk Rate,0.0
41,59,Bwd Avg Bytes/Bulk,0.0
41,60,Bwd Avg Packets/Bulk,0.0
41,61,Bwd Avg Bulk Rate,0.0
41,62,Subflow Fwd Packets,1.636696254081471e-07
41,63,Subflow Fwd Bytes,8.7724004060874e-08
41,64,Subflow Bwd Packets,1.6761229915118747e-07
41,65,Subflow Bwd Bytes,6.958945419910378e-08
41,66,Init_Win_bytes_forward,1.1880898455274291e-05
41,67,Init_Win_bytes_backward,1.4460179045272525e-05
41,68,act_data_pkt_fwd,2.506594576345833e-08
41,69,min_seg_size_forward,2.249843540635954e-11
41,70,Active Mean,1.1263092574154143e-06
41,71,Active Std,4.4408278654373134e-07
41,72,Active Max,7.418215773213888e-06
41,73,Active Min,8.553744379469208e-08
41,74,Idle Mean,1.3231147022452205e-05
41,75,Idle Std,7.0855103331268765e-06
41,76,Idle Max,1.494757816544734e-05
41,77,Idle Min,5.077155219623819e-05
42,0,Destination Port,9.523421613266692e-05
42,1,Flow Duration,0.00013340204895939678
42,2,Total Fwd Packets,1.695986924232784e-07
42,3,Total Backward Packets,1.210953826102923e-07
42,4,Total Length of Fwd Packets,2.8871056656498695e-07
42,5,Total Length of Bwd Packets,4.8687990528151204e-08
42,6,Fwd Packet Length Max,9.02870851859916e-06
42,7,Fwd Packet Length Min,5.185245754546486e-06
42,8,Fwd Packet Length Mean,1.7050069800461642e-05
42,9,Fwd Packet Length Std,1.83516067409073e-06
42,10,Bwd Packet Length Max,3.7141129723750055e-05
42,11,Bwd Packet Length Min,7.830230970284902e-06
42,12,Bwd Packet Length Mean,0.0008301559719257057
42,13,Bwd Packet Length Std,0.000987850595265627
42,14,Flow Bytes/s,8.215765205932257e-07
42,15,Flow Packets/s,1.6712991055101156e-05
42,16,Flow IAT Mean,2.563596899562981e-05
42,17,Flow IAT Std,1.0306771400792059e-06
42,18,Flow IAT Max,2.8496244340203702e-05
42,19,Flow IAT Min,1.7334143649350153e-06
42,20,Fwd IAT Total,0.0001440147025277838
42,21,Fwd IAT Mean,4.829721001442522e-05
42,22,Fwd IAT Std,2.1426219973363914e-05
42,23,Fwd IAT Max,3.827431646641344e-05
42,24,Fwd IAT Min,7.708432349318173e-06
42,25,Bwd IAT Total,9.068356303032488e-05
42,26,Bwd IAT Mean,1.6078369299066253e-05
42,27,Bwd IAT Std,1.0436990578455152e-06
42,28,Bwd IAT Max,4.883613655692898e-05
42,29,Bwd IAT Min,1.9056402607020573e-06
42,30,Fwd PSH Flags,4.1778395825531334e-05
42,31,Bwd PSH Flags,0.0
42,32,Fwd URG Flags,0.0
42,33,Bwd URG Flags,0.0
42,34,Fwd Header Length,1.4797048031311988e-08
42,35,Bwd Header Length,1.1368113206344788e-07
42,36,Fwd Packets/s,2.1602993001579307e-05
42,37,Bwd Packets/s,6.094381660659565e-06
42,38,Min Packet Length,2.9747745429631323e-05
42,39,Max Packet Length,0.0003398482804186642
42,40,Packet Length Mean,0.00018520849698688835
42,41,Packet Length Std,0.00043410732178017497
42,42,Packet Length Variance,0.00041385559597983956
42,43,FIN Flag Count,1.995447564695496e-05
42,44,SYN Flag Count,7.91516577010043e-05
42,45,RST Flag Count,2.4051630020949233e-07
42,46,PSH Flag Count,0.00024269946152344346
42,47,ACK Flag Count,9.411665087100118e-05
42,48,URG Flag Count,0.00017491319158580154
42,49,CWE Flag Count,0.0
42,50,ECE Flag Count,1.278699812701234e-07
42,51,Down/Up Ratio,8.539320333511569e-06
42,52,Average Packet Size,0.00016146904090419412
42,53,Avg Fwd Segment Size,8.787546335042862e-07
42,54,Avg Bwd Segment Size,0.0006956043653190136
42,55,Fwd Header Length.1,1.2015253503250278e-07
42,56,Fwd Avg Bytes/Bulk,0.0
42,57,Fwd Avg Packets/Bulk,0.0
42,58,Fwd Avg Bulk Rate,0.0
42,59,Bwd Avg Bytes/Bulk,0.0
42,60,Bwd Avg Packets/Bulk,0.0
42,61,Bwd Avg Bulk Rate,0.0
42,62,Subflow Fwd Packets,1.3491967365553137e-07
42,63,Subflow Fwd Bytes,9.990481686372732e-08
42,64,Subflow Bwd Packets,1.2830135176500335e-07
42,65,Subflow Bwd Bytes,3.924391123177884e-08
42,66,Init_Win_bytes_forward,8.186731975001749e-06
42,67,Init_Win_bytes_backward,2.4903500161599368e-05
42,68,act_data_pkt_fwd,5.976043837563338e-08
42,69,min_seg_size_forward,1.8845659408017745e-11
42,70,Active Mean,1.0780839829749311e-06
42,71,Active Std,4.013923273760156e-07
42,72,Active Max,6.98822850608849e-06
42,73,Active Min,5.892554710840159e-08
42,74,Idle Mean,1.661729947954882e-05
42,75,Idle Std,6.904479960212484e-06
42,76,Idle Max,1.9974075257778168e-05
42,77,Idle Min,5.823429819429293e-05
43,0,Destination Port,0.00014061282854527235
43,1,Flow Duration,0.0001585569989401847
43,2,Total Fwd Packets,1.0155797980360148e-07
43,3,Total Backward Packets,6.671715624406716e-08
43,4,Total Length of Fwd Packets,1.7919981587510847e-07
43,5,Total Length of Bwd Packets,3.151301442017029e-08
43,6,Fwd Packet Length Max,4.20075321017066e-06
43,7,Fwd Packet Length Min,5.2448981477937195e-06
43,8,Fwd Packet Length Mean,9.850838978309184e-06
43,9,Fwd Packet Length Std,1.1127760899398709e-06
43,10,Bwd Packet Length Max,4.5713451982010156e-05
43,11,Bwd Packet Length Min,4.693127266364172e-06
43,12,Bwd Packet Length Mean,0.0006090958486311138
43,13,Bwd Packet Length Std,0.0011681955074891448
43,14,Flow Bytes/s,8.067617045526276e-07
43,15,Flow Packets/s,1.6419964595115744e-05
43,16,Flow IAT Mean,2.401520214334596e-05
43,17,Flow IAT Std,7.565472515125293e-06
43,18,Flow IAT Max,1.4585587450710591e-05
43,19,Flow IAT Min,1.4613084431402967e-06
43,20,Fwd IAT Total,0.00012270578008610755
43,21,Fwd IAT Mean,4.41927659267094e-05
43,22,Fwd IAT Std,2.649728412507102e-05
43,23,Fwd IAT Max,1.643249015614856e-05
43,24,Fwd IAT Min,9.978803063859232e-06
43,25,Bwd IAT Total,6.109997775638476e-05
43,26,Bwd IAT Mean,1.0881088201131206e-05
43,27,Bwd IAT Std,4.303787591197761e-06
43,28,Bwd IAT Max,4.7386896767420694e-05
43,29,Bwd IAT Min,3.882290911860764e-06
43,30,Fwd PSH Flags,3.7865893318667077e-06
43,31,Bwd PSH Flags,0.0
43,32,Fwd URG Flags,0.0
43,33,Bwd URG Flags,0.0
43,34,Fwd Header Length,7.451543382330783e-08
43,35,Bwd Header Length,1.9726471123249212e-07
43,36,Fwd Packets/s,2.9166714739403687e-05
43,37,Bwd Packets/s,7.295796422113199e-06
43,38,Min Packet Length,3.264757833676413e-05
43,39,Max Packet Length,0.00043320111581124365
43,40,Packet Length Mean,0.00035584019497036934
43,41,Packet Length Std,0.0005102402064949274
43,42,Packet Length Variance,0.0011934905778616667
43,43,FIN Flag Count,1.768392939993646e-05
43,44,SYN Flag Count,5.991120997350663e-05
43,45,RST Flag Count,2.815182540416572e-07
43,46,PSH Flag Count,0.00020692439284175634
43,47,ACK Flag Count,0.00021229626145213842
43,48,URG Flag Count,0.00022446236107498407
43,49,CWE Flag Count,0.0
43,50,ECE Flag Count,4.187546309708523e-09
43,51,Down/Up Ratio,1.173283817479387e-05
43,52,Average Packet Size,7.595891656819731e-05
43,53,Avg Fwd Segment Size,1.9515377971401904e-06
43,54,Avg Bwd Segment Size,0.0007030371925793588
43,55,Fwd Header Length.1,2.3735720944273453e-08
43,56,Fwd Avg Bytes/Bulk,0.0
43,57,Fwd Avg Packets/Bulk,0.0
43,58,Fwd Avg Bulk Rate,0.0
43,59,Bwd Avg Bytes/Bulk,0.0
43,60,Bwd Avg Packets/Bulk,0.0
43,61,Bwd Avg Bulk Rate,0.0
43,62,Subflow Fwd Packets,7.0782654404411e-08
43,63,Subflow Fwd Bytes,9.709595616413935e-08
43,64,Subflow Bwd Packets,7.422862324801827e-08
43,65,Subflow Bwd Bytes,2.2948421829482868e-08
43,66,Init_Win_bytes_forward,1.1900774552486837e-05
43,67,Init_Win_bytes_backward,2.067715468001552e-05
43,68,act_data_pkt_fwd,2.1565217167562878e-08
43,69,min_seg_size_forward,2.0114854226704892e-11
43,70,Active Mean,8.009742487047333e-07
43,71,Active Std,2.5072134235415433e-07
43,72,Active Max,7.519603059336077e-06
43,73,Active Min,1.0568914632358428e-07
43,74,Idle Mean,2.2424761482398026e-05
43,75,Idle Std,5.749044248659629e-06
43,76,Idle Max,4.1106503090304614e-07
43,77,Idle Min,4.0151186112780124e-05
44,0,Destination Port,5.067554593551904e-05
44,1,Flow Duration,7.182984700193629e-05
44,2,Total Fwd Packets,2.1221836732365773e-07
44,3,Total Backward Packets,1.5205684178454248e-07
44,4,Total Length of Fwd Packets,1.7753453107616224e-07
44,5,Total Length of Bwd Packets,1.0568047770220801e-07
44,6,Fwd Packet Length Max,6.590065822820179e-06
44,7,Fwd Packet Length Min,3.8654989111819305e-06
44,8,Fwd Packet Length Mean,1.7276141079491936e-05
44,9,Fwd Packet Length Std,1.041087557496212e-06
44,10,Bwd Packet Length Max,0.00010481219942448661
44,11,Bwd Packet Length Min,1.4820061551290564e-05
44,12,Bwd Packet Length Mean,0.0004759945732075721
44,13,Bwd Packet Length Std,0.0005465672584250569
44,14,Flow Bytes/s,1.0047438081528526e-06
44,15,Flow Packets/s,1.6412686818512157e-05
44,16,Flow IAT Mean,2.020012470893562e-05
44,17,Flow IAT Std,1.8611453924677335e-06
44,18,Flow IAT Max,3.504637334117433e-06
44,19,Flow IAT Min,1.9374392650206573e-06
44,20,Fwd IAT Total,9.590891568223014e-05
44,21,Fwd IAT Mean,4.212089334032498e-05
44,22,Fwd IAT Std,1.9526705727912486e-05
44,23,Fwd IAT Max,5.149671414983459e-05
44,24,Fwd IAT Min,4.244649062457029e-06
44,25,Bwd IAT Total,7.034267764538527e-05
44,26,Bwd IAT Mean,5.898700692341663e-06
44,27,Bwd IAT Std,8.837442692311015e-06
44,28,Bwd IAT Max,3.872636443702504e-05
44,29,Bwd IAT Min,1.6747743529776926e-06
44,30,Fwd PSH Flags,1.2272701496840455e-05
44,31,Bwd PSH Flags,0.0
44,32,Fwd URG Flags,0.0
44,33,Bwd URG Flags,0.0
44,34,Fwd Header Length,6.059454449314217e-08
44,35,Bwd Header Length,9.943317991201184e-08
44,36,Fwd Packets/s,1.6510082787135616e-05
44,37,Bwd Packets/s,4.747126240545185e-06
44,38,Min Packet Length,2.7486368708196096e-05
44,39,Max Packet Length,0.0002027553564403206
44,40,Packet Length Mean,5.967719334876165e-05
44,41,Packet Length Std,0.00018618337344378233
44,42,Packet Length Variance,0.00011397133494028822
44,43,FIN Flag Count,1.1217151950404514e-05
44,44,SYN Flag Count,7.550644659204409e-05
44,45,RST Flag Count,1.1939805233396328e-07
44,46,PSH Flag Count,0.0002926745219156146
44,47,ACK Flag Count,0.0003407228796277195
44,48,URG Flag Count,0.00017894586198963225
44,49,CWE Flag Count,0.0
44,50,ECE Flag Count,2.1696874341614603e-07
44,51,Down/Up Ratio,3.679946530610323e-05
44,52,Average Packet Size,0.00022059492766857147
44,53,Avg Fwd Segment Size,5.415947725850856e-07
44,54,Avg Bwd Segment Size,1.0892933460127097e-05
44,55,Fwd Header Length.1,4.5738033804809675e-08
44,56,Fwd Avg Bytes/Bulk,0.0
44,57,Fwd Avg Packets/Bulk,0.0
44,58,Fwd Avg Bulk Rate,0.0
44,59,Bwd Avg Bytes/Bulk,0.0
44,60,Bwd Avg Packets/Bulk,0.0
44,61,Bwd Avg Bulk Rate,0.0
44,62,Subflow Fwd Packets,1.3223105099768873e-07
44,63,Subflow Fwd Bytes,7.767416576598407e-08
44,64,Subflow Bwd Packets,1.6703063465683954e-07
44,65,Subflow Bwd Bytes,8.456582634153165e-08
44,66,Init_Win_bytes_forward,1.4544658370141406e-05
44,67,Init_Win_bytes_backward,4.056546003994299e-06
44,68,act_data_pkt_fwd,5.2998132105130935e-08
44,69,min_seg_size_forward,9.715743834459722e-12
44,70,Active Mean,6.63242872178671e-07
44,71,Active Std,3.2082633083518886e-07
44,72,Active Max,6.19165757598239e-06
44,73,Active Min,3.614943722141106e-08
44,74,Idle Mean,8.705884283699561e-06
44,75,Idle Std,5.717652129533235e-06
44,76,Idle Max,1.533805698272772e-05
44,77,Idle Min,4.580137465381995e-05
45,0,Destination Port,2.9188955522840843e-05
45,1,Flow Duration,8.216857168008573e-06
45,2,Total Fwd Packets,7.742812613287242e-08
45,3,Total Backward Packets,1.47449583209891e-07
45,4,Total Length of Fwd Packets,2.58955878962297e-07
45,5,Total Length of Bwd Packets,8.758422609389527e-08
45,6,Fwd Packet Length Max,1.6662368580000475e-05
45,7,Fwd Packet Length Min,2.7903972750209505e-06
45,8,Fwd Packet Length Mean,7.101793926267419e-06
45,9,Fwd Packet Length Std,1.130154214479262e-05
45,10,Bwd Packet Length Max,1.2124975000915583e-05
45,11,Bwd Packet Length Min,7.235123575810576e-06
45,12,Bwd Packet Length Mean,4.865529990638606e-05
45,13,Bwd Packet Length Std,1.4312385246739723e-05
45,14,Flow Bytes/s,1.448804141546134e-06
45,15,Flow Packets/s,1.2875561878900044e-05
45,16,Flow IAT Mean,6.20542123215273e-05
45,17,Flow IAT Std,4.968800931237638e-05
45,18,Flow IAT Max,2.3961234546732157e-05
45,19,Flow IAT Min,1.1014285519195255e-06
45,20,Fwd IAT Total,1.0525371862968314e-06
45,21,Fwd IAT Mean,4.450082633411512e-05
45,22,Fwd IAT Std,3.54173465666463e-07
45,23,Fwd IAT Max,3.927268699044362e-05
45,24,Fwd IAT Min,1.3765219591732603e-05
45,25,Bwd IAT Total,8.26656396384351e-05
45,26,Bwd IAT Mean,9.937108188751154e-06
45,27,Bwd IAT Std,3.291804887339822e-06
45,28,Bwd IAT Max,1.0358846338931471e-05
45,29,Bwd IAT Min,8.659193554194644e-06
45,30,Fwd PSH Flags,2.9680561056011356e-05
45,31,Bwd PSH Flags,0.0
45,32,Fwd URG Flags,0.0
45,33,Bwd URG Flags,0.0
45,34,Fwd Header Length,1.2910901681095766e-08
45,35,Bwd Header Length,3.649930420124292e-07
45,36,Fwd Packets/s,1.2980270184925757e-05
45,37,Bwd Packets/s,3.0033804705453804e-06
45,38,Min Packet Length,1.7660042431089096e-05
45,39,Max Packet Length,3.0776307539781556e-05
45,40,Packet Length Mean,1.1720152315319865e-06
45,41,Packet Length Std,6.289872544584796e-06
45,42,Packet Length Variance,6.701427992084064e-06
45,43,FIN Flag Count,1.9402245015953667e-05
45,44,SYN Flag Count,8.223258919315413e-05
45,45,RST Flag Count,3.8449940120699466e-07
45,46,PSH Flag Count,0.0004258954431861639
45,47,ACK Flag Count,0.0001229831832461059
45,48,URG Flag Count,1.972619429579936e-05
45,49,CWE Flag Count,0.0
45,50,ECE Flag Count,2.295290926213056e-07
45,51,Down/Up Ratio,1.1184951290488243e-05
45,52,Average Packet Size,3.8919621147215366e-05
45,53,Avg Fwd Segment Size,4.478549271880183e-06
45,54,Avg Bwd Segment Size,2.779429814836476e-05
45,55,Fwd Header Length.1,2.052569492150269e-08
45,56,Fwd Avg Bytes/Bulk,0.0
45,57,Fwd Avg Packets/Bulk,0.0
45,58,Fwd Avg Bulk Rate,0.0
45,59,Bwd Avg Bytes/Bulk,0.0
45,60,Bwd Avg Packets/Bulk,0.0
45,61,Bwd Avg Bulk Rate,0.0
45,62,Subflow Fwd Packets,6.398152407882662e-08
45,63,Subflow Fwd Bytes,1.8991521244515752e-07
45,64,Subflow Bwd Packets,1.3758283046172437e-07
45,65,Subflow Bwd Bytes,7.220903341931262e-08
45,66,Init_Win_bytes_forward,1.0685485904105008e-05
45,67,Init_Win_bytes_backward,2.3427497580996715e-05
45,68,act_data_pkt_fwd,3.2596261245743108e-09
45,69,min_seg_size_forward,5.603027375400416e-09
45,70,Active Mean,1.2068894648109563e-06
45,71,Active Std,7.00528062225203e-07
45,72,Active Max,3.90999548471882e-06
45,73,Active Min,3.582534020551975e-07
45,74,Idle Mean,8.933213393902406e-05
45,75,Idle Std,6.141632184153423e-06
45,76,Idle Max,4.049197286803974e-06
45,77,Idle Min,0.00014573734370060265
46,0,Destination Port,4.885922317043878e-05
46,1,Flow Duration,7.374973210971802e-05
46,2,Total Fwd Packets,2.2391530762888578e-07
46,3,Total Backward Packets,1.8847912031105807e-07
46,4,Total Length of Fwd Packets,1.4466989739503333e-07
46,5,Total Length of Bwd Packets,1.7645636773977458e-07
46,6,Fwd Packet Length Max,7.539778380305506e-06
46,7,Fwd Packet Length Min,1.1984528100583702e-05
46,8,Fwd Packet Length Mean,1.930527105287183e-05
46,9,Fwd Packet Length Std,2.156809159714612e-06
46,10,Bwd Packet Length Max,0.00023715234419796616
46,11,Bwd Packet Length Min,1.2577619600051548e-05
46,12,Bwd Packet Length Mean,0.0003303058329038322
46,13,Bwd Packet Length Std,0.0003038518188986927
46,14,Flow Bytes/s,1.2597844261108548e-06
46,15,Flow Packets/s,1.4954433936509304e-05
46,16,Flow IAT Mean,1.6820060409372672e-05
46,17,Flow IAT Std,7.698313311266247e-06
46,18,Flow IAT Max,2.361679435125552e-05
46,19,Flow IAT Min,1.6088796428448404e-06
46,20,Fwd IAT Total,6.313378253253177e-05
46,21,Fwd IAT Mean,3.248342181905173e-05
46,22,Fwd IAT Std,1.7595742974663153e-05
46,23,Fwd IAT Max,4.744607213069685e-05
46,24,Fwd IAT Min,4.8424517444800586e-06
46,25,Bwd IAT Total,5.262912964099087e-05
46,26,Bwd IAT Mean,1.6246804079855792e-05
46,27,Bwd IAT Std,1.5791952137078624e-06
46,28,Bwd IAT Max,4.9715385102899745e-05
46,29,Bwd IAT Min,3.1108154416870093e-06
46,30,Fwd PSH Flags,2.6108291422133334e-05
46,31,Bwd PSH Flags,0.0
46,32,Fwd URG Flags,0.0
46,33,Bwd URG Flags,0.0
46,34,Fwd Header Length,7.187701100974664e-08
46,35,Bwd Header Length,1.7896449833187944e-07
46,36,Fwd Packets/s,1.0361522981838789e-05
46,37,Bwd Packets/s,5.9453641370055266e-06
46,38,Min Packet Length,2.2201478714123368e-05
46,39,Max Packet Length,0.00022046345111448318
46,40,Packet Length Mean,0.00015890508075244725
46,41,Packet Length Std,7.480286149075255e-05
46,42,Packet Length Variance,9.604315710021183e-05
46,43,FIN Flag Count,4.392892151372507e-06
46,44,SYN Flag Count,8.968402107711881e-05
46,45,RST Flag Count,2.492148780675052e-07
46,46,PSH Flag Count,0.0002053144562523812
46,47,ACK Flag Count,0.0003168255789205432
46,48,URG Flag Count,0.0001471834402764216
46,49,CWE Flag Count,0.0
46,50,ECE Flag Count,6.329676125460537e-07
46,51,Down/Up Ratio,2.8431735699996352e-05
46,52,Average Packet Size,0.00025495715090073645
46,53,Avg Fwd Segment Size,6.055280664440943e-06
46,54,Avg Bwd Segment Size,9.77719173533842e-05
46,55,Fwd Header Length.1,6.460807355779252e-08
46,56,Fwd Avg Bytes/Bulk,0.0
46,57,Fwd Avg Packets/Bulk,0.0
46,58,Fwd Avg Bulk Rate,0.0
46,59,Bwd Avg Bytes/Bulk,0.0
46,60,Bwd Avg Packets/Bulk,0.0
46,61,Bwd Avg Bulk Rate,0.0
46,62,Subflow Fwd Packets,1.6214043796480837e-07
46,63,Subflow Fwd Bytes,6.052588474858567e-08
46,64,Subflow Bwd Packets,2.265525864686424e-07
46,65,Subflow Bwd Bytes,1.2102628943466698e-07
46,66,Init_Win_bytes_forward,1.5361629266408272e-05
46,67,Init_Win_bytes_backward,9.756940016814042e-06
46,68,act_data_pkt_fwd,5.720838913703119e-08
46,69,min_seg_size_forward,1.565402207859279e-08
46,70,Active Mean,6.079435479477979e-07
46,71,Active Std,2.252196829033437e-08
46,72,Active Max,6.263275736273499e-06
46,73,Active Min,6.338570557318235e-08
46,74,Idle Mean,2.8607257263502106e-05
46,75,Idle Std,4.224474650982302e-06
46,76,Idle Max,2.543281425460009e-06
46,77,Idle Min,4.114498005947098e-05
47,0,Destination Port,0.00010610040044412017
47,1,Flow Duration,1.182705454993993e-05
47,2,Total Fwd Packets,1.675252860877663e-07
47,3,Total Backward Packets,2.652680564096954e-07
47,4,Total Length of Fwd Packets,2.8072616942154127e-07
47,5,Total Length of Bwd Packets,2.0010539003578742e-07
47,6,Fwd Packet Length Max,1.6567542843404226e-05
47,7,Fwd Packet Length Min,5.809180493088206e-06
47,8,Fwd Packet Length Mean,5.492497621162329e-06
47,9,Fwd Packet Length Std,8.601248737249989e-06
47,10,Bwd Packet Length Max,4.0722775338508654e-06
47,11,Bwd Packet Length Min,2.5278922066718224e-07
47,12,Bwd Packet Length Mean,5.23642884218134e-05
47,13,Bwd Packet Length Std,9.47466105571948e-06
47,14,Flow Bytes/s,1.4178215224092128e-06
47,15,Flow Packets/s,1.915291250043083e-05
47,16,Flow IAT Mean,4.57646710856352e-05
47,17,Flow IAT Std,1.4576839930668939e-05
47,18,Flow IAT Max,3.3480355341453105e-05
47,19,Flow IAT Min,1.21267794384039e-06
47,20,Fwd IAT Total,2.780636350507848e-06
47,21,Fwd IAT Mean,2.138149102393072e-05
47,22,Fwd IAT Std,1.1284355423413217e-05
47,23,Fwd IAT Max,3.570233457139693e-05
47,24,Fwd IAT Min,1.983028960239608e-05
47,25,Bwd IAT Total,8.240942406700924e-05
47,26,Bwd IAT Mean,1.2422637155395932e-05
47,27,Bwd IAT Std,8.748668733460363e-06
47,28,Bwd IAT Max,2.3151898858486675e-05
47,29,Bwd IAT Min,8.459907803626265e-06
47,30,Fwd PSH Flags,1.3419279639492743e-05
47,31,Bwd PSH Flags,0.0
47,32,Fwd URG Flags,0.0
47,33,Bwd URG Flags,0.0
47,34,Fwd Header Length,1.6832045479642233e-10
47,35,Bwd Header Length,1.9389821659387962e-07
47,36,Fwd Packets/s,1.5457211702596396e-05
47,37,Bwd Packets/s,3.974212177126901e-06
47,38,Min Packet Length,1.1034892850148026e-05
47,39,Max Packet Length,5.99375607635011e-06
47,40,Packet Length Mean,2.4235453111032257e-06
47,41,Packet Length Std,1.1222384273423813e-05
47,42,Packet Length Variance,7.396844466711627e-06
47,43,FIN Flag Count,1.8600969269755296e-05
47,44,SYN Flag Count,8.462981350021437e-05
47,45,RST Flag Count,3.209582644103648e-07
47,46,PSH Flag Count,0.0003057746507693082
47,47,ACK Flag Count,0.00029154043295420706
47,48,URG Flag Count,4.582391557050869e-05
47,49,CWE Flag Count,0.0
47,50,ECE Flag Count,8.318431810039328e-08
47,51,Down/Up Ratio,1.166523634310579e-05
47,52,Average Packet Size,2.727876926655881e-05
47,53,Avg Fwd Segment Size,3.6942506653758755e-07
47,54,Avg Bwd Segment Size,3.703070979099721e-05
47,55,Fwd Header Length.1,7.145065428204589e-09
47,56,Fwd Avg Bytes/Bulk,0.0
47,57,Fwd Avg Packets/Bulk,0.0
47,58,Fwd Avg Bulk Rate,0.0
47,59,Bwd Avg Bytes/Bulk,0.0
47,60,Bwd Avg Packets/Bulk,0.0
47,61,Bwd Avg Bulk Rate,0.0
47,62,Subflow Fwd Packets,1.3219860761637392e-07
47,63,Subflow Fwd Bytes,2.0776498388386244e-07
47,64,Subflow Bwd Packets,2.377781385121125e-07
47,65,Subflow Bwd Bytes,1.6104269207062316e-07
47,66,Init_Win_bytes_forward,6.490586201834958e-06
47,67,Init_Win_bytes_backward,1.114606493501924e-05
47,68,act_data_pkt_fwd,3.816219784624764e-09
47,69,min_seg_size_forward,4.912943829538108e-09
47,70,Active Mean,8.78510491020279e-07
47,71,Active Std,7.774681876071554e-07
47,72,Active Max,4.242449449520791e-06
47,73,Active Min,3.5676609400070447e-07
47,74,Idle Mean,5.9248326579108834e-05
47,75,Idle Std,5.7604347603046335e-06
47,76,Idle Max,1.6130627045640722e-05
47,77,Idle Min,0.00015775889914948493
48,0,Destination Port,5.442167093860917e-05
48,1,Flow Duration,6.840685091447085e-05
48,2,Total Fwd Packets,1.7418241782252153e-07
48,3,Total Backward Packets,1.5051081447836623e-07
48,4,Total Length of Fwd Packets,1.8946569468880625e-07
48,5,Total Length of Bwd Packets,1.275386978250026e-07
48,6,Fwd Packet Length Max,6.0450047385529615e-06
48,7,Fwd Packet Length Min,1.3980673429614399e-05
48,8,Fwd Packet Length Mean,1.8760343664325774e-05
48,9,Fwd Packet Length Std,3.616776439230307e-06
48,10,Bwd Packet Length Max,0.00021364468557294458
48,11,Bwd Packet Length Min,8.468125997751486e-06
48,12,Bwd Packet Length Mean,0.00039953069062903523
48,13,Bwd Packet Length Std,0.0006858048145659268
48,14,Flow Bytes/s,1.2279439260964864e-06
48,15,Flow Packets/s,1.4440392988035455e-05
48,16,Flow IAT Mean,1.937610977620352e-05
48,17,Flow IAT Std,1.1601555343077052e-05
48,18,Flow IAT Max,2.8204090995131992e-05
48,19,Flow IAT Min,1.898394089039357e-06
48,20,Fwd IAT Total,8.543433068552986e-05
48,21,Fwd IAT Mean,3.6227273085387424e-05
48,22,Fwd IAT Std,2.3991580746951513e-05
48,23,Fwd IAT Max,3.6083903978578746e-05
48,24,Fwd IAT Min,5.374765351007227e-06
48,25,Bwd IAT Total,2.6326719307689928e-05
48,26,Bwd IAT Mean,1.597212212800514e-05
48,27,Bwd IAT Std,8.767129315856437e-07
48,28,Bwd IAT Max,5.500013139680959e-05
48,29,Bwd IAT Min,3.032780796274892e-06
48,30,Fwd PSH Flags,3.1294744985643774e-05
48,31,Bwd PSH Flags,0.0
48,32,Fwd URG Flags,0.0
48,33,Bwd URG Flags,0.0
48,34,Fwd Header Length,9.598738159866116e-08
48,35,Bwd Header Length,1.3016303057611367e-07
48,36,Fwd Packets/s,1.553697256895248e-05
48,37,Bwd Packets/s,8.005547897482757e-06
48,38,Min Packet Length,2.324836896150373e-05
48,39,Max Packet Length,0.0002476564550306648
48,40,Packet Length Mean,5.9882659115828574e-05
48,41,Packet Length Std,9.426940960111097e-05
48,42,Packet Length Variance,0.00035479379585012794
48,43,FIN Flag Count,1.4508220374409575e-05
48,44,SYN Flag Count,7.77476088842377e-05
48,45,RST Flag Count,4.142095804127166e-07
48,46,PSH Flag Count,0.0005193515680730343
48,47,ACK Flag Count,0.0003586527018342167
48,48,URG Flag Count,0.00019845666247420013
48,49,CWE Flag Count,0.0
48,50,ECE Flag Count,4.5282169480742596e-07
48,51,Down/Up Ratio,9.359297109767795e-06
48,52,Average Packet Size,0.0001479210623074323
48,53,Avg Fwd Segment Size,5.405516731116222e-06
48,54,Avg Bwd Segment Size,9.76155570242554e-05
48,55,Fwd Header Length.1,3.425298444881264e-08
48,56,Fwd Avg Bytes/Bulk,0.0
48,57,Fwd Avg Packets/Bulk,0.0
48,58,Fwd Avg Bulk Rate,0.0
48,59,Bwd Avg Bytes/Bulk,0.0
48,60,Bwd Avg Packets/Bulk,0.0
48,61,Bwd Avg Bulk Rate,0.0
48,62,Subflow Fwd Packets,1.2231973300913523e-07
48,63,Subflow Fwd Bytes,5.3446022718617314e-08
48,64,Subflow Bwd Packets,1.9808287277101044e-07
48,65,Subflow Bwd Bytes,8.749778857009005e-08
48,66,Init_Win_bytes_forward,1.5850580894039012e-05
48,67,Init_Win_bytes_backward,1.0447573004057631e-05
48,68,act_data_pkt_fwd,8.033638465576587e-08
48,69,min_seg_size_forward,1.8645664873195855e-11
48,70,Active Mean,7.110379556252155e-07
48,71,Active Std,7.010670799445506e-08
48,72,Active Max,6.474858309957199e-06
48,73,Active Min,3.3814412603305755e-08
48,74,Idle Mean,1.7662918253336102e-05
48,75,Idle Std,4.783801159646828e-06
48,76,Idle Max,7.412162631226238e-06
48,77,Idle Min,3.410411227378063e-05
49,0,Destination Port,8.204293408198282e-05
49,1,Flow Duration,1.1738129614968784e-05
49,2,Total Fwd Packets,2.561181986493466e-07
49,3,Total Backward Packets,3.6266774827709014e-07
49,4,Total Length of Fwd Packets,3.151366172460257e-07
49,5,Total Length of Bwd Packets,3.071073990668083e-07
49,6,Fwd Packet Length Max,1.70712337421719e-05
49,7,Fwd Packet Length Min,2.9381142212514533e-06
49,8,Fwd Packet Length Mean,5.319721367413877e-06
49,9,Fwd Packet Length Std,6.7023056544712745e-06
49,10,Bwd Packet Length Max,2.2628946680924855e-06
49,11,Bwd Packet Length Min,1.2830532796215266e-06
49,12,Bwd Packet Length Mean,3.744861896848306e-05
49,13,Bwd Packet Length Std,1.5532759789493866e-05
49,14,Flow Bytes/s,1.3756642829321208e-06
49,15,Flow Packets/s,1.2678839993895963e-05
49,16,Flow IAT Mean,4.4698797864839435e-05
49,17,Flow IAT Std,1.631201484997291e-05
49,18,Flow IAT Max,5.1816521590808406e-05
49,19,Flow IAT Min,1.1027602795365965e-06
49,20,Fwd IAT Total,5.8207751862937585e-06
49,21,Fwd IAT Mean,2.177948954340536e-05
49,22,Fwd IAT Std,5.262348167889286e-06
49,23,Fwd IAT Max,3.966216536355205e-05
49,24,Fwd IAT Min,1.834292743296828e-05
49,25,Bwd IAT Total,0.00011825292313005775
49,26,Bwd IAT Mean,8.978069672593847e-06
49,27,Bwd IAT Std,8.824026735965163e-06
49,28,Bwd IAT Max,1.3542614397010766e-05
49,29,Bwd IAT Min,8.916552360460628e-06
49,30,Fwd PSH Flags,1.7035850760294124e-05
49,31,Bwd PSH Flags,0.0
49,32,Fwd URG Flags,0.0
49,33,Bwd URG Flags,0.0
49,34,Fwd Header Length,1.8537916757210837e-09
49,35,Bwd Header Length,2.12685748124386e-07
49,36,Fwd Packets/s,1.305897967540659e-05
49,37,Bwd Packets/s,3.7246297779347515e-06
49,38,Min Packet Length,1.0583808943920303e-05
49,39,Max Packet Length,1.4325000847748015e-05
49,40,Packet Length Mean,7.771781383780763e-06
49,41,Packet Length Std,1.4754888297829893e-06
49,42,Packet Length Variance,8.637590326543432e-06
49,43,FIN Flag Count,9.625743587093893e-06
49,44,SYN Flag Count,7.913738954812288e-05
49,45,RST Flag Count,3.5339155601832317e-07
49,46,PSH Flag Count,0.0003869185457006097
49,47,ACK Flag Count,0.0005018965457566082
49,48,URG Flag Count,3.3266038371948525e-05
49,49,CWE Flag Count,0.0
49,50,ECE Flag Count,9.332797645811297e-08
49,51,Down/Up Ratio,1.4077927517064381e-05
49,52,Average Packet Size,3.330316030769609e-05
49,53,Avg Fwd Segment Size,3.517192226354382e-06
49,54,Avg Bwd Segment Size,3.1605006370227784e-05
49,55,Fwd Header Length.1,9.102575582176087e-09
49,56,Fwd Avg Bytes/Bulk,0.0
49,57,Fwd Avg Packets/Bulk,0.0
49,58,Fwd Avg Bulk Rate,0.0
49,59,Bwd Avg Bytes/Bulk,0.0
49,60,Bwd Avg Packets/Bulk,0.0
49,61,Bwd Avg Bulk Rate,0.0
49,62,Subflow Fwd Packets,2.0828612434797833e-07
49,63,Subflow Fwd Bytes,1.4648948365447723e-07
49,64,Subflow Bwd Packets,3.445010463565268e-07
49,65,Subflow Bwd Bytes,2.3844870611355873e-07
49,66,Init_Win_bytes_forward,1.0554979780863505e-05
49,67,Init_Win_bytes_backward,7.441916295647388e-06
49,68,act_data_pkt_fwd,1.543998422448567e-07
49,69,min_seg_size_forward,7.007203706166365e-10
49,70,Active Mean,8.176553478733695e-07
49,71,Active Std,8.544064371562854e-07
49,72,Active Max,3.930544153263327e-06
49,73,Active Min,4.7487375809396326e-07
49,74,Idle Mean,7.555225602118298e-05
49,75,Idle Std,5.082869392936118e-06
49,76,Idle Max,5.391046215663664e-06
49,77,Idle Min,0.00014575423847418278
50,0,Destination Port,2.862768087652512e-05
50,1,Flow Duration,5.9853660786757246e-05
50,2,Total Fwd Packets,1.3785425778678473e-07
50,3,Total Backward Packets,1.0056996302409971e-07
50,4,Total Length of Fwd Packets,1.7536039820242877e-07
50,5,Total Length of Bwd Packets,7.132775436957672e-08
50,6,Fwd Packet Length Max,8.796182555670384e-06
50,7,Fwd Packet Length Min,1.2410198905854486e-05
50,8,Fwd Packet Length Mean,1.8060854927171022e-05
50,9,Fwd Packet Length Std,6.390103408193681e-06
50,10,Bwd Packet Length Max,9.947318176273257e-05
50,11,Bwd Packet Length Min,8.046335096878465e-06
50,12,Bwd Packet Length Mean,0.0003130842815153301
50,13,Bwd Packet Length Std,0.00035134615609422326
50,14,Flow Bytes/s,1.147909529208846e-06
50,15,Flow Packets/s,9.909675100061577e-06
50,16,Flow IAT Mean,1.7571637727087364e-05
50,17,Flow IAT Std,3.2010157156037167e-06
50,18,Flow IAT Max,3.417985135456547e-05
50,19,Flow IAT Min,1.466909679948003e-06
50,20,Fwd IAT Total,0.00010709872003644705
50,21,Fwd IAT Mean,3.7771758798044175e-05
50,22,Fwd IAT Std,1.979642729565967e-05
50,23,Fwd IAT Max,2.818387292791158e-05
50,24,Fwd IAT Min,3.175197662130813e-06
50,25,Bwd IAT Total,4.442495264811441e-05
50,26,Bwd IAT Mean,1.763539512467105e-05
50,27,Bwd IAT Std,1.5006654621174675e-06
50,28,Bwd IAT Max,5.4221269238041714e-05
50,29,Bwd IAT Min,2.6237037218379555e-06
50,30,Fwd PSH Flags,2.0642881281673908e-05
50,31,Bwd PSH Flags,0.0
50,32,Fwd URG Flags,0.0
50,33,Bwd URG Flags,0.0
50,34,Fwd Header Length,7.85472096254125e-08
50,35,Bwd Header Length,2.0487577501171472e-07
50,36,Fwd Packets/s,7.824729436833877e-06
50,37,Bwd Packets/s,6.495861725852592e-06
50,38,Min Packet Length,2.712642162805423e-05
50,39,Max Packet Length,0.0003106815565843135
50,40,Packet Length Mean,0.000101317091321107
50,41,Packet Length Std,4.809693564311601e-05
50,42,Packet Length Variance,0.0001066830736817792
50,43,FIN Flag Count,1.2826814781874418e-05
50,44,SYN Flag Count,9.485019108979031e-05
50,45,RST Flag Count,3.042609648673533e-07
50,46,PSH Flag Count,0.0001358225999865681
50,47,ACK Flag Count,0.00026215697289444506
50,48,URG Flag Count,0.00014785135863348842
50,49,CWE Flag Count,0.0
50,50,ECE Flag Count,5.779087928203808e-07
50,51,Down/Up Ratio,3.0219172913348302e-05
50,52,Average Packet Size,0.0002915353106800467
50,53,Avg Fwd Segment Size,3.7304357647371944e-06
50,54,Avg Bwd Segment Size,3.393226506887004e-05
50,55,Fwd Header Length.1,2.9069726181774058e-08
50,56,Fwd Avg Bytes/Bulk,0.0
50,57,Fwd Avg Packets/Bulk,0.0
50,58,Fwd Avg Bulk Rate,0.0
50,59,Bwd Avg Bytes/Bulk,0.0
50,60,Bwd Avg Packets/Bulk,0.0
50,61,Bwd Avg Bulk Rate,0.0
50,62,Subflow Fwd Packets,9.867150652098644e-08
50,63,Subflow Fwd Bytes,3.2924812876089504e-10
50,64,Subflow Bwd Packets,1.2996508758078562e-07
50,65,Subflow Bwd Bytes,4.97314580627517e-08
50,66,Init_Win_bytes_forward,1.2786611478077248e-05
50,67,Init_Win_bytes_backward,1.96009932551533e-05
50,68,act_data_pkt_fwd,1.7869188795316404e-08
50,69,min_seg_size_forward,6.670668906139099e-09
50,70,Active Mean,7.582817147522292e-07
50,71,Active Std,1.6449669715257187e-07
50,72,Active Max,6.452376055676723e-06
50,73,Active Min,6.820904019377849e-08
50,74,Idle Mean,4.756081580126192e-06
50,75,Idle Std,4.500610430113738e-06
50,76,Idle Max,9.971130566555075e-06
50,77,Idle Min,3.998195461463183e-05
51,0,Destination Port,0.00010024657240137458
51,1,Flow Duration,1.4194253708410542e-05
51,2,Total Fwd Packets,1.2979032248949807e-07
51,3,Total Backward Packets,1.9920446447940776e-07
51,4,Total Length of Fwd Packets,2.796671765281644e-07
51,5,Total Length of Bwd Packets,1.648453036295905e-07
51,6,Fwd Packet Length Max,1.677773252595216e-05
51,7,Fwd Packet Length Min,5.5018595048750285e-06
51,8,Fwd Packet Length Mean,6.641104846494272e-06
51,9,Fwd Packet Length Std,6.9736661316710524e-06
51,10,Bwd Packet Length Max,4.77695402878453e-06
51,11,Bwd Packet Length Min,4.7314148332588957e-07
51,12,Bwd Packet Length Mean,4.0706996514927596e-05
51,13,Bwd Packet Length Std,9.819461411098018e-06
51,14,Flow Bytes/s,1.4709213473906857e-06
51,15,Flow Packets/s,1.6187406799872406e-05
51,16,Flow IAT Mean,4.865079972660169e-05
51,17,Flow IAT Std,1.9488785255816765e-05
51,18,Flow IAT Max,4.232494757161476e-05
51,19,Flow IAT Min,1.271367295885284e-06
51,20,Fwd IAT Total,5.186563157622004e-06
51,21,Fwd IAT Mean,2.269880860694684e-05
51,22,Fwd IAT Std,5.840229732712032e-06
51,23,Fwd IAT Max,3.7262529076542705e-05
51,24,Fwd IAT Min,1.7753613064996898e-05
51,25,Bwd IAT Total,0.00012071528180968016
51,26,Bwd IAT Mean,1.2246274309291039e-05
51,27,Bwd IAT Std,9.102249350689817e-06
51,28,Bwd IAT Max,1.8487204215489328e-05
51,29,Bwd IAT Min,9.560018952470273e-06
51,30,Fwd PSH Flags,2.1618996470351703e-05
51,31,Bwd PSH Flags,0.0
51,32,Fwd URG Flags,0.0
51,33,Bwd URG Flags,0.0
51,34,Fwd Header Length,1.173862607117826e-08
51,35,Bwd Header Length,1.1113343134638853e-07
51,36,Fwd Packets/s,1.7602862499188632e-05
51,37,Bwd Packets/s,3.4621025406522676e-06
51,38,Min Packet Length,1.1036255273211282e-05
51,39,Max Packet Length,7.485159585485235e-06
51,40,Packet Length Mean,1.1487535402920912e-06
51,41,Packet Length Std,9.990940270654391e-06
51,42,Packet Length Variance,8.088383765425533e-06
51,43,FIN Flag Count,2.1257612388581038e-05
51,44,SYN Flag Count,7.703844312345609e-05
51,45,RST Flag Count,4.241279327743541e-07
51,46,PSH Flag Count,0.00031806877814233303
51,47,ACK Flag Count,0.000354506861185655
51,48,URG Flag Count,3.05275825667195e-05
51,49,CWE Flag Count,0.0
51,50,ECE Flag Count,1.1214822137617375e-07
51,51,Down/Up Ratio,1.3013409443374258e-05
51,52,Average Packet Size,2.270083496114239e-05
51,53,Avg Fwd Segment Size,3.2917319003900047e-06
51,54,Avg Bwd Segment Size,3.4920441976282746e-05
51,55,Fwd Header Length.1,1.62798552416632e-09
51,56,Fwd Avg Bytes/Bulk,0.0
51,57,Fwd Avg Packets/Bulk,0.0
51,58,Fwd Avg Bulk Rate,0.0
51,59,Bwd Avg Bytes/Bulk,0.0
51,60,Bwd Avg Packets/Bulk,0.0
51,61,Bwd Avg Bulk Rate,0.0
51,62,Subflow Fwd Packets,9.792699984245701e-08
51,63,Subflow Fwd Bytes,1.3600140391645255e-07
51,64,Subflow Bwd Packets,1.922837924439591e-07
51,65,Subflow Bwd Bytes,1.3304064339081378e-07
51,66,Init_Win_bytes_forward,1.5237231309583876e-05
51,67,Init_Win_bytes_backward,1.3961669537820853e-05
51,68,act_data_pkt_fwd,5.638070632585368e-08
51,69,min_seg_size_forward,1.744068431341894e-11
51,70,Active Mean,7.096652439031459e-07
51,71,Active Std,7.604209599776368e-07
51,72,Active Max,4.051868472743081e-06
51,73,Active Min,5.061468755229726e-07
51,74,Idle Mean,5.712512574973516e-05
51,75,Idle Std,6.012097856000764e-06
51,76,Idle Max,1.1246437679801602e-05
51,77,Idle Min,0.0001634787768125534
52,0,Destination Port,5.4844291298650205e-05
52,1,Flow Duration,5.2414539823075756e-05
52,2,Total Fwd Packets,1.4240067969240044e-07
52,3,Total Backward Packets,1.210136844065346e-07
52,4,Total Length of Fwd Packets,1.9426019548518525e-07
52,5,Total Length of Bwd Packets,8.362016501450853e-08
52,6,Fwd Packet Length Max,6.35690184935811e-06
52,7,Fwd Packet Length Min,1.4041737813386135e-05
52,8,Fwd Packet Length Mean,1.8223627193947323e-05
52,9,Fwd Packet Length Std,4.480245934246341e-06
52,10,Bwd Packet Length Max,0.00013158873480278999
52,11,Bwd Packet Length Min,5.716515261156019e-06
52,12,Bwd Packet Length Mean,0.0002849311276804656
52,13,Bwd Packet Length Std,0.0007894479786045849
52,14,Flow Bytes/s,9.357360113426694e-07
52,15,Flow Packets/s,8.708472705620807e-06
52,16,Flow IAT Mean,1.8182503481511958e-05
52,17,Flow IAT Std,6.843887149443617e-06
52,18,Flow IAT Max,3.66319072782062e-05
52,19,Flow IAT Min,1.5318947816922446e-06
52,20,Fwd IAT Total,0.00010687812027754262
52,21,Fwd IAT Mean,3.6009812902193516e-05
52,22,Fwd IAT Std,2.391627822362352e-05
52,23,Fwd IAT Max,3.3569507650099695e-05
52,24,Fwd IAT Min,2.513099161660648e-06
52,25,Bwd IAT Total,2.686908374016639e-05
52,26,Bwd IAT Mean,1.2259283721505199e-05
52,27,Bwd IAT Std,1.949251782207284e-06
52,28,Bwd IAT Max,5.982215589028783e-05
52,29,Bwd IAT Min,2.3526094992121216e-06
52,30,Fwd PSH Flags,3.0373703339137137e-05
52,31,Bwd PSH Flags,0.0
52,32,Fwd URG Flags,0.0
52,33,Bwd URG Flags,0.0
52,34,Fwd Header Length,7.962338344214004e-08
52,35,Bwd Header Length,1.890779941504661e-07
52,36,Fwd Packets/s,1.1840959814435337e-05
52,37,Bwd Packets/s,7.4308672992629e-06
52,38,Min Packet Length,2.8191012461320497e-05
52,39,Max Packet Length,0.00046098895836621523
52,40,Packet Length Mean,3.183696890118881e-06
52,41,Packet Length Std,2.799359026539605e-05
52,42,Packet Length Variance,0.00034922442864626646
52,43,FIN Flag Count,1.407134550390765e-05
52,44,SYN Flag Count,8.431012975051999e-05
52,45,RST Flag Count,4.05397372560401e-07
52,46,PSH Flag Count,0.0006203930824995041
52,47,ACK Flag Count,0.0002741818898357451
52,48,URG Flag Count,0.0001982229296118021
52,49,CWE Flag Count,0.0
52,50,ECE Flag Count,4.266169923994312e-07
52,51,Down/Up Ratio,8.174960385076702e-06
52,52,Average Packet Size,0.00019800518930424005
52,53,Avg Fwd Segment Size,2.0319541818025755e-06
52,54,Avg Bwd Segment Size,4.635026562027633e-05
52,55,Fwd Header Length.1,5.085819410055592e-08
52,56,Fwd Avg Bytes/Bulk,0.0
52,57,Fwd Avg Packets/Bulk,0.0
52,58,Fwd Avg Bulk Rate,0.0
52,59,Bwd Avg Bytes/Bulk,0.0
52,60,Bwd Avg Packets/Bulk,0.0
52,61,Bwd Avg Bulk Rate,0.0
52,62,Subflow Fwd Packets,1.123615831488678e-07
52,63,Subflow Fwd Bytes,3.6974185491089884e-08
52,64,Subflow Bwd Packets,1.618061702401974e-07
52,65,Subflow Bwd Bytes,5.806192859836301e-08
52,66,Init_Win_bytes_forward,1.6886726371012628e-05
52,67,Init_Win_bytes_backward,1.8785849533742294e-05
52,68,act_data_pkt_fwd,4.3554894801900446e-08
52,69,min_seg_size_forward,7.2925954164304585e-09
52,70,Active Mean,8.039542649385112e-07
52,71,Active Std,2.247568318125559e-07
52,72,Active Max,7.368995284195989e-06
52,73,Active Min,5.806562342058896e-08
52,74,Idle Mean,1.1745777555915993e-05
52,75,Idle Std,4.6550430852221325e-06
52,76,Idle Max,9.734669220051728e-06
52,77,Idle Min,3.0254554076236673e-05
53,0,Destination Port,8.773296576691791e-05
53,1,Flow Duration,1.3485348972608335e-05
53,2,Total Fwd Packets,1.2438282226412412e-07
53,3,Total Backward Packets,2.0032679515225027e-07
53,4,Total Length of Fwd Packets,2.980715407829848e-07
53,5,Total Length of Bwd Packets,1.3193631787089544e-07
53,6,Fwd Packet Length Max,1.7311967894784175e-05
53,7,Fwd Packet Length Min,4.658021680370439e-06
53,8,Fwd Packet Length Mean,9.48645993048558e-06
53,9,Fwd Packet Length Std,7.696587090322282e-06
53,10,Bwd Packet Length Max,9.373234206577763e-06
53,11,Bwd Packet Length Min,1.923162471939577e-06
53,12,Bwd Packet Length Mean,4.694192102761008e-05
53,13,Bwd Packet Length Std,2.335288081667386e-05
53,14,Flow Bytes/s,1.203255806103698e-06
53,15,Flow Packets/s,1.4997048310760874e-05
53,16,Flow IAT Mean,7.813856063876301e-05
53,17,Flow IAT Std,1.263019203179283e-05
53,18,Flow IAT Max,3.280897726654075e-05
53,19,Flow IAT Min,1.16087232981954e-06
53,20,Fwd IAT Total,7.31054569769185e-06
53,21,Fwd IAT Mean,4.880943015450612e-05
53,22,Fwd IAT Std,2.982668775075581e-05
53,23,Fwd IAT Max,4.8010871978476644e-05
53,24,Fwd IAT Min,1.485566099290736e-05
53,25,Bwd IAT Total,0.0001269086787942797
53,26,Bwd IAT Mean,8.66103346197633e-06
53,27,Bwd IAT Std,6.04659953751252e-06
53,28,Bwd IAT Max,2.503361611161381e-05
53,29,Bwd IAT Min,5.78621575186844e-06
53,30,Fwd PSH Flags,2.243792732770089e-05
53,31,Bwd PSH Flags,0.0
53,32,Fwd URG Flags,0.0
53,33,Bwd URG Flags,0.0
53,34,Fwd Header Length,2.5546373905172004e-09
53,35,Bwd Header Length,1.1639300367960459e-07
53,36,Fwd Packets/s,1.599801362317521e-05
53,37,Bwd Packets/s,4.272445949027315e-06
53,38,Min Packet Length,1.380884805257665e-05
53,39,Max Packet Length,1.2453967428882606e-05
53,40,Packet Length Mean,9.7088004622492e-06
53,41,Packet Length Std,1.1550077942956705e-06
53,42,Packet Length Variance,8.706550033821259e-06
53,43,FIN Flag Count,1.7183403542730957e-05
53,44,SYN Flag Count,7.05848797224462e-05
53,45,RST Flag Count,5.69018652640807e-07
53,46,PSH Flag Count,0.0003151346172671765
53,47,ACK Flag Count,0.00043800289859063923
53,48,URG Flag Count,5.0323884352110326e-05
53,49,CWE Flag Count,0.0
53,50,ECE Flag Count,1.495973123155636e-07
53,51,Down/Up Ratio,1.6341109585482627e-05
53,52,Average Packet Size,2.6551264454610646e-05
53,53,Avg Fwd Segment Size,2.6211419026367366e-06
53,54,Avg Bwd Segment Size,3.8197991671040654e-05
53,55,Fwd Header Length.1,2.0388014831951295e-08
53,56,Fwd Avg Bytes/Bulk,0.0
53,57,Fwd Avg Packets/Bulk,0.0
53,58,Fwd Avg Bulk Rate,0.0
53,59,Bwd Avg Bytes/Bulk,0.0
53,60,Bwd Avg Packets/Bulk,0.0
53,61,Bwd Avg Bulk Rate,0.0
53,62,Subflow Fwd Packets,1.0081918588866756e-07
53,63,Subflow Fwd Bytes,1.518952217338665e-07
53,64,Subflow Bwd Packets,1.9050987987156986e-07
53,65,Subflow Bwd Bytes,1.0555425689062758e-07
53,66,Init_Win_bytes_forward,2.4262639271910302e-05
53,67,Init_Win_bytes_backward,1.5582088963128626e-05
53,68,act_data_pkt_fwd,5.015117565676519e-08
53,69,min_seg_size_forward,3.907430379257448e-09
53,70,Active Mean,8.790631227384438e-07
53,71,Active Std,8.85162194208533e-07
53,72,Active Max,4.30631098424783e-06
53,73,Active Min,4.3619121470328537e-07
53,74,Idle Mean,6.724319973727688e-05
53,75,Idle Std,6.40316329736379e-06
53,76,Idle Max,2.0390072677400894e-05
53,77,Idle Min,0.0001391117402818054
54,0,Destination Port,3.340742478030734e-05
54,1,Flow Duration,5.7431541790720075e-05
54,2,Total Fwd Packets,1.6748343512063002e-07
54,3,Total Backward Packets,1.5711046330579848e-07
54,4,Total Length of Fwd Packets,2.34143641364426e-07
54,5,Total Length of Bwd Packets,1.0315292797713482e-07
54,6,Fwd Packet Length Max,6.005549494147999e-06
54,7,Fwd Packet Length Min,1.3034473340667319e-05
54,8,Fwd Packet Length Mean,1.9223478375351988e-05
54,9,Fwd Packet Length Std,5.438489097286947e-06
54,10,Bwd Packet Length Max,0.0001149758099927567
54,11,Bwd Packet Length Min,5.036969469074393e-06
54,12,Bwd Packet Length Mean,0.0004699794517364353
54,13,Bwd Packet Length Std,0.0008892500773072243
54,14,Flow Bytes/s,9.864018011285225e-07
54,15,Flow Packets/s,1.0056082828668877e-05
54,16,Flow IAT Mean,1.822621197788976e-05
54,17,Flow IAT Std,9.405272976437118e-06
54,18,Flow IAT Max,3.8522848626598716e-05
54,19,Flow IAT Min,1.7870371493700077e-06
54,20,Fwd IAT Total,0.0001029876439133659
54,21,Fwd IAT Mean,3.639114947873168e-05
54,22,Fwd IAT Std,2.4797453079372644e-05
54,23,Fwd IAT Max,3.7051533581689e-05
54,24,Fwd IAT Min,2.00844351638807e-06
54,25,Bwd IAT Total,5.3452595238923095e-06
54,26,Bwd IAT Mean,1.2167260138085112e-05
54,27,Bwd IAT Std,4.259560682839947e-06
54,28,Bwd IAT Max,6.0381153161870316e-05
54,29,Bwd IAT Min,1.6299333083225065e-06
54,30,Fwd PSH Flags,3.398185799596831e-05
54,31,Bwd PSH Flags,0.0
54,32,Fwd URG Flags,0.0
54,33,Bwd URG Flags,0.0
54,34,Fwd Header Length,8.31996160854942e-08
54,35,Bwd Header Length,1.6333827090875275e-07
54,36,Fwd Packets/s,1.1941416232730262e-05
54,37,Bwd Packets/s,7.538734280387871e-06
54,38,Min Packet Length,2.9095228455844335e-05
54,39,Max Packet Length,0.0004834996070712805
54,40,Packet Length Mean,4.807858931599185e-05
54,41,Packet Length Std,7.01997760188533e-06
54,42,Packet Length Variance,0.00047587923472747207
54,43,FIN Flag Count,2.0004596080980264e-05
54,44,SYN Flag Count,8.327236719196662e-05
54,45,RST Flag Count,4.901363013232185e-07
54,46,PSH Flag Count,0.0005826219567097723
54,47,ACK Flag Count,0.00029391003772616386
54,48,URG Flag Count,0.00021399211254902184
54,49,CWE Flag Count,0.0
54,50,ECE Flag Count,4.895546226180159e-07
54,51,Down/Up Ratio,8.239550879807211e-06
54,52,Average Packet Size,0.00022689180332235992
54,53,Avg Fwd Segment Size,3.731983269972261e-06
54,54,Avg Bwd Segment Size,1.2548113090815605e-06
54,55,Fwd Header Length.1,3.563287975794083e-08
54,56,Fwd Avg Bytes/Bulk,0.0
54,57,Fwd Avg Packets/Bulk,0.0
54,58,Fwd Avg Bulk Rate,0.0
54,59,Bwd Avg Bytes/Bulk,0.0
54,60,Bwd Avg Packets/Bulk,0.0
54,61,Bwd Avg Bulk Rate,0.0
54,62,Subflow Fwd Packets,1.2404576921198895e-07
54,63,Subflow Fwd Bytes,7.642351751435683e-10
54,64,Subflow Bwd Packets,2.1147495488094137e-07
54,65,Subflow Bwd Bytes,7.317692762853767e-08
54,66,Init_Win_bytes_forward,1.7465521523263305e-05
54,67,Init_Win_bytes_backward,1.9004872228833847e-05
54,68,act_data_pkt_fwd,8.339551271774326e-08
54,69,min_seg_size_forward,2.7746064126810133e-11
54,70,Active Mean,8.91781667178293e-07
54,71,Active Std,1.5818507392850734e-07
54,72,Active Max,7.468068361049518e-06
54,73,Active Min,6.400922103466655e-08
54,74,Idle Mean,7.98656401457265e-06
54,75,Idle Std,5.064301603852073e-06
54,76,Idle Max,1.372531824017642e-05
54,77,Idle Min,3.222330633434467e-05
55,0,Destination Port,8.024963608477265e-05
55,1,Flow Duration,1.1331199857522734e-05
55,2,Total Fwd Packets,1.676112901805027e-07
55,3,Total Backward Packets,2.6500165972720424e-07
55,4,Total Length of Fwd Packets,2.9856076366741036e-07
55,5,Total Length of Bwd Packets,2.2015203171577014e-07
55,6,Fwd Packet Length Max,1.8192704374087043e-05
55,7,Fwd Packet Length Min,3.566706027413602e-06
55,8,Fwd Packet Length Mean,8.917258128349204e-06
55,9,Fwd Packet Length Std,6.728955668222625e-06
55,10,Bwd Packet Length Max,3.502260597088025e-06
55,11,Bwd Packet Length Min,1.6834160305734258e-06
55,12,Bwd Packet Length Mean,4.670069756684825e-05
55,13,Bwd Packet Length Std,2.117429903591983e-05
55,14,Flow Bytes/s,1.3480889720085543e-06
55,15,Flow Packets/s,1.3002558262087405e-05
55,16,Flow IAT Mean,5.049870378570631e-05
55,17,Flow IAT Std,1.57640333782183e-05
55,18,Flow IAT Max,4.606255242833868e-05
55,19,Flow IAT Min,1.0945633448500303e-06
55,20,Fwd IAT Total,5.214455541135976e-06
55,21,Fwd IAT Mean,2.3116119336918928e-05
55,22,Fwd IAT Std,1.7379097698722035e-05
55,23,Fwd IAT Max,4.628852184396237e-05
55,24,Fwd IAT Min,1.4625989024352748e-05
55,25,Bwd IAT Total,0.00012528919614851475
55,26,Bwd IAT Mean,9.156239684671164e-06
55,27,Bwd IAT Std,7.355330126301851e-06
55,28,Bwd IAT Max,2.133904126822017e-05
55,29,Bwd IAT Min,7.695273779972922e-06
55,30,Fwd PSH Flags,1.9307244656374678e-05
55,31,Bwd PSH Flags,0.0
55,32,Fwd URG Flags,0.0
55,33,Bwd URG Flags,0.0
55,34,Fwd Header Length,1.8834980242132815e-09
55,35,Bwd Header Length,1.926559463072408e-07
55,36,Fwd Packets/s,1.446916394343134e-05
55,37,Bwd Packets/s,4.122032805753406e-06
55,38,Min Packet Length,1.237756441696547e-05
55,39,Max Packet Length,1.6827048966661096e-05
55,40,Packet Length Mean,8.737970347283408e-06
55,41,Packet Length Std,2.3138768767694273e-07
55,42,Packet Length Variance,9.365654477733187e-06
55,43,FIN Flag Count,1.1259371603955515e-05
55,44,SYN Flag Count,7.899993943283334e-05
55,45,RST Flag Count,4.2521514842519537e-07
55,46,PSH Flag Count,0.00036734729656018317
55,47,ACK Flag Count,0.00047284181346185505
55,48,URG Flag Count,4.36100090155378e-05
55,49,CWE Flag Count,0.0
55,50,ECE Flag Count,9.616321250405235e-08
55,51,Down/Up Ratio,1.819035242078826e-05
55,52,Average Packet Size,3.181292049703188e-05
55,53,Avg Fwd Segment Size,2.8590266083483584e-06
55,54,Avg Bwd Segment Size,3.940074748243205e-05
55,55,Fwd Header Length.1,2.4476637605630458e-08
55,56,Fwd Avg Bytes/Bulk,0.0
55,57,Fwd Avg Packets/Bulk,0.0
55,58,Fwd Avg Bulk Rate,0.0
55,59,Bwd Avg Bytes/Bulk,0.0
55,60,Bwd Avg Packets/Bulk,0.0
55,61,Bwd Avg Bulk Rate,0.0
55,62,Subflow Fwd Packets,1.3663944287145569e-07
55,63,Subflow Fwd Bytes,1.2514914260464138e-07
55,64,Subflow Bwd Packets,2.568484660514514e-07
55,65,Subflow Bwd Bytes,1.688444797309785e-07
55,66,Init_Win_bytes_forward,4.28183102485491e-06
55,67,Init_Win_bytes_backward,1.1985389392066281e-05
55,68,act_data_pkt_fwd,4.910916828748668e-08
55,69,min_seg_size_forward,6.647942179388577e-12
55,70,Active Mean,9.641476026445162e-07
55,71,Active Std,8.891526590559806e-07
55,72,Active Max,3.9387077777064405e-06
55,73,Active Min,4.7463399255320837e-07
55,74,Idle Mean,7.223260763566941e-05
55,75,Idle Std,6.1445571191143245e-06
55,76,Idle Max,1.2511323802755214e-05
55,77,Idle Min,0.00013950213906355202
56,0,Destination Port,3.2259627914754674e-05
56,1,Flow Duration,5.2780644182348624e-05
56,2,Total Fwd Packets,1.7608623181786243e-07
56,3,Total Backward Packets,1.5121891294711531e-07
56,4,Total Length of Fwd Packets,1.805297955570495e-07
56,5,Total Length of Bwd Packets,1.2383422642869846e-07
56,6,Fwd Packet Length Max,7.819955499144271e-06
56,7,Fwd Packet Length Min,1.3978639799461234e-05
56,8,Fwd Packet Length Mean,1.82642961590318e-05
56,9,Fwd Packet Length Std,6.151989055069862e-06
56,10,Bwd Packet Length Max,9.0414920123294e-05
56,11,Bwd Packet Length Min,5.36899597136653e-06
56,12,Bwd Packet Length Mean,0.00041735952254384756
56,13,Bwd Packet Length Std,0.0005593400564976037
56,14,Flow Bytes/s,8.694620987625967e-07
56,15,Flow Packets/s,1.0149931767955422e-05
56,16,Flow IAT Mean,1.8430875570629723e-05
56,17,Flow IAT Std,5.443255759018939e-06
56,18,Flow IAT Max,4.019897460239008e-05
56,19,Flow IAT Min,1.499517338743317e-06
56,20,Fwd IAT Total,0.00011409365106374025
56,21,Fwd IAT Mean,3.700756496982649e-05
56,22,Fwd IAT Std,2.2990447178017348e-05
56,23,Fwd IAT Max,3.6049605114385486e-05
56,24,Fwd IAT Min,1.6542936691621435e-06
56,25,Bwd IAT Total,2.2085545424488373e-05
56,26,Bwd IAT Mean,1.4282021766121034e-05
56,27,Bwd IAT Std,2.482944637449691e-06
56,28,Bwd IAT Max,6.0098889662185684e-05
56,29,Bwd IAT Min,1.3238843621365959e-06
56,30,Fwd PSH Flags,2.2666001314064488e-05
56,31,Bwd PSH Flags,0.0
56,32,Fwd URG Flags,0.0
56,33,Bwd URG Flags,0.0
56,34,Fwd Header Length,9.74644009943404e-08
56,35,Bwd Header Length,2.0147574275597435e-07
56,36,Fwd Packets/s,8.612400961283129e-06
56,37,Bwd Packets/s,7.378132977464702e-06
56,38,Min Packet Length,3.087314325966872e-05
56,39,Max Packet Length,0.0004175252397544682
56,40,Packet Length Mean,8.20824789116159e-06
56,41,Packet Length Std,4.486232501221821e-05
56,42,Packet Length Variance,0.00020878123177681118
56,43,FIN Flag Count,1.2502984645834658e-05
56,44,SYN Flag Count,8.873312617652118e-05
56,45,RST Flag Count,3.552301279796666e-07
56,46,PSH Flag Count,0.0003905277408193797
56,47,ACK Flag Count,0.00025855095009319484
56,48,URG Flag Count,0.00018281892698723823
56,49,CWE Flag Count,0.0
56,50,ECE Flag Count,5.339259701031551e-07
56,51,Down/Up Ratio,7.320949407585431e-06
56,52,Average Packet Size,0.0002655942225828767
56,53,Avg Fwd Segment Size,2.5809461021708557e-06
56,54,Avg Bwd Segment Size,1.7432301319786347e-05
56,55,Fwd Header Length.1,4.163135614021485e-08
56,56,Fwd Avg Bytes/Bulk,0.0
56,57,Fwd Avg Packets/Bulk,0.0
56,58,Fwd Avg Bulk Rate,0.0
56,59,Bwd Avg Bytes/Bulk,0.0
56,60,Bwd Avg Packets/Bulk,0.0
56,61,Bwd Avg Bulk Rate,0.0
56,62,Subflow Fwd Packets,1.3396559950251685e-07
56,63,Subflow Fwd Bytes,1.5636104633287573e-09
56,64,Subflow Bwd Packets,1.965235725265302e-07
56,65,Subflow Bwd Bytes,8.733442058428409e-08
56,66,Init_Win_bytes_forward,1.5802246707607992e-05
56,67,Init_Win_bytes_backward,2.342501284147147e-05
56,68,act_data_pkt_fwd,5.2292715935209344e-08
56,69,min_seg_size_forward,6.8014585075104605e-09
56,70,Active Mean,8.887363378562441e-07
56,71,Active Std,1.2867890575307683e-07
56,72,Active Max,7.259153790073469e-06
56,73,Active Min,1.3077232097202796e-07
56,74,Idle Mean,8.093320502666757e-06
56,75,Idle Std,4.4176636038173456e-06
56,76,Idle Max,1.4019132322573569e-05
56,77,Idle Min,3.7457357393577695e-05
57,0,Destination Port,9.328016312792897e-05
57,1,Flow Duration,9.884588507702574e-06
57,2,Total Fwd Packets,1.4493326716547017e-07
57,3,Total Backward Packets,2.1554843954163516e-07
57,4,Total Length of Fwd Packets,3.1052928761710064e-07
57,5,Total Length of Bwd Packets,1.5423677268699976e-07
57,6,Fwd Packet Length Max,1.70404546224745e-05
57,7,Fwd Packet Length Min,5.240606242296053e-06
57,8,Fwd Packet Length Mean,8.93802189239068e-06
57,9,Fwd Packet Length Std,7.984330295585096e-06
57,10,Bwd Packet Length Max,7.727507181698456e-06
57,11,Bwd Packet Length Min,1.7983015823119786e-06
57,12,Bwd Packet Length Mean,4.440399061422795e-05
57,13,Bwd Packet Length Std,1.855210393841844e-05
57,14,Flow Bytes/s,1.2922564565087669e-06
57,15,Flow Packets/s,1.762835745466873e-05
57,16,Flow IAT Mean,7.676659151911736e-05
57,17,Flow IAT Std,1.6384430637117475e-05
57,18,Flow IAT Max,3.65162268280983e-05
57,19,Flow IAT Min,1.1201872212041053e-06
57,20,Fwd IAT Total,4.005511073046364e-06
57,21,Fwd IAT Mean,5.1172071835026145e-05
57,22,Fwd IAT Std,1.898684786283411e-05
57,23,Fwd IAT Max,4.291410368750803e-05
57,24,Fwd IAT Min,1.5513694961555302e-05
57,25,Bwd IAT Total,0.00012126324145356193
57,26,Bwd IAT Mean,9.04643275134731e-06
57,27,Bwd IAT Std,6.046299404260935e-06
57,28,Bwd IAT Max,2.4291897716466337e-05
57,29,Bwd IAT Min,6.640118044742849e-06
57,30,Fwd PSH Flags,1.611811967450194e-05
57,31,Bwd PSH Flags,0.0
57,32,Fwd URG Flags,0.0
57,33,Bwd URG Flags,0.0
57,34,Fwd Header Length,7.660648115859203e-09
57,35,Bwd Header Length,1.1199199434486218e-07
57,36,Fwd Packets/s,1.5193604667729232e-05
57,37,Bwd Packets/s,4.045310106448596e-06
57,38,Min Packet Length,1.3932005458627827e-05
57,39,Max Packet Length,9.913849680742715e-06
57,40,Packet Length Mean,5.189393505133921e-06
57,41,Packet Length Std,4.678351615439169e-06
57,42,Packet Length Variance,8.608266398368869e-06
57,43,FIN Flag Count,1.7434791516279802e-05
57,44,SYN Flag Count,7.18876181053929e-05
57,45,RST Flag Count,3.459706476860447e-07
57,46,PSH Flag Count,0.0003310604952275753
57,47,ACK Flag Count,0.0003834799863398075
57,48,URG Flag Count,5.079593393020332e-05
57,49,CWE Flag Count,0.0
57,50,ECE Flag Count,8.640481041766179e-08
57,51,Down/Up Ratio,1.556177630845923e-05
57,52,Average Packet Size,2.5315646780654788e-05
57,53,Avg Fwd Segment Size,1.924751359183574e-06
57,54,Avg Bwd Segment Size,4.013077705167234e-05
57,55,Fwd Header Length.1,7.754067610221682e-09
57,56,Fwd Avg Bytes/Bulk,0.0
57,57,Fwd Avg Packets/Bulk,0.0
57,58,Fwd Avg Bulk Rate,0.0
57,59,Bwd Avg Bytes/Bulk,0.0
57,60,Bwd Avg Packets/Bulk,0.0
57,61,Bwd Avg Bulk Rate,0.0
57,62,Subflow Fwd Packets,1.1263102095426802e-07
57,63,Subflow Fwd Bytes,1.5956943855144345e-07
57,64,Subflow Bwd Packets,2.056036834119368e-07
57,65,Subflow Bwd Bytes,1.2303732432883407e-07
57,66,Init_Win_bytes_forward,2.299122206750326e-05
57,67,Init_Win_bytes_backward,1.2879871064797044e-05
57,68,act_data_pkt_fwd,9.66105062616407e-09
57,69,min_seg_size_forward,1.5004593054146476e-11
57,70,Active Mean,7.916890467640769e-07
57,71,Active Std,8.329165552822815e-07
57,72,Active Max,4.236450422467897e-06
57,73,Active Min,4.987880402040901e-07
57,74,Idle Mean,6.700619269395247e-05
57,75,Idle Std,5.95424080529483e-06
57,76,Idle Max,1.9147299099131487e-05
57,77,Idle Min,0.00015464717580471188
58,0,Destination Port,4.434084621607326e-05
58,1,Flow Duration,5.0668160838540643e-05
58,2,Total Fwd Packets,1.230105226568412e-07
58,3,Total Backward Packets,1.0749211298843875e-07
58,4,Total Length of Fwd Packets,2.1912939018875477e-07
58,5,Total Length of Bwd Packets,4.488781613076753e-08
58,6,Fwd Packet Length Max,5.667521236318862e-06
58,7,Fwd Packet Length Min,1.3134032997186296e-05
58,8,Fwd Packet Length Mean,2.009048330364749e-05
58,9,Fwd Packet Length Std,5.1097185860271566e-06
58,10,Bwd Packet Length Max,0.00011293927673250437
58,11,Bwd Packet Length Min,7.002880010986701e-06
58,12,Bwd Packet Length Mean,0.0004390752292238176
58,13,Bwd Packet Length Std,0.0009643211960792542
58,14,Flow Bytes/s,1.0355520316807088e-06
58,15,Flow Packets/s,9.686361408967059e-06
58,16,Flow IAT Mean,1.8565824575489387e-05
58,17,Flow IAT Std,8.151348083629273e-06
58,18,Flow IAT Max,4.247122706146911e-05
58,19,Flow IAT Min,1.747956957842689e-06
58,20,Fwd IAT Total,0.00010444127110531554
58,21,Fwd IAT Mean,3.568401371012442e-05
58,22,Fwd IAT Std,2.450237843731884e-05
58,23,Fwd IAT Max,3.764822395169176e-05
58,24,Fwd IAT Min,2.6607513063936494e-06
58,25,Bwd IAT Total,4.550836365524447e-06
58,26,Bwd IAT Mean,1.0632504199747927e-05
58,27,Bwd IAT Std,4.592114692059113e-06
58,28,Bwd IAT Max,6.29445057711564e-05
58,29,Bwd IAT Min,6.160215662021074e-07
58,30,Fwd PSH Flags,3.4572618460515514e-05
58,31,Bwd PSH Flags,0.0
58,32,Fwd URG Flags,0.0
58,33,Bwd URG Flags,0.0
58,34,Fwd Header Length,7.976054661185117e-08
58,35,Bwd Header Length,1.837989742625723e-07
58,36,Fwd Packets/s,9.967687219614163e-06
58,37,Bwd Packets/s,7.490677944588242e-06
58,38,Min Packet Length,3.112574995611794e-05
58,39,Max Packet Length,0.00048268528189510107
58,40,Packet Length Mean,6.968605885049328e-05
58,41,Packet Length Std,3.2778738386696205e-05
58,42,Packet Length Variance,0.0004592882178258151
58,43,FIN Flag Count,1.6153435353771783e-05
58,44,SYN Flag Count,8.782250370131806e-05
58,45,RST Flag Count,3.41880991072685e-07
58,46,PSH Flag Count,0.0006452425150200725
58,47,ACK Flag Count,0.0002539331035222858
58,48,URG Flag Count,0.0002134957176167518
58,49,CWE Flag Count,0.0
58,50,ECE Flag Count,3.3877319083330804e-07
58,51,Down/Up Ratio,7.867130079830531e-06
58,52,Average Packet Size,0.00021896847465541214
58,53,Avg Fwd Segment Size,3.2710022423998453e-06
58,54,Avg Bwd Segment Size,9.014633542392403e-05
58,55,Fwd Header Length.1,4.693151467449752e-08
58,56,Fwd Avg Bytes/Bulk,0.0
58,57,Fwd Avg Packets/Bulk,0.0
58,58,Fwd Avg Bulk Rate,0.0
58,59,Bwd Avg Bytes/Bulk,0.0
58,60,Bwd Avg Packets/Bulk,0.0
58,61,Bwd Avg Bulk Rate,0.0
58,62,Subflow Fwd Packets,9.580614346305083e-08
58,63,Subflow Fwd Bytes,2.4541147780610117e-08
58,64,Subflow Bwd Packets,1.4545291548984096e-07
58,65,Subflow Bwd Bytes,3.1187241233965324e-08
58,66,Init_Win_bytes_forward,1.629221333132591e-05
58,67,Init_Win_bytes_backward,1.837037234508898e-05
58,68,act_data_pkt_fwd,5.3207084960149587e-08
58,69,min_seg_size_forward,3.095030828847989e-11
58,70,Active Mean,7.63307753004483e-07
58,71,Active Std,2.259055236208951e-07
58,72,Active Max,7.415565505652921e-06
58,73,Active Min,7.241611399422254e-08
58,74,Idle Mean,1.0545901204750407e-05
58,75,Idle Std,4.433703452377813e-06
58,76,Idle Max,1.0929495147138368e-05
58,77,Idle Min,2.7907732146559283e-05
59,0,Destination Port,8.054835052462295e-05
59,1,Flow Duration,1.0743335224105977e-05
59,2,Total Fwd Packets,4.748717685743031e-08
59,3,Total Backward Packets,1.328502463593395e-07
59,4,Total Length of Fwd Packets,3.0163465680743684e-07
59,5,Total Length of Bwd Packets,6.81090739362844e-08
59,6,Fwd Packet Length Max,1.7461146853747778e-05
59,7,Fwd Packet Length Min,3.6736939819093095e-06
59,8,Fwd Packet Length Mean,1.1196629202459008e-05
59,9,Fwd Packet Length Std,8.21095090941526e-06
59,10,Bwd Packet Length Max,9.051180313690566e-06
59,11,Bwd Packet Length Min,2.41552697843872e-06
59,12,Bwd Packet Length Mean,5.024635174777359e-05
59,13,Bwd Packet Length Std,2.645417225721758e-05
59,14,Flow Bytes/s,1.472554345127719e-06
59,15,Flow Packets/s,1.6323969248333015e-05
59,16,Flow IAT Mean,5.2436826081248e-05
59,17,Flow IAT Std,1.0588115401333198e-05
59,18,Flow IAT Max,2.9252034437377006e-05
59,19,Flow IAT Min,1.1716959988916642e-06
59,20,Fwd IAT Total,5.265759682515636e-06
59,21,Fwd IAT Mean,2.448240775265731e-05
59,22,Fwd IAT Std,2.5418341465410776e-05
59,23,Fwd IAT Max,4.4046151742804796e-05
59,24,Fwd IAT Min,1.4698664017487317e-05
59,25,Bwd IAT Total,0.00012517957657109946
59,26,Bwd IAT Mean,7.936638212413527e-06
59,27,Bwd IAT Std,3.5927114367950708e-06
59,28,Bwd IAT Max,2.2622298274654895e-05
59,29,Bwd IAT Min,5.636978130496573e-06
59,30,Fwd PSH Flags,2.273390236950945e-05
59,31,Bwd PSH Flags,0.0
59,32,Fwd URG Flags,0.0
59,33,Bwd URG Flags,0.0
59,34,Fwd Header Length,2.0446104809224153e-09
59,35,Bwd Header Length,1.406549046123473e-07
59,36,Fwd Packets/s,1.6306577890645713e-05
59,37,Bwd Packets/s,4.419349352247082e-06
59,38,Min Packet Length,1.526024607301224e-05
59,39,Max Packet Length,1.3663739991898183e-05
59,40,Packet Length Mean,9.01423663890455e-06
59,41,Packet Length Std,2.1391133486758918e-06
59,42,Packet Length Variance,9.070654414244927e-06
59,43,FIN Flag Count,1.7455186025472358e-05
59,44,SYN Flag Count,6.761267286492512e-05
59,45,RST Flag Count,3.6743008990924864e-07
59,46,PSH Flag Count,0.000339551770593971
59,47,ACK Flag Count,0.0004118155629839748
59,48,URG Flag Count,6.203073280630633e-05
59,49,CWE Flag Count,0.0
59,50,ECE Flag Count,8.757723435337539e-08
59,51,Down/Up Ratio,1.788595545804128e-05
59,52,Average Packet Size,2.7802308977697976e-05
59,53,Avg Fwd Segment Size,1.9976669136667624e-06
59,54,Avg Bwd Segment Size,4.272574733477086e-05
59,55,Fwd Header Length.1,2.6552264387191826e-08
59,56,Fwd Avg Bytes/Bulk,0.0
59,57,Fwd Avg Packets/Bulk,0.0
59,58,Fwd Avg Bulk Rate,0.0
59,59,Bwd Avg Bytes/Bulk,0.0
59,60,Bwd Avg Packets/Bulk,0.0
59,61,Bwd Avg Bulk Rate,0.0
59,62,Subflow Fwd Packets,3.857454089484236e-08
59,63,Subflow Fwd Bytes,1.5633321481800522e-07
59,64,Subflow Bwd Packets,1.284877981788668e-07
59,65,Subflow Bwd Bytes,5.379228085189425e-08
59,66,Init_Win_bytes_forward,1.988734038604889e-05
59,67,Init_Win_bytes_backward,1.3615795069199521e-05
59,68,act_data_pkt_fwd,7.55734674839914e-09
59,69,min_seg_size_forward,1.639326521751805e-11
59,70,Active Mean,9.471559678786434e-07
59,71,Active Std,8.634101504867431e-07
59,72,Active Max,4.103664196009049e-06
59,73,Active Min,4.852094548368768e-07
59,74,Idle Mean,7.203523273346946e-05
59,75,Idle Std,6.0780403146054596e-06
59,76,Idle Max,2.116043833666481e-05
59,77,Idle Min,0.0001365657662972808
60,0,Destination Port,2.9905077099101618e-05
60,1,Flow Duration,5.283503924147226e-05
60,2,Total Fwd Packets,1.7711893463001616e-07
60,3,Total Backward Packets,1.6622493603790645e-07
60,4,Total Length of Fwd Packets,2.1702712160731608e-07
60,5,Total Length of Bwd Packets,1.1788203124751817e-07
60,6,Fwd Packet Length Max,5.75107105760253e-06
60,7,Fwd Packet Length Min,1.2722939572995529e-05
60,8,Fwd Packet Length Mean,2.0507408407866023e-05
60,9,Fwd Packet Length Std,5.994743332848884e-06
60,10,Bwd Packet Length Max,0.00011467703734524548
60,11,Bwd Packet Length Min,6.7301466515345965e-06
60,12,Bwd Packet Length Mean,0.0005034496425651014
60,13,Bwd Packet Length Std,0.00094136520056054
60,14,Flow Bytes/s,1.143731310548901e-06
60,15,Flow Packets/s,1.0180295248574112e-05
60,16,Flow IAT Mean,1.8405689843348227e-05
60,17,Flow IAT Std,8.371800504392013e-06
60,18,Flow IAT Max,4.446828461368568e-05
60,19,Flow IAT Min,1.8008903452937375e-06
60,20,Fwd IAT Total,0.00010936209582723677
60,21,Fwd IAT Mean,3.591400309232995e-05
60,22,Fwd IAT Std,2.512552782718558e-05
60,23,Fwd IAT Max,3.788622416323051e-05
60,24,Fwd IAT Min,2.1001362711103866e-06
60,25,Bwd IAT Total,1.186089889415598e-06
60,26,Bwd IAT Mean,1.087320015358273e-05
60,27,Bwd IAT Std,5.161058652447537e-06
60,28,Bwd IAT Max,6.321124237729236e-05
60,29,Bwd IAT Min,7.522450573560491e-07
60,30,Fwd PSH Flags,3.190106508554891e-05
60,31,Bwd PSH Flags,0.0
60,32,Fwd URG Flags,0.0
60,33,Bwd URG Flags,0.0
60,34,Fwd Header Length,8.683069552262168e-08
60,35,Bwd Header Length,1.9080916047187202e-07
60,36,Fwd Packets/s,9.168751603283454e-06
60,37,Bwd Packets/s,7.50492245060741e-06
60,38,Min Packet Length,3.240007208660245e-05
60,39,Max Packet Length,0.0004991464666090906
60,40,Packet Length Mean,6.563107308465987e-05
60,41,Packet Length Std,1.8613465726957656e-05
60,42,Packet Length Variance,0.00046677704085595906
60,43,FIN Flag Count,1.7393917005392723e-05
60,44,SYN Flag Count,9.270195732824504e-05
60,45,RST Flag Count,4.182396082796913e-07
60,46,PSH Flag Count,0.0005929871113039553
60,47,ACK Flag Count,0.0002624240005388856
60,48,URG Flag Count,0.00021747035498265177
60,49,CWE Flag Count,0.0
60,50,ECE Flag Count,4.509381312800542e-07
60,51,Down/Up Ratio,7.981022463354748e-06
60,52,Average Packet Size,0.0002408082946203649
60,53,Avg Fwd Segment Size,3.592537041186006e-06
60,54,Avg Bwd Segment Size,4.997168798581697e-05
60,55,Fwd Header Length.1,3.754303889991206e-08
60,56,Fwd Avg Bytes/Bulk,0.0
60,57,Fwd Avg Packets/Bulk,0.0
60,58,Fwd Avg Bulk Rate,0.0
60,59,Bwd Avg Bytes/Bulk,0.0
60,60,Bwd Avg Packets/Bulk,0.0
60,61,Bwd Avg Bulk Rate,0.0
60,62,Subflow Fwd Packets,1.3454481972985377e-07
60,63,Subflow Fwd Bytes,6.871074820224976e-10
60,64,Subflow Bwd Packets,2.257843618735933e-07
60,65,Subflow Bwd Bytes,8.355208791499535e-08
60,66,Init_Win_bytes_forward,1.623610660317354e-05
60,67,Init_Win_bytes_backward,2.037977901636623e-05
60,68,act_data_pkt_fwd,5.673188141486207e-08
60,69,min_seg_size_forward,2.8319076250671316e-11
60,70,Active Mean,8.469829708701582e-07
60,71,Active Std,1.9845552401420719e-07
60,72,Active Max,7.386085144389654e-06
60,73,Active Min,8.328888156938774e-08
60,74,Idle Mean,7.93719391367631e-06
60,75,Idle Std,5.023999165132409e-06
60,76,Idle Max,1.261475608771434e-05
60,77,Idle Min,3.003175515914336e-05
61,0,Destination Port,8.048416202655062e-05
61,1,Flow Duration,7.757460480206646e-06
61,2,Total Fwd Packets,7.497401099954004e-08
61,3,Total Backward Packets,1.5950352860727435e-07
61,4,Total Length of Fwd Packets,2.991739336266619e-07
61,5,Total Length of Bwd Packets,1.0189442889441125e-07
61,6,Fwd Packet Length Max,1.7271717297262512e-05
61,7,Fwd Packet Length Min,2.8800243399018655e-06
61,8,Fwd Packet Length Mean,9.382577445649076e-06
61,9,Fwd Packet Length Std,8.323517249664292e-06
61,10,Bwd Packet Length Max,4.273044851288432e-06
61,11,Bwd Packet Length Min,2.5843337425612845e-06
61,12,Bwd Packet Length Mean,4.939682185067795e-05
61,13,Bwd Packet Length Std,2.3919097657199018e-05
61,14,Flow Bytes/s,1.2833289702030015e-06
61,15,Flow Packets/s,1.5752944818814285e-05
61,16,Flow IAT Mean,5.0116272177547216e-05
61,17,Flow IAT Std,1.1557905054360162e-05
61,18,Flow IAT Max,3.7692461773986e-05
61,19,Flow IAT Min,1.2591408449225128e-06
61,20,Fwd IAT Total,2.5228359845641535e-06
61,21,Fwd IAT Mean,2.3917722501209937e-05
61,22,Fwd IAT Std,2.1015375750721432e-05
61,23,Fwd IAT Max,3.91329922422301e-05
61,24,Fwd IAT Min,1.619765862415079e-05
61,25,Bwd IAT Total,0.0001141867833212018
61,26,Bwd IAT Mean,8.041396540647838e-06
61,27,Bwd IAT Std,4.301755780034e-06
61,28,Bwd IAT Max,2.1056463083368726e-05
61,29,Bwd IAT Min,6.589107670151861e-06
61,30,Fwd PSH Flags,1.9357556084287353e-05
61,31,Bwd PSH Flags,0.0
61,32,Fwd URG Flags,0.0
61,33,Bwd URG Flags,0.0
61,34,Fwd Header Length,2.5573563267045074e-09
61,35,Bwd Header Length,2.0284706181428191e-07
61,36,Fwd Packets/s,1.5691590306232683e-05
61,37,Bwd Packets/s,4.442269528226461e-06
61,38,Min Packet Length,1.4843620192550588e-05
61,39,Max Packet Length,1.3212814337748569e-05
61,40,Packet Length Mean,9.535881872579921e-06
61,41,Packet Length Std,2.713128424147726e-07
61,42,Packet Length Variance,9.178610525850672e-06
61,43,FIN Flag Count,1.4405460206035059e-05
61,44,SYN Flag Count,7.454165461240336e-05
61,45,RST Flag Count,4.824805159842072e-07
61,46,PSH Flag Count,0.00036031901254318655
61,47,ACK Flag Count,0.00042012278572656214
61,48,URG Flag Count,5.8846671890933067e-05
61,49,CWE Flag Count,0.0
61,50,ECE Flag Count,9.834426606403213e-08
61,51,Down/Up Ratio,1.827537198550999e-05
61,52,Average Packet Size,2.634325937833637e-05
61,53,Avg Fwd Segment Size,1.4358638509293087e-06
61,54,Avg Bwd Segment Size,4.219591573928483e-05
61,55,Fwd Header Length.1,1.693741147335004e-08
61,56,Fwd Avg Bytes/Bulk,0.0
61,57,Fwd Avg Packets/Bulk,0.0
61,58,Fwd Avg Bulk Rate,0.0
61,59,Bwd Avg Bytes/Bulk,0.0
61,60,Bwd Avg Packets/Bulk,0.0
61,61,Bwd Avg Bulk Rate,0.0
61,62,Subflow Fwd Packets,6.002536423466154e-08
61,63,Subflow Fwd Bytes,1.5548198462056462e-07
61,64,Subflow Bwd Packets,1.5457280255759542e-07
61,65,Subflow Bwd Bytes,7.8452877971813e-08
61,66,Init_Win_bytes_forward,1.705330578261055e-05
61,67,Init_Win_bytes_backward,1.120159595302539e-05
61,68,act_data_pkt_fwd,1.1248001641206429e-08
61,69,min_seg_size_forward,3.060051545489273e-09
61,70,Active Mean,9.7658448794391e-07
61,71,Active Std,8.711669465810701e-07
61,72,Active Max,4.096715201740153e-06
61,73,Active Min,4.79239247397345e-07
61,74,Idle Mean,7.414367428282276e-05
61,75,Idle Std,6.782845503039425e-06
61,76,Idle Max,1.4074665159569122e-05
61,77,Idle Min,0.00014162817387841642
62,0,Destination Port,2.258247150166426e-05
62,1,Flow Duration,6.0288835811661556e-05
62,2,Total Fwd Packets,2.3155158146437316e-07
62,3,Total Backward Packets,2.2056217119370558e-07
62,4,Total Length of Fwd Packets,1.982434412184375e-07
62,5,Total Length of Bwd Packets,2.0308306147853727e-07
62,6,Fwd Packet Length Max,5.876727300346829e-06
62,7,Fwd Packet Length Min,1.2950105883646756e-05
62,8,Fwd Packet Length Mean,1.894714114314411e-05
62,9,Fwd Packet Length Std,6.653150649071904e-06
62,10,Bwd Packet Length Max,0.0001423022913513705
62,11,Bwd Packet Length Min,4.9947143452300224e-06
62,12,Bwd Packet Length Mean,0.0005230542737990618
62,13,Bwd Packet Length Std,0.0006665887194685638
62,14,Flow Bytes/s,1.1864805173900095e-06
62,15,Flow Packets/s,1.094538311008364e-05
62,16,Flow IAT Mean,1.842128040152602e-05
62,17,Flow IAT Std,7.903483492555097e-06
62,18,Flow IAT Max,3.738839950528927e-05
62,19,Flow IAT Min,1.7722856000546017e-06
62,20,Fwd IAT Total,9.664074605097994e-05
62,21,Fwd IAT Mean,3.668857243610546e-05
62,22,Fwd IAT Std,2.3624988898518495e-05
62,23,Fwd IAT Max,3.2694439141778275e-05
62,24,Fwd IAT Min,1.652474907132273e-06
62,25,Bwd IAT Total,1.0054180165752769e-05
62,26,Bwd IAT Mean,1.3321919141162653e-05
62,27,Bwd IAT Std,3.734714482561685e-06
62,28,Bwd IAT Max,5.800224607810378e-05
62,29,Bwd IAT Min,2.058317932096543e-06
62,30,Fwd PSH Flags,2.852583202184178e-05
62,31,Bwd PSH Flags,0.0
62,32,Fwd URG Flags,0.0
62,33,Bwd URG Flags,0.0
62,34,Fwd Header Length,7.93250052311123e-08
62,35,Bwd Header Length,1.6931817015120032e-07
62,36,Fwd Packets/s,1.2040018191328272e-05
62,37,Bwd Packets/s,7.48272532291594e-06
62,38,Min Packet Length,2.9287430152180605e-05
62,39,Max Packet Length,0.0003801313869189471
62,40,Packet Length Mean,3.3801286917878315e-05
62,41,Packet Length Std,4.666827226174064e-05
62,42,Packet Length Variance,0.00033854489447548985
62,43,FIN Flag Count,1.758318285283167e-05
62,44,SYN Flag Count,8.6885855125729e-05
62,45,RST Flag Count,4.967350832885131e-07
62,46,PSH Flag Count,0.00047589626046828926
62,47,ACK Flag Count,0.00031655264319851995
62,48,URG Flag Count,0.00019599548249971122
62,49,CWE Flag Count,0.0
62,50,ECE Flag Count,6.104826297814725e-07
62,51,Down/Up Ratio,8.475033610011451e-06
62,52,Average Packet Size,0.00024517756537534297
62,53,Avg Fwd Segment Size,4.254101895639906e-06
62,54,Avg Bwd Segment Size,5.657646033796482e-05
62,55,Fwd Header Length.1,1.906870927825821e-08
62,56,Fwd Avg Bytes/Bulk,0.0
62,57,Fwd Avg Packets/Bulk,0.0
62,58,Fwd Avg Bulk Rate,0.0
62,59,Bwd Avg Bytes/Bulk,0.0
62,60,Bwd Avg Packets/Bulk,0.0
62,61,Bwd Avg Bulk Rate,0.0
62,62,Subflow Fwd Packets,1.660847601669957e-07
62,63,Subflow Fwd Bytes,2.446448044146621e-10
62,64,Subflow Bwd Packets,2.9703957693527627e-07
62,65,Subflow Bwd Bytes,1.4495607558728807e-07
62,66,Init_Win_bytes_forward,1.5430778148584068e-05
62,67,Init_Win_bytes_backward,1.7037134966813028e-05
62,68,act_data_pkt_fwd,6.94478927698583e-08
62,69,min_seg_size_forward,1.656445647313376e-08
62,70,Active Mean,9.133443654718576e-07
62,71,Active Std,1.382846193109799e-07
62,72,Active Max,7.094629836501554e-06
62,73,Active Min,8.804488516034326e-08
62,74,Idle Mean,6.890224995004246e-06
62,75,Idle Std,4.809132860827958e-06
62,76,Idle Max,1.478975718782749e-05
62,77,Idle Min,3.349293183418922e-05
63,0,Destination Port,8.681013423483819e-05
63,1,Flow Duration,1.1052547961298842e-05
63,2,Total Fwd Packets,1.7010836472763913e-07
63,3,Total Backward Packets,2.6258257435074484e-07
63,4,Total Length of Fwd Packets,3.0930041816645826e-07
63,5,Total Length of Bwd Packets,2.1190530219428183e-07
63,6,Fwd Packet Length Max,1.7088741515181027e-05
63,7,Fwd Packet Length Min,3.2099842428578995e-06
63,8,Fwd Packet Length Mean,5.776693797088228e-06
63,9,Fwd Packet Length Std,7.156815627240576e-06
63,10,Bwd Packet Length Max,3.7914998074484174e-07
63,11,Bwd Packet Length Min,1.96453174794442e-06
63,12,Bwd Packet Length Mean,4.055914541822858e-05
63,13,Bwd Packet Length Std,1.522700404166244e-05
63,14,Flow Bytes/s,1.4057396811040235e-06
63,15,Flow Packets/s,1.3862269042874686e-05
63,16,Flow IAT Mean,4.605260619428009e-05
63,17,Flow IAT Std,1.591986983839888e-05
63,18,Flow IAT Max,5.342733857105486e-05
63,19,Flow IAT Min,1.058772454598511e-06
63,20,Fwd IAT Total,4.70505301564117e-06
63,21,Fwd IAT Mean,2.3010714357951656e-05
63,22,Fwd IAT Std,9.3699700300931e-06
63,23,Fwd IAT Max,3.931016181013547e-05
63,24,Fwd IAT Min,1.7434609617339447e-05
63,25,Bwd IAT Total,0.00011460485256975517
63,26,Bwd IAT Mean,8.545501259504817e-06
63,27,Bwd IAT Std,7.814751370460726e-06
63,28,Bwd IAT Max,1.7184762327815406e-05
63,29,Bwd IAT Min,8.418950528721325e-06
63,30,Fwd PSH Flags,1.6358124412363395e-05
63,31,Bwd PSH Flags,0.0
63,32,Fwd URG Flags,0.0
63,33,Bwd URG Flags,0.0
63,34,Fwd Header Length,2.3117672220962504e-09
63,35,Bwd Header Length,2.212604783835559e-07
63,36,Fwd Packets/s,1.342473660770338e-05
63,37,Bwd Packets/s,3.9493579606642015e-06
63,38,Min Packet Length,1.1867650755448267e-05
63,39,Max Packet Length,1.3773481441603508e-05
63,40,Packet Length Mean,7.812096555426251e-06
63,41,Packet Length Std,3.636793280747952e-06
63,42,Packet Length Variance,8.52821995067643e-06
63,43,FIN Flag Count,9.482482710154727e-06
63,44,SYN Flag Count,8.575393439969048e-05
63,45,RST Flag Count,3.223426006115915e-07
63,46,PSH Flag Count,0.00038990628672763705
63,47,ACK Flag Count,0.0004746489867102355
63,48,URG Flag Count,4.097232158528641e-05
63,49,CWE Flag Count,0.0
63,50,ECE Flag Count,7.359719944588505e-08
63,51,Down/Up Ratio,1.4625263247580733e-05
63,52,Average Packet Size,3.141341949230991e-05
63,53,Avg Fwd Segment Size,2.483548314557993e-06
63,54,Avg Bwd Segment Size,3.6492001527221873e-05
63,55,Fwd Header Length.1,8.029395814901363e-09
63,56,Fwd Avg Bytes/Bulk,0.0
63,57,Fwd Avg Packets/Bulk,0.0
63,58,Fwd Avg Bulk Rate,0.0
63,59,Bwd Avg Bytes/Bulk,0.0
63,60,Bwd Avg Packets/Bulk,0.0
63,61,Bwd Avg Bulk Rate,0.0
63,62,Subflow Fwd Packets,1.3626008410483337e-07
63,63,Subflow Fwd Bytes,1.3728994474604406e-07
63,64,Subflow Bwd Packets,2.5097619982261676e-07
63,65,Subflow Bwd Bytes,1.6292833038278332e-07
63,66,Init_Win_bytes_forward,9.830862836679444e-06
63,67,Init_Win_bytes_backward,6.925514753675088e-06
63,68,act_data_pkt_fwd,4.40018421699051e-09
63,69,min_seg_size_forward,1.2654086667396314e-09
63,70,Active Mean,8.756643978813372e-07
63,71,Active Std,9.055585792339116e-07
63,72,Active Max,4.159870059083914e-06
63,73,Active Min,4.811031999452098e-07
63,74,Idle Mean,7.548733992734924e-05
63,75,Idle Std,5.6290682550752535e-06
63,76,Idle Max,3.9484530134359375e-06
63,77,Idle Min,0.00014984373410698026
64,0,Destination Port,3.398855551495217e-05
64,1,Flow Duration,6.716609641443938e-05
64,2,Total Fwd Packets,1.6372619882076833e-07
64,3,Total Backward Packets,1.2743146271532169e-07
64,4,Total Length of Fwd Packets,1.7621583481286507e-07
64,5,Total Length of Bwd Packets,1.2438118801583187e-07
64,6,Fwd Packet Length Max,7.97157463239273e-06
64,7,Fwd Packet Length Min,1.3389535524765961e-05
64,8,Fwd Packet Length Mean,1.81307132152142e-05
64,9,Fwd Packet Length Std,6.344709163386142e-06
64,10,Bwd Packet Length Max,0.00012364635767880827
64,11,Bwd Packet Length Min,5.629556198982755e-06
64,12,Bwd Packet Length Mean,0.00034447654616087675
64,13,Bwd Packet Length Std,0.00036687360261566937
64,14,Flow Bytes/s,1.046739157573029e-06
64,15,Flow Packets/s,9.58573855314171e-06
64,16,Flow IAT Mean,1.784587584552355e-05
64,17,Flow IAT Std,5.884609890927095e-06
64,18,Flow IAT Max,3.297148577985354e-05
64,19,Flow IAT Min,1.6307226360368077e-06
64,20,Fwd IAT Total,9.794131619855762e-05
64,21,Fwd IAT Mean,3.735829159268178e-05
64,22,Fwd IAT Std,2.055282129731495e-05
64,23,Fwd IAT Max,3.1071747798705474e-05
64,24,Fwd IAT Min,2.527795913920272e-06
64,25,Bwd IAT Total,3.22460982715711e-05
64,26,Bwd IAT Mean,1.651715865591541e-05
64,27,Bwd IAT Std,2.209624426541268e-06
64,28,Bwd IAT Max,5.714860890293494e-05
64,29,Bwd IAT Min,2.4012003905227175e-06
64,30,Fwd PSH Flags,2.614484037621878e-05
64,31,Bwd PSH Flags,0.0
64,32,Fwd URG Flags,0.0
64,33,Bwd URG Flags,0.0
64,34,Fwd Header Length,8.437820753215419e-08
64,35,Bwd Header Length,1.8633744502949412e-07
64,36,Fwd Packets/s,8.679616257722955e-06
64,37,Bwd Packets/s,7.1413205660064705e-06
64,38,Min Packet Length,2.7540136215975508e-05
64,39,Max Packet Length,0.00029431097209453583
64,40,Packet Length Mean,0.00011372855806257576
64,41,Packet Length Std,8.946942398324609e-05
64,42,Packet Length Variance,0.00014371515135280788
64,43,FIN Flag Count,1.2044096365571022e-05
64,44,SYN Flag Count,9.518403385300189e-05
64,45,RST Flag Count,3.1292370294977445e-07
64,46,PSH Flag Count,0.0003037817950826138
64,47,ACK Flag Count,0.0002863031695596874
64,48,URG Flag Count,0.0001645174197619781
64,49,CWE Flag Count,0.0
64,50,ECE Flag Count,5.867331651643326e-07
64,51,Down/Up Ratio,7.899756383267231e-06
64,52,Average Packet Size,0.00032153280335478485
64,53,Avg Fwd Segment Size,4.12740564570413e-06
64,54,Avg Bwd Segment Size,5.43407368240878e-05
64,55,Fwd Header Length.1,2.3144687943954523e-08
64,56,Fwd Avg Bytes/Bulk,0.0
64,57,Fwd Avg Packets/Bulk,0.0
64,58,Fwd Avg Bulk Rate,0.0
64,59,Bwd Avg Bytes/Bulk,0.0
64,60,Bwd Avg Packets/Bulk,0.0
64,61,Bwd Avg Bulk Rate,0.0
64,62,Subflow Fwd Packets,1.1486466888754876e-07
64,63,Subflow Fwd Bytes,6.491521098439534e-09
64,64,Subflow Bwd Packets,1.6500811739206256e-07
64,65,Subflow Bwd Bytes,8.68093934514036e-08
64,66,Init_Win_bytes_forward,1.3022061466472223e-05
64,67,Init_Win_bytes_backward,1.7496562577434815e-05
64,68,act_data_pkt_fwd,8.280334640176079e-08
64,69,min_seg_size_forward,2.2003636759859724e-11
64,70,Active Mean,7.229502330119431e-07
64,71,Active Std,1.1980051795035251e-07
64,72,Active Max,6.183113782753935e-06
64,73,Active Min,7.454473660573058e-08
64,74,Idle Mean,6.944833785382798e-06
64,75,Idle Std,4.492751941143069e-06
64,76,Idle Max,1.3009786925977096e-05
64,77,Idle Min,3.814289448200725e-05
65,0,Destination Port,9.45900465012528e-05
65,1,Flow Duration,1.2867723853560165e-05
65,2,Total Fwd Packets,2.714077993459796e-07
65,3,Total Backward Packets,3.6521527135846554e-07
65,4,Total Length of Fwd Packets,3.191902067101182e-07
65,5,Total Length of Bwd Packets,3.0395082717404875e-07
65,6,Fwd Packet Length Max,1.6748359485063702e-05
65,7,Fwd Packet Length Min,4.68432835987187e-06
65,8,Fwd Packet Length Mean,5.657373549183831e-06
65,9,Fwd Packet Length Std,6.912056960572954e-06
65,10,Bwd Packet Length Max,9.241392717740382e-07
65,11,Bwd Packet Length Min,1.475488943469827e-06
65,12,Bwd Packet Length Mean,4.035550955450162e-05
65,13,Bwd Packet Length Std,1.0888005817832891e-05
65,14,Flow Bytes/s,1.3896074051444884e-06
65,15,Flow Packets/s,1.4510001165035646e-05
65,16,Flow IAT Mean,4.651925337384455e-05
65,17,Flow IAT Std,1.5574983990518376e-05
65,18,Flow IAT Max,5.162831803318113e-05
65,19,Flow IAT Min,1.2300871503612143e-06
65,20,Fwd IAT Total,4.907881248072954e-06
65,21,Fwd IAT Mean,2.2004725906299427e-05
65,22,Fwd IAT Std,9.93419780570548e-06
65,23,Fwd IAT Max,3.646644836408086e-05
65,24,Fwd IAT Min,1.8987371731782332e-05
65,25,Bwd IAT Total,0.00011035650823032483
65,26,Bwd IAT Mean,1.0437478522362653e-05
65,27,Bwd IAT Std,9.131568731390871e-06
65,28,Bwd IAT Max,1.8934535546577536e-05
65,29,Bwd IAT Min,1.0045961062132847e-05
65,30,Fwd PSH Flags,1.5665760656702332e-05
65,31,Bwd PSH Flags,0.0
65,32,Fwd URG Flags,0.0
65,33,Bwd URG Flags,0.0
65,34,Fwd Header Length,1.4397810055299942e-08
65,35,Bwd Header Length,1.4367918765856302e-07
65,36,Fwd Packets/s,1.655739288253244e-05
65,37,Bwd Packets/s,3.939296220778488e-06
65,38,Min Packet Length,1.018807688524248e-05
65,39,Max Packet Length,6.727156687702518e-06
65,40,Packet Length Mean,2.9052137051621685e-06
65,41,Packet Length Std,9.109277925745118e-06
65,42,Packet Length Variance,8.40182929096045e-06
65,43,FIN Flag Count,1.5585139408358373e-05
65,44,SYN Flag Count,8.191963570425287e-05
65,45,RST Flag Count,3.752862198780349e-07
65,46,PSH Flag Count,0.0003428530180826783
65,47,ACK Flag Count,0.00043660993105731905
65,48,URG Flag Count,2.214089545304887e-05
65,49,CWE Flag Count,0.0
65,50,ECE Flag Count,1.1333244032130096e-07
65,51,Down/Up Ratio,1.4481406651611906e-05
65,52,Average Packet Size,2.3973734641913325e-05
65,53,Avg Fwd Segment Size,2.3935995159263257e-06
65,54,Avg Bwd Segment Size,3.274776099715382e-05
65,55,Fwd Header Length.1,6.752852499403161e-09
65,56,Fwd Avg Bytes/Bulk,0.0
65,57,Fwd Avg Packets/Bulk,0.0
65,58,Fwd Avg Bulk Rate,0.0
65,59,Bwd Avg Bytes/Bulk,0.0
65,60,Bwd Avg Packets/Bulk,0.0
65,61,Bwd Avg Bulk Rate,0.0
65,62,Subflow Fwd Packets,1.9984267396466748e-07
65,63,Subflow Fwd Bytes,1.5937655462039402e-07
65,64,Subflow Bwd Packets,3.4467038290131313e-07
65,65,Subflow Bwd Bytes,2.391551845448703e-07
65,66,Init_Win_bytes_forward,1.3198978194850497e-05
65,67,Init_Win_bytes_backward,8.46148031996563e-06
65,68,act_data_pkt_fwd,1.5287432120203448e-07
65,69,min_seg_size_forward,4.634728600905191e-09
65,70,Active Mean,7.647987558812019e-07
65,71,Active Std,8.002768936421489e-07
65,72,Active Max,4.057288151670946e-06
65,73,Active Min,5.106457479087112e-07
65,74,Idle Mean,6.48322093184106e-05
65,75,Idle Std,5.135818355483934e-06
65,76,Idle Max,2.9802827157254796e-06
65,77,Idle Min,0.00015913530660327524
66,0,Destination Port,4.715159593615681e-05
66,1,Flow Duration,5.4642358009004965e-05
66,2,Total Fwd Packets,1.4162536388084845e-07
66,3,Total Backward Packets,1.1840555202979886e-07
66,4,Total Length of Fwd Packets,1.7028578724875842e-07
66,5,Total Length of Bwd Packets,7.627180309555115e-08
66,6,Fwd Packet Length Max,7.011783509369707e-06
66,7,Fwd Packet Length Min,1.3936096365796402e-05
66,8,Fwd Packet Length Mean,1.782091385393869e-05
66,9,Fwd Packet Length Std,6.091212981118588e-06
66,10,Bwd Packet Length Max,0.00012356253864709288
66,11,Bwd Packet Length Min,6.471974757005228e-06
66,12,Bwd Packet Length Mean,0.00032000834471546113
66,13,Bwd Packet Length Std,0.0005569627974182367
66,14,Flow Bytes/s,1.039589619722392e-06
66,15,Flow Packets/s,8.755395356274676e-06
66,16,Flow IAT Mean,1.8489219655748457e-05
66,17,Flow IAT Std,5.1238494052086025e-06
66,18,Flow IAT Max,3.801355342147872e-05
66,19,Flow IAT Min,1.5327284472732572e-06
66,20,Fwd IAT Total,0.00010617672523949295
66,21,Fwd IAT Mean,3.8052548916311935e-05
66,22,Fwd IAT Std,2.165763362427242e-05
66,23,Fwd IAT Max,3.1380292057292536e-05
66,24,Fwd IAT Min,2.8267375000723405e-06
66,25,Bwd IAT Total,2.9583989089587703e-05
66,26,Bwd IAT Mean,1.437943683413323e-05
66,27,Bwd IAT Std,1.3576275250670733e-06
66,28,Bwd IAT Max,6.201737414812669e-05
66,29,Bwd IAT Min,2.2980402718530968e-06
66,30,Fwd PSH Flags,2.6265801352565177e-05
66,31,Bwd PSH Flags,0.0
66,32,Fwd URG Flags,0.0
66,33,Bwd URG Flags,0.0
66,34,Fwd Header Length,8.018513142360462e-08
66,35,Bwd Header Length,2.2056663340208615e-07
66,36,Fwd Packets/s,1.1195342267455999e-05
66,37,Bwd Packets/s,7.101638402673416e-06
66,38,Min Packet Length,2.7208192477701232e-05
66,39,Max Packet Length,0.0003686746640596539
66,40,Packet Length Mean,5.300892735249363e-05
66,41,Packet Length Std,8.498135139234364e-05
66,42,Packet Length Variance,0.00021424420992843807
66,43,FIN Flag Count,1.4447335161094088e-05
66,44,SYN Flag Count,9.559505269862711e-05
66,45,RST Flag Count,3.508715451516764e-07
66,46,PSH Flag Count,0.00045758241321891546
66,47,ACK Flag Count,0.00028043429483659565
66,48,URG Flag Count,0.00017637071141507477
66,49,CWE Flag Count,0.0
66,50,ECE Flag Count,4.914113560516853e-07
66,51,Down/Up Ratio,7.957851266837679e-06
66,52,Average Packet Size,0.00026448818971402943
66,53,Avg Fwd Segment Size,2.9514721973100677e-06
66,54,Avg Bwd Segment Size,1.2945146409037989e-05
66,55,Fwd Header Length.1,3.9057439948919637e-08
66,56,Fwd Avg Bytes/Bulk,0.0
66,57,Fwd Avg Packets/Bulk,0.0
66,58,Fwd Avg Bulk Rate,0.0
66,59,Bwd Avg Bytes/Bulk,0.0
66,60,Bwd Avg Packets/Bulk,0.0
66,61,Bwd Avg Bulk Rate,0.0
66,62,Subflow Fwd Packets,1.0586273901935783e-07
66,63,Subflow Fwd Bytes,2.1777383452104004e-08
66,64,Subflow Bwd Packets,1.543498200362592e-07
66,65,Subflow Bwd Bytes,5.368498889879447e-08
66,66,Init_Win_bytes_forward,1.5081327546795364e-05
66,67,Init_Win_bytes_backward,1.732150667521637e-05
66,68,act_data_pkt_fwd,1.764896317979492e-08
66,69,min_seg_size_forward,6.345889591585774e-09
66,70,Active Mean,7.641968977623037e-07
66,71,Active Std,2.0850470150435285e-07
66,72,Active Max,6.77187517794664e-06
66,73,Active Min,8.143658902781681e-08
66,74,Idle Mean,9.501575732429046e-06
66,75,Idle Std,4.716237981483573e-06
66,76,Idle Max,8.57135728438152e-06
66,77,Idle Min,3.436230690567754e-05
67,0,Destination Port,9.213414887199178e-05
67,1,Flow Duration,1.3767815289611463e-05
67,2,Total Fwd Packets,1.3616842409192031e-07
67,3,Total Backward Packets,2.1502762592717772e-07
67,4,Total Length of Fwd Packets,2.8124514983574045e-07
67,5,Total Length of Bwd Packets,1.8267007817485137e-07
67,6,Fwd Packet Length Max,1.6972275261650793e-05
67,7,Fwd Packet Length Min,4.784742031915812e-06
67,8,Fwd Packet Length Mean,8.441248610324692e-06
67,9,Fwd Packet Length Std,8.280687325168401e-06
67,10,Bwd Packet Length Max,8.996063115773723e-06
67,11,Bwd Packet Length Min,9.056950034391775e-07
67,12,Bwd Packet Length Mean,4.400697798701003e-05
67,13,Bwd Packet Length Std,1.8687253032112494e-05
67,14,Flow Bytes/s,1.382079858558427e-06
67,15,Flow Packets/s,1.7268666852032766e-05
67,16,Flow IAT Mean,4.911271025775932e-05
67,17,Flow IAT Std,1.1590539543249179e-05
67,18,Flow IAT Max,3.221253427909687e-05
67,19,Flow IAT Min,1.1262793577770935e-06
67,20,Fwd IAT Total,6.837262844783254e-06
67,21,Fwd IAT Mean,2.2689166144118644e-05
67,22,Fwd IAT Std,1.604695171408821e-05
67,23,Fwd IAT Max,4.212832936900668e-05
67,24,Fwd IAT Min,1.701780638541095e-05
67,25,Bwd IAT Total,0.00012151858391007408
67,26,Bwd IAT Mean,9.454774954065215e-06
67,27,Bwd IAT Std,6.061983640393009e-06
67,28,Bwd IAT Max,2.400021730863955e-05
67,29,Bwd IAT Min,6.795627541578142e-06
67,30,Fwd PSH Flags,2.120344652212225e-05
67,31,Bwd PSH Flags,0.0
67,32,Fwd URG Flags,0.0
67,33,Bwd URG Flags,0.0
67,34,Fwd Header Length,8.090080605427374e-09
67,35,Bwd Header Length,1.0579317688552692e-07
67,36,Fwd Packets/s,1.5411202184623107e-05
67,37,Bwd Packets/s,3.79547554985038e-06
67,38,Min Packet Length,1.3766733900411054e-05
67,39,Max Packet Length,8.914492354961112e-06
67,40,Packet Length Mean,5.228458576311823e-06
67,41,Packet Length Std,3.24074335367186e-06
67,42,Packet Length Variance,8.197896022466011e-06
67,43,FIN Flag Count,1.857721508713439e-05
67,44,SYN Flag Count,7.027570245554671e-05
67,45,RST Flag Count,4.368883139704849e-07
67,46,PSH Flag Count,0.00031933473655954003
67,47,ACK Flag Count,0.0003915164270438254
67,48,URG Flag Count,5.2433755627134815e-05
67,49,CWE Flag Count,0.0
67,50,ECE Flag Count,1.1568601365752329e-07
67,51,Down/Up Ratio,1.4955366168578621e-05
67,52,Average Packet Size,2.4877448595361784e-05
67,53,Avg Fwd Segment Size,2.2298238491202937e-06
67,54,Avg Bwd Segment Size,3.548571839928627e-05
67,55,Fwd Header Length.1,6.766378124467565e-09
67,56,Fwd Avg Bytes/Bulk,0.0
67,57,Fwd Avg Packets/Bulk,0.0
67,58,Fwd Avg Bulk Rate,0.0
67,59,Bwd Avg Bytes/Bulk,0.0
67,60,Bwd Avg Packets/Bulk,0.0
67,61,Bwd Avg Bulk Rate,0.0
67,62,Subflow Fwd Packets,1.0642438041941205e-07
67,63,Subflow Fwd Bytes,1.650612517778427e-07
67,64,Subflow Bwd Packets,2.050293375077672e-07
67,65,Subflow Bwd Bytes,1.458410849863867e-07
67,66,Init_Win_bytes_forward,2.3795915694790892e-05
67,67,Init_Win_bytes_backward,1.4695055142510682e-05
67,68,act_data_pkt_fwd,5.7477663517602195e-08
67,69,min_seg_size_forward,1.6098020486077225e-11
67,70,Active Mean,7.694024475313199e-07
67,71,Active Std,8.011015211195627e-07
67,72,Active Max,4.098885256098583e-06
67,73,Active Min,4.852087727158505e-07
67,74,Idle Mean,6.48924324195832e-05
67,75,Idle Std,6.07485981163336e-06
67,76,Idle Max,1.5747169527458027e-05
67,77,Idle Min,0.00015021784929558635
68,0,Destination Port,4.401391925057396e-05
68,1,Flow Duration,4.979849836672656e-05
68,2,Total Fwd Packets,1.5163109878812975e-07
68,3,Total Backward Packets,1.4199554243532475e-07
68,4,Total Length of Fwd Packets,2.2149136214011378e-07
68,5,Total Length of Bwd Packets,8.74042171972178e-08
68,6,Fwd Packet Length Max,5.520029844774399e-06
68,7,Fwd Packet Length Min,1.3129902072250843e-05
68,8,Fwd Packet Length Mean,2.031621079368051e-05
68,9,Fwd Packet Length Std,5.299176791595528e-06
68,10,Bwd Packet Length Max,0.0001170652249129489
68,11,Bwd Packet Length Min,7.094402917573461e-06
68,12,Bwd Packet Length Mean,0.00044292479287832975
68,13,Bwd Packet Length Std,0.0009605558007024229
68,14,Flow Bytes/s,9.527799988973129e-07
68,15,Flow Packets/s,9.176750609185547e-06
68,16,Flow IAT Mean,1.805121064535342e-05
68,17,Flow IAT Std,7.7307104220381e-06
68,18,Flow IAT Max,4.30657782999333e-05
68,19,Flow IAT Min,1.666726234361704e-06
68,20,Fwd IAT Total,0.00010702930740080774
68,21,Fwd IAT Mean,3.502343315631151e-05
68,22,Fwd IAT Std,2.4342600227100775e-05
68,23,Fwd IAT Max,3.6429093597689644e-05
68,24,Fwd IAT Min,2.683619186427677e-06
68,25,Bwd IAT Total,6.212281732587144e-06
68,26,Bwd IAT Mean,1.0439864126965404e-05
68,27,Bwd IAT Std,4.339568931754911e-06
68,28,Bwd IAT Max,6.257714267121628e-05
68,29,Bwd IAT Min,6.227477911124879e-07
68,30,Fwd PSH Flags,3.453826138866134e-05
68,31,Bwd PSH Flags,0.0
68,32,Fwd URG Flags,0.0
68,33,Bwd URG Flags,0.0
68,34,Fwd Header Length,7.523645706442039e-08
68,35,Bwd Header Length,1.847650850095306e-07
68,36,Fwd Packets/s,9.313524969911668e-06
68,37,Bwd Packets/s,7.561076927231625e-06
68,38,Min Packet Length,3.1097228202270344e-05
68,39,Max Packet Length,0.00047904267557896674
68,40,Packet Length Mean,5.23289963894058e-05
68,41,Packet Length Std,2.842816502379719e-05
68,42,Packet Length Variance,0.0004610508622135967
68,43,FIN Flag Count,1.646502823859919e-05
68,44,SYN Flag Count,8.528967009624466e-05
68,45,RST Flag Count,3.9602164747520874e-07
68,46,PSH Flag Count,0.0006426363252103329
68,47,ACK Flag Count,0.00025261679547838867
68,48,URG Flag Count,0.0002177870337618515
68,49,CWE Flag Count,0.0
68,50,ECE Flag Count,4.139124030189123e-07
68,51,Down/Up Ratio,7.732473022770137e-06
68,52,Average Packet Size,0.0002260856272187084
68,53,Avg Fwd Segment Size,3.168497414662852e-06
68,54,Avg Bwd Segment Size,8.517648529959843e-05
68,55,Fwd Header Length.1,4.448862611639015e-08
68,56,Fwd Avg Bytes/Bulk,0.0
68,57,Fwd Avg Packets/Bulk,0.0
68,58,Fwd Avg Bulk Rate,0.0
68,59,Bwd Avg Bytes/Bulk,0.0
68,60,Bwd Avg Packets/Bulk,0.0
68,61,Bwd Avg Bulk Rate,0.0
68,62,Subflow Fwd Packets,1.1780731057342564e-07
68,63,Subflow Fwd Bytes,1.7197381296796266e-08
68,64,Subflow Bwd Packets,1.9227834968660318e-07
68,65,Subflow Bwd Bytes,6.111232409011791e-08
68,66,Init_Win_bytes_forward,1.6618256267975084e-05
68,67,Init_Win_bytes_backward,1.855920891102869e-05
68,68,act_data_pkt_fwd,4.6767624439780775e-08
68,69,min_seg_size_forward,7.890707642843608e-09
68,70,Active Mean,8.364564223484194e-07
68,71,Active Std,2.569733510426886e-07
68,72,Active Max,7.654713044757955e-06
68,73,Active Min,7.32154674665253e-08
68,74,Idle Mean,9.086393220059108e-06
68,75,Idle Std,4.6282075345516205e-06
68,76,Idle Max,9.870213034446351e-06
68,77,Idle Min,2.8328620828688145e-05
69,0,Destination Port,7.934027962619439e-05
69,1,Flow Duration,1.3536047845263965e-05
69,2,Total Fwd Packets,1.0761833380001917e-07
69,3,Total Backward Packets,2.0114606513743638e-07
69,4,Total Length of Fwd Packets,3.2825568041516817e-07
69,5,Total Length of Bwd Packets,1.374916251961622e-07
69,6,Fwd Packet Length Max,1.7599135389900766e-05
69,7,Fwd Packet Length Min,3.877720700984355e-06
69,8,Fwd Packet Length Mean,1.1437626199040096e-05
69,9,Fwd Packet Length Std,8.027161129575688e-06
69,10,Bwd Packet Length Max,9.401576789969113e-06
69,11,Bwd Packet Length Min,2.1567134353972506e-06
69,12,Bwd Packet Length Mean,5.031864202464931e-05
69,13,Bwd Packet Length Std,2.5666762667242438e-05
69,14,Flow Bytes/s,1.3729361398873152e-06
69,15,Flow Packets/s,1.5696025002398528e-05
69,16,Flow IAT Mean,5.1931667258031666e-05
69,17,Flow IAT Std,1.0210480468231253e-05
69,18,Flow IAT Max,2.7471178327687085e-05
69,19,Flow IAT Min,1.167141363112023e-06
69,20,Fwd IAT Total,7.562461632915074e-06
69,21,Fwd IAT Mean,2.3512335246778093e-05
69,22,Fwd IAT Std,2.504897565813735e-05
69,23,Fwd IAT Max,4.556037310976535e-05
69,24,Fwd IAT Min,1.4604578609578311e-05
69,25,Bwd IAT Total,0.00012682972010225058
69,26,Bwd IAT Mean,8.149355380737688e-06
69,27,Bwd IAT Std,3.52390361513244e-06
69,28,Bwd IAT Max,2.2925783923710696e-05
69,29,Bwd IAT Min,5.784159839095082e-06
69,30,Fwd PSH Flags,2.2655463908449747e-05
69,31,Bwd PSH Flags,0.0
69,32,Fwd URG Flags,0.0
69,33,Bwd URG Flags,0.0
69,34,Fwd Header Length,6.870983643159079e-11
69,35,Bwd Header Length,1.297337064443127e-07
69,36,Fwd Packets/s,1.5303909094654955e-05
69,37,Bwd Packets/s,4.446795173862483e-06
69,38,Min Packet Length,1.5199588233372197e-05
69,39,Max Packet Length,1.4392585399036761e-05
69,40,Packet Length Mean,8.408588655584026e-06
69,41,Packet Length Std,2.246210442535812e-06
69,42,Packet Length Variance,8.95956236490747e-06
69,43,FIN Flag Count,1.6244543076027185e-05
69,44,SYN Flag Count,6.592953286599368e-05
69,45,RST Flag Count,5.730532848247094e-07
69,46,PSH Flag Count,0.00033804334816522896
69,47,ACK Flag Count,0.00041382035124115646
69,48,URG Flag Count,6.328261224552989e-05
69,49,CWE Flag Count,0.0
69,50,ECE Flag Count,1.469337718162933e-07
69,51,Down/Up Ratio,1.7536212908453308e-05
69,52,Average Packet Size,2.8777716579497792e-05
69,53,Avg Fwd Segment Size,2.1129753804416396e-06
69,54,Avg Bwd Segment Size,4.294955942896195e-05
69,55,Fwd Header Length.1,2.9694559700033096e-08
69,56,Fwd Avg Bytes/Bulk,0.0
69,57,Fwd Avg Packets/Bulk,0.0
69,58,Fwd Avg Bulk Rate,0.0
69,59,Bwd Avg Bytes/Bulk,0.0
69,60,Bwd Avg Packets/Bulk,0.0
69,61,Bwd Avg Bulk Rate,0.0
69,62,Subflow Fwd Packets,8.813975682642194e-08
69,63,Subflow Fwd Bytes,1.676709331377424e-07
69,64,Subflow Bwd Packets,1.9508209447849367e-07
69,65,Subflow Bwd Bytes,1.0903166014486487e-07
69,66,Init_Win_bytes_forward,2.0912635591230355e-05
69,67,Init_Win_bytes_backward,1.4439509868680034e-05
69,68,act_data_pkt_fwd,3.7518770312772176e-08
69,69,min_seg_size_forward,4.598891045759501e-09
69,70,Active Mean,9.91258048088639e-07
69,71,Active Std,8.984218311525183e-07
69,72,Active Max,4.321996129874606e-06
69,73,Active Min,4.938239044349757e-07
69,74,Idle Mean,6.840386049589142e-05
69,75,Idle Std,6.456060418713605e-06
69,76,Idle Max,2.2994281607680023e-05
69,77,Idle Min,0.00013562291860580444
70,0,Destination Port,2.689113716769498e-05
70,1,Flow Duration,5.7592646044213325e-05
70,2,Total Fwd Packets,1.710439931912333e-07
70,3,Total Backward Packets,1.6041421702084335e-07
70,4,Total Length of Fwd Packets,2.455318792726757e-07
70,5,Total Length of Bwd Packets,1.0494916580228164e-07
70,6,Fwd Packet Length Max,6.168569143483182e-06
70,7,Fwd Packet Length Min,1.3295783901412506e-05
70,8,Fwd Packet Length Mean,2.005156420636922e-05
70,9,Fwd Packet Length Std,5.821224476676434e-06
70,10,Bwd Packet Length Max,0.00010930129064945504
70,11,Bwd Packet Length Min,5.371621682570549e-06
70,12,Bwd Packet Length Mean,0.0005043062847107649
70,13,Bwd Packet Length Std,0.0008930063340812922
70,14,Flow Bytes/s,7.562559858342865e-07
70,15,Flow Packets/s,1.0801195458043367e-05
70,16,Flow IAT Mean,1.8408210962661542e-05
70,17,Flow IAT Std,9.318482625531033e-06
70,18,Flow IAT Max,4.036048994748853e-05
70,19,Flow IAT Min,1.8596065274323337e-06
70,20,Fwd IAT Total,0.0001051128056133166
70,21,Fwd IAT Mean,3.640463182819076e-05
70,22,Fwd IAT Std,2.550538192735985e-05
70,23,Fwd IAT Max,3.8002825021976605e-05
70,24,Fwd IAT Min,1.8238675920656533e-06
70,25,Bwd IAT Total,2.291440296176006e-06
70,26,Bwd IAT Mean,1.2392788448778447e-05
70,27,Bwd IAT Std,5.024705387768336e-06
70,28,Bwd IAT Max,6.186601967783645e-05
70,29,Bwd IAT Min,1.6375215636799112e-06
70,30,Fwd PSH Flags,3.4243355912622064e-05
70,31,Bwd PSH Flags,0.0
70,32,Fwd URG Flags,0.0
70,33,Bwd URG Flags,0.0
70,34,Fwd Header Length,8.73203092055519e-08
70,35,Bwd Header Length,1.6193530427699443e-07
70,36,Fwd Packets/s,1.2131760740885511e-05
70,37,Bwd Packets/s,7.4877725637634285e-06
70,38,Min Packet Length,3.076943175983615e-05
70,39,Max Packet Length,0.0005007362342439592
70,40,Packet Length Mean,5.569113636738621e-05
70,41,Packet Length Std,7.815826393198222e-06
70,42,Packet Length Variance,0.0004897136241197586
70,43,FIN Flag Count,2.0395866158651188e-05
70,44,SYN Flag Count,8.635908307041973e-05
70,45,RST Flag Count,4.974670559931837e-07
70,46,PSH Flag Count,0.000570783915463835
70,47,ACK Flag Count,0.0002835163031704724
70,48,URG Flag Count,0.00021510293299797922
70,49,CWE Flag Count,0.0
70,50,ECE Flag Count,5.066490871286078e-07
70,51,Down/Up Ratio,8.423199687968008e-06
70,52,Average Packet Size,0.00024643316282890737
70,53,Avg Fwd Segment Size,3.540297257131897e-06
70,54,Avg Bwd Segment Size,5.4963602451607585e-06
70,55,Fwd Header Length.1,3.6397100444673924e-08
70,56,Fwd Avg Bytes/Bulk,0.0
70,57,Fwd Avg Packets/Bulk,0.0
70,58,Fwd Avg Bulk Rate,0.0
70,59,Bwd Avg Bytes/Bulk,0.0
70,60,Bwd Avg Packets/Bulk,0.0
70,61,Bwd Avg Bulk Rate,0.0
70,62,Subflow Fwd Packets,1.2646128766391485e-07
70,63,Subflow Fwd Bytes,1.2200033872034055e-08
70,64,Subflow Bwd Packets,2.152720526282792e-07
70,65,Subflow Bwd Bytes,7.478038099861806e-08
70,66,Init_Win_bytes_forward,1.7942300473805517e-05
70,67,Init_Win_bytes_backward,1.937288288900163e-05
70,68,act_data_pkt_fwd,8.535653961416756e-08
70,69,min_seg_size_forward,2.699497396452255e-11
70,70,Active Mean,9.445922160011833e-07
70,71,Active Std,1.5239612594086793e-07
70,72,Active Max,7.550357622676529e-06
70,73,Active Min,6.919097472746216e-08
70,74,Idle Mean,7.475971415260574e-06
70,75,Idle Std,5.149977823748486e-06
70,76,Idle Max,1.4289928003563546e-05
70,77,Idle Min,3.287808067398146e-05
71,0,Destination Port,8.105178130790591e-05
71,1,Flow Duration,1.1794813872256782e-05
71,2,Total Fwd Packets,1.904966353549753e-07
71,3,Total Backward Packets,2.687806670564896e-07
71,4,Total Length of Fwd Packets,3.009719478086481e-07
71,5,Total Length of Bwd Packets,2.24047226993207e-07
71,6,Fwd Packet Length Max,1.8132484910893254e-05
71,7,Fwd Packet Length Min,3.506898565319716e-06
71,8,Fwd Packet Length Mean,9.086468708119355e-06
71,9,Fwd Packet Length Std,6.826066510257078e-06
71,10,Bwd Packet Length Max,2.325562263649772e-06
71,11,Bwd Packet Length Min,1.8141823829864734e-06
71,12,Bwd Packet Length Mean,4.8072477511595935e-05
71,13,Bwd Packet Length Std,2.1996464056428522e-05
71,14,Flow Bytes/s,1.3806306924379896e-06
71,15,Flow Packets/s,1.3738047528022435e-05
71,16,Flow IAT Mean,7.544534310000017e-05
71,17,Flow IAT Std,1.8359012756263837e-05
71,18,Flow IAT Max,4.148930383962579e-05
71,19,Flow IAT Min,1.1394971579647972e-06
71,20,Fwd IAT Total,5.112684448249638e-06
71,21,Fwd IAT Mean,4.7766283387318254e-05
71,22,Fwd IAT Std,1.9637363948277198e-05
71,23,Fwd IAT Max,4.582462497637607e-05
71,24,Fwd IAT Min,1.4451684364757966e-05
71,25,Bwd IAT Total,0.00012421663268469274
71,26,Bwd IAT Mean,8.737040843698196e-06
71,27,Bwd IAT Std,6.469498657679651e-06
71,28,Bwd IAT Max,2.177552778448444e-05
71,29,Bwd IAT Min,7.2486150202166755e-06
71,30,Fwd PSH Flags,1.753275137161836e-05
71,31,Bwd PSH Flags,0.0
71,32,Fwd URG Flags,0.0
71,33,Bwd URG Flags,0.0
71,34,Fwd Header Length,4.557533461735375e-09
71,35,Bwd Header Length,1.9022084529751737e-07
71,36,Fwd Packets/s,1.3951047549198847e-05
71,37,Bwd Packets/s,4.163203811913263e-06
71,38,Min Packet Length,1.3064692211628426e-05
71,39,Max Packet Length,1.7446956917410716e-05
71,40,Packet Length Mean,7.930450919957366e-06
71,41,Packet Length Std,8.263300514954608e-07
71,42,Packet Length Variance,9.565232176100835e-06
71,43,FIN Flag Count,1.0524502613407094e-05
71,44,SYN Flag Count,8.189749496523291e-05
71,45,RST Flag Count,4.328850593537936e-07
71,46,PSH Flag Count,0.0003662253147922456
71,47,ACK Flag Count,0.0004429797118064016
71,48,URG Flag Count,4.773920954903588e-05
71,49,CWE Flag Count,0.0
71,50,ECE Flag Count,8.91810358893963e-08
71,51,Down/Up Ratio,1.8744636690826155e-05
71,52,Average Packet Size,3.197622936568223e-05
71,53,Avg Fwd Segment Size,3.1480606139666634e-06
71,54,Avg Bwd Segment Size,4.064868335262872e-05
71,55,Fwd Header Length.1,2.8276145869199354e-08
71,56,Fwd Avg Bytes/Bulk,0.0
71,57,Fwd Avg Packets/Bulk,0.0
71,58,Fwd Avg Bulk Rate,0.0
71,59,Bwd Avg Bytes/Bulk,0.0
71,60,Bwd Avg Packets/Bulk,0.0
71,61,Bwd Avg Bulk Rate,0.0
71,62,Subflow Fwd Packets,1.520740653404573e-07
71,63,Subflow Fwd Bytes,1.3537491838633287e-07
71,64,Subflow Bwd Packets,2.588240022305399e-07
71,65,Subflow Bwd Bytes,1.7209085001468338e-07
71,66,Init_Win_bytes_forward,6.758947165508289e-06
71,67,Init_Win_bytes_backward,1.267124116566265e-05
71,68,act_data_pkt_fwd,6.439714894668214e-08
71,69,min_seg_size_forward,6.740017398365605e-12
71,70,Active Mean,1.0117292958966573e-06
71,71,Active Std,8.85715166987211e-07
71,72,Active Max,4.075284323334927e-06
71,73,Active Min,4.884869326815533e-07
71,74,Idle Mean,7.044244557619095e-05
71,75,Idle Std,6.232338819245342e-06
71,76,Idle Max,1.252595757250674e-05
71,77,Idle Min,0.00013968169514555484
72,0,Destination Port,3.157076207571663e-06
72,1,Flow Duration,8.583578164689243e-05
72,2,Total Fwd Packets,1.8574650084701716e-07
72,3,Total Backward Packets,1.6195870955471037e-07
72,4,Total Length of Fwd Packets,1.4043021678844525e-07
72,5,Total Length of Bwd Packets,1.200121459987713e-07
72,6,Fwd Packet Length Max,8.725216503080446e-06
72,7,Fwd Packet Length Min,1.1165852811245713e-05
72,8,Fwd Packet Length Mean,1.8794546122080646e-05
72,9,Fwd Packet Length Std,5.809501544717932e-06
72,10,Bwd Packet Length Max,0.0001728583301883191
72,11,Bwd Packet Length Min,3.068997784794192e-06
72,12,Bwd Packet Length Mean,0.0004733608802780509
72,13,Bwd Packet Length Std,0.00036457390524446964
72,14,Flow Bytes/s,5.637365916300041e-07
72,15,Flow Packets/s,1.1301869562885258e-05
72,16,Flow IAT Mean,1.846108352765441e-05
72,17,Flow IAT Std,8.782099939708132e-06
72,18,Flow IAT Max,3.1130799470702186e-05
72,19,Flow IAT Min,1.6565838905080454e-06
72,20,Fwd IAT Total,8.604439062764868e-05
72,21,Fwd IAT Mean,3.836639371002093e-05
72,22,Fwd IAT Std,2.2106603864813223e-05
72,23,Fwd IAT Max,4.793578773387708e-05
72,24,Fwd IAT Min,7.808193345226755e-07
72,25,Bwd IAT Total,2.5364441171404906e-05
72,26,Bwd IAT Mean,1.4533076864609029e-05
72,27,Bwd IAT Std,3.103152266703546e-06
72,28,Bwd IAT Max,5.6407869124086574e-05
72,29,Bwd IAT Min,4.5987121666257735e-06
72,30,Fwd PSH Flags,2.3521241018897854e-05
72,31,Bwd PSH Flags,0.0
72,32,Fwd URG Flags,0.0
72,33,Bwd URG Flags,0.0
72,34,Fwd Header Length,7.977910598810922e-08
72,35,Bwd Header Length,1.8506707988308335e-07
72,36,Fwd Packets/s,1.2081254681106657e-05
72,37,Bwd Packets/s,6.810455943195848e-06
72,38,Min Packet Length,2.7463745936984196e-05
72,39,Max Packet Length,0.0004280816938262433
72,40,Packet Length Mean,0.0001099815999623388
72,41,Packet Length Std,5.990165664115921e-05
72,42,Packet Length Variance,0.00023557155509479344
72,43,FIN Flag Count,1.471610721637262e-05
72,44,SYN Flag Count,8.666227950016037e-05
72,45,RST Flag Count,3.2653721859787765e-07
72,46,PSH Flag Count,0.00037676855572499335
72,47,ACK Flag Count,0.00035728764487430453
72,48,URG Flag Count,0.00016828432853799313
72,49,CWE Flag Count,0.0
72,50,ECE Flag Count,5.445963324746117e-07
72,51,Down/Up Ratio,7.121839644241845e-06
72,52,Average Packet Size,0.0003027616476174444
72,53,Avg Fwd Segment Size,2.3265283743967302e-06
72,54,Avg Bwd Segment Size,5.964367665001191e-05
72,55,Fwd Header Length.1,4.617849924670736e-08
72,56,Fwd Avg Bytes/Bulk,0.0
72,57,Fwd Avg Packets/Bulk,0.0
72,58,Fwd Avg Bulk Rate,0.0
72,59,Bwd Avg Bytes/Bulk,0.0
72,60,Bwd Avg Packets/Bulk,0.0
72,61,Bwd Avg Bulk Rate,0.0
72,62,Subflow Fwd Packets,1.327505998460765e-07
72,63,Subflow Fwd Bytes,1.0364864522216521e-08
72,64,Subflow Bwd Packets,2.0250178067726665e-07
72,65,Subflow Bwd Bytes,8.965383813119843e-08
72,66,Init_Win_bytes_forward,1.6188121662708e-05
72,67,Init_Win_bytes_backward,1.8177137462771498e-05
72,68,act_data_pkt_fwd,4.9293412018869276e-08
72,69,min_seg_size_forward,6.5412382177498785e-09
72,70,Active Mean,1.058030875356053e-06
72,71,Active Std,2.8578961419611915e-08
72,72,Active Max,6.935391866136342e-06
72,73,Active Min,1.7311683109255682e-07
72,74,Idle Mean,8.039086424105335e-06
72,75,Idle Std,4.6735758587601595e-06
72,76,Idle Max,1.1721046575985383e-05
72,77,Idle Min,4.814678322873078e-05
73,0,Destination Port,9.897876589093357e-05
73,1,Flow Duration,1.073323073796928e-05
73,2,Total Fwd Packets,9.818581503395762e-08
73,3,Total Backward Packets,1.9870920198172826e-07
73,4,Total Length of Fwd Packets,2.926050797213975e-07
73,5,Total Length of Bwd Packets,1.4378773016687774e-07
73,6,Fwd Packet Length Max,1.7719763491186313e-05
73,7,Fwd Packet Length Min,5.937302830716362e-06
73,8,Fwd Packet Length Mean,8.61108310346026e-06
73,9,Fwd Packet Length Std,3.84674876841018e-06
73,10,Bwd Packet Length Max,3.741400178114418e-06
73,11,Bwd Packet Length Min,1.0573005056357943e-05
73,12,Bwd Packet Length Mean,5.8149595133727416e-05
73,13,Bwd Packet Length Std,7.65087315812707e-06
73,14,Flow Bytes/s,1.229786676049116e-06
73,15,Flow Packets/s,1.4000494957144838e-05
73,16,Flow IAT Mean,4.4640906708082184e-05
73,17,Flow IAT Std,1.525494644738501e-05
73,18,Flow IAT Max,3.554221984813921e-05
73,19,Flow IAT Min,1.2560259392557782e-06
73,20,Fwd IAT Total,4.287025603844086e-06
73,21,Fwd IAT Mean,2.3769778636051342e-05
73,22,Fwd IAT Std,1.8705386537476443e-05
73,23,Fwd IAT Max,5.056819281890057e-05
73,24,Fwd IAT Min,1.7473164916737005e-05
73,25,Bwd IAT Total,8.540453563909978e-05
73,26,Bwd IAT Mean,1.249463912245119e-05
73,27,Bwd IAT Std,1.2529756531876046e-05
73,28,Bwd IAT Max,2.0220186343067326e-05
73,29,Bwd IAT Min,6.37033190287184e-06
73,30,Fwd PSH Flags,1.7756890883902088e-05
73,31,Bwd PSH Flags,0.0
73,32,Fwd URG Flags,0.0
73,33,Bwd URG Flags,0.0
73,34,Fwd Header Length,1.3235124995958358e-08
73,35,Bwd Header Length,1.7417627873328456e-07
73,36,Fwd Packets/s,1.6567850252613425e-05
73,37,Bwd Packets/s,3.0343173875735374e-06
73,38,Min Packet Length,8.718167009647004e-06
73,39,Max Packet Length,9.412974577571731e-06
73,40,Packet Length Mean,3.3046940188796725e-06
73,41,Packet Length Std,2.771574372673058e-06
73,42,Packet Length Variance,5.551963567995699e-06
73,43,FIN Flag Count,1.3990667866892181e-05
73,44,SYN Flag Count,8.99836522876285e-05
73,45,RST Flag Count,2.021102432081534e-07
73,46,PSH Flag Count,0.00044153680210001767
73,47,ACK Flag Count,0.0003181996289640665
73,48,URG Flag Count,4.9747257435228676e-05
73,49,CWE Flag Count,0.0
73,50,ECE Flag Count,1.5160919986101362e-07
73,51,Down/Up Ratio,7.651682608411647e-06
73,52,Average Packet Size,4.072647061548196e-05
73,53,Avg Fwd Segment Size,9.801508440432372e-07
73,54,Avg Bwd Segment Size,4.045501191285439e-05
73,55,Fwd Header Length.1,6.432379251464226e-08
73,56,Fwd Avg Bytes/Bulk,0.0
73,57,Fwd Avg Packets/Bulk,0.0
73,58,Fwd Avg Bulk Rate,0.0
73,59,Bwd Avg Bytes/Bulk,0.0
73,60,Bwd Avg Packets/Bulk,0.0
73,61,Bwd Avg Bulk Rate,0.0
73,62,Subflow Fwd Packets,9.595466821110676e-08
73,63,Subflow Fwd Bytes,5.842984407422591e-08
73,64,Subflow Bwd Packets,1.9469619871870236e-07
73,65,Subflow Bwd Bytes,1.166028340549019e-07
73,66,Init_Win_bytes_forward,7.901495337137021e-06
73,67,Init_Win_bytes_backward,1.6051795910243527e-06
73,68,act_data_pkt_fwd,4.078462012557793e-09
73,69,min_seg_size_forward,8.288695250990852e-12
73,70,Active Mean,7.604268148497795e-07
73,71,Active Std,7.383737852251215e-07
73,72,Active Max,4.59730472357478e-06
73,73,Active Min,1.3837269818850473e-07
73,74,Idle Mean,5.267385859042406e-05
73,75,Idle Std,5.783142114523798e-06
73,76,Idle Max,4.572018588078208e-05
73,77,Idle Min,0.0001439908955944702
74,0,Destination Port,0.00012078094005119056
74,1,Flow Duration,0.0001427141105523333
74,2,Total Fwd Packets,1.4836216166713712e-07
74,3,Total Backward Packets,9.711133941436856e-08
74,4,Total Length of Fwd Packets,2.0756603191784961e-07
74,5,Total Length of Bwd Packets,4.2194436389308976e-08
74,6,Fwd Packet Length Max,9.605366358300671e-06
74,7,Fwd Packet Length Min,1.0272837243974209e-05
74,8,Fwd Packet Length Mean,1.7010392184602097e-05
74,9,Fwd Packet Length Std,5.950474246674275e-07
74,10,Bwd Packet Length Max,2.0055289496667683e-05
74,11,Bwd Packet Length Min,6.415181815100368e-06
74,12,Bwd Packet Length Mean,0.0003600695345085114
74,13,Bwd Packet Length Std,8.974862430477515e-05
74,14,Flow Bytes/s,5.321300022842479e-07
74,15,Flow Packets/s,1.1084509424108546e-05
74,16,Flow IAT Mean,2.0261333702364936e-05
74,17,Flow IAT Std,1.7645155821810476e-05
74,18,Flow IAT Max,9.08199308469193e-06
74,19,Flow IAT Min,1.4559338978870073e-06
74,20,Fwd IAT Total,8.99461010703817e-05
74,21,Fwd IAT Mean,4.032763172290288e-05
74,22,Fwd IAT Std,2.055163167824503e-05
74,23,Fwd IAT Max,4.14106143580284e-05
74,24,Fwd IAT Min,8.299063665617723e-06
74,25,Bwd IAT Total,5.6734792451607063e-05
74,26,Bwd IAT Mean,2.0096687876502983e-05
74,27,Bwd IAT Std,8.341278601164959e-08
74,28,Bwd IAT Max,4.124064798816107e-05
74,29,Bwd IAT Min,5.766686626884621e-06
74,30,Fwd PSH Flags,1.5929301298456267e-05
74,31,Bwd PSH Flags,0.0
74,32,Fwd URG Flags,0.0
74,33,Bwd URG Flags,0.0
74,34,Fwd Header Length,4.2719513260180975e-08
74,35,Bwd Header Length,1.3987336444643006e-07
74,36,Fwd Packets/s,2.4274326278828084e-05
74,37,Bwd Packets/s,5.652455911331344e-06
74,38,Min Packet Length,2.0506508008111268e-05
74,39,Max Packet Length,0.00010206489969277754
74,40,Packet Length Mean,0.0002802580129355192
74,41,Packet Length Std,1.839985270635225e-05
74,42,Packet Length Variance,0.0001426089438609779
74,43,FIN Flag Count,1.2369318028504495e-05
74,44,SYN Flag Count,5.1557748520281166e-05
74,45,RST Flag Count,2.2692732670748228e-07
74,46,PSH Flag Count,1.944502946571447e-05
74,47,ACK Flag Count,0.0002479128597769886
74,48,URG Flag Count,0.0001974739570869133
74,49,CWE Flag Count,0.0
74,50,ECE Flag Count,2.5076687393266184e-07
74,51,Down/Up Ratio,6.8813110374321695e-06
74,52,Average Packet Size,0.00024741768720559776
74,53,Avg Fwd Segment Size,2.7193650566914584e-06
74,54,Avg Bwd Segment Size,0.0005902680568397045
74,55,Fwd Header Length.1,3.88645560178702e-08
74,56,Fwd Avg Bytes/Bulk,0.0
74,57,Fwd Avg Packets/Bulk,0.0
74,58,Fwd Avg Bulk Rate,0.0
74,59,Bwd Avg Bytes/Bulk,0.0
74,60,Bwd Avg Packets/Bulk,0.0
74,61,Bwd Avg Bulk Rate,0.0
74,62,Subflow Fwd Packets,1.0467731925700718e-07
74,63,Subflow Fwd Bytes,1.168527532513508e-07
74,64,Subflow Bwd Packets,1.1308002711984955e-07
74,65,Subflow Bwd Bytes,3.04123837224779e-08
74,66,Init_Win_bytes_forward,1.0810498679347802e-05
74,67,Init_Win_bytes_backward,2.359799327678047e-05
74,68,act_data_pkt_fwd,5.396915270239333e-08
74,69,min_seg_size_forward,4.0872142476056084e-11
74,70,Active Mean,4.779388973474852e-07
74,71,Active Std,2.7779870492850023e-07
74,72,Active Max,7.208299393823836e-06
74,73,Active Min,1.5240857464959845e-07
74,74,Idle Mean,6.2273347793961875e-06
74,75,Idle Std,4.6481818571919575e-06
74,76,Idle Max,1.1185135008418001e-05
74,77,Idle Min,6.237505294848233e-05
75,0,Destination Port,0.0001726009650155902
75,1,Flow Duration,6.507953366963193e-05
75,2,Total Fwd Packets,8.072425572436259e-08
75,3,Total Backward Packets,2.6113117002068975e-08
75,4,Total Length of Fwd Packets,2.781660555228882e-07
75,5,Total Length of Bwd Packets,2.6869477309787726e-08
75,6,Fwd Packet Length Max,5.624260211334331e-06
75,7,Fwd Packet Length Min,1.461345254938351e-05
75,8,Fwd Packet Length Mean,1.866264756245073e-05
75,9,Fwd Packet Length Std,8.221633720495447e-07
75,10,Bwd Packet Length Max,3.905905759893358e-05
75,11,Bwd Packet Length Min,1.552507637825329e-05
75,12,Bwd Packet Length Mean,0.0005116758402436972
75,13,Bwd Packet Length Std,0.0004653007781598717
75,14,Flow Bytes/s,1.1061646318921703e-06
75,15,Flow Packets/s,1.4105266927799676e-05
75,16,Flow IAT Mean,1.5050031834107358e-05
75,17,Flow IAT Std,7.07512390363263e-06
75,18,Flow IAT Max,1.1949206054850947e-05
75,19,Flow IAT Min,1.2949798247063882e-06
75,20,Fwd IAT Total,7.86136370152235e-05
75,21,Fwd IAT Mean,3.540868783602491e-05
75,22,Fwd IAT Std,2.3850816432968713e-05
75,23,Fwd IAT Max,3.3527088817209005e-05
75,24,Fwd IAT Min,8.609320502728224e-06
75,25,Bwd IAT Total,7.591953180963174e-05
75,26,Bwd IAT Mean,6.775683687010314e-06
75,27,Bwd IAT Std,1.186142981168814e-06
75,28,Bwd IAT Max,3.480054874671623e-05
75,29,Bwd IAT Min,1.526086812475569e-08
75,30,Fwd PSH Flags,3.4147837141063064e-05
75,31,Bwd PSH Flags,0.0
75,32,Fwd URG Flags,0.0
75,33,Bwd URG Flags,0.0
75,34,Fwd Header Length,5.989103613046609e-08
75,35,Bwd Header Length,4.898963723576344e-08
75,36,Fwd Packets/s,2.206209501309786e-05
75,37,Bwd Packets/s,5.992673322907649e-06
75,38,Min Packet Length,2.3222026356961578e-05
75,39,Max Packet Length,0.0001882325450424105
75,40,Packet Length Mean,6.194807792780921e-05
75,41,Packet Length Std,0.00014879475929774344
75,42,Packet Length Variance,0.00011855881166411564
75,43,FIN Flag Count,1.465137756895274e-05
75,44,SYN Flag Count,7.726854528300464e-05
75,45,RST Flag Count,1.272697573995174e-07
75,46,PSH Flag Count,0.00016678326937835664
75,47,ACK Flag Count,0.0001994387712329626
75,48,URG Flag Count,0.0002549638447817415
75,49,CWE Flag Count,0.0
75,50,ECE Flag Count,2.000741403662687e-07
75,51,Down/Up Ratio,2.9936612918390892e-05
75,52,Average Packet Size,0.00017011213640216738
75,53,Avg Fwd Segment Size,2.356278173465398e-06
75,54,Avg Bwd Segment Size,0.0002388570283073932
75,55,Fwd Header Length.1,8.507338833396716e-08
75,56,Fwd Avg Bytes/Bulk,0.0
75,57,Fwd Avg Packets/Bulk,0.0
75,58,Fwd Avg Bulk Rate,0.0
75,59,Bwd Avg Bytes/Bulk,0.0
75,60,Bwd Avg Packets/Bulk,0.0
75,61,Bwd Avg Bulk Rate,0.0
75,62,Subflow Fwd Packets,5.348287501760751e-08
75,63,Subflow Fwd Bytes,4.512316209570599e-08
75,64,Subflow Bwd Packets,3.0666221562114515e-08
75,65,Subflow Bwd Bytes,1.8187751749110248e-08
75,66,Init_Win_bytes_forward,1.2186512321932241e-05
75,67,Init_Win_bytes_backward,6.947837846382754e-06
75,68,act_data_pkt_fwd,1.809051219936464e-08
75,69,min_seg_size_forward,2.590757469667082e-11
75,70,Active Mean,3.429537684951356e-07
75,71,Active Std,3.8896214960004727e-07
75,72,Active Max,7.279646069946466e-06
75,73,Active Min,1.3421460209883662e-07
75,74,Idle Mean,1.4266211110225413e-05
75,75,Idle Std,4.246349362801993e-06
75,76,Idle Max,6.8837102844554465e-06
75,77,Idle Min,3.226306944270618e-05
76,0,Destination Port,2.0653271349146962e-05
76,1,Flow Duration,3.032696622540243e-05
76,2,Total Fwd Packets,1.6929577384416916e-07
76,3,Total Backward Packets,2.6966063160216436e-07
76,4,Total Length of Fwd Packets,3.269341561917827e-07
76,5,Total Length of Bwd Packets,1.9004299645075662e-07
76,6,Fwd Packet Length Max,1.6185867934837006e-05
76,7,Fwd Packet Length Min,6.51334357826272e-06
76,8,Fwd Packet Length Mean,1.3684681107406504e-05
76,9,Fwd Packet Length Std,8.327930117957294e-06
76,10,Bwd Packet Length Max,9.702333045424893e-06
76,11,Bwd Packet Length Min,3.937095698347548e-06
76,12,Bwd Packet Length Mean,5.3094594477443025e-05
76,13,Bwd Packet Length Std,2.4038221454247832e-05
76,14,Flow Bytes/s,1.3890249874748406e-06
76,15,Flow Packets/s,1.2415950550348498e-05
76,16,Flow IAT Mean,4.50454062956851e-05
76,17,Flow IAT Std,1.4545915291819256e-05
76,18,Flow IAT Max,1.9061135390074924e-05
76,19,Flow IAT Min,1.229689473802864e-06
76,20,Fwd IAT Total,1.9589911971706897e-05
76,21,Fwd IAT Mean,1.719653300824575e-05
76,22,Fwd IAT Std,2.1311994714778848e-05
76,23,Fwd IAT Max,4.2018316889880225e-05
76,24,Fwd IAT Min,9.949827472155448e-06
76,25,Bwd IAT Total,0.00014436138735618442
76,26,Bwd IAT Mean,1.1190572877239902e-05
76,27,Bwd IAT Std,1.7355350792058744e-06
76,28,Bwd IAT Max,1.7000666048261337e-05
76,29,Bwd IAT Min,7.266024113050662e-06
76,30,Fwd PSH Flags,4.829286990570836e-05
76,31,Bwd PSH Flags,0.0
76,32,Fwd URG Flags,0.0
76,33,Bwd URG Flags,0.0
76,34,Fwd Header Length,1.7785632966393905e-09
76,35,Bwd Header Length,1.0965796093387326e-07
76,36,Fwd Packets/s,2.3850272555137053e-05
76,37,Bwd Packets/s,4.0542613533034455e-06
76,38,Min Packet Length,1.6133537428686395e-05
76,39,Max Packet Length,1.7762547940947115e-05
76,40,Packet Length Mean,3.9449123505619355e-06
76,41,Packet Length Std,1.329143105976982e-05
76,42,Packet Length Variance,7.26187818145263e-06
76,43,FIN Flag Count,2.3781167328706942e-05
76,44,SYN Flag Count,7.954797183629125e-05
76,45,RST Flag Count,4.906144113192568e-07
76,46,PSH Flag Count,0.0003974322462454438
76,47,ACK Flag Count,0.00026524392887949944
76,48,URG Flag Count,1.986844654311426e-05
76,49,CWE Flag Count,0.0
76,50,ECE Flag Count,3.041256775304646e-07
76,51,Down/Up Ratio,2.0899817172903568e-05
76,52,Average Packet Size,2.8749785997206345e-05
76,53,Avg Fwd Segment Size,6.205973932082998e-06
76,54,Avg Bwd Segment Size,5.524711014004424e-05
76,55,Fwd Header Length.1,9.124036637331301e-09
76,56,Fwd Avg Bytes/Bulk,0.0
76,57,Fwd Avg Packets/Bulk,0.0
76,58,Fwd Avg Bulk Rate,0.0
76,59,Bwd Avg Bytes/Bulk,0.0
76,60,Bwd Avg Packets/Bulk,0.0
76,61,Bwd Avg Bulk Rate,0.0
76,62,Subflow Fwd Packets,1.2112985814383137e-07
76,63,Subflow Fwd Bytes,1.4486118971035467e-07
76,64,Subflow Bwd Packets,2.577091322564229e-07
76,65,Subflow Bwd Bytes,1.5457743529623258e-07
76,66,Init_Win_bytes_forward,2.6874000468524173e-05
76,67,Init_Win_bytes_backward,2.772787047433667e-05
76,68,act_data_pkt_fwd,3.320817754115524e-08
76,69,min_seg_size_forward,1.2355845513400965e-11
76,70,Active Mean,1.1341718391122413e-06
76,71,Active Std,6.747362704118132e-07
76,72,Active Max,4.277921107131988e-06
76,73,Active Min,4.653990970382438e-07
76,74,Idle Mean,6.341879634419456e-05
76,75,Idle Std,6.402657618309604e-06
76,76,Idle Max,2.0230410882504657e-05
76,77,Idle Min,0.00012778080417774618
77,0,Destination Port,4.184931094641797e-05
77,1,Flow Duration,6.11441137152724e-05
77,2,Total Fwd Packets,9.73811609128461e-08
77,3,Total Backward Packets,7.717544292518141e-08
77,4,Total Length of Fwd Packets,1.8745538454822963e-07
77,5,Total Length of Bwd Packets,9.297176362110804e-09
77,6,Fwd Packet Length Max,5.083018550067209e-06
77,7,Fwd Packet Length Min,1.2065645023540128e-05
77,8,Fwd Packet Length Mean,1.749176408338826e-05
77,9,Fwd Packet Length Std,3.5870893952960614e-06
77,10,Bwd Packet Length Max,0.0001527058338979259
77,11,Bwd Packet Length Min,4.950393304170575e-06
77,12,Bwd Packet Length Mean,0.000313744560116902
77,13,Bwd Packet Length Std,0.0008965613087639213
77,14,Flow Bytes/s,1.339903064945247e-06
77,15,Flow Packets/s,9.348960702482145e-06
77,16,Flow IAT Mean,1.4575329259969294e-05
77,17,Flow IAT Std,6.986227617744589e-06
77,18,Flow IAT Max,2.314912126166746e-05
77,19,Flow IAT Min,1.7894058146339376e-06
77,20,Fwd IAT Total,8.382017404073849e-05
77,21,Fwd IAT Mean,3.727636794792488e-05
77,22,Fwd IAT Std,2.5599934815545566e-05
77,23,Fwd IAT Max,3.232301605748944e-05
77,24,Fwd IAT Min,2.558495680204942e-06
77,25,Bwd IAT Total,1.6208088709390722e-05
77,26,Bwd IAT Mean,9.985329597839154e-06
77,27,Bwd IAT Std,1.4236068182071904e-06
77,28,Bwd IAT Max,4.052479926031083e-05
77,29,Bwd IAT Min,3.364672465977492e-06
77,30,Fwd PSH Flags,3.921980533050373e-05
77,31,Bwd PSH Flags,0.0
77,32,Fwd URG Flags,0.0
77,33,Bwd URG Flags,0.0
77,34,Fwd Header Length,6.333086588483638e-08
77,35,Bwd Header Length,1.649579530749179e-07
77,36,Fwd Packets/s,1.5430890925927088e-05
77,37,Bwd Packets/s,7.925801583041903e-06
77,38,Min Packet Length,2.503432915546e-05
77,39,Max Packet Length,0.0004425784863997251
77,40,Packet Length Mean,1.1125705896120053e-05
77,41,Packet Length Std,4.807161894859746e-05
77,42,Packet Length Variance,0.0004947785055264831
77,43,FIN Flag Count,1.6176001736312173e-05
77,44,SYN Flag Count,7.767304487060755e-05
77,45,RST Flag Count,4.305496190681879e-07
77,46,PSH Flag Count,0.0007119528600014746
77,47,ACK Flag Count,0.00034919127938337624
77,48,URG Flag Count,0.0002183594333473593
77,49,CWE Flag Count,0.0
77,50,ECE Flag Count,3.5015804655813554e-07
77,51,Down/Up Ratio,8.865462405083235e-06
77,52,Average Packet Size,0.00019354755931999534
77,53,Avg Fwd Segment Size,3.2333869057765696e-06
77,54,Avg Bwd Segment Size,2.3037957362248562e-05
77,55,Fwd Header Length.1,3.15630543923362e-08
77,56,Fwd Avg Bytes/Bulk,0.0
77,57,Fwd Avg Packets/Bulk,0.0
77,58,Fwd Avg Bulk Rate,0.0
77,59,Bwd Avg Bytes/Bulk,0.0
77,60,Bwd Avg Packets/Bulk,0.0
77,61,Bwd Avg Bulk Rate,0.0
77,62,Subflow Fwd Packets,7.011369262954759e-08
77,63,Subflow Fwd Bytes,2.2186268822110833e-08
77,64,Subflow Bwd Packets,1.0564066599272337e-07
77,65,Subflow Bwd Bytes,6.478934277964754e-09
77,66,Init_Win_bytes_forward,1.6053758372436278e-05
77,67,Init_Win_bytes_backward,1.362965576845454e-05
77,68,act_data_pkt_fwd,1.5586879342777138e-08
77,69,min_seg_size_forward,7.842682059333583e-09
77,70,Active Mean,8.575925107834337e-07
77,71,Active Std,1.871492116833906e-07
77,72,Active Max,7.077365353325149e-06
77,73,Active Min,1.7851830236281785e-08
77,74,Idle Mean,8.02109843789367e-06
77,75,Idle Std,5.209594746702351e-06
77,76,Idle Max,1.4034372725291178e-05
77,77,Idle Min,2.895804755098652e-05
78,0,Destination Port,7.422606722684577e-05
78,1,Flow Duration,2.9570452170446515e-05
78,2,Total Fwd Packets,2.1449984899390984e-07
78,3,Total Backward Packets,3.0293477948362124e-07
78,4,Total Length of Fwd Packets,2.729090908815124e-07
78,5,Total Length of Bwd Packets,2.5061461883524316e-07
78,6,Fwd Packet Length Max,1.749940747686196e-05
78,7,Fwd Packet Length Min,3.300834578112699e-06
78,8,Fwd Packet Length Mean,7.425324383802945e-06
78,9,Fwd Packet Length Std,4.80856942886021e-06
78,10,Bwd Packet Length Max,2.7790053991338937e-06
78,11,Bwd Packet Length Min,1.7615184333408251e-06
78,12,Bwd Packet Length Mean,4.013411307823844e-05
78,13,Bwd Packet Length Std,1.9513719962560572e-05
78,14,Flow Bytes/s,1.4546327520292834e-06
78,15,Flow Packets/s,1.1499667380121537e-05
78,16,Flow IAT Mean,6.433872476918623e-05
78,17,Flow IAT Std,2.2729291231371462e-05
78,18,Flow IAT Max,4.09158892580308e-05
78,19,Flow IAT Min,1.241749828295724e-06
78,20,Fwd IAT Total,1.939712092280388e-05
78,21,Fwd IAT Mean,4.137127325520851e-05
78,22,Fwd IAT Std,1.0670309166016523e-05
78,23,Fwd IAT Max,3.832701258943416e-05
78,24,Fwd IAT Min,1.4162966181174852e-05
78,25,Bwd IAT Total,0.00013113654858898371
78,26,Bwd IAT Mean,1.0249154001940042e-05
78,27,Bwd IAT Std,9.12202631297987e-06
78,28,Bwd IAT Max,1.1112717402284034e-05
78,29,Bwd IAT Min,7.674275366298389e-06
78,30,Fwd PSH Flags,1.6039168258430436e-05
78,31,Bwd PSH Flags,0.0
78,32,Fwd URG Flags,0.0
78,33,Bwd URG Flags,0.0
78,34,Fwd Header Length,1.0446568055044736e-08
78,35,Bwd Header Length,1.8490445086172258e-07
78,36,Fwd Packets/s,1.552741196064744e-05
78,37,Bwd Packets/s,3.762125516004744e-06
78,38,Min Packet Length,1.0035258128482383e-05
78,39,Max Packet Length,1.8473658201401122e-05
78,40,Packet Length Mean,7.365593319264008e-06
78,41,Packet Length Std,1.3020475080338656e-06
78,42,Packet Length Variance,8.536674613424111e-06
78,43,FIN Flag Count,1.010077085084049e-05
78,44,SYN Flag Count,8.615609840489924e-05
78,45,RST Flag Count,5.838921879330883e-07
78,46,PSH Flag Count,0.00039372401079162955
78,47,ACK Flag Count,0.000524412258528173
78,48,URG Flag Count,3.059714799746871e-05
78,49,CWE Flag Count,0.0
78,50,ECE Flag Count,1.7619663594814483e-07
78,51,Down/Up Ratio,1.617282032384537e-05
78,52,Average Packet Size,3.945435310015455e-05
78,53,Avg Fwd Segment Size,5.77270884605241e-06
78,54,Avg Bwd Segment Size,3.506840221234597e-05
78,55,Fwd Header Length.1,2.3635038814973086e-08
78,56,Fwd Avg Bytes/Bulk,0.0
78,57,Fwd Avg Packets/Bulk,0.0
78,58,Fwd Avg Bulk Rate,0.0
78,59,Bwd Avg Bytes/Bulk,0.0
78,60,Bwd Avg Packets/Bulk,0.0
78,61,Bwd Avg Bulk Rate,0.0
78,62,Subflow Fwd Packets,1.7411548469681293e-07
78,63,Subflow Fwd Bytes,1.0689314677847506e-07
78,64,Subflow Bwd Packets,2.928049696038215e-07
78,65,Subflow Bwd Bytes,1.952934667315276e-07
78,66,Init_Win_bytes_forward,1.0733958788478049e-07
78,67,Init_Win_bytes_backward,8.005155905266292e-06
78,68,act_data_pkt_fwd,6.507330141403145e-08
78,69,min_seg_size_forward,1.997544352150271e-09
78,70,Active Mean,9.570032943884144e-07
78,71,Active Std,9.700105465526576e-07
78,72,Active Max,3.968080818594899e-06
78,73,Active Min,4.6611654624939547e-07
78,74,Idle Mean,7.267985347425565e-05
78,75,Idle Std,6.2483427427650895e-06
78,76,Idle Max,1.3766396477876697e-05
78,77,Idle Min,0.00012458013952709734
79,0,Destination Port,1.8188595277024433e-05
79,1,Flow Duration,4.7520567022729665e-05
79,2,Total Fwd Packets,1.7373214689087035e-07
79,3,Total Backward Packets,1.2875014476776414e-07
79,4,Total Length of Fwd Packets,2.1491027268893959e-07
79,5,Total Length of Bwd Packets,1.339017074997173e-07
79,6,Fwd Packet Length Max,9.261444574804045e-06
79,7,Fwd Packet Length Min,1.2485077604651451e-05
79,8,Fwd Packet Length Mean,1.7181902876473032e-05
79,9,Fwd Packet Length Std,5.622553089779103e-06
79,10,Bwd Packet Length Max,6.0898550145793706e-05
79,11,Bwd Packet Length Min,8.881946087058168e-06
79,12,Bwd Packet Length Mean,0.0002709491818677634
79,13,Bwd Packet Length Std,0.00028129754355177283
79,14,Flow Bytes/s,1.2461862297641346e-06
79,15,Flow Packets/s,9.763959496922325e-06
79,16,Flow IAT Mean,1.4464113519352395e-05
79,17,Flow IAT Std,6.767915010641445e-07
79,18,Flow IAT Max,2.7451065761852078e-05
79,19,Flow IAT Min,1.346204840046994e-06
79,20,Fwd IAT Total,0.0001231367641594261
79,21,Fwd IAT Mean,3.800590639002621e-05
79,22,Fwd IAT Std,2.0653262254199944e-05
79,23,Fwd IAT Max,2.8755839593941346e-05
79,24,Fwd IAT Min,3.1878435038379394e-06
79,25,Bwd IAT Total,4.2824598494917154e-05
79,26,Bwd IAT Mean,1.4805325008637737e-05
79,27,Bwd IAT Std,7.813249567334424e-07
79,28,Bwd IAT Max,3.539207682479173e-05
79,29,Bwd IAT Min,2.2594283564103534e-06
79,30,Fwd PSH Flags,1.26762943182257e-05
79,31,Bwd PSH Flags,0.0
79,32,Fwd URG Flags,0.0
79,33,Bwd URG Flags,0.0
79,34,Fwd Header Length,8.484293090305073e-08
79,35,Bwd Header Length,1.9782157778536202e-07
79,36,Fwd Packets/s,6.062125521566486e-06
79,37,Bwd Packets/s,6.432346253859578e-06
79,38,Min Packet Length,2.6931111278827302e-05
79,39,Max Packet Length,0.00032547031878493726
79,40,Packet Length Mean,6.373195355990902e-05
79,41,Packet Length Std,2.2021617041900754e-05
79,42,Packet Length Variance,8.298797183670104e-05
79,43,FIN Flag Count,1.201856866828166e-05
79,44,SYN Flag Count,9.102737385546789e-05
79,45,RST Flag Count,2.3487926625875843e-07
79,46,PSH Flag Count,2.3585489543620497e-05
79,47,ACK Flag Count,0.00024021969875320792
79,48,URG Flag Count,0.00014492557966150343
79,49,CWE Flag Count,0.0
79,50,ECE Flag Count,4.255899455074541e-07
79,51,Down/Up Ratio,2.753536682575941e-05
79,52,Average Packet Size,0.0002489514590706676
79,53,Avg Fwd Segment Size,2.204383690695977e-06
79,54,Avg Bwd Segment Size,1.58244638441829e-05
79,55,Fwd Header Length.1,3.776440493652444e-08
79,56,Fwd Avg Bytes/Bulk,0.0
79,57,Fwd Avg Packets/Bulk,0.0
79,58,Fwd Avg Bulk Rate,0.0
79,59,Bwd Avg Bytes/Bulk,0.0
79,60,Bwd Avg Packets/Bulk,0.0
79,61,Bwd Avg Bulk Rate,0.0
79,62,Subflow Fwd Packets,1.3209083249421383e-07
79,63,Subflow Fwd Bytes,2.025744194611434e-08
79,64,Subflow Bwd Packets,1.6411786418757401e-07
79,65,Subflow Bwd Bytes,9.522457133925855e-08
79,66,Init_Win_bytes_forward,1.3364929145609494e-05
79,67,Init_Win_bytes_backward,2.2783300664741546e-05
79,68,act_data_pkt_fwd,2.0215427554148846e-08
79,69,min_seg_size_forward,7.339600038847038e-09
79,70,Active Mean,7.890924962339341e-07
79,71,Active Std,1.241473341906385e-07
79,72,Active Max,6.766318165318808e-06
79,73,Active Min,4.5500637924078546e-08
79,74,Idle Mean,3.9728051888232585e-06
79,75,Idle Std,4.568913936964236e-06
79,76,Idle Max,1.0512691005715169e-05
79,77,Idle Min,4.1704726754687726e-05
80,0,Destination Port,9.394412336405367e-05
80,1,Flow Duration,2.8622143872780725e-05
80,2,Total Fwd Packets,1.666173119474479e-07
80,3,Total Backward Packets,2.196056954062442e-07
80,4,Total Length of Fwd Packets,2.9225486741779605e-07
80,5,Total Length of Bwd Packets,1.8488582043119095e-07
80,6,Fwd Packet Length Max,1.5870557035668753e-05
80,7,Fwd Packet Length Min,6.380062586686108e-06
80,8,Fwd Packet Length Mean,8.300041372422129e-06
80,9,Fwd Packet Length Std,5.949150363449007e-06
80,10,Bwd Packet Length Max,6.132806902314769e-06
80,11,Bwd Packet Length Min,5.058839178673225e-07
80,12,Bwd Packet Length Mean,4.3375606765039265e-05
80,13,Bwd Packet Length Std,1.2658446394198108e-05
80,14,Flow Bytes/s,1.4396152892004466e-06
80,15,Flow Packets/s,1.578871888341382e-05
80,16,Flow IAT Mean,6.606668466702104e-05
80,17,Flow IAT Std,2.0010891603305936e-05
80,18,Flow IAT Max,2.9162561986595392e-05
80,19,Flow IAT Min,1.353103584733617e-06
80,20,Fwd IAT Total,1.5936189811327495e-05
80,21,Fwd IAT Mean,3.932932668249123e-05
80,22,Fwd IAT Std,8.262007213488687e-06
80,23,Fwd IAT Max,2.8811811716877855e-05
80,24,Fwd IAT Min,1.8016831745626405e-05
80,25,Bwd IAT Total,0.0001279553835047409
80,26,Bwd IAT Mean,1.4241772987588774e-05
80,27,Bwd IAT Std,8.402623279835097e-06
80,28,Bwd IAT Max,1.849787076935172e-05
80,29,Bwd IAT Min,8.465371138299815e-06
80,30,Fwd PSH Flags,1.948983481270261e-05
80,31,Bwd PSH Flags,0.0
80,32,Fwd URG Flags,0.0
80,33,Bwd URG Flags,0.0
80,34,Fwd Header Length,2.2335772342785276e-08
80,35,Bwd Header Length,9.222530650276894e-08
80,36,Fwd Packets/s,2.0287352526793256e-05
80,37,Bwd Packets/s,3.748841663764324e-06
80,38,Min Packet Length,1.1324609658913687e-05
80,39,Max Packet Length,7.137963166314876e-06
80,40,Packet Length Mean,1.4695999652758474e-06
80,41,Packet Length Std,9.09167829377111e-06
80,42,Packet Length Variance,7.441733032464981e-06
80,43,FIN Flag Count,2.6041674573207274e-05
80,44,SYN Flag Count,7.671869389014319e-05
80,45,RST Flag Count,4.827087991543522e-07
80,46,PSH Flag Count,0.00030420732218772173
80,47,ACK Flag Count,0.0003255594056099653
80,48,URG Flag Count,4.2973028030246496e-05
80,49,CWE Flag Count,0.0
80,50,ECE Flag Count,1.3740125837102823e-07
80,51,Down/Up Ratio,1.4281955373007804e-05
80,52,Average Packet Size,2.1716117771575227e-05
80,53,Avg Fwd Segment Size,3.4674062590056565e-06
80,54,Avg Bwd Segment Size,4.286279363441281e-05
80,55,Fwd Header Length.1,4.404377307309915e-09
80,56,Fwd Avg Bytes/Bulk,0.0
80,57,Fwd Avg Packets/Bulk,0.0
80,58,Fwd Avg Bulk Rate,0.0
80,59,Bwd Avg Bytes/Bulk,0.0
80,60,Bwd Avg Packets/Bulk,0.0
80,61,Bwd Avg Bulk Rate,0.0
80,62,Subflow Fwd Packets,1.241708957877563e-07
80,63,Subflow Fwd Bytes,1.2682100702932075e-07
80,64,Subflow Bwd Packets,2.1465659472141851e-07
80,65,Subflow Bwd Bytes,1.5185224810920772e-07
80,66,Init_Win_bytes_forward,1.4034692867426202e-05
80,67,Init_Win_bytes_backward,1.6283898730762303e-05
80,68,act_data_pkt_fwd,7.55347073777557e-08
80,69,min_seg_size_forward,1.788142550696037e-11
80,70,Active Mean,6.513072321467916e-07
80,71,Active Std,7.234744430206774e-07
80,72,Active Max,3.9673459468758665e-06
80,73,Active Min,4.566163624986075e-07
80,74,Idle Mean,5.192064054426737e-05
80,75,Idle Std,6.394731371983653e-06
80,76,Idle Max,1.8618657122715376e-05
80,77,Idle Min,0.00014072602789383382
81,0,Destination Port,6.033684257999994e-05
81,1,Flow Duration,4.14779715356417e-05
81,2,Total Fwd Packets,2.775895495688019e-07
81,3,Total Backward Packets,2.8078878244741645e-07
81,4,Total Length of Fwd Packets,2.426149023904145e-07
81,5,Total Length of Bwd Packets,2.9182263006077847e-07
81,6,Fwd Packet Length Max,4.896494374406757e-06
81,7,Fwd Packet Length Min,1.3169474186724983e-05
81,8,Fwd Packet Length Mean,1.9120443539577536e-05
81,9,Fwd Packet Length Std,3.3761248232622165e-06
81,10,Bwd Packet Length Max,0.0001362914190394804
81,11,Bwd Packet Length Min,8.199842341127805e-06
81,12,Bwd Packet Length Mean,0.0003116558655165136
81,13,Bwd Packet Length Std,0.0009838014375418425
81,14,Flow Bytes/s,1.3409963912636158e-06
81,15,Flow Packets/s,8.792912012722809e-06
81,16,Flow IAT Mean,1.4853551874693949e-05
81,17,Flow IAT Std,6.06577987127821e-06
81,18,Flow IAT Max,3.132782512693666e-05
81,19,Flow IAT Min,1.6029806602091412e-06
81,20,Fwd IAT Total,0.00010503777593839914
81,21,Fwd IAT Mean,3.651210499810986e-05
81,22,Fwd IAT Std,2.582123488537036e-05
81,23,Fwd IAT Max,3.662543531390838e-05
81,24,Fwd IAT Min,2.7621094886853825e-06
81,25,Bwd IAT Total,1.586144026077818e-05
81,26,Bwd IAT Mean,8.882546353561338e-06
81,27,Bwd IAT Std,1.4639487062595435e-06
81,28,Bwd IAT Max,4.42516065959353e-05
81,29,Bwd IAT Min,1.295456854677468e-06
81,30,Fwd PSH Flags,3.8624912122031674e-05
81,31,Bwd PSH Flags,0.0
81,32,Fwd URG Flags,0.0
81,33,Bwd URG Flags,0.0
81,34,Fwd Header Length,6.714416400654954e-08
81,35,Bwd Header Length,1.7980498512315535e-07
81,36,Fwd Packets/s,1.2017935659969226e-05
81,37,Bwd Packets/s,8.029431228351314e-06
81,38,Min Packet Length,2.8875118005089462e-05
81,39,Max Packet Length,0.0004506933328229934
81,40,Packet Length Mean,3.184105662512593e-05
81,41,Packet Length Std,3.2096661016112193e-05
81,42,Packet Length Variance,0.0004380996688269079
81,43,FIN Flag Count,1.4554406334355008e-05
81,44,SYN Flag Count,8.24115559225902e-05
81,45,RST Flag Count,3.123900569335092e-07
81,46,PSH Flag Count,0.000752282387111336
81,47,ACK Flag Count,0.0002801825467031449
81,48,URG Flag Count,0.00023504288401454687
81,49,CWE Flag Count,0.0
81,50,ECE Flag Count,2.6997452096111374e-07
81,51,Down/Up Ratio,8.519638868165202e-06
81,52,Average Packet Size,0.00019286922179162502
81,53,Avg Fwd Segment Size,2.414929895167006e-06
81,54,Avg Bwd Segment Size,0.000115704104246106
81,55,Fwd Header Length.1,5.584355733390112e-08
81,56,Fwd Avg Bytes/Bulk,0.0
81,57,Fwd Avg Packets/Bulk,0.0
81,58,Fwd Avg Bulk Rate,0.0
81,59,Bwd Avg Bytes/Bulk,0.0
81,60,Bwd Avg Packets/Bulk,0.0
81,61,Bwd Avg Bulk Rate,0.0
81,62,Subflow Fwd Packets,2.2341757244248583e-07
81,63,Subflow Fwd Bytes,5.2612328715895273e-08
81,64,Subflow Bwd Packets,3.8500999721691187e-07
81,65,Subflow Bwd Bytes,1.978248320710918e-07
81,66,Init_Win_bytes_forward,1.738512219162658e-05
81,67,Init_Win_bytes_backward,1.601913754711859e-05
81,68,act_data_pkt_fwd,1.6183112450107728e-07
81,69,min_seg_size_forward,1.6820932202676886e-08
81,70,Active Mean,7.568874593744113e-07
81,71,Active Std,2.6201439595752163e-07
81,72,Active Max,7.714302228123415e-06
81,73,Active Min,4.7575824169143743e-08
81,74,Idle Mean,1.2153432180639356e-05
81,75,Idle Std,4.432591140357545e-06
81,76,Idle Max,9.389978913532104e-06
81,77,Idle Min,2.676782969501801e-05
82,0,Destination Port,7.64002907089889e-05
82,1,Flow Duration,3.0022736609680578e-05
82,2,Total Fwd Packets,1.539217890922373e-07
82,3,Total Backward Packets,2.3768770063270495e-07
82,4,Total Length of Fwd Packets,3.0516739002450777e-07
82,5,Total Length of Bwd Packets,1.6956954596025753e-07
82,6,Fwd Packet Length Max,1.7650370864430442e-05
82,7,Fwd Packet Length Min,4.367685960460221e-06
82,8,Fwd Packet Length Mean,1.1956546586588956e-05
82,9,Fwd Packet Length Std,7.01870521879755e-06
82,10,Bwd Packet Length Max,1.1449903468019329e-05
82,11,Bwd Packet Length Min,1.5950427041389048e-06
82,12,Bwd Packet Length Mean,4.9345104343956336e-05
82,13,Bwd Packet Length Std,2.553047306719236e-05
82,14,Flow Bytes/s,1.4245738384488504e-06
82,15,Flow Packets/s,1.3968283383292146e-05
82,16,Flow IAT Mean,7.081436342559755e-05
82,17,Flow IAT Std,9.844118721957784e-06
82,18,Flow IAT Max,2.1885722162551247e-05
82,19,Flow IAT Min,1.1656709375529317e-06
82,20,Fwd IAT Total,2.0150553609710187e-05
82,21,Fwd IAT Mean,4.0178267227020115e-05
82,22,Fwd IAT Std,3.247880522394553e-05
82,23,Fwd IAT Max,4.385273132356815e-05
82,24,Fwd IAT Min,1.4059831300983205e-05
82,25,Bwd IAT Total,0.00013961117656435817
82,26,Bwd IAT Mean,8.939678082242608e-06
82,27,Bwd IAT Std,4.424159669724759e-06
82,28,Bwd IAT Max,2.3087386580300517e-05
82,29,Bwd IAT Min,5.765367404819699e-06
82,30,Fwd PSH Flags,2.7266702090855688e-05
82,31,Bwd PSH Flags,0.0
82,32,Fwd URG Flags,0.0
82,33,Bwd URG Flags,0.0
82,34,Fwd Header Length,4.403375886141703e-09
82,35,Bwd Header Length,1.1093944607409867e-07
82,36,Fwd Packets/s,1.7719385141390376e-05
82,37,Bwd Packets/s,4.38353163190186e-06
82,38,Min Packet Length,1.3881424820283428e-05
82,39,Max Packet Length,1.4927310985513031e-05
82,40,Packet Length Mean,9.085179954126943e-06
82,41,Packet Length Std,3.849655058729695e-06
82,42,Packet Length Variance,8.39691983856028e-06
82,43,FIN Flag Count,1.8607750462251715e-05
82,44,SYN Flag Count,6.814349762862548e-05
82,45,RST Flag Count,4.88104831219971e-07
82,46,PSH Flag Count,0.00033870659535750747
82,47,ACK Flag Count,0.00044005157542414963
82,48,URG Flag Count,6.354328797897324e-05
82,49,CWE Flag Count,0.0
82,50,ECE Flag Count,1.5084215476690588e-07
82,51,Down/Up Ratio,1.7944870705832727e-05
82,52,Average Packet Size,3.0325327315949835e-05
82,53,Avg Fwd Segment Size,3.4405434234940913e-06
82,54,Avg Bwd Segment Size,4.457967952475883e-05
82,55,Fwd Header Length.1,3.091538047783615e-08
82,56,Fwd Avg Bytes/Bulk,0.0
82,57,Fwd Avg Packets/Bulk,0.0
82,58,Fwd Avg Bulk Rate,0.0
82,59,Bwd Avg Bytes/Bulk,0.0
82,60,Bwd Avg Packets/Bulk,0.0
82,61,Bwd Avg Bulk Rate,0.0
82,62,Subflow Fwd Packets,1.2647510061469802e-07
82,63,Subflow Fwd Bytes,1.4370117185080744e-07
82,64,Subflow Bwd Packets,2.3220414391289523e-07
82,65,Subflow Bwd Bytes,1.3557094291627436e-07
82,66,Init_Win_bytes_forward,1.8196333257947117e-05
82,67,Init_Win_bytes_backward,1.4512667803501245e-05
82,68,act_data_pkt_fwd,7.322235262563481e-09
82,69,min_seg_size_forward,3.6898000210783266e-09
82,70,Active Mean,1.0103798331329017e-06
82,71,Active Std,9.15497196274373e-07
82,72,Active Max,4.444501882971963e-06
82,73,Active Min,5.092965125186311e-07
82,74,Idle Mean,5.942577263340354e-05
82,75,Idle Std,6.77364505463629e-06
82,76,Idle Max,2.3995971787371673e-05
82,77,Idle Min,0.00011590064241318032
83,0,Destination Port,2.3918679289636202e-05
83,1,Flow Duration,5.31663499714341e-05
83,2,Total Fwd Packets,1.599948973307619e-07
83,3,Total Backward Packets,1.4004592685523676e-07
83,4,Total Length of Fwd Packets,2.2180100245350332e-07
83,5,Total Length of Bwd Packets,1.1333960259207743e-07
83,6,Fwd Packet Length Max,6.007061529089697e-06
83,7,Fwd Packet Length Min,1.3284932720125653e-05
83,8,Fwd Packet Length Mean,1.9410837921896018e-05
83,9,Fwd Packet Length Std,5.000599230697844e-06
83,10,Bwd Packet Length Max,0.00010736631520558149
83,11,Bwd Packet Length Min,4.954654741595732e-06
83,12,Bwd Packet Length Mean,0.0004314215329941362
83,13,Bwd Packet Length Std,0.0008403811953030527
83,14,Flow Bytes/s,1.5224102298816433e-06
83,15,Flow Packets/s,9.89511318039149e-06
83,16,Flow IAT Mean,1.1766153875214513e-05
83,17,Flow IAT Std,6.883883088448783e-06
83,18,Flow IAT Max,2.3447708372259513e-05
83,19,Flow IAT Min,1.683509026406682e-06
83,20,Fwd IAT Total,9.475609112996608e-05
83,21,Fwd IAT Mean,3.686971831484698e-05
83,22,Fwd IAT Std,2.7165477149537764e-05
83,23,Fwd IAT Max,4.0569586417404935e-05
83,24,Fwd IAT Min,1.2117450296500465e-06
83,25,Bwd IAT Total,2.785850483633112e-06
83,26,Bwd IAT Mean,8.065299880399834e-06
83,27,Bwd IAT Std,4.0126697520292964e-09
83,28,Bwd IAT Max,3.315355570521206e-05
83,29,Bwd IAT Min,2.352187493670499e-06
83,30,Fwd PSH Flags,3.1401097658090293e-05
83,31,Bwd PSH Flags,0.0
83,32,Fwd URG Flags,0.0
83,33,Bwd URG Flags,0.0
83,34,Fwd Header Length,8.573375964715524e-08
83,35,Bwd Header Length,1.3457005820782797e-07
83,36,Fwd Packets/s,1.2938089639646932e-05
83,37,Bwd Packets/s,7.89364639786072e-06
83,38,Min Packet Length,2.9424532840494066e-05
83,39,Max Packet Length,0.0004983285325579345
83,40,Packet Length Mean,3.4356886317254975e-05
83,41,Packet Length Std,2.1969266526866704e-05
83,42,Packet Length Variance,0.0005125642637722194
83,43,FIN Flag Count,2.03542695089709e-05
83,44,SYN Flag Count,9.029421198647469e-05
83,45,RST Flag Count,3.998747786226886e-07
83,46,PSH Flag Count,0.0005871689063496888
83,47,ACK Flag Count,0.0003122697817161679
83,48,URG Flag Count,0.00021665749954991043
83,49,CWE Flag Count,0.0
83,50,ECE Flag Count,3.904151526512578e-07
83,51,Down/Up Ratio,8.81297546584392e-06
83,52,Average Packet Size,0.00023272594262380153
83,53,Avg Fwd Segment Size,2.701933453863603e-06
83,54,Avg Bwd Segment Size,3.3754789910744876e-05
83,55,Fwd Header Length.1,3.068477738565889e-08
83,56,Fwd Avg Bytes/Bulk,0.0
83,57,Fwd Avg Packets/Bulk,0.0
83,58,Fwd Avg Bulk Rate,0.0
83,59,Bwd Avg Bytes/Bulk,0.0
83,60,Bwd Avg Packets/Bulk,0.0
83,61,Bwd Avg Bulk Rate,0.0
83,62,Subflow Fwd Packets,1.1702783808686945e-07
83,63,Subflow Fwd Bytes,9.164476288958667e-09
83,64,Subflow Bwd Packets,1.8756982456125115e-07
83,65,Subflow Bwd Bytes,7.978421479037934e-08
83,66,Init_Win_bytes_forward,1.648095167183783e-05
83,67,Init_Win_bytes_backward,1.8351502149016596e-05
83,68,act_data_pkt_fwd,8.246593807825775e-08
83,69,min_seg_size_forward,2.744052207681591e-11
83,70,Active Mean,9.121537232203991e-07
83,71,Active Std,8.96430165653328e-08
83,72,Active Max,7.410170837829355e-06
83,73,Active Min,5.8640218014716083e-08
83,74,Idle Mean,9.641395990911406e-06
83,75,Idle Std,4.795173481397796e-06
83,76,Idle Max,1.7628135537961498e-05
83,77,Idle Min,3.382567228982225e-05
84,0,Destination Port,7.672142965020612e-05
84,1,Flow Duration,4.819499372388236e-05
84,2,Total Fwd Packets,1.4248932700411387e-07
84,3,Total Backward Packets,2.204617857159974e-07
84,4,Total Length of Fwd Packets,2.9275574320308806e-07
84,5,Total Length of Bwd Packets,1.5776761586039356e-07
84,6,Fwd Packet Length Max,1.7979125914280303e-05
84,7,Fwd Packet Length Min,3.4072447760991054e-06
84,8,Fwd Packet Length Mean,8.255182365246583e-06
84,9,Fwd Packet Length Std,3.959858531743521e-06
84,10,Bwd Packet Length Max,3.0485975912597496e-06
84,11,Bwd Packet Length Min,1.6308437125189812e-06
84,12,Bwd Packet Length Mean,4.6252665924839675e-05
84,13,Bwd Packet Length Std,1.8903579984907992e-05
84,14,Flow Bytes/s,1.3749281606578734e-06
84,15,Flow Packets/s,1.016786427499028e-05
84,16,Flow IAT Mean,6.023389505571686e-05
84,17,Flow IAT Std,1.969679578905925e-05
84,18,Flow IAT Max,3.37772216880694e-05
84,19,Flow IAT Min,1.2297377907088958e-06
84,20,Fwd IAT Total,3.21864899888169e-05
84,21,Fwd IAT Mean,3.539977114996873e-05
84,22,Fwd IAT Std,1.5856760001042858e-05
84,23,Fwd IAT Max,3.6442288546822965e-05
84,24,Fwd IAT Min,1.4255844689614605e-05
84,25,Bwd IAT Total,0.00013554906763602048
84,26,Bwd IAT Mean,1.0138558536709752e-05
84,27,Bwd IAT Std,9.075642992684152e-06
84,28,Bwd IAT Max,1.3004627362533938e-05
84,29,Bwd IAT Min,7.611792625539238e-06
84,30,Fwd PSH Flags,1.8597223970573395e-05
84,31,Bwd PSH Flags,0.0
84,32,Fwd URG Flags,0.0
84,33,Bwd URG Flags,0.0
84,34,Fwd Header Length,4.6260231201245006e-09
84,35,Bwd Header Length,1.7487477066424617e-07
84,36,Fwd Packets/s,1.5054139112180565e-05
84,37,Bwd Packets/s,3.987607215094613e-06
84,38,Min Packet Length,1.0335611477785278e-05
84,39,Max Packet Length,1.9800920199486427e-05
84,40,Packet Length Mean,8.571323633077554e-06
84,41,Packet Length Std,2.7801224860013463e-06
84,42,Packet Length Variance,8.578525012126192e-06
84,43,FIN Flag Count,1.0660369298420846e-05
84,44,SYN Flag Count,8.621570304967463e-05
84,45,RST Flag Count,4.6091770400380483e-07
84,46,PSH Flag Count,0.00039835856296122074
84,47,ACK Flag Count,0.0005073167267255485
84,48,URG Flag Count,3.4426426282152534e-05
84,49,CWE Flag Count,0.0
84,50,ECE Flag Count,1.4357310362811404e-07
84,51,Down/Up Ratio,1.6486941603943706e-05
84,52,Average Packet Size,4.058130070916377e-05
84,53,Avg Fwd Segment Size,5.687612429028377e-06
84,54,Avg Bwd Segment Size,4.0959443140309304e-05
84,55,Fwd Header Length.1,2.9689017466694168e-08
84,56,Fwd Avg Bytes/Bulk,0.0
84,57,Fwd Avg Packets/Bulk,0.0
84,58,Fwd Avg Bulk Rate,0.0
84,59,Bwd Avg Bytes/Bulk,0.0
84,60,Bwd Avg Packets/Bulk,0.0
84,61,Bwd Avg Bulk Rate,0.0
84,62,Subflow Fwd Packets,1.1432442903469564e-07
84,63,Subflow Fwd Bytes,1.0319060805841218e-07
84,64,Subflow Bwd Packets,2.1426642149435793e-07
84,65,Subflow Bwd Bytes,1.246155676426497e-07
84,66,Init_Win_bytes_forward,1.582665845489828e-06
84,67,Init_Win_bytes_backward,7.554518106189789e-06
84,68,act_data_pkt_fwd,3.9145376717897307e-08
84,69,min_seg_size_forward,4.16417955673154e-10
84,70,Active Mean,1.0588142913547927e-06
84,71,Active Std,9.491608352618641e-07
84,72,Active Max,4.282602731109364e-06
84,73,Active Min,4.889241722594306e-07
84,74,Idle Mean,6.210800347616896e-05
84,75,Idle Std,5.850004072271986e-06
84,76,Idle Max,1.6452277122880332e-05
84,77,Idle Min,0.00010973024473059922
85,0,Destination Port,3.0178489396348596e-06
85,1,Flow Duration,6.558577297255397e-05
85,2,Total Fwd Packets,1.2560556683638424e-07
85,3,Total Backward Packets,8.430357212318995e-08
85,4,Total Length of Fwd Packets,1.6838286853726459e-07
85,5,Total Length of Bwd Packets,4.447917234529086e-08
85,6,Fwd Packet Length Max,1.0509816092962865e-05
85,7,Fwd Packet Length Min,1.0621157343848608e-05
85,8,Fwd Packet Length Mean,1.8966487914440222e-05
85,9,Fwd Packet Length Std,4.976884611096466e-06
85,10,Bwd Packet Length Max,0.0001229484041687101
85,11,Bwd Packet Length Min,7.310716227948433e-06
85,12,Bwd Packet Length Mean,0.00035677352570928633
85,13,Bwd Packet Length Std,0.0002232725964859128
85,14,Flow Bytes/s,1.2393292081469554e-06
85,15,Flow Packets/s,1.0023861250374466e-05
85,16,Flow IAT Mean,1.2537131624412723e-05
85,17,Flow IAT Std,4.595233804138843e-06
85,18,Flow IAT Max,2.133502857759595e-05
85,19,Flow IAT Min,1.5432523241543095e-06
85,20,Fwd IAT Total,9.772287012310699e-05
85,21,Fwd IAT Mean,3.668914723675698e-05
85,22,Fwd IAT Std,2.1944930267636664e-05
85,23,Fwd IAT Max,4.946533590555191e-05
85,24,Fwd IAT Min,1.3892331480747089e-06
85,25,Bwd IAT Total,3.296062277513556e-05
85,26,Bwd IAT Mean,1.2433449228410609e-05
85,27,Bwd IAT Std,6.294058607636543e-07
85,28,Bwd IAT Max,2.9781576813547872e-05
85,29,Bwd IAT Min,3.211945113434922e-06
85,30,Fwd PSH Flags,1.6205449355766177e-05
85,31,Bwd PSH Flags,0.0
85,32,Fwd URG Flags,0.0
85,33,Bwd URG Flags,0.0
85,34,Fwd Header Length,7.359940923379327e-08
85,35,Bwd Header Length,2.152238209873758e-07
85,36,Fwd Packets/s,8.430372872680891e-06
85,37,Bwd Packets/s,6.2018089010962285e-06
85,38,Min Packet Length,2.757949368970003e-05
85,39,Max Packet Length,0.0003409341152291745
85,40,Packet Length Mean,0.00013459740148391575
85,41,Packet Length Std,5.389014768297784e-05
85,42,Packet Length Variance,9.438298729946837e-05
85,43,FIN Flag Count,1.1768970580305904e-05
85,44,SYN Flag Count,0.00010219556133961305
85,45,RST Flag Count,2.8960693043700303e-07
85,46,PSH Flag Count,0.00012041337322443724
85,47,ACK Flag Count,0.0002973312803078443
85,48,URG Flag Count,0.00015218988119158894
85,49,CWE Flag Count,0.0
85,50,ECE Flag Count,6.747528118467017e-07
85,51,Down/Up Ratio,2.692277848836966e-05
85,52,Average Packet Size,0.0003269425651524216
85,53,Avg Fwd Segment Size,1.9854003312502755e-06
85,54,Avg Bwd Segment Size,2.566982584539801e-05
85,55,Fwd Header Length.1,5.705722472271191e-08
85,56,Fwd Avg Bytes/Bulk,0.0
85,57,Fwd Avg Packets/Bulk,0.0
85,58,Fwd Avg Bulk Rate,0.0
85,59,Bwd Avg Bytes/Bulk,0.0
85,60,Bwd Avg Packets/Bulk,0.0
85,61,Bwd Avg Bulk Rate,0.0
85,62,Subflow Fwd Packets,9.240346088290607e-08
85,63,Subflow Fwd Bytes,1.671731908459151e-08
85,64,Subflow Bwd Packets,1.0248815129898503e-07
85,65,Subflow Bwd Bytes,3.1720425397452345e-08
85,66,Init_Win_bytes_forward,1.4445280612562783e-05
85,67,Init_Win_bytes_backward,2.0716492144856602e-05
85,68,act_data_pkt_fwd,5.3726420645716644e-08
85,69,min_seg_size_forward,7.438383686775296e-09
85,70,Active Mean,8.897067687030358e-07
85,71,Active Std,3.827206640494296e-08
85,72,Active Max,6.978507826715941e-06
85,73,Active Min,1.5986080370566924e-07
85,74,Idle Mean,8.063083441811614e-06
85,75,Idle Std,4.782397354574641e-06
85,76,Idle Max,8.573412742407527e-06
85,77,Idle Min,4.918623380945064e-05
86,0,Destination Port,0.00011231973621761426
86,1,Flow Duration,5.665554999723099e-05
86,2,Total Fwd Packets,1.6223195586917427e-07
86,3,Total Backward Packets,2.403876635526103e-07
86,4,Total Length of Fwd Packets,2.978831901145895e-07
86,5,Total Length of Bwd Packets,1.6482223941238772e-07
86,6,Fwd Packet Length Max,1.722081287880428e-05
86,7,Fwd Packet Length Min,7.008628926996607e-06
86,8,Fwd Packet Length Mean,7.606676717841765e-06
86,9,Fwd Packet Length Std,6.105298325564945e-06
86,10,Bwd Packet Length Max,5.4101019486552104e-06
86,11,Bwd Packet Length Min,2.2622405140282353e-06
86,12,Bwd Packet Length Mean,5.555955431191251e-05
86,13,Bwd Packet Length Std,8.612088095105719e-06
86,14,Flow Bytes/s,1.2976390735275345e-06
86,15,Flow Packets/s,1.7819500499172136e-05
86,16,Flow IAT Mean,5.9294619859429076e-05
86,17,Flow IAT Std,1.5055627955007367e-05
86,18,Flow IAT Max,2.2665708456770517e-05
86,19,Flow IAT Min,1.3890606851418852e-06
86,20,Fwd IAT Total,2.9199252821854316e-05
86,21,Fwd IAT Mean,3.1855310226092115e-05
86,22,Fwd IAT Std,1.6722891814424656e-05
86,23,Fwd IAT Max,3.2896561606321484e-05
86,24,Fwd IAT Min,1.8862869183067232e-05
86,25,Bwd IAT Total,0.00010517358168726787
86,26,Bwd IAT Mean,1.4039758752915077e-05
86,27,Bwd IAT Std,1.076400531019317e-05
86,28,Bwd IAT Max,2.3536355001851916e-05
86,29,Bwd IAT Min,8.130644346238114e-06
86,30,Fwd PSH Flags,1.4368867596203927e-05
86,31,Bwd PSH Flags,0.0
86,32,Fwd URG Flags,0.0
86,33,Bwd URG Flags,0.0
86,34,Fwd Header Length,3.902722867099584e-10
86,35,Bwd Header Length,1.5035845990496455e-07
86,36,Fwd Packets/s,1.8587030353955925e-05
86,37,Bwd Packets/s,4.071274815942161e-06
86,38,Min Packet Length,9.248554306395818e-06
86,39,Max Packet Length,7.509358965762658e-06
86,40,Packet Length Mean,1.7429759964215918e-06
86,41,Packet Length Std,1.0191951332672033e-05
86,42,Packet Length Variance,7.314946287806379e-06
86,43,FIN Flag Count,2.114572453137953e-05
86,44,SYN Flag Count,8.656680438434705e-05
86,45,RST Flag Count,5.056998020336323e-07
86,46,PSH Flag Count,0.00031333434162661433
86,47,ACK Flag Count,0.00029709565569646657
86,48,URG Flag Count,4.492419247981161e-05
86,49,CWE Flag Count,0.0
86,50,ECE Flag Count,1.795961139805513e-07
86,51,Down/Up Ratio,1.2277821042516734e-05
86,52,Average Packet Size,3.224988540750928e-05
86,53,Avg Fwd Segment Size,1.49357981626963e-06
86,54,Avg Bwd Segment Size,4.278458800399676e-05
86,55,Fwd Header Length.1,1.5016945908996604e-08
86,56,Fwd Avg Bytes/Bulk,0.0
86,57,Fwd Avg Packets/Bulk,0.0
86,58,Fwd Avg Bulk Rate,0.0
86,59,Bwd Avg Bytes/Bulk,0.0
86,60,Bwd Avg Packets/Bulk,0.0
86,61,Bwd Avg Bulk Rate,0.0
86,62,Subflow Fwd Packets,1.261722104572982e-07
86,63,Subflow Fwd Bytes,1.881558944205608e-07
86,64,Subflow Bwd Packets,2.1914853221005615e-07
86,65,Subflow Bwd Bytes,1.3513771079942671e-07
86,66,Init_Win_bytes_forward,3.401749381737318e-06
86,67,Init_Win_bytes_backward,1.2362827874312643e-05
86,68,act_data_pkt_fwd,7.292062065289429e-08
86,69,min_seg_size_forward,1.6227965152215695e-11
86,70,Active Mean,9.143062698058202e-07
86,71,Active Std,7.958789183248882e-07
86,72,Active Max,4.453576366358902e-06
86,73,Active Min,3.5319243352205376e-07
86,74,Idle Mean,4.068125781486742e-05
86,75,Idle Std,6.428847882489208e-06
86,76,Idle Max,2.4906070393626578e-05
86,77,Idle Min,0.00011963939323322847
87,0,Destination Port,4.83654803247191e-05
87,1,Flow Duration,6.62770980852656e-05
87,2,Total Fwd Packets,1.913082314786152e-07
87,3,Total Backward Packets,1.80295700147326e-07
87,4,Total Length of Fwd Packets,1.9446989085736277e-07
87,5,Total Length of Bwd Packets,1.4545699400514422e-07
87,6,Fwd Packet Length Max,6.568297521880595e-06
87,7,Fwd Packet Length Min,1.4177133380144369e-05
87,8,Fwd Packet Length Mean,1.800360405468382e-05
87,9,Fwd Packet Length Std,1.7410237660442363e-06
87,10,Bwd Packet Length Max,0.00020562898134812713
87,11,Bwd Packet Length Min,7.692854524066206e-06
87,12,Bwd Packet Length Mean,0.0003466307243797928
87,13,Bwd Packet Length Std,0.0005628243670798838
87,14,Flow Bytes/s,1.3666920040122932e-06
87,15,Flow Packets/s,1.3277658581500873e-05
87,16,Flow IAT Mean,1.5275392797775567e-05
87,17,Flow IAT Std,1.1013064067810774e-05
87,18,Flow IAT Max,2.2332367734634317e-05
87,19,Flow IAT Min,1.767818616826844e-06
87,20,Fwd IAT Total,8.657241414766759e-05
87,21,Fwd IAT Mean,3.6694709706353024e-05
87,22,Fwd IAT Std,2.6662208256311715e-05
87,23,Fwd IAT Max,4.4382632040651515e-05
87,24,Fwd IAT Min,5.280026016407646e-06
87,25,Bwd IAT Total,2.103858241753187e-05
87,26,Bwd IAT Mean,1.2666842849284876e-05
87,27,Bwd IAT Std,4.7672233449702617e-07
87,28,Bwd IAT Max,4.0492006519343704e-05
87,29,Bwd IAT Min,3.6079111396247754e-06
87,30,Fwd PSH Flags,3.1178045901469886e-05
87,31,Bwd PSH Flags,0.0
87,32,Fwd URG Flags,0.0
87,33,Bwd URG Flags,0.0
87,34,Fwd Header Length,9.975747161661275e-08
87,35,Bwd Header Length,1.0065545552606636e-07
87,36,Fwd Packets/s,1.6520316421519965e-05
87,37,Bwd Packets/s,7.644355719094165e-06
87,38,Min Packet Length,2.3341966880252585e-05
87,39,Max Packet Length,0.0002578480925876647
87,40,Packet Length Mean,3.81822646886576e-05
87,41,Packet Length Std,9.60881297942251e-05
87,42,Packet Length Variance,0.00037737988168373704
87,43,FIN Flag Count,1.4655924132966902e-05
87,44,SYN Flag Count,7.903937512310222e-05
87,45,RST Flag Count,3.856748662656173e-07
87,46,PSH Flag Count,0.0005224590422585607
87,47,ACK Flag Count,0.00036936826654709876
87,48,URG Flag Count,0.00019824648916255683
87,49,CWE Flag Count,0.0
87,50,ECE Flag Count,4.0022200664679985e-07
87,51,Down/Up Ratio,9.260701517632697e-06
87,52,Average Packet Size,0.00014691866817884147
87,53,Avg Fwd Segment Size,4.023988367407583e-06
87,54,Avg Bwd Segment Size,0.00015814784273970872
87,55,Fwd Header Length.1,4.147515042518535e-08
87,56,Fwd Avg Bytes/Bulk,0.0
87,57,Fwd Avg Packets/Bulk,0.0
87,58,Fwd Avg Bulk Rate,0.0
87,59,Bwd Avg Bytes/Bulk,0.0
87,60,Bwd Avg Packets/Bulk,0.0
87,61,Bwd Avg Bulk Rate,0.0
87,62,Subflow Fwd Packets,1.3869009762856876e-07
87,63,Subflow Fwd Bytes,4.4843414315209884e-08
87,64,Subflow Bwd Packets,2.315280624998195e-07
87,65,Subflow Bwd Bytes,9.970171532813765e-08
87,66,Init_Win_bytes_forward,1.6692429198883474e-05
87,67,Init_Win_bytes_backward,1.0272990948578808e-05
87,68,act_data_pkt_fwd,6.47645848061984e-08
87,69,min_seg_size_forward,1.8278578303720927e-11
87,70,Active Mean,7.866719897720031e-07
87,71,Active Std,1.1563376922651969e-08
87,72,Active Max,7.310271939786617e-06
87,73,Active Min,5.879081044213308e-08
87,74,Idle Mean,2.2386431737686507e-05
87,75,Idle Std,4.7690823521406855e-06
87,76,Idle Max,1.0574035513855051e-05
87,77,Idle Min,3.7136840546736494e-05
88,0,Destination Port,8.365787653019652e-05
88,1,Flow Duration,3.450491567491554e-05
88,2,Total Fwd Packets,1.6590880136391206e-07
88,3,Total Backward Packets,2.458187680076662e-07
88,4,Total Length of Fwd Packets,2.637204943312099e-07
88,5,Total Length of Bwd Packets,1.818879695747455e-07
88,6,Fwd Packet Length Max,1.7126330931205302e-05
88,7,Fwd Packet Length Min,3.869934516842477e-06
88,8,Fwd Packet Length Mean,5.438003881863551e-06
88,9,Fwd Packet Length Std,5.394601430452894e-06
88,10,Bwd Packet Length Max,7.751919497422932e-07
88,11,Bwd Packet Length Min,4.2101075337086513e-07
88,12,Bwd Packet Length Mean,4.088111745659262e-05
88,13,Bwd Packet Length Std,1.5003028238425031e-05
88,14,Flow Bytes/s,1.1187513564436813e-06
88,15,Flow Packets/s,1.0893251783272717e-05
88,16,Flow IAT Mean,6.154826405690983e-05
88,17,Flow IAT Std,1.790695205272641e-05
88,18,Flow IAT Max,4.698952761827968e-05
88,19,Flow IAT Min,1.0077038723466103e-06
88,20,Fwd IAT Total,2.1328414732124656e-05
88,21,Fwd IAT Mean,3.8518133806064725e-05
88,22,Fwd IAT Std,6.4454884523001965e-06
88,23,Fwd IAT Max,3.5894743632525206e-05
88,24,Fwd IAT Min,1.7354541341774166e-05
88,25,Bwd IAT Total,0.00012859211710747331
88,26,Bwd IAT Mean,1.0502136319701094e-05
88,27,Bwd IAT Std,9.537611731502693e-06
88,28,Bwd IAT Max,1.1155758329550736e-05
88,29,Bwd IAT Min,7.906719474704005e-06
88,30,Fwd PSH Flags,1.13238984340569e-05
88,31,Bwd PSH Flags,0.0
88,32,Fwd URG Flags,0.0
88,33,Bwd URG Flags,0.0
88,34,Fwd Header Length,7.63752794341599e-09
88,35,Bwd Header Length,2.055256373978409e-07
88,36,Fwd Packets/s,1.5687390259699896e-05
88,37,Bwd Packets/s,4.020215783384629e-06
88,38,Min Packet Length,9.210386451741215e-06
88,39,Max Packet Length,1.4899366760801058e-05
88,40,Packet Length Mean,4.775788966071559e-06
88,41,Packet Length Std,6.425071887861122e-07
88,42,Packet Length Variance,8.152986083587166e-06
88,43,FIN Flag Count,8.602258276368957e-06
88,44,SYN Flag Count,8.22588408482261e-05
88,45,RST Flag Count,4.5902342549197783e-07
88,46,PSH Flag Count,0.0004086258413735777
88,47,ACK Flag Count,0.000514291285071522
88,48,URG Flag Count,3.2478634238941595e-05
88,49,CWE Flag Count,0.0
88,50,ECE Flag Count,1.5595391289480176e-07
88,51,Down/Up Ratio,1.480107857787516e-05
88,52,Average Packet Size,3.820052370429039e-05
88,53,Avg Fwd Segment Size,4.647087280318374e-06
88,54,Avg Bwd Segment Size,3.5120476240990683e-05
88,55,Fwd Header Length.1,1.563369522727953e-08
88,56,Fwd Avg Bytes/Bulk,0.0
88,57,Fwd Avg Packets/Bulk,0.0
88,58,Fwd Avg Bulk Rate,0.0
88,59,Bwd Avg Bytes/Bulk,0.0
88,60,Bwd Avg Packets/Bulk,0.0
88,61,Bwd Avg Bulk Rate,0.0
88,62,Subflow Fwd Packets,1.3404338972122787e-07
88,63,Subflow Fwd Bytes,1.1143966105464642e-07
88,64,Subflow Bwd Packets,2.3131134696541267e-07
88,65,Subflow Bwd Bytes,1.4079201093863958e-07
88,66,Init_Win_bytes_forward,3.7064246498630382e-06
88,67,Init_Win_bytes_backward,7.781795829941984e-06
88,68,act_data_pkt_fwd,4.775618478447541e-08
88,69,min_seg_size_forward,8.171668897105633e-10
88,70,Active Mean,9.363897106595687e-07
88,71,Active Std,9.379754715155286e-07
88,72,Active Max,4.171826276433421e-06
88,73,Active Min,4.732494005565968e-07
88,74,Idle Mean,6.388084148056805e-05
88,75,Idle Std,5.340672942111269e-06
88,76,Idle Max,1.2316747415752616e-05
88,77,Idle Min,0.00012595024600159377
89,0,Destination Port,5.0935013859998435e-06
89,1,Flow Duration,7.609822932863608e-05
89,2,Total Fwd Packets,1.4228950817596342e-07
89,3,Total Backward Packets,9.961472358099854e-08
89,4,Total Length of Fwd Packets,1.576538011249795e-07
89,5,Total Length of Bwd Packets,6.562982690638819e-08
89,6,Fwd Packet Length Max,1.025979236146668e-05
89,7,Fwd Packet Length Min,9.215406862495001e-06
89,8,Fwd Packet Length Mean,1.8562208424555138e-05
89,9,Fwd Packet Length Std,4.9911654969037045e-06
89,10,Bwd Packet Length Max,0.00010838187881745398
89,11,Bwd Packet Length Min,9.126890290644951e-06
89,12,Bwd Packet Length Mean,0.00037529575638473034
89,13,Bwd Packet Length Std,0.00015033928502816707
89,14,Flow Bytes/s,1.299691007261572e-06
89,15,Flow Packets/s,1.0215224392595701e-05
89,16,Flow IAT Mean,1.201648137794109e-05
89,17,Flow IAT Std,2.63497895502951e-06
89,18,Flow IAT Max,1.4049739547772333e-05
89,19,Flow IAT Min,1.410531012879801e-06
89,20,Fwd IAT Total,8.41487490106374e-05
89,21,Fwd IAT Mean,3.418462074478157e-05
89,22,Fwd IAT Std,1.8042108422378078e-05
89,23,Fwd IAT Max,3.978227323386818e-05
89,24,Fwd IAT Min,2.506041937522241e-06
89,25,Bwd IAT Total,4.0617196646053344e-05
89,26,Bwd IAT Mean,1.3944721104053315e-05
89,27,Bwd IAT Std,2.552748412654182e-07
89,28,Bwd IAT Max,2.36814194067847e-05
89,29,Bwd IAT Min,4.317857474234188e-06
89,30,Fwd PSH Flags,1.765488923410885e-05
89,31,Bwd PSH Flags,0.0
89,32,Fwd URG Flags,0.0
89,33,Bwd URG Flags,0.0
89,34,Fwd Header Length,5.94534874664987e-08
89,35,Bwd Header Length,2.2263525067955925e-07
89,36,Fwd Packets/s,9.702837814984377e-06
89,37,Bwd Packets/s,5.8399041336087976e-06
89,38,Min Packet Length,2.269580181746278e-05
89,39,Max Packet Length,0.0002176717680413276
89,40,Packet Length Mean,0.00020777764439117163
89,41,Packet Length Std,7.237003592308611e-05
89,42,Packet Length Variance,6.703813414787874e-05
89,43,FIN Flag Count,1.178959610115271e-05
89,44,SYN Flag Count,9.380484698340297e-05
89,45,RST Flag Count,1.6930364665768138e-07
89,46,PSH Flag Count,2.0284416677895933e-05
89,47,ACK Flag Count,0.00030549816437996924
89,48,URG Flag Count,0.00012974538549315184
89,49,CWE Flag Count,0.0
89,50,ECE Flag Count,4.499518126976909e-07
89,51,Down/Up Ratio,2.5017699954332784e-05
89,52,Average Packet Size,0.00033581501338630915
89,53,Avg Fwd Segment Size,3.904981440427946e-06
89,54,Avg Bwd Segment Size,8.14561099105049e-06
89,55,Fwd Header Length.1,4.015768695353472e-08
89,56,Fwd Avg Bytes/Bulk,0.0
89,57,Fwd Avg Packets/Bulk,0.0
89,58,Fwd Avg Bulk Rate,0.0
89,59,Bwd Avg Bytes/Bulk,0.0
89,60,Bwd Avg Packets/Bulk,0.0
89,61,Bwd Avg Bulk Rate,0.0
89,62,Subflow Fwd Packets,9.605349760022364e-08
89,63,Subflow Fwd Bytes,7.534767476613524e-09
89,64,Subflow Bwd Packets,1.1943375000100787e-07
89,65,Subflow Bwd Bytes,4.8827306642351687e-08
89,66,Init_Win_bytes_forward,1.0183597623836249e-05
89,67,Init_Win_bytes_backward,1.9365621483302675e-05
89,68,act_data_pkt_fwd,1.9231187309287634e-08
89,69,min_seg_size_forward,2.6311593528949295e-11
89,70,Active Mean,7.967524311425223e-07
89,71,Active Std,4.508960671500972e-08
89,72,Active Max,6.038533683749847e-06
89,73,Active Min,1.2887454658994102e-07
89,74,Idle Mean,5.354097993404139e-06
89,75,Idle Std,4.4037333282176405e-06
89,76,Idle Max,1.1293941497569904e-06
89,77,Idle Min,4.609174720826559e-05
90,0,Destination Port,0.0001149698655353859
90,1,Flow Duration,5.7271790865343064e-05
90,2,Total Fwd Packets,1.0499459790480614e-07
90,3,Total Backward Packets,1.7115590367211553e-07
90,4,Total Length of Fwd Packets,2.6196741487183317e-07
90,5,Total Length of Bwd Packets,1.0702531483275379e-07
90,6,Fwd Packet Length Max,1.6786141713964753e-05
90,7,Fwd Packet Length Min,6.973152721911902e-06
90,8,Fwd Packet Length Mean,5.69911026104819e-06
90,9,Fwd Packet Length Std,5.223785592534114e-06
90,10,Bwd Packet Length Max,6.204872533999151e-06
90,11,Bwd Packet Length Min,1.7842386341726524e-06
90,12,Bwd Packet Length Mean,4.766995698446408e-05
90,13,Bwd Packet Length Std,1.656004542383016e-06
90,14,Flow Bytes/s,1.467095898988191e-06
90,15,Flow Packets/s,1.6112961020553485e-05
90,16,Flow IAT Mean,5.591266744886525e-05
90,17,Flow IAT Std,1.861167220340576e-05
90,18,Flow IAT Max,3.212558294762857e-05
90,19,Flow IAT Min,1.4405383126359084e-06
90,20,Fwd IAT Total,2.5937764803529717e-05
90,21,Fwd IAT Mean,2.930525988631416e-05
90,22,Fwd IAT Std,1.112702830141643e-05
90,23,Fwd IAT Max,3.259237564634532e-05
90,24,Fwd IAT Min,2.038741331489291e-05
90,25,Bwd IAT Total,0.0001020487179630436
90,26,Bwd IAT Mean,1.4409401046577841e-05
90,27,Bwd IAT Std,1.2312931175983977e-05
90,28,Bwd IAT Max,1.840045297285542e-05
90,29,Bwd IAT Min,1.0372633369115647e-05
90,30,Fwd PSH Flags,1.4925421965017449e-05
90,31,Bwd PSH Flags,0.0
90,32,Fwd URG Flags,0.0
90,33,Bwd URG Flags,0.0
90,34,Fwd Header Length,1.9589210253911915e-09
90,35,Bwd Header Length,1.7677909625035682e-07
90,36,Fwd Packets/s,1.9090741261607036e-05
90,37,Bwd Packets/s,3.5466669032757636e-06
90,38,Min Packet Length,7.34216609998839e-06
90,39,Max Packet Length,6.59554507365101e-06
90,40,Packet Length Mean,3.2033990464697126e-06
90,41,Packet Length Std,1.1694053682731465e-05
90,42,Packet Length Variance,6.527439836645499e-06
90,43,FIN Flag Count,2.0141564164077863e-05
90,44,SYN Flag Count,8.484009595122188e-05
90,45,RST Flag Count,3.508092163428955e-07
90,46,PSH Flag Count,0.000306032074149698
90,47,ACK Flag Count,0.0002802587696351111
90,48,URG Flag Count,2.9099928724463098e-05
90,49,CWE Flag Count,0.0
90,50,ECE Flag Count,1.3612171301247145e-07
90,51,Down/Up Ratio,1.0825126992131118e-05
90,52,Average Packet Size,3.007340092153754e-05
90,53,Avg Fwd Segment Size,1.064983962351107e-06
90,54,Avg Bwd Segment Size,3.487667709123343e-05
90,55,Fwd Header Length.1,5.012215087418781e-10
90,56,Fwd Avg Bytes/Bulk,0.0
90,57,Fwd Avg Packets/Bulk,0.0
90,58,Fwd Avg Bulk Rate,0.0
90,59,Bwd Avg Bytes/Bulk,0.0
90,60,Bwd Avg Packets/Bulk,0.0
90,61,Bwd Avg Bulk Rate,0.0
90,62,Subflow Fwd Packets,8.137948270814377e-08
90,63,Subflow Fwd Bytes,1.3866446124666254e-07
90,64,Subflow Bwd Packets,1.5679472653573612e-07
90,65,Subflow Bwd Bytes,8.668519058119273e-08
90,66,Init_Win_bytes_forward,1.851232923399948e-06
90,67,Init_Win_bytes_backward,9.85912629403174e-06
90,68,act_data_pkt_fwd,3.999502951046452e-08
90,69,min_seg_size_forward,1.8273939653146165e-11
90,70,Active Mean,7.767271767988859e-07
90,71,Active Std,7.020221346465405e-07
90,72,Active Max,4.2515912355156615e-06
90,73,Active Min,3.736656708497321e-07
90,74,Idle Mean,3.43580286426004e-05
90,75,Idle Std,5.257436896499712e-06
90,76,Idle Max,1.782234903657809e-05
90,77,Idle Min,0.00012449896894395351
91,0,Destination Port,8.129808702506125e-05
91,1,Flow Duration,5.201403473620303e-05
91,2,Total Fwd Packets,7.363957621464579e-08
91,3,Total Backward Packets,3.9270581453365594e-08
91,4,Total Length of Fwd Packets,1.9296851405670168e-07
91,5,Total Length of Bwd Packets,2.6893852478337976e-08
91,6,Fwd Packet Length Max,7.118294888641685e-06
91,7,Fwd Packet Length Min,1.6485068044858053e-05
91,8,Fwd Packet Length Mean,1.8174992874264717e-05
91,9,Fwd Packet Length Std,1.5078425121828332e-06
91,10,Bwd Packet Length Max,0.00018141847976949066
91,11,Bwd Packet Length Min,9.987554221879691e-06
91,12,Bwd Packet Length Mean,0.0002195000706706196
91,13,Bwd Packet Length Std,0.0005011428729631007
91,14,Flow Bytes/s,1.379992227157345e-06
91,15,Flow Packets/s,1.2508355212048627e-05
91,16,Flow IAT Mean,1.2936384337081108e-05
91,17,Flow IAT Std,7.085913694027113e-06
91,18,Flow IAT Max,1.774394877429586e-05
91,19,Flow IAT Min,1.7036281860782765e-06
91,20,Fwd IAT Total,9.874297393253073e-05
91,21,Fwd IAT Mean,3.568578904378228e-05
91,22,Fwd IAT Std,2.5128805646090768e-05
91,23,Fwd IAT Max,4.375687421998009e-05
91,24,Fwd IAT Min,5.1102597353747115e-06
91,25,Bwd IAT Total,2.932009010692127e-05
91,26,Bwd IAT Mean,1.140481708716834e-05
91,27,Bwd IAT Std,8.332963830071094e-08
91,28,Bwd IAT Max,3.0487386538879946e-05
91,29,Bwd IAT Min,2.8971799110877328e-06
91,30,Fwd PSH Flags,3.0695700843352824e-05
91,31,Bwd PSH Flags,0.0
91,32,Fwd URG Flags,0.0
91,33,Bwd URG Flags,0.0
91,34,Fwd Header Length,1.0078114343059497e-07
91,35,Bwd Header Length,1.3049960045918851e-07
91,36,Fwd Packets/s,1.4228548025130294e-05
91,37,Bwd Packets/s,7.584401373605942e-06
91,38,Min Packet Length,2.3439599317498505e-05
91,39,Max Packet Length,0.00025243163690902293
91,40,Packet Length Mean,6.845388270448893e-05
91,41,Packet Length Std,7.164367707446218e-05
91,42,Packet Length Variance,0.00023018592037260532
91,43,FIN Flag Count,9.270256668969523e-06
91,44,SYN Flag Count,9.104239143198356e-05
91,45,RST Flag Count,2.4300112499986426e-07
91,46,PSH Flag Count,0.0005044550052843988
91,47,ACK Flag Count,0.00031471592956222594
91,48,URG Flag Count,0.0001864139921963215
91,49,CWE Flag Count,0.0
91,50,ECE Flag Count,3.501967000829609e-07
91,51,Down/Up Ratio,9.420275091542862e-06
91,52,Average Packet Size,0.00020361314818728715
91,53,Avg Fwd Segment Size,3.4862812299252255e-06
91,54,Avg Bwd Segment Size,0.00015906532644294202
91,55,Fwd Header Length.1,6.030888499708453e-08
91,56,Fwd Avg Bytes/Bulk,0.0
91,57,Fwd Avg Packets/Bulk,0.0
91,58,Fwd Avg Bulk Rate,0.0
91,59,Bwd Avg Bytes/Bulk,0.0
91,60,Bwd Avg Packets/Bulk,0.0
91,61,Bwd Avg Bulk Rate,0.0
91,62,Subflow Fwd Packets,5.51336043486117e-08
91,63,Subflow Fwd Bytes,6.327412904738594e-08
91,64,Subflow Bwd Packets,4.871208147960715e-08
91,65,Subflow Bwd Bytes,1.7501895044347293e-08
91,66,Init_Win_bytes_forward,1.6205523934331723e-05
91,67,Init_Win_bytes_backward,1.1750083103834186e-05
91,68,act_data_pkt_fwd,1.761996060167803e-08
91,69,min_seg_size_forward,1.7047880468412657e-11
91,70,Active Mean,6.537746912727016e-07
91,71,Active Std,2.5191715380401547e-08
91,72,Active Max,6.969706646486884e-06
91,73,Active Min,3.155869165993863e-08
91,74,Idle Mean,2.8121563445893116e-05
91,75,Idle Std,4.324176188674755e-06
91,76,Idle Max,7.360319614235777e-06
91,77,Idle Min,3.514786658342928e-05
92,0,Destination Port,8.622182940598577e-05
92,1,Flow Duration,4.8550420615356416e-05
92,2,Total Fwd Packets,1.5142205711526913e-07
92,3,Total Backward Packets,2.494898012628255e-07
92,4,Total Length of Fwd Packets,2.6841988187698007e-07
92,5,Total Length of Bwd Packets,1.8170244686643855e-07
92,6,Fwd Packet Length Max,1.7033702533808537e-05
92,7,Fwd Packet Length Min,5.366550340113463e-06
92,8,Fwd Packet Length Mean,8.296457053802442e-06
92,9,Fwd Packet Length Std,5.9956432778562885e-06
92,10,Bwd Packet Length Max,6.922712600498926e-06
92,11,Bwd Packet Length Min,1.4700954125146382e-06
92,12,Bwd Packet Length Mean,4.6489585656672716e-05
92,13,Bwd Packet Length Std,1.4920218745828606e-05
92,14,Flow Bytes/s,1.2876660093752434e-06
92,15,Flow Packets/s,1.3150072845746763e-05
92,16,Flow IAT Mean,3.811584974755533e-05
92,17,Flow IAT Std,7.576393272756832e-06
92,18,Flow IAT Max,2.7014453735318966e-05
92,19,Flow IAT Min,1.2540667739813216e-06
92,20,Fwd IAT Total,3.0765186238568276e-05
92,21,Fwd IAT Mean,1.1893301234522369e-05
92,22,Fwd IAT Std,1.755696939653717e-05
92,23,Fwd IAT Max,3.615222522057593e-05
92,24,Fwd IAT Min,1.607092417543754e-05
92,25,Bwd IAT Total,0.00012769093154929578
92,26,Bwd IAT Mean,1.0029304576164577e-05
92,27,Bwd IAT Std,8.949737093644217e-06
92,28,Bwd IAT Max,2.198833135480527e-05
92,29,Bwd IAT Min,7.470756372640608e-06
92,30,Fwd PSH Flags,2.1798519810545258e-05
92,31,Bwd PSH Flags,0.0
92,32,Fwd URG Flags,0.0
92,33,Bwd URG Flags,0.0
92,34,Fwd Header Length,1.5008559728357795e-08
92,35,Bwd Header Length,1.0878206779807442e-07
92,36,Fwd Packets/s,1.9193021216779016e-05
92,37,Bwd Packets/s,4.009650638181483e-06
92,38,Min Packet Length,1.0178101547353435e-05
92,39,Max Packet Length,8.758581316214986e-06
92,40,Packet Length Mean,4.868849828199018e-06
92,41,Packet Length Std,3.020636313522118e-06
92,42,Packet Length Variance,8.095867997326422e-06
92,43,FIN Flag Count,1.7632524759392254e-05
92,44,SYN Flag Count,7.971283048391342e-05
92,45,RST Flag Count,4.975512410965166e-07
92,46,PSH Flag Count,0.0003364967997185886
92,47,ACK Flag Count,0.0004718337731901556
92,48,URG Flag Count,3.669523721328005e-05
92,49,CWE Flag Count,0.0
92,50,ECE Flag Count,1.7133777419076068e-07
92,51,Down/Up Ratio,1.6250858607236296e-05
92,52,Average Packet Size,2.9055445338599384e-05
92,53,Avg Fwd Segment Size,3.4565939586173045e-06
92,54,Avg Bwd Segment Size,3.883498357026838e-05
92,55,Fwd Header Length.1,1.2257975967600032e-08
92,56,Fwd Avg Bytes/Bulk,0.0
92,57,Fwd Avg Packets/Bulk,0.0
92,58,Fwd Avg Bulk Rate,0.0
92,59,Bwd Avg Bytes/Bulk,0.0
92,60,Bwd Avg Packets/Bulk,0.0
92,61,Bwd Avg Bulk Rate,0.0
92,62,Subflow Fwd Packets,1.1735764360309986e-07
92,63,Subflow Fwd Bytes,1.2720897757390048e-07
92,64,Subflow Bwd Packets,2.3486653333293361e-07
92,65,Subflow Bwd Bytes,1.461468599472937e-07
92,66,Init_Win_bytes_forward,1.3450224287225865e-05
92,67,Init_Win_bytes_backward,1.0626761650200933e-05
92,68,act_data_pkt_fwd,3.2609538180849995e-08
92,69,min_seg_size_forward,8.09104692967022e-12
92,70,Active Mean,8.320635629388562e-07
92,71,Active Std,8.113919989227725e-07
92,72,Active Max,4.181720214546658e-06
92,73,Active Min,4.508039523898333e-07
92,74,Idle Mean,4.6945729991421103e-05
92,75,Idle Std,6.267548997129779e-06
92,76,Idle Max,1.6125268302857876e-05
92,77,Idle Min,0.00011489322787383571
93,0,Destination Port,4.4499603973235935e-05
93,1,Flow Duration,4.496915062190965e-05
93,2,Total Fwd Packets,9.768747588623228e-08
93,3,Total Backward Packets,8.003276263934822e-08
93,4,Total Length of Fwd Packets,2.0455320282053435e-07
93,5,Total Length of Bwd Packets,9.655934718466597e-09
93,6,Fwd Packet Length Max,5.963422154309228e-06
93,7,Fwd Packet Length Min,1.3675851732841693e-05
93,8,Fwd Packet Length Mean,1.881614480225835e-05
93,9,Fwd Packet Length Std,4.921816525893519e-06
93,10,Bwd Packet Length Max,0.00011951941269217059
93,11,Bwd Packet Length Min,6.3100887928158045e-06
93,12,Bwd Packet Length Mean,0.00041296251583844423
93,13,Bwd Packet Length Std,0.0006359784165397286
93,14,Flow Bytes/s,1.2769531849698978e-06
93,15,Flow Packets/s,7.860432560846675e-06
93,16,Flow IAT Mean,1.1946030099352356e-05
93,17,Flow IAT Std,5.504205546458252e-06
93,18,Flow IAT Max,2.434039743093308e-05
93,19,Flow IAT Min,1.8419340221953462e-06
93,20,Fwd IAT Total,0.00011100945266662166
93,21,Fwd IAT Mean,3.633395317592658e-05
93,22,Fwd IAT Std,2.430770473438315e-05
93,23,Fwd IAT Max,3.6560799344442785e-05
93,24,Fwd IAT Min,2.617723566800123e-06
93,25,Bwd IAT Total,7.863145583542064e-06
93,26,Bwd IAT Mean,8.447355867247097e-06
93,27,Bwd IAT Std,7.511395949677535e-08
93,28,Bwd IAT Max,3.165848465869203e-05
93,29,Bwd IAT Min,1.9695301034516888e-06
93,30,Fwd PSH Flags,3.270018714829348e-05
93,31,Bwd PSH Flags,0.0
93,32,Fwd URG Flags,0.0
93,33,Bwd URG Flags,0.0
93,34,Fwd Header Length,6.964592103031464e-08
93,35,Bwd Header Length,1.8346102592659008e-07
93,36,Fwd Packets/s,1.1205505870748311e-05
93,37,Bwd Packets/s,7.762482709949836e-06
93,38,Min Packet Length,2.9010909202042967e-05
93,39,Max Packet Length,0.00037060410249978304
93,40,Packet Length Mean,1.45174672070425e-05
93,41,Packet Length Std,4.072077717864886e-05
93,42,Packet Length Variance,0.00032588778412900865
93,43,FIN Flag Count,1.616700137674343e-05
93,44,SYN Flag Count,9.320102981291711e-05
93,45,RST Flag Count,3.6999509234192374e-07
93,46,PSH Flag Count,0.0005543947918340564
93,47,ACK Flag Count,0.0002840076049324125
93,48,URG Flag Count,0.0002122242731275037
93,49,CWE Flag Count,0.0
93,50,ECE Flag Count,4.620030722435331e-07
93,51,Down/Up Ratio,8.103495929390192e-06
93,52,Average Packet Size,0.00024987480719573796
93,53,Avg Fwd Segment Size,2.932237748609623e-06
93,54,Avg Bwd Segment Size,7.265108433784917e-05
93,55,Fwd Header Length.1,2.987364311479723e-08
93,56,Fwd Avg Bytes/Bulk,0.0
93,57,Fwd Avg Packets/Bulk,0.0
93,58,Fwd Avg Bulk Rate,0.0
93,59,Bwd Avg Bytes/Bulk,0.0
93,60,Bwd Avg Packets/Bulk,0.0
93,61,Bwd Avg Bulk Rate,0.0
93,62,Subflow Fwd Packets,7.494976017596855e-08
93,63,Subflow Fwd Bytes,1.6689315207596422e-10
93,64,Subflow Bwd Packets,1.052613498586652e-07
93,65,Subflow Bwd Bytes,6.609625291531529e-09
93,66,Init_Win_bytes_forward,1.5157520465436392e-05
93,67,Init_Win_bytes_backward,1.802169208531268e-05
93,68,act_data_pkt_fwd,1.598559684623524e-08
93,69,min_seg_size_forward,6.573046551494599e-09
93,70,Active Mean,8.217039635383117e-07
93,71,Active Std,1.6588997198141442e-07
93,72,Active Max,7.303342499653809e-06
93,73,Active Min,8.001209295116496e-08
93,74,Idle Mean,9.885467079584487e-06
93,75,Idle Std,5.247660737950355e-06
93,76,Idle Max,1.3097907867631875e-05
93,77,Idle Min,3.0971186788519844e-05
94,0,Destination Port,8.559070556657389e-05
94,1,Flow Duration,4.172349508735351e-05
94,2,Total Fwd Packets,2.38419403331136e-07
94,3,Total Backward Packets,3.2247720582745387e-07
94,4,Total Length of Fwd Packets,3.0909120596334105e-07
94,5,Total Length of Bwd Packets,2.7066187158197863e-07
94,6,Fwd Packet Length Max,1.7107473468058743e-05
94,7,Fwd Packet Length Min,5.209569735598052e-06
94,8,Fwd Packet Length Mean,1.0500578355276957e-05
94,9,Fwd Packet Length Std,6.404951363947475e-06
94,10,Bwd Packet Length Max,8.81734104041243e-06
94,11,Bwd Packet Length Min,5.231240720604546e-07
94,12,Bwd Packet Length Mean,4.520341826719232e-05
94,13,Bwd Packet Length Std,1.7110876797232777e-05
94,14,Flow Bytes/s,1.4093354820943205e-06
94,15,Flow Packets/s,1.4838702554698102e-05
94,16,Flow IAT Mean,6.13354641245678e-05
94,17,Flow IAT Std,1.2455284377210774e-05
94,18,Flow IAT Max,2.7051994038629346e-05
94,19,Flow IAT Min,1.234202159139386e-06
94,20,Fwd IAT Total,2.916929042839911e-05
94,21,Fwd IAT Mean,3.5251348890597e-05
94,22,Fwd IAT Std,1.8957009160658345e-05
94,23,Fwd IAT Max,3.6407564039109275e-05
94,24,Fwd IAT Min,1.4901136637490708e-05
94,25,Bwd IAT Total,0.00013581133680418134
94,26,Bwd IAT Mean,9.650990250520408e-06
94,27,Bwd IAT Std,6.881486115162261e-06
94,28,Bwd IAT Max,2.0644820324378088e-05
94,29,Bwd IAT Min,7.256051048898371e-06
94,30,Fwd PSH Flags,2.4005210434552282e-05
94,31,Bwd PSH Flags,0.0
94,32,Fwd URG Flags,0.0
94,33,Bwd URG Flags,0.0
94,34,Fwd Header Length,4.4303027912917514e-09
94,35,Bwd Header Length,1.0488932389307593e-07
94,36,Fwd Packets/s,1.86005090654362e-05
94,37,Bwd Packets/s,4.259326033206889e-06
94,38,Min Packet Length,1.1925890248676296e-05
94,39,Max Packet Length,1.345697273791302e-05
94,40,Packet Length Mean,5.962565865047509e-06
94,41,Packet Length Std,1.3538511893784744e-06
94,42,Packet Length Variance,8.138533303281292e-06
94,43,FIN Flag Count,1.6015961591619998e-05
94,44,SYN Flag Count,7.340253796428442e-05
94,45,RST Flag Count,6.182543756949599e-07
94,46,PSH Flag Count,0.0003525499487295747
94,47,ACK Flag Count,0.00044713562238030136
94,48,URG Flag Count,5.031228647567332e-05
94,49,CWE Flag Count,0.0
94,50,ECE Flag Count,2.1754985368716007e-07
94,51,Down/Up Ratio,1.6625288481009193e-05
94,52,Average Packet Size,3.191118594259024e-05
94,53,Avg Fwd Segment Size,3.236463498978992e-06
94,54,Avg Bwd Segment Size,4.2821684473892674e-05
94,55,Fwd Header Length.1,2.42178295195572e-08
94,56,Fwd Avg Bytes/Bulk,0.0
94,57,Fwd Avg Packets/Bulk,0.0
94,58,Fwd Avg Bulk Rate,0.0
94,59,Bwd Avg Bytes/Bulk,0.0
94,60,Bwd Avg Packets/Bulk,0.0
94,61,Bwd Avg Bulk Rate,0.0
94,62,Subflow Fwd Packets,1.901611454968588e-07
94,63,Subflow Fwd Bytes,1.3500699935775629e-07
94,64,Subflow Bwd Packets,3.106378017037059e-07
94,65,Subflow Bwd Bytes,2.156482139525906e-07
94,66,Init_Win_bytes_forward,1.1460029782028869e-05
94,67,Init_Win_bytes_backward,1.0474055670783855e-05
94,68,act_data_pkt_fwd,6.678227748579957e-08
94,69,min_seg_size_forward,7.47930428701693e-09
94,70,Active Mean,9.241097131962306e-07
94,71,Active Std,9.009926316139172e-07
94,72,Active Max,4.255697604094166e-06
94,73,Active Min,5.293618414725643e-07
94,74,Idle Mean,4.9582438805373386e-05
94,75,Idle Std,6.549465979333036e-06
94,76,Idle Max,2.0284140191506594e-05
94,77,Idle Min,0.00011460600217105821
95,0,Destination Port,3.853147063637152e-05
95,1,Flow Duration,4.850380719290115e-05
95,2,Total Fwd Packets,1.9063463696511462e-07
95,3,Total Backward Packets,1.7395994689195504e-07
95,4,Total Length of Fwd Packets,2.3301885221371776e-07
95,5,Total Length of Bwd Packets,1.5593042235195753e-07
95,6,Fwd Packet Length Max,6.681384093099041e-06
95,7,Fwd Packet Length Min,1.3904610568715725e-05
95,8,Fwd Packet Length Mean,1.8911003280663863e-05
95,9,Fwd Packet Length Std,4.825548330700258e-06
95,10,Bwd Packet Length Max,8.082178101176396e-05
95,11,Bwd Packet Length Min,5.5253985919989645e-06
95,12,Bwd Packet Length Mean,0.00032223365269601345
95,13,Bwd Packet Length Std,0.0007051220745779574
95,14,Flow Bytes/s,1.3319088338903384e-06
95,15,Flow Packets/s,8.66411573952064e-06
95,16,Flow IAT Mean,1.2241013791935984e-05
95,17,Flow IAT Std,5.3951898735249415e-06
95,18,Flow IAT Max,2.3194897948997095e-05
95,19,Flow IAT Min,1.5700139783803024e-06
95,20,Fwd IAT Total,0.00011125599849037826
95,21,Fwd IAT Mean,3.728075171238743e-05
95,22,Fwd IAT Std,2.4950746592367068e-05
95,23,Fwd IAT Max,3.8798934838268906e-05
95,24,Fwd IAT Min,2.256647121612332e-06
95,25,Bwd IAT Total,8.681982762936968e-06
95,26,Bwd IAT Mean,8.5521614892059e-06
95,27,Bwd IAT Std,1.5822763543837937e-07
95,28,Bwd IAT Max,3.062506948481314e-05
95,29,Bwd IAT Min,2.17762772081187e-06
95,30,Fwd PSH Flags,2.9869008358218707e-05
95,31,Bwd PSH Flags,0.0
95,32,Fwd URG Flags,0.0
95,33,Bwd URG Flags,0.0
95,34,Fwd Header Length,8.997676559374668e-08
95,35,Bwd Header Length,1.6052750595463294e-07
95,36,Fwd Packets/s,1.0564285730652045e-05
95,37,Bwd Packets/s,7.940696377772838e-06
95,38,Min Packet Length,3.042074604309164e-05
95,39,Max Packet Length,0.0004969591391272843
95,40,Packet Length Mean,1.55291854753159e-05
95,41,Packet Length Std,9.50851983816392e-07
95,42,Packet Length Variance,0.00038288175710476935
95,43,FIN Flag Count,1.7017096979543567e-05
95,44,SYN Flag Count,9.765225695446134e-05
95,45,RST Flag Count,2.989732479363738e-07
95,46,PSH Flag Count,0.0005203805048950016
95,47,ACK Flag Count,0.00026933656772598624
95,48,URG Flag Count,0.0002032312040682882
95,49,CWE Flag Count,0.0
95,50,ECE Flag Count,3.4578542340568674e-07
95,51,Down/Up Ratio,8.220550625992473e-06
95,52,Average Packet Size,0.0002237562439404428
95,53,Avg Fwd Segment Size,1.69614929745876e-06
95,54,Avg Bwd Segment Size,3.38366226060316e-05
95,55,Fwd Header Length.1,4.18464587426115e-08
95,56,Fwd Avg Bytes/Bulk,0.0
95,57,Fwd Avg Packets/Bulk,0.0
95,58,Fwd Avg Bulk Rate,0.0
95,59,Bwd Avg Bytes/Bulk,0.0
95,60,Bwd Avg Packets/Bulk,0.0
95,61,Bwd Avg Bulk Rate,0.0
95,62,Subflow Fwd Packets,1.4676058412987913e-07
95,63,Subflow Fwd Bytes,7.628293552386367e-09
95,64,Subflow Bwd Packets,2.2828211854175606e-07
95,65,Subflow Bwd Bytes,1.0912717129940575e-07
95,66,Init_Win_bytes_forward,1.7570067939232104e-05
95,67,Init_Win_bytes_backward,2.087119355564937e-05
95,68,act_data_pkt_fwd,2.206664717618878e-08
95,69,min_seg_size_forward,6.527352436336287e-09
95,70,Active Mean,8.81129835761385e-07
95,71,Active Std,1.478151006040207e-07
95,72,Active Max,7.879653821873944e-06
95,73,Active Min,6.264242102815842e-08
95,74,Idle Mean,1.0934514648397453e-05
95,75,Idle Std,4.8834144763532095e-06
95,76,Idle Max,1.4858274880680256e-05
95,77,Idle Min,3.331177867949009e-05
96,0,Destination Port,8.08440672699362e-05
96,1,Flow Duration,4.442692443262786e-05
96,2,Total Fwd Packets,1.5266880382114323e-07
96,3,Total Backward Packets,2.449023668305017e-07
96,4,Total Length of Fwd Packets,3.0332077471939556e-07
96,5,Total Length of Bwd Packets,2.0855048887824523e-07
96,6,Fwd Packet Length Max,1.6784033505246043e-05
96,7,Fwd Packet Length Min,5.007216259400593e-06
96,8,Fwd Packet Length Mean,1.0246022611681838e-05
96,9,Fwd Packet Length Std,5.754921858169837e-06
96,10,Bwd Packet Length Max,5.50606682736543e-06
96,11,Bwd Packet Length Min,4.2060776195285143e-07
96,12,Bwd Packet Length Mean,4.798637382918969e-05
96,13,Bwd Packet Length Std,1.924112621054519e-05
96,14,Flow Bytes/s,1.362968419016397e-06
96,15,Flow Packets/s,1.2987314221390989e-05
96,16,Flow IAT Mean,3.929753802367486e-05
96,17,Flow IAT Std,7.89870409789728e-06
96,18,Flow IAT Max,2.5865909265121445e-05
96,19,Flow IAT Min,1.2499772310547996e-06
96,20,Fwd IAT Total,2.9523353077820502e-05
96,21,Fwd IAT Mean,1.141907796409214e-05
96,22,Fwd IAT Std,2.2301386707113124e-05
96,23,Fwd IAT Max,3.4887943911598995e-05
96,24,Fwd IAT Min,1.5648472981411032e-05
96,25,Bwd IAT Total,0.00012433441588655114
96,26,Bwd IAT Mean,9.836989192990586e-06
96,27,Bwd IAT Std,7.5107673183083534e-06
96,28,Bwd IAT Max,2.1721281882491894e-05
96,29,Bwd IAT Min,7.026280854915967e-06
96,30,Fwd PSH Flags,2.0227402274031192e-05
96,31,Bwd PSH Flags,0.0
96,32,Fwd URG Flags,0.0
96,33,Bwd URG Flags,0.0
96,34,Fwd Header Length,1.0461166155550927e-08
96,35,Bwd Header Length,1.347571441101536e-07
96,36,Fwd Packets/s,1.8828401152859442e-05
96,37,Bwd Packets/s,4.5554265852842946e-06
96,38,Min Packet Length,1.169419465441024e-05
96,39,Max Packet Length,1.2806063750758767e-05
96,40,Packet Length Mean,8.149188033712562e-06
96,41,Packet Length Std,8.200705110539275e-07
96,42,Packet Length Variance,8.302688002004288e-06
96,43,FIN Flag Count,1.7886686691781506e-05
96,44,SYN Flag Count,8.092005009530112e-05
96,45,RST Flag Count,5.153938786861545e-07
96,46,PSH Flag Count,0.00034997897455468774
96,47,ACK Flag Count,0.0004787726211361587
96,48,URG Flag Count,4.4042109948350117e-05
96,49,CWE Flag Count,0.0
96,50,ECE Flag Count,1.4417540228350845e-07
96,51,Down/Up Ratio,1.761168459779583e-05
96,52,Average Packet Size,3.0319710276671685e-05
96,53,Avg Fwd Segment Size,3.569167802197626e-06
96,54,Avg Bwd Segment Size,4.394214556668885e-05
96,55,Fwd Header Length.1,1.9706996923218867e-08
96,56,Fwd Avg Bytes/Bulk,0.0
96,57,Fwd Avg Packets/Bulk,0.0
96,58,Fwd Avg Bulk Rate,0.0
96,59,Bwd Avg Bytes/Bulk,0.0
96,60,Bwd Avg Packets/Bulk,0.0
96,61,Bwd Avg Bulk Rate,0.0
96,62,Subflow Fwd Packets,1.2171109631253785e-07
96,63,Subflow Fwd Bytes,1.2597303111760993e-07
96,64,Subflow Bwd Packets,2.3420156480824517e-07
96,65,Subflow Bwd Bytes,1.648959795375049e-07
96,66,Init_Win_bytes_forward,1.2700031220447272e-05
96,67,Init_Win_bytes_backward,9.18111800274346e-06
96,68,act_data_pkt_fwd,6.973204591531612e-08
96,69,min_seg_size_forward,9.392854549705731e-12
96,70,Active Mean,8.482232374262821e-07
96,71,Active Std,8.207159112316731e-07
96,72,Active Max,4.048818937008036e-06
96,73,Active Min,4.106738629161555e-07
96,74,Idle Mean,5.1414885092526674e-05
96,75,Idle Std,6.4679220486141276e-06
96,76,Idle Max,1.7922473489306867e-05
96,77,Idle Min,0.00010828851372934878
97,0,Destination Port,4.13872221542988e-05
97,1,Flow Duration,3.7540568882832304e-05
97,2,Total Fwd Packets,2.8442929078664747e-07
97,3,Total Backward Packets,2.915714958362514e-07
97,4,Total Length of Fwd Packets,2.421939484520408e-07
97,5,Total Length of Bwd Packets,2.93397533823736e-07
97,6,Fwd Packet Length Max,6.329792995529715e-06
97,7,Fwd Packet Length Min,1.4257358998293057e-05
97,8,Fwd Packet Length Mean,1.9135553884552792e-05
97,9,Fwd Packet Length Std,5.185169356991537e-06
97,10,Bwd Packet Length Max,9.51905021793209e-05
97,11,Bwd Packet Length Min,7.333590929192724e-06
97,12,Bwd Packet Length Mean,0.0004252875514794141
97,13,Bwd Packet Length Std,0.0006384338485077024
97,14,Flow Bytes/s,1.31052047436242e-06
97,15,Flow Packets/s,7.411870683426969e-06
97,16,Flow IAT Mean,1.1757765605580062e-05
97,17,Flow IAT Std,4.909811195830116e-06
97,18,Flow IAT Max,2.7444113584351726e-05
97,19,Flow IAT Min,1.643050723032502e-06
97,20,Fwd IAT Total,0.00011853143951157108
97,21,Fwd IAT Mean,3.70297311746981e-05
97,22,Fwd IAT Std,2.5369899958604947e-05
97,23,Fwd IAT Max,4.002481000497937e-05
97,24,Fwd IAT Min,2.1749731331510702e-06
97,25,Bwd IAT Total,4.0065983739623334e-06
97,26,Bwd IAT Mean,7.83720133767929e-06
97,27,Bwd IAT Std,2.7043574846175034e-07
97,28,Bwd IAT Max,3.2241987355519086e-05
97,29,Bwd IAT Min,4.3773903257715574e-07
97,30,Fwd PSH Flags,2.7484165912028402e-05
97,31,Bwd PSH Flags,0.0
97,32,Fwd URG Flags,0.0
97,33,Bwd URG Flags,0.0
97,34,Fwd Header Length,8.182620092611614e-08
97,35,Bwd Header Length,1.7460635604038544e-07
97,36,Fwd Packets/s,9.473348654864822e-06
97,37,Bwd Packets/s,7.885311788413674e-06
97,38,Min Packet Length,3.103675044258125e-05
97,39,Max Packet Length,0.0003991079574916512
97,40,Packet Length Mean,2.3212925952975638e-05
97,41,Packet Length Std,6.67321683067712e-06
97,42,Packet Length Variance,0.0003046308702323586
97,43,FIN Flag Count,1.8223270672024228e-05
97,44,SYN Flag Count,9.317908552475274e-05
97,45,RST Flag Count,2.9238310617074603e-07
97,46,PSH Flag Count,0.0005374790634959936
97,47,ACK Flag Count,0.00026357918977737427
97,48,URG Flag Count,0.0002156977279810235
97,49,CWE Flag Count,0.0
97,50,ECE Flag Count,3.678210873658827e-07
97,51,Down/Up Ratio,7.778827239235397e-06
97,52,Average Packet Size,0.00025132973678410053
97,53,Avg Fwd Segment Size,2.6857755983655807e-06
97,54,Avg Bwd Segment Size,0.00013596293865703046
97,55,Fwd Header Length.1,3.646962198899928e-08
97,56,Fwd Avg Bytes/Bulk,0.0
97,57,Fwd Avg Packets/Bulk,0.0
97,58,Fwd Avg Bulk Rate,0.0
97,59,Bwd Avg Bytes/Bulk,0.0
97,60,Bwd Avg Packets/Bulk,0.0
97,61,Bwd Avg Bulk Rate,0.0
97,62,Subflow Fwd Packets,2.2695517998272408e-07
97,63,Subflow Fwd Bytes,4.370451556212629e-09
97,64,Subflow Bwd Packets,3.8507869248860516e-07
97,65,Subflow Bwd Bytes,2.019655198637338e-07
97,66,Init_Win_bytes_forward,1.6115731341415085e-05
97,67,Init_Win_bytes_backward,1.9467715901555493e-05
97,68,act_data_pkt_fwd,1.6690204063252168e-07
97,69,min_seg_size_forward,1.3573822954526804e-08
97,70,Active Mean,7.965541044541169e-07
97,71,Active Std,1.341819597655558e-07
97,72,Active Max,7.762104360153899e-06
97,73,Active Min,9.558801394859984e-08
97,74,Idle Mean,1.1461190297268331e-05
97,75,Idle Std,4.240384896547766e-06
97,76,Idle Max,1.29271465993952e-05
97,77,Idle Min,3.1158433557720855e-05
98,0,Destination Port,8.239356975536793e-05
98,1,Flow Duration,4.384879503049888e-05
98,2,Total Fwd Packets,1.5497681715714862e-07
98,3,Total Backward Packets,2.338628348752536e-07
98,4,Total Length of Fwd Packets,3.2946209671536053e-07
98,5,Total Length of Bwd Packets,1.6808220948405506e-07
98,6,Fwd Packet Length Max,1.7060950995073654e-05
98,7,Fwd Packet Length Min,5.937280548096169e-06
98,8,Fwd Packet Length Mean,1.2279971087991726e-05
98,9,Fwd Packet Length Std,6.4166661104536615e-06
98,10,Bwd Packet Length Max,1.237440937984502e-05
98,11,Bwd Packet Length Min,5.381269261306443e-07
98,12,Bwd Packet Length Mean,4.7555240598740056e-05
98,13,Bwd Packet Length Std,2.0240942831151187e-05
98,14,Flow Bytes/s,1.5095719163582544e-06
98,15,Flow Packets/s,1.5270816220436245e-05
98,16,Flow IAT Mean,6.238769128685817e-05
98,17,Flow IAT Std,1.0600293535389937e-05
98,18,Flow IAT Max,1.6363372196792625e-05
98,19,Flow IAT Min,1.166086576631642e-06
98,20,Fwd IAT Total,3.203475716873072e-05
98,21,Fwd IAT Mean,3.334826396894641e-05
98,22,Fwd IAT Std,2.5833754989434965e-05
98,23,Fwd IAT Max,3.720002496265806e-05
98,24,Fwd IAT Min,1.5178642570390366e-05
98,25,Bwd IAT Total,0.0001459834020351991
98,26,Bwd IAT Mean,1.0440633559483103e-05
98,27,Bwd IAT Std,5.928019618295366e-06
98,28,Bwd IAT Max,2.4746430426603183e-05
98,29,Bwd IAT Min,6.067829417588655e-06
98,30,Fwd PSH Flags,2.395310548308771e-05
98,31,Bwd PSH Flags,0.0
98,32,Fwd URG Flags,0.0
98,33,Bwd URG Flags,0.0
98,34,Fwd Header Length,1.278459738074389e-08
98,35,Bwd Header Length,5.835239491602806e-08
98,36,Fwd Packets/s,1.776100543793291e-05
98,37,Bwd Packets/s,4.26063434133539e-06
98,38,Min Packet Length,1.3364125152293127e-05
98,39,Max Packet Length,1.4196696611179505e-05
98,40,Packet Length Mean,5.712498023058288e-06
98,41,Packet Length Std,2.7479975415189983e-06
98,42,Packet Length Variance,7.738305612292606e-06
98,43,FIN Flag Count,2.014102938119322e-05
98,44,SYN Flag Count,6.779294199077412e-05
98,45,RST Flag Count,4.7331747055068263e-07
98,46,PSH Flag Count,0.0003498418373055756
98,47,ACK Flag Count,0.0004074453026987612
98,48,URG Flag Count,6.927554204594344e-05
98,49,CWE Flag Count,0.0
98,50,ECE Flag Count,1.6624599652459437e-07
98,51,Down/Up Ratio,1.6579129805904813e-05
98,52,Average Packet Size,3.1237479561241344e-05
98,53,Avg Fwd Segment Size,3.1904880870570196e-06
98,54,Avg Bwd Segment Size,5.0106693379348144e-05
98,55,Fwd Header Length.1,3.034645246202672e-08
98,56,Fwd Avg Bytes/Bulk,0.0
98,57,Fwd Avg Packets/Bulk,0.0
98,58,Fwd Avg Bulk Rate,0.0
98,59,Bwd Avg Bytes/Bulk,0.0
98,60,Bwd Avg Packets/Bulk,0.0
98,61,Bwd Avg Bulk Rate,0.0
98,62,Subflow Fwd Packets,1.2606902544121112e-07
98,63,Subflow Fwd Bytes,1.507742126705125e-07
98,64,Subflow Bwd Packets,2.291637741791419e-07
98,65,Subflow Bwd Bytes,1.3372734031236178e-07
98,66,Init_Win_bytes_forward,1.4190673027769662e-05
98,67,Init_Win_bytes_backward,1.4492490663542412e-05
98,68,act_data_pkt_fwd,7.2460473177216045e-09
98,69,min_seg_size_forward,3.579571750123023e-09
98,70,Active Mean,8.5368418467624e-07
98,71,Active Std,9.074864237845759e-07
98,72,Active Max,4.391630682221148e-06
98,73,Active Min,5.20990113273001e-07
98,74,Idle Mean,4.8523452278459445e-05
98,75,Idle Std,6.831586233602138e-06
98,76,Idle Max,2.7083902750746347e-05
98,77,Idle Min,0.00010687777830753475
99,0,Destination Port,3.34874312102329e-05
99,1,Flow Duration,5.260291072772816e-05
99,2,Total Fwd Packets,1.5920707596706052e-07
99,3,Total Backward Packets,1.426348035238334e-07
99,4,Total Length of Fwd Packets,2.351811758671829e-07
99,5,Total Length of Bwd Packets,1.1618271855695639e-07
99,6,Fwd Packet Length Max,5.618192972178804e-06
99,7,Fwd Packet Length Min,1.4114671103016008e-05
99,8,Fwd Packet Length Mean,1.895903369586449e-05
99,9,Fwd Packet Length Std,3.497614443404018e-06
99,10,Bwd Packet Length Max,7.808908412698656e-05
99,11,Bwd Packet Length Min,5.873238478670828e-06
99,12,Bwd Packet Length Mean,0.0003502352046780288
99,13,Bwd Packet Length Std,0.0007822077604942024
99,14,Flow Bytes/s,1.5227641370074707e-06
99,15,Flow Packets/s,8.234587767219637e-06
99,16,Flow IAT Mean,1.1310323316138238e-05
99,17,Flow IAT Std,7.367723810602911e-06
99,18,Flow IAT Max,2.330636743863579e-05
99,19,Flow IAT Min,1.6560868516535265e-06
99,20,Fwd IAT Total,9.027638589031994e-05
99,21,Fwd IAT Mean,3.747050868696533e-05
99,22,Fwd IAT Std,3.001174445671495e-05
99,23,Fwd IAT Max,4.48986938863527e-05
99,24,Fwd IAT Min,9.061715786629065e-07
99,25,Bwd IAT Total,2.487978008502978e-06
99,26,Bwd IAT Mean,7.481425654987106e-06
99,27,Bwd IAT Std,2.304825841292768e-07
99,28,Bwd IAT Max,3.219924838049337e-05
99,29,Bwd IAT Min,2.091105216095457e-06
99,30,Fwd PSH Flags,3.2869364076759666e-05
99,31,Bwd PSH Flags,0.0
99,32,Fwd URG Flags,0.0
99,33,Bwd URG Flags,0.0
99,34,Fwd Header Length,8.428833808693525e-08
99,35,Bwd Header Length,1.1300297586558372e-07
99,36,Fwd Packets/s,1.31917468024767e-05
99,37,Bwd Packets/s,8.002173672139179e-06
99,38,Min Packet Length,2.9376726160990074e-05
99,39,Max Packet Length,0.0006002060836181045
99,40,Packet Length Mean,7.085762626957148e-05
99,41,Packet Length Std,0.0001248710323125124
99,42,Packet Length Variance,0.0007266854518093169
99,43,FIN Flag Count,2.0869734726147726e-05
99,44,SYN Flag Count,8.859179069986567e-05
99,45,RST Flag Count,4.030500804219628e-07
99,46,PSH Flag Count,0.0006780073163099587
99,47,ACK Flag Count,0.0003033470711670816
99,48,URG Flag Count,0.0002285299269715324
99,49,CWE Flag Count,0.0
99,50,ECE Flag Count,3.5647974527819315e-07
99,51,Down/Up Ratio,9.184062946587801e-06
99,52,Average Packet Size,0.00021084090985823423
99,53,Avg Fwd Segment Size,1.7205418316734722e-06
99,54,Avg Bwd Segment Size,3.502694016788155e-05
99,55,Fwd Header Length.1,3.6466111907884624e-08
99,56,Fwd Avg Bytes/Bulk,0.0
99,57,Fwd Avg Packets/Bulk,0.0
99,58,Fwd Avg Bulk Rate,0.0
99,59,Bwd Avg Bytes/Bulk,0.0
99,60,Bwd Avg Packets/Bulk,0.0
99,61,Bwd Avg Bulk Rate,0.0
99,62,Subflow Fwd Packets,1.1904669605655727e-07
99,63,Subflow Fwd Bytes,7.841369220606964e-10
99,64,Subflow Bwd Packets,1.904965358789923e-07
99,65,Subflow Bwd Bytes,8.057573097630666e-08
99,66,Init_Win_bytes_forward,1.598052040208131e-05
99,67,Init_Win_bytes_backward,1.8033051674137823e-05
99,68,act_data_pkt_fwd,8.36165341411288e-08
99,69,min_seg_size_forward,3.041287013894056e-11
99,70,Active Mean,9.36447975163901e-07
99,71,Active Std,3.488124633577172e-08
99,72,Active Max,7.70157748775091e-06
99,73,Active Min,5.0102197945989246e-08
99,74,Idle Mean,1.1834942597488407e-05
99,75,Idle Std,4.873432772001252e-06
99,76,Idle Max,1.8289603758603334e-05
99,77,Idle Min,3.4320160921197385e-05
100,0,Destination Port,7.742767775198445e-05
100,1,Flow Duration,5.078476169728674e-05
100,2,Total Fwd Packets,1.502031352629274e-07
100,3,Total Backward Packets,2.302385979646715e-07
100,4,Total Length of Fwd Packets,2.8025115739183093e-07
100,5,Total Length of Bwd Packets,1.6370033506518666e-07
100,6,Fwd Packet Length Max,1.7991756976698525e-05
100,7,Fwd Packet Length Min,2.9782968340441585e-06
100,8,Fwd Packet Length Mean,7.231498329929309e-06
100,9,Fwd Packet Length Std,4.519683898251969e-06
100,10,Bwd Packet Length Max,5.794314006379864e-07
100,11,Bwd Packet Length Min,2.791123506540316e-06
100,12,Bwd Packet Length Mean,5.181477899895981e-05
100,13,Bwd Packet Length Std,2.2720510969520546e-05
100,14,Flow Bytes/s,1.294620119551837e-06
100,15,Flow Packets/s,8.785675163380802e-06
100,16,Flow IAT Mean,6.1002738220850006e-05
100,17,Flow IAT Std,1.671672725933604e-05
100,18,Flow IAT Max,3.3176413126057014e-05
100,19,Flow IAT Min,1.1496125580379157e-06
100,20,Fwd IAT Total,3.3292759326286614e-05
100,21,Fwd IAT Mean,3.559373726602644e-05
100,22,Fwd IAT Std,2.0672634491347708e-05
100,23,Fwd IAT Max,3.154380101477727e-05
100,24,Fwd IAT Min,1.3257028513180558e-05
100,25,Bwd IAT Total,0.00013247223978396505
100,26,Bwd IAT Mean,1.005981903290376e-05
100,27,Bwd IAT Std,7.922059921838809e-06
100,28,Bwd IAT Max,1.1718879250111058e-05
100,29,Bwd IAT Min,6.286886218731524e-06
100,30,Fwd PSH Flags,1.7402793673682027e-05
100,31,Bwd PSH Flags,0.0
100,32,Fwd URG Flags,0.0
100,33,Bwd URG Flags,0.0
100,34,Fwd Header Length,4.10539469086757e-09
100,35,Bwd Header Length,2.0661403254962352e-07
100,36,Fwd Packets/s,1.7359890989609994e-05
100,37,Bwd Packets/s,4.419308879732853e-06
100,38,Min Packet Length,1.1308086868666578e-05
100,39,Max Packet Length,1.956836240424309e-05
100,40,Packet Length Mean,1.019867522700224e-05
100,41,Packet Length Std,6.037339517206419e-06
100,42,Packet Length Variance,8.508318387612235e-06
100,43,FIN Flag Count,1.0894480510614812e-05
100,44,SYN Flag Count,8.900859393179417e-05
100,45,RST Flag Count,4.7173861617011426e-07
100,46,PSH Flag Count,0.0003884280158672482
100,47,ACK Flag Count,0.0005401718080975115
100,48,URG Flag Count,4.187405647826381e-05
100,49,CWE Flag Count,0.0
100,50,ECE Flag Count,1.405825429401375e-07
100,51,Down/Up Ratio,1.8880886273109354e-05
100,52,Average Packet Size,3.93413683923427e-05
100,53,Avg Fwd Segment Size,6.010986453475198e-06
100,54,Avg Bwd Segment Size,4.811206599697471e-05
100,55,Fwd Header Length.1,3.369486378801412e-08
100,56,Fwd Avg Bytes/Bulk,0.0
100,57,Fwd Avg Packets/Bulk,0.0
100,58,Fwd Avg Bulk Rate,0.0
100,59,Bwd Avg Bytes/Bulk,0.0
100,60,Bwd Avg Packets/Bulk,0.0
100,61,Bwd Avg Bulk Rate,0.0
100,62,Subflow Fwd Packets,1.1508023334272366e-07
100,63,Subflow Fwd Bytes,1.2328514742421248e-07
100,64,Subflow Bwd Packets,2.1855083787158947e-07
100,65,Subflow Bwd Bytes,1.2795055681635858e-07
100,66,Init_Win_bytes_forward,4.805152002518298e-06
100,67,Init_Win_bytes_backward,8.253477062680759e-06
100,68,act_data_pkt_fwd,3.9595548173565476e-08
100,69,min_seg_size_forward,8.87317108677621e-10
100,70,Active Mean,1.1271998801021255e-06
100,71,Active Std,9.889929515338736e-07
100,72,Active Max,4.2549277168291155e-06
100,73,Active Min,4.35489567962577e-07
100,74,Idle Mean,6.759664393030107e-05
100,75,Idle Std,5.781852451036684e-06
100,76,Idle Max,1.2277768291824032e-05
100,77,Idle Min,0.0001034341985359788
101,0,Destination Port,1.6906972177821444e-06
101,1,Flow Duration,8.470509055769071e-05
101,2,Total Fwd Packets,1.3149298183634528e-07
101,3,Total Backward Packets,9.526391409053758e-08
101,4,Total Length of Fwd Packets,1.3131422349488275e-07
101,5,Total Length of Bwd Packets,4.254492225186368e-08
101,6,Fwd Packet Length Max,9.779158972378355e-06
101,7,Fwd Packet Length Min,1.0648866918927524e-05
101,8,Fwd Packet Length Mean,1.756297206156887e-05
101,9,Fwd Packet Length Std,5.2177024372213054e-06
101,10,Bwd Packet Length Max,0.00010319807915948331
101,11,Bwd Packet Length Min,6.283261882344959e-06
101,12,Bwd Packet Length Mean,0.0004440165648702532
101,13,Bwd Packet Length Std,0.00015763624105602503
101,14,Flow Bytes/s,1.3243134162621573e-06
101,15,Flow Packets/s,1.0345207556383684e-05
101,16,Flow IAT Mean,1.2046129995724186e-05
101,17,Flow IAT Std,4.462634933588561e-06
101,18,Flow IAT Max,1.6129582945723087e-05
101,19,Flow IAT Min,1.6807493921078276e-06
101,20,Fwd IAT Total,9.05437846085988e-05
101,21,Fwd IAT Mean,3.799128899117932e-05
101,22,Fwd IAT Std,2.0343779397080652e-05
101,23,Fwd IAT Max,4.838471068069339e-05
101,24,Fwd IAT Min,1.999947926378809e-06
101,25,Bwd IAT Total,2.0962886992492713e-05
101,26,Bwd IAT Mean,1.1561204701138195e-05
101,27,Bwd IAT Std,2.4559287226111337e-07
101,28,Bwd IAT Max,2.619248152768705e-05
101,29,Bwd IAT Min,4.3330633161531296e-06
101,30,Fwd PSH Flags,2.5874040147755295e-05
101,31,Bwd PSH Flags,0.0
101,32,Fwd URG Flags,0.0
101,33,Bwd URG Flags,0.0
101,34,Fwd Header Length,6.225334914233827e-08
101,35,Bwd Header Length,1.7532866536384972e-07
101,36,Fwd Packets/s,1.210866048495518e-05
101,37,Bwd Packets/s,6.270089215831831e-06
101,38,Min Packet Length,2.5187824576278217e-05
101,39,Max Packet Length,0.0002262740017613396
101,40,Packet Length Mean,0.00023133498325478286
101,41,Packet Length Std,0.00014728272799402475
101,42,Packet Length Variance,9.484068868914619e-05
101,43,FIN Flag Count,1.6909882106119767e-05
101,44,SYN Flag Count,8.577310654800385e-05
101,45,RST Flag Count,2.45768831064197e-07
101,46,PSH Flag Count,0.0001992305915337056
101,47,ACK Flag Count,0.00033184708445332944
101,48,URG Flag Count,0.00013970708823762834
101,49,CWE Flag Count,0.0
101,50,ECE Flag Count,6.64294020680245e-07
101,51,Down/Up Ratio,5.999778295517899e-06
101,52,Average Packet Size,0.000384296610718593
101,53,Avg Fwd Segment Size,3.90256718674209e-06
101,54,Avg Bwd Segment Size,0.00010736460535554215
101,55,Fwd Header Length.1,3.10646903756151e-08
101,56,Fwd Avg Bytes/Bulk,0.0
101,57,Fwd Avg Packets/Bulk,0.0
101,58,Fwd Avg Bulk Rate,0.0
101,59,Bwd Avg Bytes/Bulk,0.0
101,60,Bwd Avg Packets/Bulk,0.0
101,61,Bwd Avg Bulk Rate,0.0
101,62,Subflow Fwd Packets,8.576461141274194e-08
101,63,Subflow Fwd Bytes,1.3880032234681039e-08
101,64,Subflow Bwd Packets,1.1641831321185236e-07
101,65,Subflow Bwd Bytes,3.222406519398646e-08
101,66,Init_Win_bytes_forward,1.3789081094728317e-05
101,67,Init_Win_bytes_backward,2.022270200541243e-05
101,68,act_data_pkt_fwd,5.197066244022608e-08
101,69,min_seg_size_forward,5.18859577525177e-09
101,70,Active Mean,8.828408795125142e-07
101,71,Active Std,4.467360170679058e-08
101,72,Active Max,6.579179625987308e-06
101,73,Active Min,2.1775714742489072e-07
101,74,Idle Mean,7.818999620212708e-06
101,75,Idle Std,4.864678430749336e-06
101,76,Idle Max,6.364226464938838e-06
101,77,Idle Min,5.246675937087275e-05
102,0,Destination Port,0.00012053625687258318
102,1,Flow Duration,6.213158485479653e-05
102,2,Total Fwd Packets,1.4365313916187006e-07
102,3,Total Backward Packets,2.250645678714136e-07
102,4,Total Length of Fwd Packets,2.8898764981022396e-07
102,5,Total Length of Bwd Packets,1.5704250699855038e-07
102,6,Fwd Packet Length Max,1.7322448911727406e-05
102,7,Fwd Packet Length Min,5.077821697341278e-06
102,8,Fwd Packet Length Mean,4.928385351377074e-06
102,9,Fwd Packet Length Std,5.235363005340332e-06
102,10,Bwd Packet Length Max,2.711813067435287e-06
102,11,Bwd Packet Length Min,2.082317223539576e-06
102,12,Bwd Packet Length Mean,4.72002211608924e-05
102,13,Bwd Packet Length Std,3.999475211458048e-06
102,14,Flow Bytes/s,1.4385256008608849e-06
102,15,Flow Packets/s,1.6367506759706885e-05
102,16,Flow IAT Mean,5.092782521387562e-05
102,17,Flow IAT Std,1.644712028792128e-05
102,18,Flow IAT Max,3.058027141378261e-05
102,19,Flow IAT Min,1.2480709301598836e-06
102,20,Fwd IAT Total,2.7790667445515282e-05
102,21,Fwd IAT Mean,2.7909673008252867e-05
102,22,Fwd IAT Std,8.315727427543607e-06
102,23,Fwd IAT Max,3.416566687519662e-05
102,24,Fwd IAT Min,2.0546449377434328e-05
102,25,Bwd IAT Total,9.355547081213444e-05
102,26,Bwd IAT Mean,1.077411616279278e-05
102,27,Bwd IAT Std,1.0864403520827182e-05
102,28,Bwd IAT Max,1.631496343179606e-05
102,29,Bwd IAT Min,7.198042567324592e-06
102,30,Fwd PSH Flags,6.055914127500728e-06
102,31,Bwd PSH Flags,0.0
102,32,Fwd URG Flags,0.0
102,33,Bwd URG Flags,0.0
102,34,Fwd Header Length,3.5308773682629635e-09
102,35,Bwd Header Length,2.2764912444017682e-07
102,36,Fwd Packets/s,1.4761257261852734e-05
102,37,Bwd Packets/s,3.8646094253635965e-06
102,38,Min Packet Length,8.97523932508193e-06
102,39,Max Packet Length,8.091205017990433e-06
102,40,Packet Length Mean,8.085004878921609e-07
102,41,Packet Length Std,9.68239146459382e-06
102,42,Packet Length Variance,6.671992196061183e-06
102,43,FIN Flag Count,1.2201569006720092e-05
102,44,SYN Flag Count,9.245142427971587e-05
102,45,RST Flag Count,4.407207541134994e-07
102,46,PSH Flag Count,0.00038211618084460497
102,47,ACK Flag Count,0.00032185681629925966
102,48,URG Flag Count,4.2028048483189195e-05
102,49,CWE Flag Count,0.0
102,50,ECE Flag Count,1.5963820487741032e-07
102,51,Down/Up Ratio,1.1270205504843034e-05
102,52,Average Packet Size,3.375406959094107e-05
102,53,Avg Fwd Segment Size,2.725859360452887e-07
102,54,Avg Bwd Segment Size,3.7220161175355315e-05
102,55,Fwd Header Length.1,3.6680198878258352e-09
102,56,Fwd Avg Bytes/Bulk,0.0
102,57,Fwd Avg Packets/Bulk,0.0
102,58,Fwd Avg Bulk Rate,0.0
102,59,Bwd Avg Bytes/Bulk,0.0
102,60,Bwd Avg Packets/Bulk,0.0
102,61,Bwd Avg Bulk Rate,0.0
102,62,Subflow Fwd Packets,1.149555259871704e-07
102,63,Subflow Fwd Bytes,1.9029178588425566e-07
102,64,Subflow Bwd Packets,2.0571188485973835e-07
102,65,Subflow Bwd Bytes,1.2271472371594427e-07
102,66,Init_Win_bytes_forward,6.373998076014686e-07
102,67,Init_Win_bytes_backward,5.165844413568266e-06
102,68,act_data_pkt_fwd,7.38580538950373e-08
102,69,min_seg_size_forward,1.4972747000574493e-11
102,70,Active Mean,8.0036465988087e-07
102,71,Active Std,8.238175155383942e-07
102,72,Active Max,4.386572527437238e-06
102,73,Active Min,3.556678223048948e-07
102,74,Idle Mean,3.802201172220521e-05
102,75,Idle Std,5.688123565050773e-06
102,76,Idle Max,1.7932192349690013e-05
102,77,Idle Min,0.00011320514022372663
103,0,Destination Port,4.782481482834555e-05
103,1,Flow Duration,8.70991570991464e-05
103,2,Total Fwd Packets,1.9733289491341566e-07
103,3,Total Backward Packets,1.60878286692423e-07
103,4,Total Length of Fwd Packets,1.3250989638891042e-07
103,5,Total Length of Bwd Packets,1.295623661690115e-07
103,6,Fwd Packet Length Max,8.249457096098922e-06
103,7,Fwd Packet Length Min,1.2995612451049965e-05
103,8,Fwd Packet Length Mean,1.8570312022347935e-05
103,9,Fwd Packet Length Std,1.9006616867045523e-06
103,10,Bwd Packet Length Max,0.00015333713963627815
103,11,Bwd Packet Length Min,9.966538527805824e-06
103,12,Bwd Packet Length Mean,0.00043132706196047366
103,13,Bwd Packet Length Std,0.00018364629067946225
103,14,Flow Bytes/s,1.398792505824531e-06
103,15,Flow Packets/s,1.4358613043441437e-05
103,16,Flow IAT Mean,1.2148566383984871e-05
103,17,Flow IAT Std,7.380899660347495e-06
103,18,Flow IAT Max,9.92282457445981e-06
103,19,Flow IAT Min,1.659839313106204e-06
103,20,Fwd IAT Total,5.7205277698813006e-05
103,21,Fwd IAT Mean,3.5155986552126706e-05
103,22,Fwd IAT Std,1.901712857943494e-05
103,23,Fwd IAT Max,5.373386375140399e-05
103,24,Fwd IAT Min,5.281379799271235e-06
103,25,Bwd IAT Total,2.7722355298465118e-05
103,26,Bwd IAT Mean,1.3518247214960866e-05
103,27,Bwd IAT Std,6.740924618497957e-08
103,28,Bwd IAT Max,2.4627161110402085e-05
103,29,Bwd IAT Min,5.006748779123882e-06
103,30,Fwd PSH Flags,3.2149961043614894e-05
103,31,Bwd PSH Flags,0.0
103,32,Fwd URG Flags,0.0
103,33,Bwd URG Flags,0.0
103,34,Fwd Header Length,7.624366560321505e-08
103,35,Bwd Header Length,1.0587437770936958e-07
103,36,Fwd Packets/s,1.546879138913937e-05
103,37,Bwd Packets/s,6.09294284004136e-06
103,38,Min Packet Length,2.0639750800910406e-05
103,39,Max Packet Length,0.00014601352449972183
103,40,Packet Length Mean,0.00025256891967728734
103,41,Packet Length Std,0.0001646248420001939
103,42,Packet Length Variance,0.0001145650094258599
103,43,FIN Flag Count,1.3211179975769483e-05
103,44,SYN Flag Count,8.01211062935181e-05
103,45,RST Flag Count,1.8397146561710542e-07
103,46,PSH Flag Count,0.00025919624022208154
103,47,ACK Flag Count,0.0003390864876564592
103,48,URG Flag Count,0.00013205911091063172
103,49,CWE Flag Count,0.0
103,50,ECE Flag Count,4.790070988747175e-07
103,51,Down/Up Ratio,6.557184406119632e-06
103,52,Average Packet Size,0.0003284545091446489
103,53,Avg Fwd Segment Size,6.6929974309459794e-06
103,54,Avg Bwd Segment Size,2.66963143076282e-05
103,55,Fwd Header Length.1,5.163661498386318e-08
103,56,Fwd Avg Bytes/Bulk,0.0
103,57,Fwd Avg Packets/Bulk,0.0
103,58,Fwd Avg Bulk Rate,0.0
103,59,Bwd Avg Bytes/Bulk,0.0
103,60,Bwd Avg Packets/Bulk,0.0
103,61,Bwd Avg Bulk Rate,0.0
103,62,Subflow Fwd Packets,1.2585759634475835e-07
103,63,Subflow Fwd Bytes,3.3772142415955386e-08
103,64,Subflow Bwd Packets,1.8827773828888894e-07
103,65,Subflow Bwd Bytes,9.316912752410644e-08
103,66,Init_Win_bytes_forward,1.45615840665414e-05
103,67,Init_Win_bytes_backward,1.256566247320734e-05
103,68,act_data_pkt_fwd,5.6987396135355084e-08
103,69,min_seg_size_forward,1.2729863170524158e-11
103,70,Active Mean,6.838590707047842e-07
103,71,Active Std,8.158365005783708e-08
103,72,Active Max,6.2504814195563085e-06
103,73,Active Min,1.2585130093611951e-07
103,74,Idle Mean,2.9070670279907063e-05
103,75,Idle Std,4.533002538664732e-06
103,76,Idle Max,4.6015023258405563e-07
103,77,Idle Min,5.075960871181451e-05
104,0,Destination Port,0.00011975612142123282
104,1,Flow Duration,6.0075210058130324e-05
104,2,Total Fwd Packets,1.5552400611795747e-07
104,3,Total Backward Packets,2.439424235944898e-07
104,4,Total Length of Fwd Packets,2.3491614342674438e-07
104,5,Total Length of Bwd Packets,1.7388701678555663e-07
104,6,Fwd Packet Length Max,1.71917872648919e-05
104,7,Fwd Packet Length Min,4.7316329983004835e-06
104,8,Fwd Packet Length Mean,4.409975190355908e-06
104,9,Fwd Packet Length Std,5.015266651753336e-06
104,10,Bwd Packet Length Max,2.917980282290955e-06
104,11,Bwd Packet Length Min,2.33738569477282e-06
104,12,Bwd Packet Length Mean,4.7114848712226376e-05
104,13,Bwd Packet Length Std,4.057404112245422e-06
104,14,Flow Bytes/s,1.3914750525145791e-06
104,15,Flow Packets/s,1.5182867173280101e-05
104,16,Flow IAT Mean,5.0005717639578506e-05
104,17,Flow IAT Std,1.473428710596636e-05
104,18,Flow IAT Max,3.000719880219549e-05
104,19,Flow IAT Min,1.0893016906265984e-06
104,20,Fwd IAT Total,2.693110582185909e-05
104,21,Fwd IAT Mean,2.6865669497055933e-05
104,22,Fwd IAT Std,9.388267244503368e-06
104,23,Fwd IAT Max,3.431677396292798e-05
104,24,Fwd IAT Min,2.1162517441553064e-05
104,25,Bwd IAT Total,8.889079617802054e-05
104,26,Bwd IAT Mean,1.117309420806123e-05
104,27,Bwd IAT Std,1.1059987627959345e-05
104,28,Bwd IAT Max,1.5735924534965307e-05
104,29,Bwd IAT Min,7.351797648880165e-06
104,30,Fwd PSH Flags,7.717443622823339e-06
104,31,Bwd PSH Flags,0.0
104,32,Fwd URG Flags,0.0
104,33,Bwd URG Flags,0.0
104,34,Fwd Header Length,6.4374674479950045e-09
104,35,Bwd Header Length,2.1704637731545517e-07
104,36,Fwd Packets/s,1.5035609976621345e-05
104,37,Bwd Packets/s,3.941001978091663e-06
104,38,Min Packet Length,8.321325367433019e-06
104,39,Max Packet Length,7.698228728258982e-06
104,40,Packet Length Mean,9.698680969449924e-08
104,41,Packet Length Std,8.564944437239319e-06
104,42,Packet Length Variance,6.454042704717722e-06
104,43,FIN Flag Count,1.0684888366085943e-05
104,44,SYN Flag Count,8.851435268297791e-05
104,45,RST Flag Count,3.826834813480673e-07
104,46,PSH Flag Count,0.00037233554758131504
104,47,ACK Flag Count,0.000344326050253585
104,48,URG Flag Count,4.1371913539478555e-05
104,49,CWE Flag Count,0.0
104,50,ECE Flag Count,1.5842230993712292e-07
104,51,Down/Up Ratio,1.07909017970087e-05
104,52,Average Packet Size,3.3326057746307924e-05
104,53,Avg Fwd Segment Size,6.498225388895662e-07
104,54,Avg Bwd Segment Size,3.40568003593944e-05
104,55,Fwd Header Length.1,1.9450090427142186e-09
104,56,Fwd Avg Bytes/Bulk,0.0
104,57,Fwd Avg Packets/Bulk,0.0
104,58,Fwd Avg Bulk Rate,0.0
104,59,Bwd Avg Bytes/Bulk,0.0
104,60,Bwd Avg Packets/Bulk,0.0
104,61,Bwd Avg Bulk Rate,0.0
104,62,Subflow Fwd Packets,1.268650748897926e-07
104,63,Subflow Fwd Bytes,1.5720996771051432e-07
104,64,Subflow Bwd Packets,2.2020029177838296e-07
104,65,Subflow Bwd Bytes,1.3695020584236772e-07
104,66,Init_Win_bytes_forward,2.0052955278515583e-06
104,67,Init_Win_bytes_backward,4.7458879635087214e-06
104,68,act_data_pkt_fwd,4.356741101219086e-08
104,69,min_seg_size_forward,3.9982483990286255e-09
104,70,Active Mean,7.726239914518374e-07
104,71,Active Std,8.139122655848041e-07
104,72,Active Max,4.2555807340249885e-06
104,73,Active Min,3.1251377663465973e-07
104,74,Idle Mean,3.6279921914683655e-05
104,75,Idle Std,5.107069682708243e-06
104,76,Idle Max,1.628545214771293e-05
104,77,Idle Min,0.00011124657612526789
105,0,Destination Port,5.0669095799094066e-05
105,1,Flow Duration,5.811795927002095e-05
105,2,Total Fwd Packets,1.4954500215935695e-07
105,3,Total Backward Packets,1.2028112905682065e-07
105,4,Total Length of Fwd Packets,1.4626478161972045e-07
105,5,Total Length of Bwd Packets,6.957426279541323e-08
105,6,Fwd Packet Length Max,8.392824383918196e-06
105,7,Fwd Packet Length Min,1.2797891031368636e-05
105,8,Fwd Packet Length Mean,1.9999419237137772e-05
105,9,Fwd Packet Length Std,2.9190930490585743e-06
105,10,Bwd Packet Length Max,0.00016235849761869758
105,11,Bwd Packet Length Min,1.2674451681959908e-05
105,12,Bwd Packet Length Mean,0.00046151314745657146
105,13,Bwd Packet Length Std,0.0002564491587691009
105,14,Flow Bytes/s,1.2269028957234696e-06
105,15,Flow Packets/s,1.5016753422969487e-05
105,16,Flow IAT Mean,1.1479165550554171e-05
105,17,Flow IAT Std,6.058758572180523e-06
105,18,Flow IAT Max,1.4255881978897378e-05
105,19,Flow IAT Min,1.5090772649273276e-06
105,20,Fwd IAT Total,5.452020195662044e-05
105,21,Fwd IAT Mean,2.986688014061656e-05
105,22,Fwd IAT Std,1.9761366274906322e-05
105,23,Fwd IAT Max,4.933417949359864e-05
105,24,Fwd IAT Min,3.3741246170393424e-06
105,25,Bwd IAT Total,3.743142951861955e-05
105,26,Bwd IAT Mean,1.2400075320329051e-05
105,27,Bwd IAT Std,1.3405455945303402e-07
105,28,Bwd IAT Max,2.5532393920002505e-05
105,29,Bwd IAT Min,1.783594370863284e-06
105,30,Fwd PSH Flags,2.0650897567975335e-05
105,31,Bwd PSH Flags,0.0
105,32,Fwd URG Flags,0.0
105,33,Bwd URG Flags,0.0
105,34,Fwd Header Length,8.12771503433396e-08
105,35,Bwd Header Length,1.6766779253885034e-07
105,36,Fwd Packets/s,1.033045191434212e-05
105,37,Bwd Packets/s,6.213165306689916e-06
105,38,Min Packet Length,2.3776801754138432e-05
105,39,Max Packet Length,0.00015391941997222602
105,40,Packet Length Mean,0.0001910644641611725
105,41,Packet Length Std,9.087039506994188e-05
105,42,Packet Length Variance,7.679016562178731e-05
105,43,FIN Flag Count,7.236400051624514e-06
105,44,SYN Flag Count,9.719797526486218e-05
105,45,RST Flag Count,1.1988686310360208e-07
105,46,PSH Flag Count,0.00019276475359220058
105,47,ACK Flag Count,0.0003086141950916499
105,48,URG Flag Count,0.00015369801258202642
105,49,CWE Flag Count,0.0
105,50,ECE Flag Count,3.7603990676871035e-07
105,51,Down/Up Ratio,6.936668341950281e-06
105,52,Average Packet Size,0.00033588468795642257
105,53,Avg Fwd Segment Size,6.029973974364111e-06
105,54,Avg Bwd Segment Size,0.00015945866471156478
105,55,Fwd Header Length.1,7.160637238712297e-08
105,56,Fwd Avg Bytes/Bulk,0.0
105,57,Fwd Avg Packets/Bulk,0.0
105,58,Fwd Avg Bulk Rate,0.0
105,59,Bwd Avg Bytes/Bulk,0.0
105,60,Bwd Avg Packets/Bulk,0.0
105,61,Bwd Avg Bulk Rate,0.0
105,62,Subflow Fwd Packets,1.0492424706853853e-07
105,63,Subflow Fwd Bytes,6.119587681041594e-08
105,64,Subflow Bwd Packets,1.4154676364341867e-07
105,65,Subflow Bwd Bytes,4.681550791474365e-08
105,66,Init_Win_bytes_forward,1.449412047804799e-05
105,67,Init_Win_bytes_backward,1.2533927474578377e-05
105,68,act_data_pkt_fwd,1.859748621768631e-08
105,69,min_seg_size_forward,2.4421310459987744e-11
105,70,Active Mean,6.409598540813022e-07
105,71,Active Std,1.0271300254771631e-08
105,72,Active Max,6.537199624290224e-06
105,73,Active Min,1.2456212061806582e-07
105,74,Idle Mean,2.680693614820484e-05
105,75,Idle Std,4.001164597866591e-06
105,76,Idle Max,1.145328951679403e-06
105,77,Idle Min,4.1506136767566204e-05
106,0,Destination Port,0.00011421933595556766
106,1,Flow Duration,5.5090920795919374e-05
106,2,Total Fwd Packets,9.76439835653764e-08
106,3,Total Backward Packets,1.8562040793312917e-07
106,4,Total Length of Fwd Packets,2.841558170985081e-07
106,5,Total Length of Bwd Packets,1.1833089530455254e-07
106,6,Fwd Packet Length Max,1.765579690982122e-05
106,7,Fwd Packet Length Min,6.466159447882092e-06
106,8,Fwd Packet Length Mean,8.86979432834778e-06
106,9,Fwd Packet Length Std,8.051408258324955e-06
106,10,Bwd Packet Length Max,1.2468616660044063e-05
106,11,Bwd Packet Length Min,1.720430418572505e-06
106,12,Bwd Packet Length Mean,5.134210005053319e-05
106,13,Bwd Packet Length Std,7.746431037958246e-06
106,14,Flow Bytes/s,1.464802835471346e-06
106,15,Flow Packets/s,1.9532835722202435e-05
106,16,Flow IAT Mean,3.667592682177201e-05
106,17,Flow IAT Std,1.175971374323126e-05
106,18,Flow IAT Max,1.8403692592983134e-05
106,19,Flow IAT Min,1.3815599686495261e-06
106,20,Fwd IAT Total,2.925268745457288e-05
106,21,Fwd IAT Mean,9.922447134158574e-06
106,22,Fwd IAT Std,1.2234898349561263e-05
106,23,Fwd IAT Max,3.350472616148181e-05
106,24,Fwd IAT Min,1.988270742003806e-05
106,25,Bwd IAT Total,0.00011021950922440737
106,26,Bwd IAT Mean,1.3880486221751198e-05
106,27,Bwd IAT Std,8.144013918354176e-06
106,28,Bwd IAT Max,2.2362744857673533e-05
106,29,Bwd IAT Min,7.532138624810614e-06
106,30,Fwd PSH Flags,2.179776129196398e-05
106,31,Bwd PSH Flags,0.0
106,32,Fwd URG Flags,0.0
106,33,Bwd URG Flags,0.0
106,34,Fwd Header Length,3.3653468900496364e-09
106,35,Bwd Header Length,8.999474232496141e-08
106,36,Fwd Packets/s,1.6557096387259662e-05
106,37,Bwd Packets/s,3.70770544577681e-06
106,38,Min Packet Length,1.0541964002186432e-05
106,39,Max Packet Length,5.2032310122740455e-06
106,40,Packet Length Mean,6.871414370834827e-07
106,41,Packet Length Std,1.0150190973945428e-05
106,42,Packet Length Variance,6.530089649459114e-06
106,43,FIN Flag Count,1.9013479686691426e-05
106,44,SYN Flag Count,7.153084879973903e-05
106,45,RST Flag Count,3.6070991882297676e-07
106,46,PSH Flag Count,0.00030828689341433346
106,47,ACK Flag Count,0.0002590140502434224
106,48,URG Flag Count,5.761505963164382e-05
106,49,CWE Flag Count,0.0
106,50,ECE Flag Count,1.5722008583907154e-07
106,51,Down/Up Ratio,1.0323517017241102e-05
106,52,Average Packet Size,3.1521845812676474e-05
106,53,Avg Fwd Segment Size,3.7215738757367944e-07
106,54,Avg Bwd Segment Size,4.2338171624578536e-05
106,55,Fwd Header Length.1,8.5925666581943e-09
106,56,Fwd Avg Bytes/Bulk,0.0
106,57,Fwd Avg Packets/Bulk,0.0
106,58,Fwd Avg Bulk Rate,0.0
106,59,Bwd Avg Bytes/Bulk,0.0
106,60,Bwd Avg Packets/Bulk,0.0
106,61,Bwd Avg Bulk Rate,0.0
106,62,Subflow Fwd Packets,7.619492947696926e-08
106,63,Subflow Fwd Bytes,1.84979825235132e-07
106,64,Subflow Bwd Packets,1.7045070421772834e-07
106,65,Subflow Bwd Bytes,9.91472361988599e-08
106,66,Init_Win_bytes_forward,5.175539172341814e-06
106,67,Init_Win_bytes_backward,1.4055229257792234e-05
106,68,act_data_pkt_fwd,2.7810134639594253e-08
106,69,min_seg_size_forward,2.153296638218727e-11
106,70,Active Mean,8.162780318343721e-07
106,71,Active Std,7.456717412424041e-07
106,72,Active Max,4.2662068153731525e-06
106,73,Active Min,3.8821286807433353e-07
106,74,Idle Mean,4.042198997922242e-05
106,75,Idle Std,5.695338586519938e-06
106,76,Idle Max,2.5947505491785705e-05
106,77,Idle Min,0.00011941829870920628
107,0,Destination Port,7.44419448892586e-05
107,1,Flow Duration,4.665907545131631e-05
107,2,Total Fwd Packets,7.868105456054764e-08
107,3,Total Backward Packets,5.7159354582836386e-08
107,4,Total Length of Fwd Packets,2.3888583200459834e-07
107,5,Total Length of Bwd Packets,2.9416467484111308e-08
107,6,Fwd Packet Length Max,6.255286734813126e-06
107,7,Fwd Packet Length Min,1.4561691386916209e-05
107,8,Fwd Packet Length Mean,2.1382924387580715e-05
107,9,Fwd Packet Length Std,1.8523772951084538e-06
107,10,Bwd Packet Length Max,0.00016406223585363477
107,11,Bwd Packet Length Min,1.1056101357098669e-05
107,12,Bwd Packet Length Mean,0.0003555799776222557
107,13,Bwd Packet Length Std,0.0009771211771294475
107,14,Flow Bytes/s,1.438466370018432e-06
107,15,Flow Packets/s,1.431799591955496e-05
107,16,Flow IAT Mean,1.2363673704385292e-05
107,17,Flow IAT Std,6.997622222115751e-06
107,18,Flow IAT Max,2.078535544569604e-05
107,19,Flow IAT Min,1.8159307728637941e-06
107,20,Fwd IAT Total,9.44336352404207e-05
107,21,Fwd IAT Mean,3.358930189278908e-05
107,22,Fwd IAT Std,2.7538078938960098e-05
107,23,Fwd IAT Max,4.3974887375952676e-05
107,24,Fwd IAT Min,4.886192527919775e-06
107,25,Bwd IAT Total,1.6961324945441447e-05
107,26,Bwd IAT Mean,8.124859959934838e-06
107,27,Bwd IAT Std,1.576431287730884e-07
107,28,Bwd IAT Max,3.102368282270618e-05
107,29,Bwd IAT Min,1.5055107951411628e-06
107,30,Fwd PSH Flags,3.714580088853836e-05
107,31,Bwd PSH Flags,0.0
107,32,Fwd URG Flags,0.0
107,33,Bwd URG Flags,0.0
107,34,Fwd Header Length,9.247155219327396e-08
107,35,Bwd Header Length,1.3056724412763288e-07
107,36,Fwd Packets/s,1.4098558494879398e-05
107,37,Bwd Packets/s,7.893213478382677e-06
107,38,Min Packet Length,2.7383010092307813e-05
107,39,Max Packet Length,0.0003431962977629155
107,40,Packet Length Mean,3.941027171094902e-05
107,41,Packet Length Std,5.919379327679053e-05
107,42,Packet Length Variance,0.0004838479508180171
107,43,FIN Flag Count,1.4201060366758611e-05
107,44,SYN Flag Count,8.990659262053668e-05
107,45,RST Flag Count,2.8023143272548623e-07
107,46,PSH Flag Count,0.0006155432783998549
107,47,ACK Flag Count,0.00027581030735746026
107,48,URG Flag Count,0.00022107764380052686
107,49,CWE Flag Count,0.0
107,50,ECE Flag Count,2.627026560730883e-07
107,51,Down/Up Ratio,9.344708814751357e-06
107,52,Average Packet Size,0.00013412038970272988
107,53,Avg Fwd Segment Size,3.5473092339088907e-06
107,54,Avg Bwd Segment Size,0.00027544063050299883
107,55,Fwd Header Length.1,6.843193744998644e-08
107,56,Fwd Avg Bytes/Bulk,0.0
107,57,Fwd Avg Packets/Bulk,0.0
107,58,Fwd Avg Bulk Rate,0.0
107,59,Bwd Avg Bytes/Bulk,0.0
107,60,Bwd Avg Packets/Bulk,0.0
107,61,Bwd Avg Bulk Rate,0.0
107,62,Subflow Fwd Packets,6.057428691974565e-08
107,63,Subflow Fwd Bytes,5.8305676731151834e-08
107,64,Subflow Bwd Packets,7.447968641827174e-08
107,65,Subflow Bwd Bytes,1.9599017520022244e-08
107,66,Init_Win_bytes_forward,1.7344209481962025e-05
107,67,Init_Win_bytes_backward,1.4927752999938093e-05
107,68,act_data_pkt_fwd,1.897450196963746e-08
107,69,min_seg_size_forward,2.7651712516951754e-11
107,70,Active Mean,7.01278281667328e-07
107,71,Active Std,8.477888968627667e-08
107,72,Active Max,7.563471172034042e-06
107,73,Active Min,2.9583818061951206e-08
107,74,Idle Mean,2.299015613971278e-05
107,75,Idle Std,4.71151679448667e-06
107,76,Idle Max,7.2579314291942865e-06
107,77,Idle Min,3.0090050131548196e-05
108,0,Destination Port,8.084920409601182e-05
108,1,Flow Duration,4.441343480721116e-05
108,2,Total Fwd Packets,1.786584107321687e-07
108,3,Total Backward Packets,2.6236878625240934e-07
108,4,Total Length of Fwd Packets,3.106808037500741e-07
108,5,Total Length of Bwd Packets,1.9760115321787453e-07
108,6,Fwd Packet Length Max,1.7697648218018003e-05
108,7,Fwd Packet Length Min,5.126283667777898e-06
108,8,Fwd Packet Length Mean,1.2423875887179747e-05
108,9,Fwd Packet Length Std,6.035027126927162e-06
108,10,Bwd Packet Length Max,1.203064948640531e-05
108,11,Bwd Packet Length Min,1.4541637938236818e-06
108,12,Bwd Packet Length Mean,4.8318353947252035e-05
108,13,Bwd Packet Length Std,2.3390241040033288e-05
108,14,Flow Bytes/s,1.4831531416348298e-06
108,15,Flow Packets/s,1.3192965525377076e-05
108,16,Flow IAT Mean,6.415611278498545e-05
108,17,Flow IAT Std,1.256819723494118e-05
108,18,Flow IAT Max,1.6717038306524046e-05
108,19,Flow IAT Min,1.2757783451888827e-06
108,20,Fwd IAT Total,3.298575757071376e-05
108,21,Fwd IAT Mean,3.437256600591354e-05
108,22,Fwd IAT Std,2.8546361136250198e-05
108,23,Fwd IAT Max,3.953710256610066e-05
108,24,Fwd IAT Min,1.3475155355990864e-05
108,25,Bwd IAT Total,0.00014512523193843663
108,26,Bwd IAT Mean,1.008448361972114e-05
108,27,Bwd IAT Std,5.4385932344303e-06
108,28,Bwd IAT Max,2.1415971787064336e-05
108,29,Bwd IAT Min,5.803598924103426e-06
108,30,Fwd PSH Flags,2.8863378247478977e-05
108,31,Bwd PSH Flags,0.0
108,32,Fwd URG Flags,0.0
108,33,Bwd URG Flags,0.0
108,34,Fwd Header Length,6.690167864142893e-10
108,35,Bwd Header Length,7.437898830175982e-08
108,36,Fwd Packets/s,1.768673973856494e-05
108,37,Bwd Packets/s,4.248917321092449e-06
108,38,Min Packet Length,1.3378647054196335e-05
108,39,Max Packet Length,1.631224949960597e-05
108,40,Packet Length Mean,7.632010238012299e-06
108,41,Packet Length Std,5.9347062233428005e-06
108,42,Packet Length Variance,8.135345524351578e-06
108,43,FIN Flag Count,1.9159169823979028e-05
108,44,SYN Flag Count,7.070417632348835e-05
108,45,RST Flag Count,5.211037432673038e-07
108,46,PSH Flag Count,0.00032900195219554007
108,47,ACK Flag Count,0.0004283674352336675
108,48,URG Flag Count,6.119290628703311e-05
108,49,CWE Flag Count,0.0
108,50,ECE Flag Count,1.8396045220470114e-07
108,51,Down/Up Ratio,1.7607051631784998e-05
108,52,Average Packet Size,3.3562413591425866e-05
108,53,Avg Fwd Segment Size,4.279354470781982e-06
108,54,Avg Bwd Segment Size,4.471083957469091e-05
108,55,Fwd Header Length.1,4.10858085331256e-08
108,56,Fwd Avg Bytes/Bulk,0.0
108,57,Fwd Avg Packets/Bulk,0.0
108,58,Fwd Avg Bulk Rate,0.0
108,59,Bwd Avg Bytes/Bulk,0.0
108,60,Bwd Avg Packets/Bulk,0.0
108,61,Bwd Avg Bulk Rate,0.0
108,62,Subflow Fwd Packets,1.4664011871445837e-07
108,63,Subflow Fwd Bytes,1.3282073041409603e-07
108,64,Subflow Bwd Packets,2.559496579124243e-07
108,65,Subflow Bwd Bytes,1.6005955671971606e-07
108,66,Init_Win_bytes_forward,1.5504874681937508e-05
108,67,Init_Win_bytes_backward,1.3023975043324754e-05
108,68,act_data_pkt_fwd,4.997355773639356e-08
108,69,min_seg_size_forward,1.3488070035871935e-11
108,70,Active Mean,9.3290077529673e-07
108,71,Active Std,8.873848855728284e-07
108,72,Active Max,4.264750714355614e-06
108,73,Active Min,4.847803438678966e-07
108,74,Idle Mean,5.2853556553600356e-05
108,75,Idle Std,7.019035820121644e-06
108,76,Idle Max,2.7225820304010995e-05
108,77,Idle Min,0.00010482823563506827
109,0,Destination Port,4.4768334191758186e-05
109,1,Flow Duration,4.891634307568893e-05
109,2,Total Fwd Packets,1.0005062023310529e-07
109,3,Total Backward Packets,7.013101566144542e-08
109,4,Total Length of Fwd Packets,2.2086967987888784e-07
109,5,Total Length of Bwd Packets,1.0161416597043171e-08
109,6,Fwd Packet Length Max,6.6883671934192535e-06
109,7,Fwd Packet Length Min,1.3697151189262513e-05
109,8,Fwd Packet Length Mean,1.956460801011417e-05
109,9,Fwd Packet Length Std,4.4481321310740896e-06
109,10,Bwd Packet Length Max,2.4004833903745748e-05
109,11,Bwd Packet Length Min,6.4182963797065895e-06
109,12,Bwd Packet Length Mean,0.00030490802600979805
109,13,Bwd Packet Length Std,0.0008915364160202444
109,14,Flow Bytes/s,1.263983335775265e-06
109,15,Flow Packets/s,8.350144526048098e-06
109,16,Flow IAT Mean,1.2315153071540408e-05
109,17,Flow IAT Std,6.449002285080496e-06
109,18,Flow IAT Max,2.434304406051524e-05
109,19,Flow IAT Min,1.8744202634479734e-06
109,20,Fwd IAT Total,0.00011225275375181809
109,21,Fwd IAT Mean,3.645737888291478e-05
109,22,Fwd IAT Std,2.7726309781428427e-05
109,23,Fwd IAT Max,4.188331513432786e-05
109,24,Fwd IAT Min,1.6846000789882964e-06
109,25,Bwd IAT Total,2.426171477054595e-06
109,26,Bwd IAT Mean,7.927473234303761e-06
109,27,Bwd IAT Std,2.0736230510465248e-07
109,28,Bwd IAT Max,3.135147562716156e-05
109,29,Bwd IAT Min,1.5666976196371252e-06
109,30,Fwd PSH Flags,3.350348197272979e-05
109,31,Bwd PSH Flags,0.0
109,32,Fwd URG Flags,0.0
109,33,Bwd URG Flags,0.0
109,34,Fwd Header Length,7.970772486487476e-08
109,35,Bwd Header Length,1.5393948160635773e-07
109,36,Fwd Packets/s,1.009710285870824e-05
109,37,Bwd Packets/s,7.98210567154456e-06
109,38,Min Packet Length,3.165438101859763e-05
109,39,Max Packet Length,0.000624220643658191
109,40,Packet Length Mean,7.544367690570652e-05
109,41,Packet Length Std,0.0001502294180681929
109,42,Packet Length Variance,0.000578394450712949
109,43,FIN Flag Count,1.9137991330353543e-05
109,44,SYN Flag Count,9.707063145469874e-05
109,45,RST Flag Count,4.175496997049777e-07
109,46,PSH Flag Count,0.0005969998892396688
109,47,ACK Flag Count,0.00025575130712240934
109,48,URG Flag Count,0.00021930890216026455
109,49,CWE Flag Count,0.0
109,50,ECE Flag Count,4.294879545341246e-07
109,51,Down/Up Ratio,8.723364771867637e-06
109,52,Average Packet Size,0.00021247520635370165
109,53,Avg Fwd Segment Size,1.3436667813948588e-06
109,54,Avg Bwd Segment Size,4.6358378313016146e-05
109,55,Fwd Header Length.1,3.6313661411213616e-08
109,56,Fwd Avg Bytes/Bulk,0.0
109,57,Fwd Avg Packets/Bulk,0.0
109,58,Fwd Avg Bulk Rate,0.0
109,59,Bwd Avg Bytes/Bulk,0.0
109,60,Bwd Avg Packets/Bulk,0.0
109,61,Bwd Avg Bulk Rate,0.0
109,62,Subflow Fwd Packets,7.815605584937657e-08
109,63,Subflow Fwd Bytes,9.286716284861996e-09
109,64,Subflow Bwd Packets,9.17692659641034e-08
109,65,Subflow Bwd Bytes,7.017504355388837e-09
109,66,Init_Win_bytes_forward,1.634890395507682e-05
109,67,Init_Win_bytes_backward,2.341055551369209e-05
109,68,act_data_pkt_fwd,1.7051563716563578e-08
109,69,min_seg_size_forward,7.3770549668950025e-09
109,70,Active Mean,9.108571248361841e-07
109,71,Active Std,1.3457611203193665e-07
109,72,Active Max,7.67526580602862e-06
109,73,Active Min,6.096363591723275e-08
109,74,Idle Mean,9.515923920844216e-06
109,75,Idle Std,5.6681524256418925e-06
109,76,Idle Max,1.4164244021230843e-05
109,77,Idle Min,3.135849328828044e-05
110,0,Destination Port,8.265962969744578e-05
110,1,Flow Duration,4.2769283027155325e-05
110,2,Total Fwd Packets,2.424996523586742e-07
110,3,Total Backward Packets,3.3661859788480797e-07
110,4,Total Length of Fwd Packets,3.0483391810776084e-07
110,5,Total Length of Bwd Packets,2.7970710902991414e-07
110,6,Fwd Packet Length Max,1.7171330910059623e-05
110,7,Fwd Packet Length Min,5.0834241847041994e-06
110,8,Fwd Packet Length Mean,1.080189485946903e-05
110,9,Fwd Packet Length Std,5.371256975195138e-06
110,10,Bwd Packet Length Max,7.756911145406775e-06
110,11,Bwd Packet Length Min,3.654448846646119e-06
110,12,Bwd Packet Length Mean,4.808911035070196e-05
110,13,Bwd Packet Length Std,2.3517170120612718e-05
110,14,Flow Bytes/s,1.4318820831249468e-06
110,15,Flow Packets/s,1.2430608876456972e-05
110,16,Flow IAT Mean,6.503298209281638e-05
110,17,Flow IAT Std,1.3875934200768825e-05
110,18,Flow IAT Max,2.2253263523452915e-05
110,19,Flow IAT Min,1.3014977184866439e-06
110,20,Fwd IAT Total,3.0055243769311346e-05
110,21,Fwd IAT Mean,3.6076264223083854e-05
110,22,Fwd IAT Std,3.0436960514634848e-05
110,23,Fwd IAT Max,3.8005277019692585e-05
110,24,Fwd IAT Min,1.2671036529354751e-05
110,25,Bwd IAT Total,0.00013981737720314413
110,26,Bwd IAT Mean,9.61265050136717e-06
110,27,Bwd IAT Std,7.131548954930622e-06
110,28,Bwd IAT Max,1.9189013983123004e-05
110,29,Bwd IAT Min,6.146968644316075e-06
110,30,Fwd PSH Flags,2.463955206621904e-05
110,31,Bwd PSH Flags,0.0
110,32,Fwd URG Flags,0.0
110,33,Bwd URG Flags,0.0
110,34,Fwd Header Length,8.167398424241412e-10
110,35,Bwd Header Length,1.1562843837964465e-07
110,36,Fwd Packets/s,1.9311326468596235e-05
110,37,Bwd Packets/s,4.354150860308437e-06
110,38,Min Packet Length,1.2204422091599554e-05
110,39,Max Packet Length,1.6716585378162563e-05
110,40,Packet Length Mean,1.0988321264449041e-05
110,41,Packet Length Std,4.552200607577106e-06
110,42,Packet Length Variance,8.221768439398147e-06
110,43,FIN Flag Count,1.801379767130129e-05
110,44,SYN Flag Count,7.576455391244963e-05
110,45,RST Flag Count,6.893080808367813e-07
110,46,PSH Flag Count,0.00033919341512955725
110,47,ACK Flag Count,0.0004486656398512423
110,48,URG Flag Count,4.561557943816297e-05
110,49,CWE Flag Count,0.0
110,50,ECE Flag Count,1.9656953043067915e-07
110,51,Down/Up Ratio,1.8058728528558277e-05
110,52,Average Packet Size,3.264463521190919e-05
110,53,Avg Fwd Segment Size,4.647250989364693e-06
110,54,Avg Bwd Segment Size,4.511988299782388e-05
110,55,Fwd Header Length.1,3.230907097417912e-08
110,56,Fwd Avg Bytes/Bulk,0.0
110,57,Fwd Avg Packets/Bulk,0.0
110,58,Fwd Avg Bulk Rate,0.0
110,59,Bwd Avg Bytes/Bulk,0.0
110,60,Bwd Avg Packets/Bulk,0.0
110,61,Bwd Avg Bulk Rate,0.0
110,62,Subflow Fwd Packets,1.9392432193399145e-07
110,63,Subflow Fwd Bytes,1.282909209976424e-07
110,64,Subflow Bwd Packets,3.256882052937726e-07
110,65,Subflow Bwd Bytes,2.2281329847828601e-07
110,66,Init_Win_bytes_forward,1.0424301763123367e-05
110,67,Init_Win_bytes_backward,1.1376737347745802e-05
110,68,act_data_pkt_fwd,6.728634360797514e-08
110,69,min_seg_size_forward,5.777619271896128e-09
110,70,Active Mean,9.965566505343304e-07
110,71,Active Std,9.422932407687767e-07
110,72,Active Max,4.367189831100404e-06
110,73,Active Min,4.5865053266425093e-07
110,74,Idle Mean,5.78757535549812e-05
110,75,Idle Std,6.8787599047936965e-06
110,76,Idle Max,2.4187400413211435e-05
110,77,Idle Min,0.00010592809849185869
111,0,Destination Port,2.5833580366452225e-05
111,1,Flow Duration,5.010059612686746e-05
111,2,Total Fwd Packets,1.8752550090539444e-07
111,3,Total Backward Packets,1.7345956848657806e-07
111,4,Total Length of Fwd Packets,2.1694251017834176e-07
111,5,Total Length of Bwd Packets,1.5134915543058014e-07
111,6,Fwd Packet Length Max,6.849740657344228e-06
111,7,Fwd Packet Length Min,1.4061183719604742e-05
111,8,Fwd Packet Length Mean,1.7405674952897243e-05
111,9,Fwd Packet Length Std,5.1538454499677755e-06
111,10,Bwd Packet Length Max,7.89201440056786e-05
111,11,Bwd Packet Length Min,3.929920694645261e-06
111,12,Bwd Packet Length Mean,0.0003232783928979188
111,13,Bwd Packet Length Std,0.0006646239198744297
111,14,Flow Bytes/s,1.3315899423105293e-06
111,15,Flow Packets/s,8.735866686038207e-06
111,16,Flow IAT Mean,1.1735922271327581e-05
111,17,Flow IAT Std,6.237813522602664e-06
111,18,Flow IAT Max,2.0461833628360182e-05
111,19,Flow IAT Min,1.6312412753904937e-06
111,20,Fwd IAT Total,0.00010447224485687912
111,21,Fwd IAT Mean,3.703045513248071e-05
111,22,Fwd IAT Std,2.5946366804419085e-05
111,23,Fwd IAT Max,3.9023674617055804e-05
111,24,Fwd IAT Min,1.4728143469255883e-06
111,25,Bwd IAT Total,7.147751603042707e-06
111,26,Bwd IAT Mean,9.34450054046465e-06
111,27,Bwd IAT Std,1.502015436471993e-07
111,28,Bwd IAT Max,2.8603142709471285e-05
111,29,Bwd IAT Min,3.1414786008099327e-06
111,30,Fwd PSH Flags,2.833700091287028e-05
111,31,Bwd PSH Flags,0.0
111,32,Fwd URG Flags,0.0
111,33,Bwd URG Flags,0.0
111,34,Fwd Header Length,8.692842357049813e-08
111,35,Bwd Header Length,1.2680490613092843e-07
111,36,Fwd Packets/s,1.1751099918910768e-05
111,37,Bwd Packets/s,7.977938366821036e-06
111,38,Min Packet Length,2.8256936275283806e-05
111,39,Max Packet Length,0.0005107145407237113
111,40,Packet Length Mean,1.826358311518561e-05
111,41,Packet Length Std,7.446663221344352e-05
111,42,Packet Length Variance,0.00041012256406247616
111,43,FIN Flag Count,1.9446972146397457e-05
111,44,SYN Flag Count,8.858805813360959e-05
111,45,RST Flag Count,3.3696753121148504e-07
111,46,PSH Flag Count,0.0005234197597019374
111,47,ACK Flag Count,0.00030624380451627076
111,48,URG Flag Count,0.00020109754404984415
111,49,CWE Flag Count,0.0
111,50,ECE Flag Count,3.4959865047312633e-07
111,51,Down/Up Ratio,8.638234248792287e-06
111,52,Average Packet Size,0.0002037506055785343
111,53,Avg Fwd Segment Size,1.4721452998855966e-06
111,54,Avg Bwd Segment Size,6.314511847449467e-05
111,55,Fwd Header Length.1,2.789426289950825e-08
111,56,Fwd Avg Bytes/Bulk,0.0
111,57,Fwd Avg Packets/Bulk,0.0
111,58,Fwd Avg Bulk Rate,0.0
111,59,Bwd Avg Bytes/Bulk,0.0
111,60,Bwd Avg Packets/Bulk,0.0
111,61,Bwd Avg Bulk Rate,0.0
111,62,Subflow Fwd Packets,1.3892376671265083e-07
111,63,Subflow Fwd Bytes,2.0856170124261553e-08
111,64,Subflow Bwd Packets,2.2944463751173316e-07
111,65,Subflow Bwd Bytes,1.0715938714156437e-07
111,66,Init_Win_bytes_forward,1.6885298464330845e-05
111,67,Init_Win_bytes_backward,2.104478880937677e-05
111,68,act_data_pkt_fwd,2.208408922399485e-08
111,69,min_seg_size_forward,5.964658100765519e-09
111,70,Active Mean,9.355056818094454e-07
111,71,Active Std,6.17297928329208e-08
111,72,Active Max,7.67927213018993e-06
111,73,Active Min,3.5242933904555684e-08
111,74,Idle Mean,1.0410097274871077e-05
111,75,Idle Std,4.924228960589971e-06
111,76,Idle Max,1.6147576388902962e-05
111,77,Idle Min,3.5872941225534305e-05
112,0,Destination Port,7.842994091333821e-05
112,1,Flow Duration,4.723280653706752e-05
112,2,Total Fwd Packets,1.5968022637480317e-07
112,3,Total Backward Packets,2.3359157808044984e-07
112,4,Total Length of Fwd Packets,2.7678419201038196e-07
112,5,Total Length of Bwd Packets,1.9361051784017036e-07
112,6,Fwd Packet Length Max,1.7518877939437516e-05
112,7,Fwd Packet Length Min,4.2524966374912765e-06
112,8,Fwd Packet Length Mean,7.369665127043845e-06
112,9,Fwd Packet Length Std,4.509458904067287e-06
112,10,Bwd Packet Length Max,2.335623548788135e-06
112,11,Bwd Packet Length Min,2.255687377328286e-06
112,12,Bwd Packet Length Mean,4.1577201045583934e-05
112,13,Bwd Packet Length Std,1.7817899788497016e-05
112,14,Flow Bytes/s,1.3929712849858333e-06
112,15,Flow Packets/s,9.911111192195676e-06
112,16,Flow IAT Mean,5.882832920178771e-05
112,17,Flow IAT Std,1.967242315004114e-05
112,18,Flow IAT Max,3.357344394316897e-05
112,19,Flow IAT Min,1.2532177606772166e-06
112,20,Fwd IAT Total,3.147474126308225e-05
112,21,Fwd IAT Mean,3.274544724263251e-05
112,22,Fwd IAT Std,1.4291169463831466e-05
112,23,Fwd IAT Max,3.377662505954504e-05
112,24,Fwd IAT Min,1.559136580908671e-05
112,25,Bwd IAT Total,0.00013050460256636143
112,26,Bwd IAT Mean,9.841487553785555e-06
112,27,Bwd IAT Std,1.0631291843310464e-05
112,28,Bwd IAT Max,1.4896801985742059e-05
112,29,Bwd IAT Min,7.995632586244028e-06
112,30,Fwd PSH Flags,1.907159821712412e-05
112,31,Bwd PSH Flags,0.0
112,32,Fwd URG Flags,0.0
112,33,Bwd URG Flags,0.0
112,34,Fwd Header Length,2.2203150429334073e-09
112,35,Bwd Header Length,1.8424034919917176e-07
112,36,Fwd Packets/s,1.6035370208555833e-05
112,37,Bwd Packets/s,4.2975084397767205e-06
112,38,Min Packet Length,9.797862730920315e-06
112,39,Max Packet Length,1.758129474183079e-05
112,40,Packet Length Mean,9.934595254890155e-06
112,41,Packet Length Std,1.5580164927087026e-06
112,42,Packet Length Variance,8.48245053930441e-06
112,43,FIN Flag Count,1.3446917364490218e-05
112,44,SYN Flag Count,9.097750444198027e-05
112,45,RST Flag Count,5.007196364203992e-07
112,46,PSH Flag Count,0.0003709024749696255
112,47,ACK Flag Count,0.0005209457594901323
112,48,URG Flag Count,2.4259854399133474e-05
112,49,CWE Flag Count,0.0
112,50,ECE Flag Count,1.4788795965614554e-07
112,51,Down/Up Ratio,1.733553290250711e-05
112,52,Average Packet Size,3.5511893656803295e-05
112,53,Avg Fwd Segment Size,5.394590971263824e-06
112,54,Avg Bwd Segment Size,3.793899668380618e-05
112,55,Fwd Header Length.1,1.7498393845016835e-08
112,56,Fwd Avg Bytes/Bulk,0.0
112,57,Fwd Avg Packets/Bulk,0.0
112,58,Fwd Avg Bulk Rate,0.0
112,59,Bwd Avg Bytes/Bulk,0.0
112,60,Bwd Avg Packets/Bulk,0.0
112,61,Bwd Avg Bulk Rate,0.0
112,62,Subflow Fwd Packets,1.2771978674663842e-07
112,63,Subflow Fwd Bytes,1.1071431771370044e-07
112,64,Subflow Bwd Packets,2.223638375653536e-07
112,65,Subflow Bwd Bytes,1.5455948698672728e-07
112,66,Init_Win_bytes_forward,8.017254344849789e-07
112,67,Init_Win_bytes_backward,8.620218977739569e-06
112,68,act_data_pkt_fwd,8.270934159781973e-08
112,69,min_seg_size_forward,2.3429142740477582e-12
112,70,Active Mean,8.829802595755609e-07
112,71,Active Std,8.581223482906353e-07
112,72,Active Max,3.834141807601554e-06
112,73,Active Min,4.3894260670640506e-07
112,74,Idle Mean,5.948070247541182e-05
112,75,Idle Std,6.265989213716239e-06
112,76,Idle Max,1.2374054676911328e-05
112,77,Idle Min,0.0001083766037481837
113,0,Destination Port,3.3392243494745344e-05
113,1,Flow Duration,4.205474760965444e-05
113,2,Total Fwd Packets,2.661518863078527e-07
113,3,Total Backward Packets,2.3885161226644414e-07
113,4,Total Length of Fwd Packets,2.023328988798312e-07
113,5,Total Length of Bwd Packets,2.6402571506878303e-07
113,6,Fwd Packet Length Max,9.133811545325443e-06
113,7,Fwd Packet Length Min,1.3924154700362124e-05
113,8,Fwd Packet Length Mean,1.6546920960536227e-05
113,9,Fwd Packet Length Std,6.321751243376639e-06
113,10,Bwd Packet Length Max,6.851366924820468e-05
113,11,Bwd Packet Length Min,6.685049811494537e-06
113,12,Bwd Packet Length Mean,0.0002931708295363933
113,13,Bwd Packet Length Std,0.00045028518070466816
113,14,Flow Bytes/s,1.226966446665756e-06
113,15,Flow Packets/s,8.227310900110751e-06
113,16,Flow IAT Mean,1.2446462278603576e-05
113,17,Flow IAT Std,2.0547267922665924e-06
113,18,Flow IAT Max,2.3483535187551752e-05
113,19,Flow IAT Min,1.4629808902100194e-06
113,20,Fwd IAT Total,0.00011869116133311763
113,21,Fwd IAT Mean,3.841659417957999e-05
113,22,Fwd IAT Std,2.2187232389114797e-05
113,23,Fwd IAT Max,3.7421708839247e-05
113,24,Fwd IAT Min,2.049212525889743e-06
113,25,Bwd IAT Total,2.6988660465576686e-05
113,26,Bwd IAT Mean,1.1633299436653033e-05
113,27,Bwd IAT Std,1.643042395471639e-07
113,28,Bwd IAT Max,2.7936861442867666e-05
113,29,Bwd IAT Min,1.5696450361701864e-07
113,30,Fwd PSH Flags,1.5926372725516558e-05
113,31,Bwd PSH Flags,0.0
113,32,Fwd URG Flags,0.0
113,33,Bwd URG Flags,0.0
113,34,Fwd Header Length,8.818455654591162e-08
113,35,Bwd Header Length,1.6551150849863916e-07
113,36,Fwd Packets/s,5.653867901855847e-06
113,37,Bwd Packets/s,6.776265308872098e-06
113,38,Min Packet Length,2.763097290880978e-05
113,39,Max Packet Length,0.0003388221957720816
113,40,Packet Length Mean,5.4483156418427825e-05
113,41,Packet Length Std,6.760521500837058e-06
113,42,Packet Length Variance,0.00013600745296571404
113,43,FIN Flag Count,1.337421235803049e-05
113,44,SYN Flag Count,9.562157356413081e-05
113,45,RST Flag Count,2.5958743776755e-07
113,46,PSH Flag Count,0.000215615815250203
113,47,ACK Flag Count,0.00023847063130233437
113,48,URG Flag Count,0.00015971875109244138
113,49,CWE Flag Count,0.0
113,50,ECE Flag Count,4.222711140755564e-07
113,51,Down/Up Ratio,2.7951993615715764e-05
113,52,Average Packet Size,0.0002730427077040076
113,53,Avg Fwd Segment Size,2.757511310846894e-06
113,54,Avg Bwd Segment Size,1.4392305274668615e-05
113,55,Fwd Header Length.1,4.452577329061569e-08
113,56,Fwd Avg Bytes/Bulk,0.0
113,57,Fwd Avg Packets/Bulk,0.0
113,58,Fwd Avg Bulk Rate,0.0
113,59,Bwd Avg Bytes/Bulk,0.0
113,60,Bwd Avg Packets/Bulk,0.0
113,61,Bwd Avg Bulk Rate,0.0
113,62,Subflow Fwd Packets,2.0402548273068533e-07
113,63,Subflow Fwd Bytes,5.811643166708791e-09
113,64,Subflow Bwd Packets,3.090631821578427e-07
113,65,Subflow Bwd Bytes,1.841094103838259e-07
113,66,Init_Win_bytes_forward,1.36777025545598e-05
113,67,Init_Win_bytes_backward,2.220160786237102e-05
113,68,act_data_pkt_fwd,1.5643374240426056e-07
113,69,min_seg_size_forward,1.308143282585661e-08
113,70,Active Mean,7.414191713905893e-07
113,71,Active Std,5.892953680586288e-08
113,72,Active Max,6.879553893668344e-06
113,73,Active Min,5.643591194370856e-08
113,74,Idle Mean,8.57037775858771e-06
113,75,Idle Std,4.021190306957578e-06
113,76,Idle Max,1.2145527762186248e-05
113,77,Idle Min,3.723516783793457e-05
114,0,Destination Port,8.658202568767592e-05
114,1,Flow Duration,4.610685937223025e-05
114,2,Total Fwd Packets,1.45271982887607e-07
114,3,Total Backward Packets,2.1943169770111126e-07
114,4,Total Length of Fwd Packets,2.88530031866685e-07
114,5,Total Length of Bwd Packets,1.5219750082451355e-07
114,6,Fwd Packet Length Max,1.6044896256062202e-05
114,7,Fwd Packet Length Min,6.2674162109033205e-06
114,8,Fwd Packet Length Mean,8.897471161617432e-06
114,9,Fwd Packet Length Std,4.51398500445066e-06
114,10,Bwd Packet Length Max,1.1140825336042326e-05
114,11,Bwd Packet Length Min,1.0983400215991423e-06
114,12,Bwd Packet Length Mean,4.3172996811335906e-05
114,13,Bwd Packet Length Std,1.2803084246115759e-05
114,14,Flow Bytes/s,1.5807435147507931e-06
114,15,Flow Packets/s,1.4441254279518034e-05
114,16,Flow IAT Mean,5.9929614508291706e-05
114,17,Flow IAT Std,1.8264343452756293e-05
114,18,Flow IAT Max,1.1940516742470209e-05
114,19,Flow IAT Min,1.280412902815442e-06
114,20,Fwd IAT Total,3.09709066641517e-05
114,21,Fwd IAT Mean,3.1942872738000005e-05
114,22,Fwd IAT Std,2.0302701159380376e-05
114,23,Fwd IAT Max,3.1330906494986266e-05
114,24,Fwd IAT Min,1.7180160284624435e-05
114,25,Bwd IAT Total,0.00013088143896311522
114,26,Bwd IAT Mean,1.34236179292202e-05
114,27,Bwd IAT Std,9.490354386798572e-06
114,28,Bwd IAT Max,2.261235385958571e-05
114,29,Bwd IAT Min,6.650417162745725e-06
114,30,Fwd PSH Flags,2.542424226703588e-05
114,31,Bwd PSH Flags,0.0
114,32,Fwd URG Flags,0.0
114,33,Bwd URG Flags,0.0
114,34,Fwd Header Length,1.6082466913758253e-08
114,35,Bwd Header Length,2.908512364285798e-08
114,36,Fwd Packets/s,1.7238198779523373e-05
114,37,Bwd Packets/s,3.4727702313830378e-06
114,38,Min Packet Length,1.1290169823041651e-05
114,39,Max Packet Length,9.357047019875608e-06
114,40,Packet Length Mean,3.568670763343107e-06
114,41,Packet Length Std,2.8978957899994384e-08
114,42,Packet Length Variance,6.859977020212682e-06
114,43,FIN Flag Count,2.7275884349364787e-05
114,44,SYN Flag Count,7.407677912851796e-05
114,45,RST Flag Count,4.269065243533987e-07
114,46,PSH Flag Count,0.0003048175130970776
114,47,ACK Flag Count,0.00033587589859962463
114,48,URG Flag Count,4.872756835538894e-05
114,49,CWE Flag Count,0.0
114,50,ECE Flag Count,1.4899573841375968e-07
114,51,Down/Up Ratio,1.2715633602056187e-05
114,52,Average Packet Size,2.4684333766344935e-05
114,53,Avg Fwd Segment Size,3.978950644523138e-06
114,54,Avg Bwd Segment Size,4.468181577976793e-05
114,55,Fwd Header Length.1,1.3244671137613295e-08
114,56,Fwd Avg Bytes/Bulk,0.0
114,57,Fwd Avg Packets/Bulk,0.0
114,58,Fwd Avg Bulk Rate,0.0
114,59,Bwd Avg Bytes/Bulk,0.0
114,60,Bwd Avg Packets/Bulk,0.0
114,61,Bwd Avg Bulk Rate,0.0
114,62,Subflow Fwd Packets,1.191346896689538e-07
114,63,Subflow Fwd Bytes,1.3106712515309482e-07
114,64,Subflow Bwd Packets,2.1585168497040286e-07
114,65,Subflow Bwd Bytes,1.2653445935484342e-07
114,66,Init_Win_bytes_forward,1.0886532436416019e-05
114,67,Init_Win_bytes_backward,1.714730569801759e-05
114,68,act_data_pkt_fwd,6.771006422212622e-09
114,69,min_seg_size_forward,4.939777920043298e-09
114,70,Active Mean,6.981422302487772e-07
114,71,Active Std,8.12629195934278e-07
114,72,Active Max,4.518683454080019e-06
114,73,Active Min,5.211863367549086e-07
114,74,Idle Mean,4.153575355303474e-05
114,75,Idle Std,6.539330570376478e-06
114,76,Idle Max,2.6064612029585987e-05
114,77,Idle Min,0.00011449534213170409
115,0,Destination Port,7.18569935997948e-05
115,1,Flow Duration,4.1708844946697354e-05
115,2,Total Fwd Packets,1.5229446148623538e-07
115,3,Total Backward Packets,1.4013053828421107e-07
115,4,Total Length of Fwd Packets,2.1983376541356847e-07
115,5,Total Length of Bwd Packets,1.1945667210966349e-07
115,6,Fwd Packet Length Max,5.316495844454039e-06
115,7,Fwd Packet Length Min,1.3410234714683611e-05
115,8,Fwd Packet Length Mean,1.8205611922894605e-05
115,9,Fwd Packet Length Std,1.3559988474298734e-06
115,10,Bwd Packet Length Max,3.8645499444101006e-05
115,11,Bwd Packet Length Min,7.939298484416213e-06
115,12,Bwd Packet Length Mean,0.00025690169422887266
115,13,Bwd Packet Length Std,0.0009091622778214514
115,14,Flow Bytes/s,1.1881899126819917e-06
115,15,Flow Packets/s,3.8030896121199476e-06
115,16,Flow IAT Mean,1.4672978977614548e-05
115,17,Flow IAT Std,8.780189091339707e-06
115,18,Flow IAT Max,3.707607538672164e-05
115,19,Flow IAT Min,1.5201926544250455e-06
115,20,Fwd IAT Total,0.00010696560639189556
115,21,Fwd IAT Mean,3.6445442674448714e-05
115,22,Fwd IAT Std,3.1304261938203126e-05
115,23,Fwd IAT Max,4.621132029569708e-05
115,24,Fwd IAT Min,9.919216381604201e-07
115,25,Bwd IAT Total,7.485344667657046e-06
115,26,Bwd IAT Mean,7.708217708568554e-06
115,27,Bwd IAT Std,1.3332518165043439e-06
115,28,Bwd IAT Max,4.918940976494923e-05
115,29,Bwd IAT Min,3.810501993939397e-07
115,30,Fwd PSH Flags,3.330050822114572e-05
115,31,Bwd PSH Flags,0.0
115,32,Fwd URG Flags,0.0
115,33,Bwd URG Flags,0.0
115,34,Fwd Header Length,7.094552501030194e-08
115,35,Bwd Header Length,1.4698419192882284e-07
115,36,Fwd Packets/s,1.1204801012354437e-05
115,37,Bwd Packets/s,7.7067024903954e-06
115,38,Min Packet Length,2.8156897315056995e-05
115,39,Max Packet Length,0.0006848582997918129
115,40,Packet Length Mean,0.0001666427415329963
115,41,Packet Length Std,0.00031890085665509105
115,42,Packet Length Variance,0.0008767508552409708
115,43,FIN Flag Count,1.8287635612068698e-05
115,44,SYN Flag Count,7.974146865308285e-05
115,45,RST Flag Count,3.273268021075637e-07
115,46,PSH Flag Count,0.0007955188048072159
115,47,ACK Flag Count,0.000271927157882601
115,48,URG Flag Count,0.0002392260794294998
115,49,CWE Flag Count,0.0
115,50,ECE Flag Count,2.5497516276118404e-07
115,51,Down/Up Ratio,8.538081601727754e-06
115,52,Average Packet Size,0.00016510365821886808
115,53,Avg Fwd Segment Size,1.813574840525689e-06
115,54,Avg Bwd Segment Size,0.0002357034245505929
115,55,Fwd Header Length.1,6.553511155971137e-08
115,56,Fwd Avg Bytes/Bulk,0.0
115,57,Fwd Avg Packets/Bulk,0.0
115,58,Fwd Avg Bulk Rate,0.0
115,59,Bwd Avg Bytes/Bulk,0.0
115,60,Bwd Avg Packets/Bulk,0.0
115,61,Bwd Avg Bulk Rate,0.0
115,62,Subflow Fwd Packets,1.3109662688748358e-07
115,63,Subflow Fwd Bytes,4.2112219489354175e-08
115,64,Subflow Bwd Packets,1.8523364531120023e-07
115,65,Subflow Bwd Bytes,8.219462444003511e-08
115,66,Init_Win_bytes_forward,1.6324278476531617e-05
115,67,Init_Win_bytes_backward,1.820741454139352e-05
115,68,act_data_pkt_fwd,8.32124698035841e-08
115,69,min_seg_size_forward,3.527208386477909e-11
115,70,Active Mean,7.987925982888555e-07
115,71,Active Std,1.0451255150201177e-07
115,72,Active Max,7.889486369094811e-06
115,73,Active Min,7.762626808016648e-08
115,74,Idle Mean,1.2345154573267791e-05
115,75,Idle Std,4.908895789412782e-06
115,76,Idle Max,1.1660548807412852e-05
115,77,Idle Min,2.732730717980303e-05
116,0,Destination Port,5.620584488497116e-05
116,1,Flow Duration,4.110689405933954e-05
116,2,Total Fwd Packets,1.378814431518549e-07
116,3,Total Backward Packets,2.484663070845272e-07
116,4,Total Length of Fwd Packets,2.815057484895078e-07
116,5,Total Length of Bwd Packets,1.7923503037309274e-07
116,6,Fwd Packet Length Max,1.7053651390597224e-05
116,7,Fwd Packet Length Min,4.37420521848253e-06
116,8,Fwd Packet Length Mean,1.2607954886334483e-05
116,9,Fwd Packet Length Std,4.810115569853224e-06
116,10,Bwd Packet Length Max,1.4680465028504841e-05
116,11,Bwd Packet Length Min,6.74379009524273e-07
116,12,Bwd Packet Length Mean,5.3768602811032906e-05
116,13,Bwd Packet Length Std,3.0968807550380006e-05
116,14,Flow Bytes/s,1.1708073088811943e-06
116,15,Flow Packets/s,8.61109856487019e-06
116,16,Flow IAT Mean,4.410696783452295e-05
116,17,Flow IAT Std,1.2006196811853442e-05
116,18,Flow IAT Max,4.754091605718713e-06
116,19,Flow IAT Min,1.1371068922017002e-06
116,20,Fwd IAT Total,3.151534838252701e-05
116,21,Fwd IAT Mean,1.2465009604056831e-05
116,22,Fwd IAT Std,3.68044275091961e-05
116,23,Fwd IAT Max,3.9669062971370295e-05
116,24,Fwd IAT Min,1.0558877875155304e-05
116,25,Bwd IAT Total,0.0001415026927134022
116,26,Bwd IAT Mean,9.712885912449565e-06
116,27,Bwd IAT Std,5.361740477383137e-06
116,28,Bwd IAT Max,2.2464379071607254e-05
116,29,Bwd IAT Min,3.642092906375183e-06
116,30,Fwd PSH Flags,3.436807310208678e-05
116,31,Bwd PSH Flags,0.0
116,32,Fwd URG Flags,0.0
116,33,Bwd URG Flags,0.0
116,34,Fwd Header Length,3.548549232235132e-09
116,35,Bwd Header Length,4.8946020569928805e-08
116,36,Fwd Packets/s,1.750782939780038e-05
116,37,Bwd Packets/s,4.2804495024029166e-06
116,38,Min Packet Length,1.2647317817027215e-05
116,39,Max Packet Length,1.9862631233991124e-05
116,40,Packet Length Mean,1.4649293007096276e-05
116,41,Packet Length Std,1.9592649550759234e-05
116,42,Packet Length Variance,7.009502951405011e-06
116,43,FIN Flag Count,2.1151909095351584e-05
116,44,SYN Flag Count,5.8835605159401894e-05
116,45,RST Flag Count,5.052897904533893e-07
116,46,PSH Flag Count,0.00031489485991187394
116,47,ACK Flag Count,0.00044118714868091047
116,48,URG Flag Count,6.53778261039406e-05
116,49,CWE Flag Count,0.0
116,50,ECE Flag Count,1.563199276688465e-07
116,51,Down/Up Ratio,1.830649853218347e-05
116,52,Average Packet Size,3.207811460015364e-05
116,53,Avg Fwd Segment Size,6.605810995097272e-06
116,54,Avg Bwd Segment Size,5.290276021696627e-05
116,55,Fwd Header Length.1,5.050627649438866e-08
116,56,Fwd Avg Bytes/Bulk,0.0
116,57,Fwd Avg Packets/Bulk,0.0
116,58,Fwd Avg Bulk Rate,0.0
116,59,Bwd Avg Bytes/Bulk,0.0
116,60,Bwd Avg Packets/Bulk,0.0
116,61,Bwd Avg Bulk Rate,0.0
116,62,Subflow Fwd Packets,1.1563319191054688e-07
116,63,Subflow Fwd Bytes,1.2628038348339032e-07
116,64,Subflow Bwd Packets,2.39381137134842e-07
116,65,Subflow Bwd Bytes,1.485379925725283e-07
116,66,Init_Win_bytes_forward,1.3260964806249831e-05
116,67,Init_Win_bytes_backward,1.7479345842730254e-05
116,68,act_data_pkt_fwd,2.404716425985498e-08
116,69,min_seg_size_forward,2.52941867451284e-09
116,70,Active Mean,9.594999710316188e-07
116,71,Active Std,9.156721603176265e-07
116,72,Active Max,4.444120349944569e-06
116,73,Active Min,4.324672602251667e-07
116,74,Idle Mean,5.465483263833448e-05
116,75,Idle Std,6.656410732830409e-06
116,76,Idle Max,3.2135398214450106e-05
116,77,Idle Min,9.249053982784972e-05
117,0,Destination Port,3.7784480809932575e-05
117,1,Flow Duration,3.8292884710244834e-05
117,2,Total Fwd Packets,1.2841987029332813e-07
117,3,Total Backward Packets,1.2295352291857853e-07
117,4,Total Length of Fwd Packets,2.3990301656340307e-07
117,5,Total Length of Bwd Packets,5.0647411597992686e-08
117,6,Fwd Packet Length Max,6.34738580629346e-06
117,7,Fwd Packet Length Min,1.3307425433595199e-05
117,8,Fwd Packet Length Mean,1.978928776225075e-05
117,9,Fwd Packet Length Std,3.4409595173201524e-06
117,10,Bwd Packet Length Max,7.536868361057714e-05
117,11,Bwd Packet Length Min,8.070785952440929e-06
117,12,Bwd Packet Length Mean,0.0004745155747514218
117,13,Bwd Packet Length Std,0.000967420288361609
117,14,Flow Bytes/s,1.0993007890647277e-06
117,15,Flow Packets/s,5.89799628869514e-06
117,16,Flow IAT Mean,1.4524671314575244e-05
117,17,Flow IAT Std,8.556186912755948e-06
117,18,Flow IAT Max,3.6035620723851025e-05
117,19,Flow IAT Min,1.6162746305781184e-06
117,20,Fwd IAT Total,0.00011558173719095066
117,21,Fwd IAT Mean,3.547465894371271e-05
117,22,Fwd IAT Std,2.9358816391322762e-05
117,23,Fwd IAT Max,4.1644871089374647e-05
117,24,Fwd IAT Min,1.2438778185241972e-06
117,25,Bwd IAT Total,2.849743395927362e-06
117,26,Bwd IAT Mean,8.370298928639386e-06
117,27,Bwd IAT Std,1.4597197832699749e-06
117,28,Bwd IAT Max,4.590690150507726e-05
117,29,Bwd IAT Min,4.873645593761466e-07
117,30,Fwd PSH Flags,2.9524970159400254e-05
117,31,Bwd PSH Flags,0.0
117,32,Fwd URG Flags,0.0
117,33,Bwd URG Flags,0.0
117,34,Fwd Header Length,7.999229012511933e-08
117,35,Bwd Header Length,1.0977043274351672e-07
117,36,Fwd Packets/s,1.0029725672211498e-05
117,37,Bwd Packets/s,7.81439939601114e-06
117,38,Min Packet Length,3.148308314848691e-05
117,39,Max Packet Length,0.0007276688702404499
117,40,Packet Length Mean,0.00016901530034374446
117,41,Packet Length Std,0.0005152233061380684
117,42,Packet Length Variance,0.0009478844585828483
117,43,FIN Flag Count,2.1470168576342985e-05
117,44,SYN Flag Count,8.078746031969786e-05
117,45,RST Flag Count,4.761976697409409e-07
117,46,PSH Flag Count,0.0006381896091625094
117,47,ACK Flag Count,0.00023040123051032424
117,48,URG Flag Count,0.000203356466954574
117,49,CWE Flag Count,0.0
117,50,ECE Flag Count,4.3765948021246004e-07
117,51,Down/Up Ratio,8.775380592851434e-06
117,52,Average Packet Size,0.00018195602751802653
117,53,Avg Fwd Segment Size,6.345073302327364e-07
117,54,Avg Bwd Segment Size,0.00020761550695169717
117,55,Fwd Header Length.1,4.292747135536956e-08
117,56,Fwd Avg Bytes/Bulk,0.0
117,57,Fwd Avg Packets/Bulk,0.0
117,58,Fwd Avg Bulk Rate,0.0
117,59,Bwd Avg Bytes/Bulk,0.0
117,60,Bwd Avg Packets/Bulk,0.0
117,61,Bwd Avg Bulk Rate,0.0
117,62,Subflow Fwd Packets,1.0106620607075456e-07
117,63,Subflow Fwd Bytes,2.891594164111666e-08
117,64,Subflow Bwd Packets,1.5835213673653925e-07
117,65,Subflow Bwd Bytes,3.499727085909399e-08
117,66,Init_Win_bytes_forward,1.596735091879964e-05
117,67,Init_Win_bytes_backward,2.5351029762532562e-05
117,68,act_data_pkt_fwd,6.043250522225208e-08
117,69,min_seg_size_forward,8.200198742258635e-09
117,70,Active Mean,1.0015843372457311e-06
117,71,Active Std,6.909854732839449e-08
117,72,Active Max,7.95307096268516e-06
117,73,Active Min,4.017892507590659e-08
117,74,Idle Mean,7.945225661387667e-06
117,75,Idle Std,5.320820037013618e-06
117,76,Idle Max,1.397557025484275e-05
117,77,Idle Min,3.346470111864619e-05
118,0,Destination Port,6.432447116822004e-05
118,1,Flow Duration,3.256946729379706e-05
118,2,Total Fwd Packets,1.3499885653800447e-07
118,3,Total Backward Packets,2.382029293812593e-07
118,4,Total Length of Fwd Packets,3.111827879820339e-07
118,5,Total Length of Bwd Packets,1.877833852859112e-07
118,6,Fwd Packet Length Max,1.5907564375083894e-05
118,7,Fwd Packet Length Min,5.317783688951749e-06
118,8,Fwd Packet Length Mean,1.4992823707871139e-05
118,9,Fwd Packet Length Std,4.699356395576615e-06
118,10,Bwd Packet Length Max,5.9021267588832416e-06
118,11,Bwd Packet Length Min,8.015156709006988e-06
118,12,Bwd Packet Length Mean,5.631150634144433e-05
118,13,Bwd Packet Length Std,3.444046160439029e-05
118,14,Flow Bytes/s,9.874570423562545e-07
118,15,Flow Packets/s,6.632262284256285e-06
118,16,Flow IAT Mean,3.8680587749695405e-05
118,17,Flow IAT Std,2.2052458007237874e-05
118,18,Flow IAT Max,9.2476220743265e-06
118,19,Flow IAT Min,1.2996406439924613e-06
118,20,Fwd IAT Total,3.29016475006938e-05
118,21,Fwd IAT Mean,1.044964483298827e-05
118,22,Fwd IAT Std,2.556781328166835e-05
118,23,Fwd IAT Max,3.661299706436694e-05
118,24,Fwd IAT Min,9.728277291287668e-06
118,25,Bwd IAT Total,0.00011474935308797285
118,26,Bwd IAT Mean,8.778796654951293e-06
118,27,Bwd IAT Std,4.995205927116331e-06
118,28,Bwd IAT Max,2.5753102818271145e-05
118,29,Bwd IAT Min,3.5015031585317047e-07
118,30,Fwd PSH Flags,3.9297468902077526e-05
118,31,Bwd PSH Flags,0.0
118,32,Fwd URG Flags,0.0
118,33,Bwd URG Flags,0.0
118,34,Fwd Header Length,5.0288474773285685e-11
118,35,Bwd Header Length,9.962769098592617e-08
118,36,Fwd Packets/s,1.3428340935206506e-05
118,37,Bwd Packets/s,3.911554358637659e-06
118,38,Min Packet Length,1.4496428775601089e-05
118,39,Max Packet Length,1.7697824659990147e-05
118,40,Packet Length Mean,1.2280536793696228e-05
118,41,Packet Length Std,2.0587112885550596e-05
118,42,Packet Length Variance,6.367996320477687e-06
118,43,FIN Flag Count,2.0451447198865935e-05
118,44,SYN Flag Count,7.190401811385527e-05
118,45,RST Flag Count,4.028061937333405e-07
118,46,PSH Flag Count,0.0003352176572661847
118,47,ACK Flag Count,0.00030358557705767453
118,48,URG Flag Count,7.061265205265954e-05
118,49,CWE Flag Count,0.0
118,50,ECE Flag Count,1.6106720579500688e-07
118,51,Down/Up Ratio,1.9319604689371772e-05
118,52,Average Packet Size,2.5825531338341534e-05
118,53,Avg Fwd Segment Size,3.86165629606694e-06
118,54,Avg Bwd Segment Size,5.985911047901027e-05
118,55,Fwd Header Length.1,8.467413437074356e-08
118,56,Fwd Avg Bytes/Bulk,0.0
118,57,Fwd Avg Packets/Bulk,0.0
118,58,Fwd Avg Bulk Rate,0.0
118,59,Bwd Avg Bytes/Bulk,0.0
118,60,Bwd Avg Packets/Bulk,0.0
118,61,Bwd Avg Bulk Rate,0.0
118,62,Subflow Fwd Packets,1.2756942169289687e-07
118,63,Subflow Fwd Bytes,5.25540215789988e-08
118,64,Subflow Bwd Packets,2.5053432750610227e-07
118,65,Subflow Bwd Bytes,1.4919821467174188e-07
118,66,Init_Win_bytes_forward,1.9234470528317615e-05
118,67,Init_Win_bytes_backward,5.472880729939789e-06
118,68,act_data_pkt_fwd,6.365844740230386e-08
118,69,min_seg_size_forward,2.462540804951119e-13
118,70,Active Mean,9.64842342909833e-07
118,71,Active Std,7.605806899846357e-07
118,72,Active Max,4.802109287993517e-06
118,73,Active Min,3.656033698007377e-07
118,74,Idle Mean,4.359000740805641e-05
118,75,Idle Std,6.405257408914622e-06
118,76,Idle Max,2.7256368412054144e-05
118,77,Idle Min,7.799793820595369e-05
119,0,Destination Port,4.235326196067035e-05
119,1,Flow Duration,7.431909762090072e-05
119,2,Total Fwd Packets,2.0982484727483097e-07
119,3,Total Backward Packets,1.7030515664373524e-07
119,4,Total Length of Fwd Packets,2.6045674417218834e-07
119,5,Total Length of Bwd Packets,1.437125405345796e-07
119,6,Fwd Packet Length Max,8.438481017947197e-06
119,7,Fwd Packet Length Min,7.618053132318892e-06
119,8,Fwd Packet Length Mean,1.7807582480600104e-05
119,9,Fwd Packet Length Std,4.545316642179387e-06
119,10,Bwd Packet Length Max,3.248908615205437e-05
119,11,Bwd Packet Length Min,5.671886810887372e-06
119,12,Bwd Packet Length Mean,0.0006912656244821846
119,13,Bwd Packet Length Std,0.0009015168761834502
119,14,Flow Bytes/s,9.72869429460843e-07
119,15,Flow Packets/s,7.322265901166247e-06
119,16,Flow IAT Mean,1.71663941728184e-05
119,17,Flow IAT Std,5.572083523475158e-07
119,18,Flow IAT Max,2.864959060389083e-05
119,19,Flow IAT Min,1.1678198461595457e-06
119,20,Fwd IAT Total,0.00012629706179723144
119,21,Fwd IAT Mean,3.901417585439049e-05
119,22,Fwd IAT Std,1.5040442121971864e-05
119,23,Fwd IAT Max,2.1512440071091987e-05
119,24,Fwd IAT Min,3.863532583636697e-06
119,25,Bwd IAT Total,4.845881994697265e-05
119,26,Bwd IAT Mean,1.4541075870511122e-05
119,27,Bwd IAT Std,6.107526928644802e-07
119,28,Bwd IAT Max,3.657895649666898e-05
119,29,Bwd IAT Min,8.884348972060252e-07
119,30,Fwd PSH Flags,6.542407390952576e-06
119,31,Bwd PSH Flags,0.0
119,32,Fwd URG Flags,0.0
119,33,Bwd URG Flags,0.0
119,34,Fwd Header Length,3.6666574221300152e-09
119,35,Bwd Header Length,1.8318502270631143e-07
119,36,Fwd Packets/s,1.133368095906917e-05
119,37,Bwd Packets/s,5.735302693210542e-06
119,38,Min Packet Length,2.5691240807645954e-05
119,39,Max Packet Length,0.00045413250336423516
119,40,Packet Length Mean,3.726222348632291e-05
119,41,Packet Length Std,0.00048034070641733706
119,42,Packet Length Variance,0.0005150344804860651
119,43,FIN Flag Count,1.789952875697054e-05
119,44,SYN Flag Count,5.453522680909373e-05
119,45,RST Flag Count,3.7135467323423654e-07
119,46,PSH Flag Count,4.7349592932732776e-05
119,47,ACK Flag Count,0.00010567023127805442
119,48,URG Flag Count,0.00014192037633620203
119,49,CWE Flag Count,0.0
119,50,ECE Flag Count,2.519406905321375e-07
119,51,Down/Up Ratio,6.625094101764262e-06
119,52,Average Packet Size,0.00019477437308523804
119,53,Avg Fwd Segment Size,1.1472710639282013e-06
119,54,Avg Bwd Segment Size,0.00047836164594627917
119,55,Fwd Header Length.1,9.276302392891012e-08
119,56,Fwd Avg Bytes/Bulk,0.0
119,57,Fwd Avg Packets/Bulk,0.0
119,58,Fwd Avg Bulk Rate,0.0
119,59,Bwd Avg Bytes/Bulk,0.0
119,60,Bwd Avg Packets/Bulk,0.0
119,61,Bwd Avg Bulk Rate,0.0
119,62,Subflow Fwd Packets,1.586470261827344e-07
119,63,Subflow Fwd Bytes,1.163031271289583e-07
119,64,Subflow Bwd Packets,2.0160140934422088e-07
119,65,Subflow Bwd Bytes,1.1407847466671228e-07
119,66,Init_Win_bytes_forward,1.0160412784898654e-05
119,67,Init_Win_bytes_backward,3.3261574571952224e-05
119,68,act_data_pkt_fwd,6.744721048335123e-08
119,69,min_seg_size_forward,3.077301954923506e-11
119,70,Active Mean,9.217596925736871e-07
119,71,Active Std,2.3524580683442764e-07
119,72,Active Max,6.052985554561019e-06
119,73,Active Min,1.375245375356826e-07
119,74,Idle Mean,1.51828662637854e-05
119,75,Idle Std,5.727902134822216e-06
119,76,Idle Max,2.3399361452902667e-06
119,77,Idle Min,4.687441105488688e-05
120,0,Destination Port,0.00010629979806253687
120,1,Flow Duration,0.00011483771959319711
120,2,Total Fwd Packets,1.8671242685286416e-07
120,3,Total Backward Packets,1.6568029082009161e-07
120,4,Total Length of Fwd Packets,1.7124996531947545e-07
120,5,Total Length of Bwd Packets,1.0521979731947795e-07
120,6,Fwd Packet Length Max,6.087387646402931e-06
120,7,Fwd Packet Length Min,3.630981154856272e-06
120,8,Fwd Packet Length Mean,1.19805254144012e-05
120,9,Fwd Packet Length Std,8.770363137955428e-07
120,10,Bwd Packet Length Max,6.980662419664441e-06
120,11,Bwd Packet Length Min,6.554094852617709e-06
120,12,Bwd Packet Length Mean,0.000874000892508775
120,13,Bwd Packet Length Std,0.0010823566699400544
120,14,Flow Bytes/s,5.082899861008627e-07
120,15,Flow Packets/s,8.181339580914937e-06
120,16,Flow IAT Mean,1.63118038472021e-05
120,17,Flow IAT Std,8.987726687337272e-07
120,18,Flow IAT Max,6.577124167961301e-06
120,19,Flow IAT Min,1.1509558817124343e-06
120,20,Fwd IAT Total,9.080240124603733e-05
120,21,Fwd IAT Mean,3.722863402799703e-05
120,22,Fwd IAT Std,1.364035142614739e-05
120,23,Fwd IAT Max,1.1813445780717302e-05
120,24,Fwd IAT Min,7.239459137053927e-06
120,25,Bwd IAT Total,6.368754839058965e-05
120,26,Bwd IAT Mean,1.1312551578157581e-05
120,27,Bwd IAT Std,1.514462837803876e-06
120,28,Bwd IAT Max,2.905431392719038e-05
120,29,Bwd IAT Min,2.12678264688293e-06
120,30,Fwd PSH Flags,1.2922874702780973e-05
120,31,Bwd PSH Flags,0.0
120,32,Fwd URG Flags,0.0
120,33,Bwd URG Flags,0.0
120,34,Fwd Header Length,2.5430294314787716e-08
120,35,Bwd Header Length,1.1024076940202576e-07
120,36,Fwd Packets/s,2.0542378479149193e-05
120,37,Bwd Packets/s,5.658604095515329e-06
120,38,Min Packet Length,1.9399143639020622e-05
120,39,Max Packet Length,0.00035418200423009694
120,40,Packet Length Mean,0.00012777376105077565
120,41,Packet Length Std,0.0006796613452024758
120,42,Packet Length Variance,0.001065584016032517
120,43,FIN Flag Count,1.730078656692058e-05
120,44,SYN Flag Count,4.784846169059165e-05
120,45,RST Flag Count,2.974002484279481e-07
120,46,PSH Flag Count,0.00013556642807088792
120,47,ACK Flag Count,0.00016672386846039444
120,48,URG Flag Count,0.00015253431047312915
120,49,CWE Flag Count,0.0
120,50,ECE Flag Count,5.946050407601433e-08
120,51,Down/Up Ratio,6.858535925857723e-06
120,52,Average Packet Size,9.302944818045944e-05
120,53,Avg Fwd Segment Size,3.370589411133551e-06
120,54,Avg Bwd Segment Size,0.0006023386958986521
120,55,Fwd Header Length.1,7.209644081740407e-08
120,56,Fwd Avg Bytes/Bulk,0.0
120,57,Fwd Avg Packets/Bulk,0.0
120,58,Fwd Avg Bulk Rate,0.0
120,59,Bwd Avg Bytes/Bulk,0.0
120,60,Bwd Avg Packets/Bulk,0.0
120,61,Bwd Avg Bulk Rate,0.0
120,62,Subflow Fwd Packets,1.404542047112045e-07
120,63,Subflow Fwd Bytes,1.5327437097312213e-08
120,64,Subflow Bwd Packets,1.846907764502248e-07
120,65,Subflow Bwd Bytes,8.677222496089598e-08
120,66,Init_Win_bytes_forward,6.772909273422556e-06
120,67,Init_Win_bytes_backward,1.3200691682868637e-05
120,68,act_data_pkt_fwd,4.714393497806668e-08
120,69,min_seg_size_forward,1.6640000488621354e-09
120,70,Active Mean,7.806048074598948e-07
120,71,Active Std,3.925648854874453e-07
120,72,Active Max,5.380610218708171e-06
120,73,Active Min,4.403430864385882e-08
120,74,Idle Mean,1.1421005183365196e-05
120,75,Idle Std,4.709161203209078e-06
120,76,Idle Max,6.461025805037934e-06
120,77,Idle Min,3.679614746943116e-05
121,0,Destination Port,7.065891986712813e-05
121,1,Flow Duration,8.010939200175926e-05
121,2,Total Fwd Packets,1.342210396160226e-07
121,3,Total Backward Packets,1.0436900765853352e-07
121,4,Total Length of Fwd Packets,1.6001038716240146e-07
121,5,Total Length of Bwd Packets,5.437998851220982e-08
121,6,Fwd Packet Length Max,6.237710749701364e-06
121,7,Fwd Packet Length Min,8.138226803566795e-07
121,8,Fwd Packet Length Mean,1.0928416486422066e-05
121,9,Fwd Packet Length Std,3.085553501591676e-08
121,10,Bwd Packet Length Max,3.416859544813633e-05
121,11,Bwd Packet Length Min,4.703492777480278e-06
121,12,Bwd Packet Length Mean,0.0006028440548107028
121,13,Bwd Packet Length Std,0.0008631483651697636
121,14,Flow Bytes/s,4.4930084186489694e-07
121,15,Flow Packets/s,9.297235919802915e-06
121,16,Flow IAT Mean,1.4050200661586132e-05
121,17,Flow IAT Std,3.947334789700108e-06
121,18,Flow IAT Max,3.934072537958855e-06
121,19,Flow IAT Min,1.016256760522083e-06
121,20,Fwd IAT Total,0.00011321659258101135
121,21,Fwd IAT Mean,3.480455052340403e-05
121,22,Fwd IAT Std,1.055093525792472e-05
121,23,Fwd IAT Max,1.4663139154436067e-05
121,24,Fwd IAT Min,7.11222855898086e-06
121,25,Bwd IAT Total,6.383470463333651e-05
121,26,Bwd IAT Mean,1.1193533282494172e-05
121,27,Bwd IAT Std,1.024762127599388e-06
121,28,Bwd IAT Max,1.5284625987987965e-05
121,29,Bwd IAT Min,2.721057626331458e-06
121,30,Fwd PSH Flags,3.576389190129703e-06
121,31,Bwd PSH Flags,0.0
121,32,Fwd URG Flags,0.0
121,33,Bwd URG Flags,0.0
121,34,Fwd Header Length,2.6927526874942487e-08
121,35,Bwd Header Length,1.0360925983832203e-07
121,36,Fwd Packets/s,1.5807972886250354e-05
121,37,Bwd Packets/s,3.7387433167168638e-06
121,38,Min Packet Length,1.610093386261724e-05
121,39,Max Packet Length,0.00022392428945749998
121,40,Packet Length Mean,8.920663822209463e-05
121,41,Packet Length Std,0.000545236689504236
121,42,Packet Length Variance,0.000295469188131392
121,43,FIN Flag Count,1.2167132808826864e-05
121,44,SYN Flag Count,3.227809429517947e-05
121,45,RST Flag Count,2.318989089644674e-07
121,46,PSH Flag Count,0.00033979694126173854
121,47,ACK Flag Count,0.00015523951151408255
121,48,URG Flag Count,0.00010861747432500124
121,49,CWE Flag Count,0.0
121,50,ECE Flag Count,6.309519307023947e-08
121,51,Down/Up Ratio,5.034397418057779e-06
121,52,Average Packet Size,0.00015180253831204027
121,53,Avg Fwd Segment Size,1.0978565114783123e-06
121,54,Avg Bwd Segment Size,0.000357385550159961
121,55,Fwd Header Length.1,5.136655545356916e-08
121,56,Fwd Avg Bytes/Bulk,0.0
121,57,Fwd Avg Packets/Bulk,0.0
121,58,Fwd Avg Bulk Rate,0.0
121,59,Bwd Avg Bytes/Bulk,0.0
121,60,Bwd Avg Packets/Bulk,0.0
121,61,Bwd Avg Bulk Rate,0.0
121,62,Subflow Fwd Packets,1.007259697871632e-07
121,63,Subflow Fwd Bytes,7.518704592257563e-08
121,64,Subflow Bwd Packets,1.1255156096012797e-07
121,65,Subflow Bwd Bytes,4.696046218555239e-08
121,66,Init_Win_bytes_forward,5.800120106869144e-06
121,67,Init_Win_bytes_backward,1.5140035429794807e-05
121,68,act_data_pkt_fwd,1.75872951757583e-08
121,69,min_seg_size_forward,6.444299521096708e-12
121,70,Active Mean,7.467668297067576e-07
121,71,Active Std,4.0387772060057614e-07
121,72,Active Max,4.501591774896951e-06
121,73,Active Min,1.166215213288524e-07
121,74,Idle Mean,1.692477053438779e-05
121,75,Idle Std,4.572082161757862e-06
121,76,Idle Max,1.4675787497253623e-05
121,77,Idle Min,3.33029092871584e-05
122,0,Destination Port,3.268949512857944e-05
122,1,Flow Duration,5.691509795724414e-05
122,2,Total Fwd Packets,8.493250192032065e-08
122,3,Total Backward Packets,5.047295559279519e-08
122,4,Total Length of Fwd Packets,1.2288751349842642e-07
122,5,Total Length of Bwd Packets,2.1863460375470822e-08
122,6,Fwd Packet Length Max,4.766724032378988e-06
122,7,Fwd Packet Length Min,1.4361341982294107e-06
122,8,Fwd Packet Length Mean,7.859617653593887e-06
122,9,Fwd Packet Length Std,9.441496899853519e-07
122,10,Bwd Packet Length Max,3.2603074942016974e-05
122,11,Bwd Packet Length Min,3.561699259080342e-06
122,12,Bwd Packet Length Mean,0.00036364662810228765
122,13,Bwd Packet Length Std,0.00043778883991762996
122,14,Flow Bytes/s,2.650413648552785e-07
122,15,Flow Packets/s,6.965751708776224e-06
122,16,Flow IAT Mean,1.1233903023821767e-05
122,17,Flow IAT Std,7.29969087842619e-07
122,18,Flow IAT Max,3.3109292871813523e-06
122,19,Flow IAT Min,8.925073871068889e-07
122,20,Fwd IAT Total,7.542441744590178e-05
122,21,Fwd IAT Mean,2.471019615768455e-05
122,22,Fwd IAT Std,8.34627280710265e-06
122,23,Fwd IAT Max,1.0207239938608836e-05
122,24,Fwd IAT Min,5.424737992143491e-06
122,25,Bwd IAT Total,3.4372049412922934e-05
122,26,Bwd IAT Mean,8.40796474221861e-06
122,27,Bwd IAT Std,2.121528126508565e-07
122,28,Bwd IAT Max,1.5072675523697399e-05
122,29,Bwd IAT Min,2.7211801807425218e-06
122,30,Fwd PSH Flags,9.927490282279905e-06
122,31,Bwd PSH Flags,0.0
122,32,Fwd URG Flags,0.0
122,33,Bwd URG Flags,0.0
122,34,Fwd Header Length,2.995622594426095e-08
122,35,Bwd Header Length,5.267325420277302e-08
122,36,Fwd Packets/s,1.1144522432005033e-05
122,37,Bwd Packets/s,2.9880918646085775e-06
122,38,Min Packet Length,1.325715766142821e-05
122,39,Max Packet Length,0.0001667974138399586
122,40,Packet Length Mean,7.099503272911534e-05
122,41,Packet Length Std,0.000353904499206692
122,42,Packet Length Variance,0.00016015411529224366
122,43,FIN Flag Count,1.1126800018246286e-05
122,44,SYN Flag Count,3.687923162942752e-05
122,45,RST Flag Count,1.7426283704935486e-07
122,46,PSH Flag Count,0.0003603680233936757
122,47,ACK Flag Count,9.328989835921675e-05
122,48,URG Flag Count,7.262297731358558e-05
122,49,CWE Flag Count,0.0
122,50,ECE Flag Count,5.209680509210557e-08
122,51,Down/Up Ratio,1.3879854122933466e-05
122,52,Average Packet Size,4.991863534087315e-05
122,53,Avg Fwd Segment Size,1.269139147552778e-06
122,54,Avg Bwd Segment Size,0.00020365111413411796
122,55,Fwd Header Length.1,2.026108525399195e-08
122,56,Fwd Avg Bytes/Bulk,0.0
122,57,Fwd Avg Packets/Bulk,0.0
122,58,Fwd Avg Bulk Rate,0.0
122,59,Bwd Avg Bytes/Bulk,0.0
122,60,Bwd Avg Packets/Bulk,0.0
122,61,Bwd Avg Bulk Rate,0.0
122,62,Subflow Fwd Packets,6.299481469795865e-08
122,63,Subflow Fwd Bytes,3.117237667993322e-08
122,64,Subflow Bwd Packets,5.407314063177182e-08
122,65,Subflow Bwd Bytes,1.8679752855632614e-08
122,66,Init_Win_bytes_forward,5.0958565225300845e-06
122,67,Init_Win_bytes_backward,1.6643627532175742e-05
122,68,act_data_pkt_fwd,2.9459888750693608e-08
122,69,min_seg_size_forward,2.788646267029571e-12
122,70,Active Mean,4.7605925601601484e-07
122,71,Active Std,2.2812292854723637e-07
122,72,Active Max,3.288524339950527e-06
122,73,Active Min,3.953051930238871e-08
122,74,Idle Mean,7.362437372648856e-06
122,75,Idle Std,3.047447762583033e-06
122,76,Idle Max,3.065620830966509e-06
122,77,Idle Min,2.415045673842542e-05
123,0,Destination Port,3.99880445911549e-05
123,1,Flow Duration,4.7594247007509694e-05
123,2,Total Fwd Packets,4.2937468691661707e-08
123,3,Total Backward Packets,1.9257662131622055e-08
123,4,Total Length of Fwd Packets,7.892145958976471e-08
123,5,Total Length of Bwd Packets,1.0876163081263712e-08
123,6,Fwd Packet Length Max,3.2197956443269504e-06
123,7,Fwd Packet Length Min,2.2017525225237478e-07
123,8,Fwd Packet Length Mean,6.571221547346795e-06
123,9,Fwd Packet Length Std,9.791864385988447e-07
123,10,Bwd Packet Length Max,6.203688826644793e-05
123,11,Bwd Packet Length Min,2.1157484297873452e-06
123,12,Bwd Packet Length Mean,0.0003196141915395856
123,13,Bwd Packet Length Std,0.0007224999135360122
123,14,Flow Bytes/s,2.784476862416341e-07
123,15,Flow Packets/s,4.047743914270541e-06
123,16,Flow IAT Mean,1.0102539818035439e-05
123,17,Flow IAT Std,5.328578026819741e-06
123,18,Flow IAT Max,2.7174999104317976e-06
123,19,Flow IAT Min,5.717074031963421e-07
123,20,Fwd IAT Total,7.642335549462587e-05
123,21,Fwd IAT Mean,2.382388265687041e-05
123,22,Fwd IAT Std,4.759242983709555e-06
123,23,Fwd IAT Max,4.508730398811167e-06
123,24,Fwd IAT Min,6.929522442078451e-06
123,25,Bwd IAT Total,4.851049743592739e-05
123,26,Bwd IAT Mean,1.0834578461071942e-05
123,27,Bwd IAT Std,2.41489078689483e-06
123,28,Bwd IAT Max,6.6394222812959924e-06
123,29,Bwd IAT Min,3.4031352242891444e-06
123,30,Fwd PSH Flags,1.147633793152636e-05
123,31,Bwd PSH Flags,0.0
123,32,Fwd URG Flags,0.0
123,33,Bwd URG Flags,0.0
123,34,Fwd Header Length,2.3127125103883373e-08
123,35,Bwd Header Length,5.308211115107042e-08
123,36,Fwd Packets/s,1.189734393847175e-05
123,37,Bwd Packets/s,2.2998221993475454e-06
123,38,Min Packet Length,7.67288111092057e-06
123,39,Max Packet Length,0.0001841488410718739
123,40,Packet Length Mean,2.3449269065167755e-05
123,41,Packet Length Std,0.0005326319369487464
123,42,Packet Length Variance,0.00033045525196939707
123,43,FIN Flag Count,1.1976064342889003e-05
123,44,SYN Flag Count,1.1486029507068451e-05
123,45,RST Flag Count,1.8992643902038253e-07
123,46,PSH Flag Count,0.0002423566475044936
123,47,ACK Flag Count,0.00011756217281799763
123,48,URG Flag Count,4.924629320157692e-05
123,49,CWE Flag Count,0.0
123,50,ECE Flag Count,3.042072549419572e-08
123,51,Down/Up Ratio,3.118320819339715e-06
123,52,Average Packet Size,5.6547967687947676e-05
123,53,Avg Fwd Segment Size,1.3424075859802542e-06
123,54,Avg Bwd Segment Size,0.0001521520025562495
123,55,Fwd Header Length.1,5.90100501796087e-09
123,56,Fwd Avg Bytes/Bulk,0.0
123,57,Fwd Avg Packets/Bulk,0.0
123,58,Fwd Avg Bulk Rate,0.0
123,59,Bwd Avg Bytes/Bulk,0.0
123,60,Bwd Avg Packets/Bulk,0.0
123,61,Bwd Avg Bulk Rate,0.0
123,62,Subflow Fwd Packets,2.798113207802544e-08
123,63,Subflow Fwd Bytes,1.541375205249551e-08
123,64,Subflow Bwd Packets,2.2384890385751532e-08
123,65,Subflow Bwd Bytes,9.683991386566504e-09
123,66,Init_Win_bytes_forward,3.986958290624898e-06
123,67,Init_Win_bytes_backward,1.3941391443950124e-05
123,68,act_data_pkt_fwd,9.529462552393397e-09
123,69,min_seg_size_forward,1.7817060760788594e-12
123,70,Active Mean,3.7658293194908765e-07
123,71,Active Std,2.680018837963871e-07
123,72,Active Max,2.4723699425521772e-06
123,73,Active Min,1.5957260757204494e-07
123,74,Idle Mean,1.2378305655147415e-05
123,75,Idle Std,2.6359343792137224e-06
123,76,Idle Max,6.100924110796768e-06
123,77,Idle Min,1.8050659491564147e-05
124,0,Destination Port,9.668271559348796e-06
124,1,Flow Duration,2.5745515813468955e-05
124,2,Total Fwd Packets,5.6016858707153006e-08
124,3,Total Backward Packets,4.3737372834584676e-08
124,4,Total Length of Fwd Packets,4.8663316931651934e-08
124,5,Total Length of Bwd Packets,2.4578506341299544e-08
124,6,Fwd Packet Length Max,1.9087694909103448e-06
124,7,Fwd Packet Length Min,2.4089641215141455e-07
124,8,Fwd Packet Length Mean,3.4259212498000124e-06
124,9,Fwd Packet Length Std,9.813307855210951e-08
124,10,Bwd Packet Length Max,1.6208394299610518e-05
124,11,Bwd Packet Length Min,2.9660891414096113e-06
124,12,Bwd Packet Length Mean,0.00020521618716884404
124,13,Bwd Packet Length Std,0.00046777291572652757
124,14,Flow Bytes/s,1.3615169791592052e-07
124,15,Flow Packets/s,2.170766492781695e-06
124,16,Flow IAT Mean,5.137444986758055e-06
124,17,Flow IAT Std,1.0346350336476462e-06
124,18,Flow IAT Max,1.6969495391094824e-06
124,19,Flow IAT Min,3.948300388856296e-07
124,20,Fwd IAT Total,3.431949517107569e-05
124,21,Fwd IAT Mean,1.1650413398456294e-05
124,22,Fwd IAT Std,2.7460450837679673e-06
124,23,Fwd IAT Max,1.0872319080590387e-06
124,24,Fwd IAT Min,1.7025836314132903e-06
124,25,Bwd IAT Total,2.0312976630521007e-05
124,26,Bwd IAT Mean,4.353584699856583e-06
124,27,Bwd IAT Std,1.470236128398028e-07
124,28,Bwd IAT Max,5.984376912238076e-06
124,29,Bwd IAT Min,1.3444877140500466e-06
124,30,Fwd PSH Flags,2.670982212293893e-06
124,31,Bwd PSH Flags,0.0
124,32,Fwd URG Flags,0.0
124,33,Bwd URG Flags,0.0
124,34,Fwd Header Length,1.6345175879450835e-08
124,35,Bwd Header Length,2.902339346633198e-08
124,36,Fwd Packets/s,5.833012437506113e-06
124,37,Bwd Packets/s,1.2866101997133228e-06
124,38,Min Packet Length,5.063470780442003e-06
124,39,Max Packet Length,0.0001051603103405796
124,40,Packet Length Mean,2.576341648818925e-05
124,41,Packet Length Std,0.0003894844267051667
124,42,Packet Length Variance,0.000311282929033041
124,43,FIN Flag Count,4.654901658796007e-06
124,44,SYN Flag Count,1.4236161405278835e-05
124,45,RST Flag Count,1.1420423362551446e-07
124,46,PSH Flag Count,0.00014402582019101828
124,47,ACK Flag Count,7.358866423601285e-05
124,48,URG Flag Count,2.568929994595237e-05
124,49,CWE Flag Count,0.0
124,50,ECE Flag Count,7.173796667814258e-09
124,51,Down/Up Ratio,2.477253929100698e-06
124,52,Average Packet Size,3.0365508791874163e-05
124,53,Avg Fwd Segment Size,2.9401005008367065e-07
124,54,Avg Bwd Segment Size,0.00011705858196364716
124,55,Fwd Header Length.1,1.9317902832938216e-09
124,56,Fwd Avg Bytes/Bulk,0.0
124,57,Fwd Avg Packets/Bulk,0.0
124,58,Fwd Avg Bulk Rate,0.0
124,59,Bwd Avg Bytes/Bulk,0.0
124,60,Bwd Avg Packets/Bulk,0.0
124,61,Bwd Avg Bulk Rate,0.0
124,62,Subflow Fwd Packets,3.711437912556903e-08
124,63,Subflow Fwd Bytes,1.939407523465775e-09
124,64,Subflow Bwd Packets,5.1021583402643955e-08
124,65,Subflow Bwd Bytes,2.1727743160226964e-08
124,66,Init_Win_bytes_forward,2.6595339477353264e-06
124,67,Init_Win_bytes_backward,8.811166480882093e-06
124,68,act_data_pkt_fwd,1.523178205786735e-08
124,69,min_seg_size_forward,2.894352292559521e-12
124,70,Active Mean,2.2556049827926472e-07
124,71,Active Std,1.4876535203711683e-07
124,72,Active Max,1.415681936123292e-06
124,73,Active Min,6.645829842000239e-08
124,74,Idle Mean,5.699455414287513e-06
124,75,Idle Std,1.4929635199223412e-06
124,76,Idle Max,5.087508725409862e-07
124,77,Idle Min,8.889691343938466e-06
125,0,Destination Port,1.0165021194552537e-05
125,1,Flow Duration,2.135743125109002e-05
125,2,Total Fwd Packets,2.3074511190657176e-08
125,3,Total Backward Packets,1.207357858135083e-08
125,4,Total Length of Fwd Packets,2.1692549978524767e-08
125,5,Total Length of Bwd Packets,1.3288870004402042e-09
125,6,Fwd Packet Length Max,1.1872425602632575e-06
125,7,Fwd Packet Length Min,1.1050542525481433e-06
125,8,Fwd Packet Length Mean,2.3617417355126236e-06
125,9,Fwd Packet Length Std,3.4518461689003743e-07
125,10,Bwd Packet Length Max,4.443845318746753e-05
125,11,Bwd Packet Length Min,1.399608180463474e-07
125,12,Bwd Packet Length Mean,0.0001315564732067287
125,13,Bwd Packet Length Std,0.0002983233716804534
125,14,Flow Bytes/s,7.680895919293107e-08
125,15,Flow Packets/s,1.3321113101483206e-07
125,16,Flow IAT Mean,3.773511252802564e-06
125,17,Flow IAT Std,3.856947841995861e-06
125,18,Flow IAT Max,4.630522198567633e-06
125,19,Flow IAT Min,1.8815255486970273e-07
125,20,Fwd IAT Total,3.380012640263885e-05
125,21,Fwd IAT Mean,1.13660662464099e-05
125,22,Fwd IAT Std,5.842538257638807e-07
125,23,Fwd IAT Max,5.420245543064084e-06
125,24,Fwd IAT Min,2.9237930903036613e-06
125,25,Bwd IAT Total,2.2555706891580485e-05
125,26,Bwd IAT Mean,5.13584700456704e-06
125,27,Bwd IAT Std,1.5628330629624543e-06
125,28,Bwd IAT Max,3.787428113355418e-07
125,29,Bwd IAT Min,2.3249690457305405e-06
125,30,Fwd PSH Flags,1.0101463885803241e-05
125,31,Bwd PSH Flags,0.0
125,32,Fwd URG Flags,0.0
125,33,Bwd URG Flags,0.0
125,34,Fwd Header Length,7.4163288843465125e-09
125,35,Bwd Header Length,4.1391096772258607e-08
125,36,Fwd Packets/s,4.851144240092253e-06
125,37,Bwd Packets/s,7.020418593128852e-07
125,38,Min Packet Length,2.0908930764562683e-06
125,39,Max Packet Length,0.0001082128073903732
125,40,Packet Length Mean,1.515972053311998e-05
125,41,Packet Length Std,0.0002834944461937994
125,42,Packet Length Variance,0.00011355293827364221
125,43,FIN Flag Count,5.185734153201338e-06
125,44,SYN Flag Count,8.329054139721848e-07
125,45,RST Flag Count,1.341598903081831e-07
125,46,PSH Flag Count,0.00012411820353008807
125,47,ACK Flag Count,6.851425860077143e-05
125,48,URG Flag Count,1.3974063222121913e-05
125,49,CWE Flag Count,0.0
125,50,ECE Flag Count,1.3293918854628828e-08
125,51,Down/Up Ratio,9.05990475530416e-07
125,52,Average Packet Size,4.3367039324948564e-05
125,53,Avg Fwd Segment Size,3.2568749475103687e-07
125,54,Avg Bwd Segment Size,7.102536528691417e-06
125,55,Fwd Header Length.1,9.844817405735284e-09
125,56,Fwd Avg Bytes/Bulk,0.0
125,57,Fwd Avg Packets/Bulk,0.0
125,58,Fwd Avg Bulk Rate,0.0
125,59,Bwd Avg Bytes/Bulk,0.0
125,60,Bwd Avg Packets/Bulk,0.0
125,61,Bwd Avg Bulk Rate,0.0
125,62,Subflow Fwd Packets,1.3288792288790319e-08
125,63,Subflow Fwd Bytes,1.4402093739818156e-08
125,64,Subflow Bwd Packets,1.49983030439671e-08
125,65,Subflow Bwd Bytes,1.3541450183396364e-09
125,66,Init_Win_bytes_forward,1.3588809224529541e-06
125,67,Init_Win_bytes_backward,7.519377504650038e-06
125,68,act_data_pkt_fwd,3.4401868020950133e-09
125,69,min_seg_size_forward,3.3633115736897423e-10
125,70,Active Mean,1.651398662261272e-07
125,71,Active Std,1.6140809577791515e-07
125,72,Active Max,8.829317721392727e-07
125,73,Active Min,8.220745684184294e-08
125,74,Idle Mean,8.219643859774806e-06
125,75,Idle Std,1.1919295275220065e-06
125,76,Idle Max,2.600271045594127e-06
125,77,Idle Min,6.514093911391683e-06
126,0,Destination Port,1.3839893426847993e-06
126,1,Flow Duration,8.79386152519146e-06
126,2,Total Fwd Packets,1.893270784592005e-08
126,3,Total Backward Packets,1.3522095443363469e-08
126,4,Total Length of Fwd Packets,1.3892576866680884e-08
126,5,Total Length of Bwd Packets,9.719103744032509e-09
126,6,Fwd Packet Length Max,6.275412260947633e-07
126,7,Fwd Packet Length Min,1.8868634299451514e-07
126,8,Fwd Packet Length Mean,7.322102533180441e-07
126,9,Fwd Packet Length Std,5.501560540466244e-09
126,10,Bwd Packet Length Max,7.188159997895127e-06
126,11,Bwd Packet Length Min,5.714526309930079e-07
126,12,Bwd Packet Length Mean,3.865937833325006e-05
126,13,Bwd Packet Length Std,6.0213384131202474e-05
126,14,Flow Bytes/s,2.587843361823161e-08
126,15,Flow Packets/s,8.160170636983821e-07
126,16,Flow IAT Mean,1.0468099844729295e-06
126,17,Flow IAT Std,5.609512641058245e-07
126,18,Flow IAT Max,2.097099013553816e-06
126,19,Flow IAT Min,9.311894899610706e-08
126,20,Fwd IAT Total,8.655623787490185e-06
126,21,Fwd IAT Mean,2.950479256469407e-06
126,22,Fwd IAT Std,5.935298759141006e-07
126,23,Fwd IAT Max,3.512266033567357e-08
126,24,Fwd IAT Min,8.125118711177493e-07
126,25,Bwd IAT Total,3.454144234638079e-06
126,26,Bwd IAT Mean,1.4430582950808457e-06
126,27,Bwd IAT Std,4.3717489006667165e-07
126,28,Bwd IAT Max,5.576389412453864e-07
126,29,Bwd IAT Min,6.103224450271227e-07
126,30,Fwd PSH Flags,5.687890052286093e-07
126,31,Bwd PSH Flags,0.0
126,32,Fwd URG Flags,0.0
126,33,Bwd URG Flags,0.0
126,34,Fwd Header Length,7.3262715893918084e-09
126,35,Bwd Header Length,6.533144691900361e-09
126,36,Fwd Packets/s,1.34641959448345e-06
126,37,Bwd Packets/s,2.509356420432596e-07
126,38,Min Packet Length,9.824589142226614e-07
126,39,Max Packet Length,1.4173302588460501e-05
126,40,Packet Length Mean,5.230818942436599e-07
126,41,Packet Length Std,5.9633239288814366e-05
126,42,Packet Length Variance,1.6374013284803368e-05
126,43,FIN Flag Count,1.1201070719835116e-06
126,44,SYN Flag Count,2.807855025821482e-06
126,45,RST Flag Count,4.495952055094676e-08
126,46,PSH Flag Count,7.606420695083216e-05
126,47,ACK Flag Count,1.4117834325588774e-05
126,48,URG Flag Count,3.7265831451804843e-06
126,49,CWE Flag Count,0.0
126,50,ECE Flag Count,3.0681572837920612e-09
126,51,Down/Up Ratio,1.3459992942443932e-06
126,52,Average Packet Size,1.0666972229955718e-05
126,53,Avg Fwd Segment Size,9.125823652311738e-08
126,54,Avg Bwd Segment Size,3.4129975574614946e-06
126,55,Fwd Header Length.1,3.9746779201266236e-09
126,56,Fwd Avg Bytes/Bulk,0.0
126,57,Fwd Avg Packets/Bulk,0.0
126,58,Fwd Avg Bulk Rate,0.0
126,59,Bwd Avg Bytes/Bulk,0.0
126,60,Bwd Avg Packets/Bulk,0.0
126,61,Bwd Avg Bulk Rate,0.0
126,62,Subflow Fwd Packets,1.2170148444567985e-08
126,63,Subflow Fwd Bytes,4.622883409410861e-09
126,64,Subflow Bwd Packets,1.5079798743045103e-08
126,65,Subflow Bwd Bytes,9.691370372877373e-09
126,66,Init_Win_bytes_forward,4.4510790075946716e-07
126,67,Init_Win_bytes_backward,2.8334802664176095e-06
126,68,act_data_pkt_fwd,4.957599220034581e-09
126,69,min_seg_size_forward,8.257340367023858e-10
126,70,Active Mean,6.085438286618228e-08
126,71,Active Std,4.3840184815735483e-08
126,72,Active Max,3.375149049134052e-07
126,73,Active Min,1.4304416318111635e-08
126,74,Idle Mean,1.456988456993713e-06
126,75,Idle Std,3.6521726087812567e-07
126,76,Idle Max,1.6555532056372613e-07
126,77,Idle Min,2.496044317013002e-06
127,0,Destination Port,2.243034487037221e-06
127,1,Flow Duration,5.9765256992250215e-06
127,2,Total Fwd Packets,1.1133687749520504e-08
127,3,Total Backward Packets,6.538404484501825e-09
127,4,Total Length of Fwd Packets,5.7257691921108744e-09
127,5,Total Length of Bwd Packets,3.6678116099864155e-09
127,6,Fwd Packet Length Max,3.3095133744609484e-07
127,7,Fwd Packet Length Min,4.0544827584199084e-07
127,8,Fwd Packet Length Mean,5.953781965217786e-07
127,9,Fwd Packet Length Std,2.751338570305961e-07
127,10,Bwd Packet Length Max,9.11190545593854e-06
127,11,Bwd Packet Length Min,1.513169678446502e-07
127,12,Bwd Packet Length Mean,2.930641858256422e-05
127,13,Bwd Packet Length Std,2.0456993297557347e-05
127,14,Flow Bytes/s,1.1710538316833663e-08
127,15,Flow Packets/s,1.2525750214820164e-08
127,16,Flow IAT Mean,7.320703048208088e-07
127,17,Flow IAT Std,1.150805360339291e-06
127,18,Flow IAT Max,2.9940758849988924e-06
127,19,Flow IAT Min,2.1947396788846163e-08
127,20,Fwd IAT Total,6.777075213904027e-06
127,21,Fwd IAT Mean,2.8272941108298255e-06
127,22,Fwd IAT Std,3.208856824699069e-08
127,23,Fwd IAT Max,2.383807213846012e-06
127,24,Fwd IAT Min,1.3065009625279345e-06
127,25,Bwd IAT Total,7.366365935013164e-06
127,26,Bwd IAT Mean,1.8932834109364194e-06
127,27,Bwd IAT Std,7.912996125014615e-07
127,28,Bwd IAT Max,1.4589865031666704e-06
127,29,Bwd IAT Min,8.953475685302692e-07
127,30,Fwd PSH Flags,4.185233592579607e-06
127,31,Bwd PSH Flags,0.0
127,32,Fwd URG Flags,0.0
127,33,Bwd URG Flags,0.0
127,34,Fwd Header Length,3.4973828277884422e-09
127,35,Bwd Header Length,5.191366891921234e-09
127,36,Fwd Packets/s,1.2023984936604393e-06
127,37,Bwd Packets/s,6.115888595559227e-08
127,38,Min Packet Length,6.555868736768389e-08
127,39,Max Packet Length,1.0959995961457025e-05
127,40,Packet Length Mean,1.345971213595476e-05
127,41,Packet Length Std,4.758861177833751e-05
127,42,Packet Length Variance,6.819541795266559e-06
127,43,FIN Flag Count,1.521634885648382e-06
127,44,SYN Flag Count,2.0391387351992307e-06
127,45,RST Flag Count,3.24075308810734e-08
127,46,PSH Flag Count,5.558023622143082e-05
127,47,ACK Flag Count,1.5639621778973378e-05
127,48,URG Flag Count,4.401610738113959e-07
127,49,CWE Flag Count,0.0
127,50,ECE Flag Count,1.4788135160870297e-09
127,51,Down/Up Ratio,6.086563786311672e-08
127,52,Average Packet Size,3.6277679100749083e-06
127,53,Avg Fwd Segment Size,5.684269410721754e-08
127,54,Avg Bwd Segment Size,1.5597246601828374e-05
127,55,Fwd Header Length.1,5.832757832280322e-09
127,56,Fwd Avg Bytes/Bulk,0.0
127,57,Fwd Avg Packets/Bulk,0.0
127,58,Fwd Avg Bulk Rate,0.0
127,59,Bwd Avg Bytes/Bulk,0.0
127,60,Bwd Avg Packets/Bulk,0.0
127,61,Bwd Avg Bulk Rate,0.0
127,62,Subflow Fwd Packets,4.640441808589912e-09
127,63,Subflow Fwd Bytes,1.2769494350806099e-09
127,64,Subflow Bwd Packets,8.63981064469499e-09
127,65,Subflow Bwd Bytes,4.053411828408571e-09
127,66,Init_Win_bytes_forward,4.1503591319269617e-07
127,67,Init_Win_bytes_backward,2.176938323827926e-06
127,68,act_data_pkt_fwd,1.0569833897022818e-09
127,69,min_seg_size_forward,2.143809990640122e-10
127,70,Active Mean,2.0913210718731534e-08
127,71,Active Std,3.465872211450005e-08
127,72,Active Max,1.8827773828888894e-07
127,73,Active Min,3.515003754728241e-08
127,74,Idle Mean,1.2775855111613055e-06
127,75,Idle Std,2.3717110764209792e-07
127,76,Idle Max,3.8791964129814005e-07
127,77,Idle Min,2.0911675164825283e-06
